run,type,sandbox_idle_timeout_s,ablate,rpm,policy,seed,req_started,req_done,req_failed,failure_rate,session_fail_finished,tct_n,tct_p50,tct_p99,chat_wait_p99,block_wait_max,n429,timeouts,evicted,deadlock_breaks,cycles_seen,token_waste,tool_waste,kv_unused_token_s,prewarm_idle_s,prewarm_hits,lease_cpu_issued,lease_cpu_unused,lease_budget_issued,lease_budget_unused,par_groups,par_groups_parallel,jain_all,jain_survivors,util_model,util_cpu,throughput_rph,wall_s
type=reactive_gate_sandbox_idle_timeout_s=0_ablate=_rpm=10_seed=1,reactive_gate,0,,10,reactive_gate,1,593,452,21,0.04439746300211417,0.12056737588652482,452,61.202931027535044,3052.699476568842,0.0,600.0000000000005,409,282,0,0,5,0.04296594849599973,0.41412515884356016,6441127454.473125,0.0,0,0.0,0.0,0.0,0.0,324,4,0.42019170858379196,0.4412686035697258,0.42092364694622514,0.23612174777488074,246.54545454545456,0.19
type=reactive_gate_sandbox_idle_timeout_s=0_ablate=_rpm=10_seed=2,reactive_gate,0,,10,reactive_gate,2,659,493,17,0.03333333333333333,0.09859154929577464,493,72.65714053762622,2261.5137961119585,0.0,600.0000000000005,344,426,0,0,0,0.04271624274686534,0.28254550558928454,6407083067.487841,0.0,0,0.0,0.0,0.0,0.0,332,11,0.43006865589751686,0.44455607076713427,0.4460717169936545,0.316220386325704,268.90909090909093,0.2
type=reactive_gate_sandbox_idle_timeout_s=0_ablate=_rpm=10_seed=3,reactive_gate,0,,10,reactive_gate,3,701,512,30,0.055350553505535055,0.16129032258064516,512,26.021005236377505,2890.139276627879,4.487773197967513,600.0000000000005,464,427,0,0,6,0.03493442238689561,0.4484557786469658,6718488550.608757,0.0,0,0.0,0.0,0.0,0.0,301,8,0.38934445192546857,0.4173485613847462,0.4372595197244885,0.25915426284917376,279.2727272727273,0.25
type=reactive_gate_sandbox_idle_timeout_s=0_ablate=_rpm=10_seed=4,reactive_gate,0,,10,reactive_gate,4,610,437,29,0.06223175965665236,0.1870967741935484,437,20.251840000897573,3615.6733783741242,0.0,600.0000000000005,493,396,0,0,9,0.06712513913950571,0.4385362611145119,7004732037.185768,0.0,0,0.0,0.0,0.0,0.0,266,11,0.3658676275938301,0.39593134093490234,0.42256570576761204,0.1674397474727387,238.36363636363637,0.2
type=reactive_gate_sandbox_idle_timeout_s=0_ablate=_rpm=10_seed=5,reactive_gate,0,,10,reactive_gate,5,820,533,70,0.11608623548922056,0.30660377358490565,533,12.901635534050001,4357.096051499616,4.228508691895994,600.0000000000005,357,1173,0,0,8,0.07371977572446521,0.025131834437093357,10112559359.27169,0.0,0,0.0,0.0,0.0,0.0,440,5,0.29244875973650075,0.3390708146267007,0.3843505807595183,0.19235992096912352,290.72727272727275,0.29
type=reactive_gate_sandbox_idle_timeout_s=0_ablate=_rpm=10_seed=6,reactive_gate,0,,10,reactive_gate,6,683,540,18,0.03225806451612903,0.10810810810810811,540,20.56822903652892,2650.7619076700266,0.0,600.0000000000005,339,375,1,0,17,0.023498859265686928,0.337585068531498,6841559927.9859,0.0,0,0.0,0.0,0.0,0.0,345,14,0.4268479648903174,0.4423741405087075,0.39961872279283217,0.2468970448936676,294.54545454545456,0.21
type=reactive_gate_sandbox_idle_timeout_s=0_ablate=_rpm=10_seed=7,reactive_gate,0,,10,reactive_gate,7,747,529,30,0.05366726296958855,0.15025906735751296,529,25.389856716285976,2192.237585730757,0.4482592932498712,600.0000000000005,404,548,0,0,2,0.029019973183143817,0.4431547544239412,6354675361.957171,0.0,0,0.0,0.0,0.0,0.0,301,8,0.37713012558296855,0.4029144038442061,0.47896758291245795,0.24005325521868318,288.54545454545456,0.21
type=reactive_gate_sandbox_idle_timeout_s=0_ablate=_rpm=10_seed=8,reactive_gate,0,,10,reactive_gate,8,778,557,40,0.06700167504187604,0.23809523809523808,557,12.775289557223346,3718.199309408582,0.0,600.0000000000005,303,709,0,0,8,0.049866592537997405,0.5917336573624516,8406876249.963233,0.0,0,0.0,0.0,0.0,0.0,280,9,0.33854863930523166,0.3715139422983111,0.3295041644449301,0.195455947289935,303.8181818181818,0.24
type=reactive_gate_sandbox_idle_timeout_s=0_ablate=_rpm=10_seed=9,reactive_gate,0,,10,reactive_gate,9,749,516,31,0.056672760511883,0.17318435754189945,516,29.76399694263864,3597.045636276891,4.132704235000287,600.0000000000005,319,658,0,0,17,0.022870434530206044,0.14804113881906703,8490920189.082682,0.0,0,0.0,0.0,0.0,0.0,369,10,0.34864491263369307,0.371174091574029,0.43716339372895624,0.29077888895259646,281.45454545454544,0.27
type=reactive_gate_sandbox_idle_timeout_s=0_ablate=_rpm=10_seed=10,reactive_gate,0,,10,reactive_gate,10,563,435,17,0.03761061946902655,0.12408759124087591,435,207.2848220776924,3475.152816841342,0.05683658333254524,600.0000000000005,336,290,0,0,3,0.03864676093187371,0.34329086386841373,6324154573.159225,0.0,0,0.0,0.0,0.0,0.0,289,6,0.4261975657795042,0.4441331156721401,0.4787783331633645,0.2977394826770281,237.27272727272728,0.19
type=reactive_gate_sandbox_idle_timeout_s=0_ablate=_rpm=20_seed=1,reactive_gate,0,,20,reactive_gate,1,680,571,3,0.005226480836236934,0.019867549668874173,571,126.60456611644713,1999.729085562112,13.409413070116281,600.0000000000005,0,162,2,0,0,0.0012183069143363607,0.37259829157829544,3455701245.0339737,0.0,0,0.0,0.0,0.0,0.0,331,9,0.5546047283686832,0.5570475182156533,0.6628441962372119,0.25518046835876723,311.45454545454544,0.23
type=reactive_gate_sandbox_idle_timeout_s=0_ablate=_rpm=20_seed=2,reactive_gate,0,,20,reactive_gate,2,790,651,12,0.01809954751131222,0.07547169811320754,651,137.6170960961299,2126.8055997479737,37.86711129738366,600.0000000000005,0,267,2,0,0,0.013318706917420032,0.3081749869688548,2228785639.7555017,0.0,0,0.0,0.0,0.0,0.0,317,12,0.4807990170928379,0.4921469091291473,0.7109587109516642,0.3305409875300197,355.0909090909091,0.26
type=reactive_gate_sandbox_idle_timeout_s=0_ablate=_rpm=20_seed=3,reactive_gate,0,,20,reactive_gate,3,777,594,16,0.02622950819672131,0.08379888268156424,594,96.31642383505812,3083.648125353648,34.68108565927951,600.0000000000005,0,409,0,0,0,0.009754251325245987,0.4255425123241357,3365320209.540861,0.0,0,0.0,0.0,0.0,0.0,333,8,0.4245544677627621,0.4370338611327269,0.6840948758457979,0.24096593565417496,324.0,0.29
type=reactive_gate_sandbox_idle_timeout_s=0_ablate=_rpm=20_seed=4,reactive_gate,0,,20,reactive_gate,4,764,642,8,0.012307692307692308,0.047058823529411764,642,140.97933583675967,1820.0041947309944,33.682854004477015,600.0000000000005,0,167,2,0,0,0.024657876336952152,0.3678837941271709,1803939111.8739622,0.0,0,0.0,0.0,0.0,0.0,318,11,0.5464928237157536,0.5557552472229255,0.7458242645849521,0.2164274864118104,350.1818181818182,0.26
type=reactive_gate_sandbox_idle_timeout_s=0_ablate=_rpm=20_seed=5,reactive_gate,0,,20,reactive_gate,5,974,757,29,0.03689567430025445,0.12053571428571429,757,137.03836169612873,3664.8281185865285,14.227062018880897,600.0000000000005,0,715,0,0,0,0.01390996552427067,0.01088058985528265,5793746600.774752,0.0,0,0.0,0.0,0.0,0.0,382,4,0.38122008114426753,0.40401212082238974,0.75465553061464,0.3668882869490754,412.90909090909093,0.46
type=reactive_gate_sandbox_idle_timeout_s=0_ablate=_rpm=20_seed=6,reactive_gate,0,,20,reactive_gate,6,764,645,6,0.009216589861751152,0.03870967741935484,645,86.04761746635722,1840.6623898711716,33.69384277716437,600.0000000000005,0,246,1,0,0,0.005993565248028919,0.29002726938696805,3314521592.4997063,0.0,0,0.0,0.0,0.0,0.0,309,17,0.5497149604611368,0.5570104605029862,0.6477482782391221,0.279013626982075,351.8181818181818,0.25
type=reactive_gate_sandbox_idle_timeout_s=0_ablate=_rpm=20_seed=7,reactive_gate,0,,20,reactive_gate,7,804,625,10,0.015748031496062992,0.04568527918781726,625,93.438750973899,1945.9664062333093,24.012788710719114,600.0000000000005,0,376,1,0,0,0.016789174448824315,0.388251718837368,3775820608.6148877,0.0,0,0.0,0.0,0.0,0.0,286,8,0.44256563844057945,0.45252069133567774,0.6738267964864996,0.242591348765697,340.90909090909093,0.27
type=reactive_gate_sandbox_idle_timeout_s=0_ablate=_rpm=20_seed=8,reactive_gate,0,,20,reactive_gate,8,946,774,21,0.026415094339622643,0.11052631578947368,774,32.20842855457431,2952.2199830514396,19.60557479274078,600.0000000000005,0,476,0,0,0,0.015320335062896406,0.510010614960677,4581261727.365159,0.0,0,0.0,0.0,0.0,0.0,331,8,0.48035312794106483,0.5035271764580836,0.6440041736556269,0.2366089914122434,422.1818181818182,0.29
type=reactive_gate_sandbox_idle_timeout_s=0_ablate=_rpm=20_seed=9,reactive_gate,0,,20,reactive_gate,9,898,722,18,0.024324324324324326,0.07920792079207921,722,162.64051186823372,2617.2324377092496,25.648504603696395,600.0000000000005,0,475,0,0,0,0.0286259888206092,0.21016753206333852,3191608768.1321106,0.0,0,0.0,0.0,0.0,0.0,392,5,0.4845460983148806,0.4986527173459439,0.7845842059659092,0.3110000700619043,393.8181818181818,0.33
type=reactive_gate_sandbox_idle_timeout_s=0_ablate=_rpm=20_seed=10,reactive_gate,0,,20,reactive_gate,10,635,530,10,0.018518518518518517,0.07142857142857142,530,226.6138075565127,2145.292712561937,24.196741920104778,600.0000000000005,0,213,0,0,0,0.008238654103540985,0.32710536566505116,3641221418.61912,0.0,0,0.0,0.0,0.0,0.0,300,4,0.5447098354237664,0.5609588894057923,0.6508926627290534,0.32325036208008395,289.0909090909091,0.21
type=reactive_gate_sandbox_idle_timeout_s=0_ablate=budget_rpm=10_seed=1,reactive_gate,0,budget,10,reactive_gate,1,593,452,21,0.04439746300211417,0.12056737588652482,452,61.202931027535044,3052.699476568842,0.0,600.0000000000005,409,282,0,0,5,0.04296594849599973,0.41412515884356016,6441127454.473125,0.0,0,0.0,0.0,0.0,0.0,324,4,0.42019170858379196,0.4412686035697258,0.42092364694622514,0.23612174777488074,246.54545454545456,0.19
type=reactive_gate_sandbox_idle_timeout_s=0_ablate=budget_rpm=10_seed=2,reactive_gate,0,budget,10,reactive_gate,2,659,493,17,0.03333333333333333,0.09859154929577464,493,72.65714053762622,2261.5137961119585,0.0,600.0000000000005,344,426,0,0,0,0.04271624274686534,0.28254550558928454,6407083067.487841,0.0,0,0.0,0.0,0.0,0.0,332,11,0.43006865589751686,0.44455607076713427,0.4460717169936545,0.316220386325704,268.90909090909093,0.19
type=reactive_gate_sandbox_idle_timeout_s=0_ablate=budget_rpm=10_seed=3,reactive_gate,0,budget,10,reactive_gate,3,701,512,30,0.055350553505535055,0.16129032258064516,512,26.021005236377505,2890.139276627879,4.487773197967513,600.0000000000005,464,427,0,0,6,0.03493442238689561,0.4484557786469658,6718488550.608757,0.0,0,0.0,0.0,0.0,0.0,301,8,0.38934445192546857,0.4173485613847462,0.4372595197244885,0.25915426284917376,279.2727272727273,0.26
type=reactive_gate_sandbox_idle_timeout_s=0_ablate=budget_rpm=10_seed=4,reactive_gate,0,budget,10,reactive_gate,4,610,437,29,0.06223175965665236,0.1870967741935484,437,20.251840000897573,3615.6733783741242,0.0,600.0000000000005,493,396,0,0,9,0.06712513913950571,0.4385362611145119,7004732037.185768,0.0,0,0.0,0.0,0.0,0.0,266,11,0.3658676275938301,0.39593134093490234,0.42256570576761204,0.1674397474727387,238.36363636363637,0.2
type=reactive_gate_sandbox_idle_timeout_s=0_ablate=budget_rpm=10_seed=5,reactive_gate,0,budget,10,reactive_gate,5,820,533,70,0.11608623548922056,0.30660377358490565,533,12.901635534050001,4357.096051499616,4.228508691895994,600.0000000000005,357,1173,0,0,8,0.07371977572446521,0.025131834437093357,10112559359.27169,0.0,0,0.0,0.0,0.0,0.0,440,5,0.29244875973650075,0.3390708146267007,0.3843505807595183,0.19235992096912352,290.72727272727275,0.3
type=reactive_gate_sandbox_idle_timeout_s=0_ablate=budget_rpm=10_seed=6,reactive_gate,0,budget,10,reactive_gate,6,683,540,18,0.03225806451612903,0.10810810810810811,540,20.56822903652892,2650.7619076700266,0.0,600.0000000000005,339,375,1,0,17,0.023498859265686928,0.337585068531498,6841559927.9859,0.0,0,0.0,0.0,0.0,0.0,345,14,0.4268479648903174,0.4423741405087075,0.39961872279283217,0.2468970448936676,294.54545454545456,0.21
type=reactive_gate_sandbox_idle_timeout_s=0_ablate=budget_rpm=10_seed=7,reactive_gate,0,budget,10,reactive_gate,7,747,529,30,0.05366726296958855,0.15025906735751296,529,25.389856716285976,2192.237585730757,0.4482592932498712,600.0000000000005,404,548,0,0,2,0.029019973183143817,0.4431547544239412,6354675361.957171,0.0,0,0.0,0.0,0.0,0.0,301,8,0.37713012558296855,0.4029144038442061,0.47896758291245795,0.24005325521868318,288.54545454545456,0.22
type=reactive_gate_sandbox_idle_timeout_s=0_ablate=budget_rpm=10_seed=8,reactive_gate,0,budget,10,reactive_gate,8,778,557,40,0.06700167504187604,0.23809523809523808,557,12.775289557223346,3718.199309408582,0.0,600.0000000000005,303,709,0,0,8,0.049866592537997405,0.5917336573624516,8406876249.963233,0.0,0,0.0,0.0,0.0,0.0,280,9,0.33854863930523166,0.3715139422983111,0.3295041644449301,0.195455947289935,303.8181818181818,0.24
type=reactive_gate_sandbox_idle_timeout_s=0_ablate=budget_rpm=10_seed=9,reactive_gate,0,budget,10,reactive_gate,9,749,516,31,0.056672760511883,0.17318435754189945,516,29.76399694263864,3597.045636276891,4.132704235000287,600.0000000000005,319,658,0,0,17,0.022870434530206044,0.14804113881906703,8490920189.082682,0.0,0,0.0,0.0,0.0,0.0,369,10,0.34864491263369307,0.371174091574029,0.43716339372895624,0.29077888895259646,281.45454545454544,0.28
type=reactive_gate_sandbox_idle_timeout_s=0_ablate=budget_rpm=10_seed=10,reactive_gate,0,budget,10,reactive_gate,10,563,435,17,0.03761061946902655,0.12408759124087591,435,207.2848220776924,3475.152816841342,0.05683658333254524,600.0000000000005,336,290,0,0,3,0.03864676093187371,0.34329086386841373,6324154573.159225,0.0,0,0.0,0.0,0.0,0.0,289,6,0.4261975657795042,0.4441331156721401,0.4787783331633645,0.2977394826770281,237.27272727272728,0.19
type=reactive_gate_sandbox_idle_timeout_s=0_ablate=budget_rpm=20_seed=1,reactive_gate,0,budget,20,reactive_gate,1,680,571,3,0.005226480836236934,0.019867549668874173,571,126.60456611644713,1999.729085562112,13.409413070116281,600.0000000000005,0,162,2,0,0,0.0012183069143363607,0.37259829157829544,3455701245.0339737,0.0,0,0.0,0.0,0.0,0.0,331,9,0.5546047283686832,0.5570475182156533,0.6628441962372119,0.25518046835876723,311.45454545454544,0.24
type=reactive_gate_sandbox_idle_timeout_s=0_ablate=budget_rpm=20_seed=2,reactive_gate,0,budget,20,reactive_gate,2,790,651,12,0.01809954751131222,0.07547169811320754,651,137.6170960961299,2126.8055997479737,37.86711129738366,600.0000000000005,0,267,2,0,0,0.013318706917420032,0.3081749869688548,2228785639.7555017,0.0,0,0.0,0.0,0.0,0.0,317,12,0.4807990170928379,0.4921469091291473,0.7109587109516642,0.3305409875300197,355.0909090909091,0.25
type=reactive_gate_sandbox_idle_timeout_s=0_ablate=budget_rpm=20_seed=3,reactive_gate,0,budget,20,reactive_gate,3,777,594,16,0.02622950819672131,0.08379888268156424,594,96.31642383505812,3083.648125353648,34.68108565927951,600.0000000000005,0,409,0,0,0,0.009754251325245987,0.4255425123241357,3365320209.540861,0.0,0,0.0,0.0,0.0,0.0,333,8,0.4245544677627621,0.4370338611327269,0.6840948758457979,0.24096593565417496,324.0,0.3
type=reactive_gate_sandbox_idle_timeout_s=0_ablate=budget_rpm=20_seed=4,reactive_gate,0,budget,20,reactive_gate,4,764,642,8,0.012307692307692308,0.047058823529411764,642,140.97933583675967,1820.0041947309944,33.682854004477015,600.0000000000005,0,167,2,0,0,0.024657876336952152,0.3678837941271709,1803939111.8739622,0.0,0,0.0,0.0,0.0,0.0,318,11,0.5464928237157536,0.5557552472229255,0.7458242645849521,0.2164274864118104,350.1818181818182,0.25
type=reactive_gate_sandbox_idle_timeout_s=0_ablate=budget_rpm=20_seed=5,reactive_gate,0,budget,20,reactive_gate,5,974,757,29,0.03689567430025445,0.12053571428571429,757,137.03836169612873,3664.8281185865285,14.227062018880897,600.0000000000005,0,715,0,0,0,0.01390996552427067,0.01088058985528265,5793746600.774752,0.0,0,0.0,0.0,0.0,0.0,382,4,0.38122008114426753,0.40401212082238974,0.75465553061464,0.3668882869490754,412.90909090909093,0.47
type=reactive_gate_sandbox_idle_timeout_s=0_ablate=budget_rpm=20_seed=6,reactive_gate,0,budget,20,reactive_gate,6,764,645,6,0.009216589861751152,0.03870967741935484,645,86.04761746635722,1840.6623898711716,33.69384277716437,600.0000000000005,0,246,1,0,0,0.005993565248028919,0.29002726938696805,3314521592.4997063,0.0,0,0.0,0.0,0.0,0.0,309,17,0.5497149604611368,0.5570104605029862,0.6477482782391221,0.279013626982075,351.8181818181818,0.24
type=reactive_gate_sandbox_idle_timeout_s=0_ablate=budget_rpm=20_seed=7,reactive_gate,0,budget,20,reactive_gate,7,804,625,10,0.015748031496062992,0.04568527918781726,625,93.438750973899,1945.9664062333093,24.012788710719114,600.0000000000005,0,376,1,0,0,0.016789174448824315,0.388251718837368,3775820608.6148877,0.0,0,0.0,0.0,0.0,0.0,286,8,0.44256563844057945,0.45252069133567774,0.6738267964864996,0.242591348765697,340.90909090909093,0.28
type=reactive_gate_sandbox_idle_timeout_s=0_ablate=budget_rpm=20_seed=8,reactive_gate,0,budget,20,reactive_gate,8,946,774,21,0.026415094339622643,0.11052631578947368,774,32.20842855457431,2952.2199830514396,19.60557479274078,600.0000000000005,0,476,0,0,0,0.015320335062896406,0.510010614960677,4581261727.365159,0.0,0,0.0,0.0,0.0,0.0,331,8,0.48035312794106483,0.5035271764580836,0.6440041736556269,0.2366089914122434,422.1818181818182,0.28
type=reactive_gate_sandbox_idle_timeout_s=0_ablate=budget_rpm=20_seed=9,reactive_gate,0,budget,20,reactive_gate,9,898,722,18,0.024324324324324326,0.07920792079207921,722,162.64051186823372,2617.2324377092496,25.648504603696395,600.0000000000005,0,475,0,0,0,0.0286259888206092,0.21016753206333852,3191608768.1321106,0.0,0,0.0,0.0,0.0,0.0,392,5,0.4845460983148806,0.4986527173459439,0.7845842059659092,0.3110000700619043,393.8181818181818,0.34
type=reactive_gate_sandbox_idle_timeout_s=0_ablate=budget_rpm=20_seed=10,reactive_gate,0,budget,20,reactive_gate,10,635,530,10,0.018518518518518517,0.07142857142857142,530,226.6138075565127,2145.292712561937,24.196741920104778,600.0000000000005,0,213,0,0,0,0.008238654103540985,0.32710536566505116,3641221418.61912,0.0,0,0.0,0.0,0.0,0.0,300,4,0.5447098354237664,0.5609588894057923,0.6508926627290534,0.32325036208008395,289.0909090909091,0.21
type=reactive_gate_sandbox_idle_timeout_s=0_ablate=vtfq+park+prewarm+kv+gang_rpm=10_seed=1,reactive_gate,0,vtfq+park+prewarm+kv+gang,10,reactive_gate,1,593,452,21,0.04439746300211417,0.12056737588652482,452,61.202931027535044,3052.699476568842,0.0,600.0000000000005,409,282,0,0,5,0.04296594849599973,0.41412515884356016,6441127454.473125,0.0,0,0.0,0.0,0.0,0.0,324,4,0.42019170858379196,0.4412686035697258,0.42092364694622514,0.23612174777488074,246.54545454545456,0.19
type=reactive_gate_sandbox_idle_timeout_s=0_ablate=vtfq+park+prewarm+kv+gang_rpm=10_seed=2,reactive_gate,0,vtfq+park+prewarm+kv+gang,10,reactive_gate,2,659,493,17,0.03333333333333333,0.09859154929577464,493,72.65714053762622,2261.5137961119585,0.0,600.0000000000005,344,426,0,0,0,0.04271624274686534,0.28254550558928454,6407083067.487841,0.0,0,0.0,0.0,0.0,0.0,332,11,0.43006865589751686,0.44455607076713427,0.4460717169936545,0.316220386325704,268.90909090909093,0.19
type=reactive_gate_sandbox_idle_timeout_s=0_ablate=vtfq+park+prewarm+kv+gang_rpm=10_seed=3,reactive_gate,0,vtfq+park+prewarm+kv+gang,10,reactive_gate,3,701,512,30,0.055350553505535055,0.16129032258064516,512,26.021005236377505,2890.139276627879,4.487773197967513,600.0000000000005,464,427,0,0,6,0.03493442238689561,0.4484557786469658,6718488550.608757,0.0,0,0.0,0.0,0.0,0.0,301,8,0.38934445192546857,0.4173485613847462,0.4372595197244885,0.25915426284917376,279.2727272727273,0.25
type=reactive_gate_sandbox_idle_timeout_s=0_ablate=vtfq+park+prewarm+kv+gang_rpm=10_seed=4,reactive_gate,0,vtfq+park+prewarm+kv+gang,10,reactive_gate,4,610,437,29,0.06223175965665236,0.1870967741935484,437,20.251840000897573,3615.6733783741242,0.0,600.0000000000005,493,396,0,0,9,0.06712513913950571,0.4385362611145119,7004732037.185768,0.0,0,0.0,0.0,0.0,0.0,266,11,0.3658676275938301,0.39593134093490234,0.42256570576761204,0.1674397474727387,238.36363636363637,0.21
type=reactive_gate_sandbox_idle_timeout_s=0_ablate=vtfq+park+prewarm+kv+gang_rpm=10_seed=5,reactive_gate,0,vtfq+park+prewarm+kv+gang,10,reactive_gate,5,820,533,70,0.11608623548922056,0.30660377358490565,533,12.901635534050001,4357.096051499616,4.228508691895994,600.0000000000005,357,1173,0,0,8,0.07371977572446521,0.025131834437093357,10112559359.27169,0.0,0,0.0,0.0,0.0,0.0,440,5,0.29244875973650075,0.3390708146267007,0.3843505807595183,0.19235992096912352,290.72727272727275,0.29
type=reactive_gate_sandbox_idle_timeout_s=0_ablate=vtfq+park+prewarm+kv+gang_rpm=10_seed=6,reactive_gate,0,vtfq+park+prewarm+kv+gang,10,reactive_gate,6,683,540,18,0.03225806451612903,0.10810810810810811,540,20.56822903652892,2650.7619076700266,0.0,600.0000000000005,339,375,1,0,17,0.023498859265686928,0.337585068531498,6841559927.9859,0.0,0,0.0,0.0,0.0,0.0,345,14,0.4268479648903174,0.4423741405087075,0.39961872279283217,0.2468970448936676,294.54545454545456,0.21
type=reactive_gate_sandbox_idle_timeout_s=0_ablate=vtfq+park+prewarm+kv+gang_rpm=10_seed=7,reactive_gate,0,vtfq+park+prewarm+kv+gang,10,reactive_gate,7,747,529,30,0.05366726296958855,0.15025906735751296,529,25.389856716285976,2192.237585730757,0.4482592932498712,600.0000000000005,404,548,0,0,2,0.029019973183143817,0.4431547544239412,6354675361.957171,0.0,0,0.0,0.0,0.0,0.0,301,8,0.37713012558296855,0.4029144038442061,0.47896758291245795,0.24005325521868318,288.54545454545456,0.22
type=reactive_gate_sandbox_idle_timeout_s=0_ablate=vtfq+park+prewarm+kv+gang_rpm=10_seed=8,reactive_gate,0,vtfq+park+prewarm+kv+gang,10,reactive_gate,8,778,557,40,0.06700167504187604,0.23809523809523808,557,12.775289557223346,3718.199309408582,0.0,600.0000000000005,303,709,0,0,8,0.049866592537997405,0.5917336573624516,8406876249.963233,0.0,0,0.0,0.0,0.0,0.0,280,9,0.33854863930523166,0.3715139422983111,0.3295041644449301,0.195455947289935,303.8181818181818,0.24
type=reactive_gate_sandbox_idle_timeout_s=0_ablate=vtfq+park+prewarm+kv+gang_rpm=10_seed=9,reactive_gate,0,vtfq+park+prewarm+kv+gang,10,reactive_gate,9,749,516,31,0.056672760511883,0.17318435754189945,516,29.76399694263864,3597.045636276891,4.132704235000287,600.0000000000005,319,658,0,0,17,0.022870434530206044,0.14804113881906703,8490920189.082682,0.0,0,0.0,0.0,0.0,0.0,369,10,0.34864491263369307,0.371174091574029,0.43716339372895624,0.29077888895259646,281.45454545454544,0.27
type=reactive_gate_sandbox_idle_timeout_s=0_ablate=vtfq+park+prewarm+kv+gang_rpm=10_seed=10,reactive_gate,0,vtfq+park+prewarm+kv+gang,10,reactive_gate,10,563,435,17,0.03761061946902655,0.12408759124087591,435,207.2848220776924,3475.152816841342,0.05683658333254524,600.0000000000005,336,290,0,0,3,0.03864676093187371,0.34329086386841373,6324154573.159225,0.0,0,0.0,0.0,0.0,0.0,289,6,0.4261975657795042,0.4441331156721401,0.4787783331633645,0.2977394826770281,237.27272727272728,0.19
type=reactive_gate_sandbox_idle_timeout_s=0_ablate=vtfq+park+prewarm+kv+gang_rpm=20_seed=1,reactive_gate,0,vtfq+park+prewarm+kv+gang,20,reactive_gate,1,680,571,3,0.005226480836236934,0.019867549668874173,571,126.60456611644713,1999.729085562112,13.409413070116281,600.0000000000005,0,162,2,0,0,0.0012183069143363607,0.37259829157829544,3455701245.0339737,0.0,0,0.0,0.0,0.0,0.0,331,9,0.5546047283686832,0.5570475182156533,0.6628441962372119,0.25518046835876723,311.45454545454544,0.24
type=reactive_gate_sandbox_idle_timeout_s=0_ablate=vtfq+park+prewarm+kv+gang_rpm=20_seed=2,reactive_gate,0,vtfq+park+prewarm+kv+gang,20,reactive_gate,2,790,651,12,0.01809954751131222,0.07547169811320754,651,137.6170960961299,2126.8055997479737,37.86711129738366,600.0000000000005,0,267,2,0,0,0.013318706917420032,0.3081749869688548,2228785639.7555017,0.0,0,0.0,0.0,0.0,0.0,317,12,0.4807990170928379,0.4921469091291473,0.7109587109516642,0.3305409875300197,355.0909090909091,0.26
type=reactive_gate_sandbox_idle_timeout_s=0_ablate=vtfq+park+prewarm+kv+gang_rpm=20_seed=3,reactive_gate,0,vtfq+park+prewarm+kv+gang,20,reactive_gate,3,777,594,16,0.02622950819672131,0.08379888268156424,594,96.31642383505812,3083.648125353648,34.68108565927951,600.0000000000005,0,409,0,0,0,0.009754251325245987,0.4255425123241357,3365320209.540861,0.0,0,0.0,0.0,0.0,0.0,333,8,0.4245544677627621,0.4370338611327269,0.6840948758457979,0.24096593565417496,324.0,0.29
type=reactive_gate_sandbox_idle_timeout_s=0_ablate=vtfq+park+prewarm+kv+gang_rpm=20_seed=4,reactive_gate,0,vtfq+park+prewarm+kv+gang,20,reactive_gate,4,764,642,8,0.012307692307692308,0.047058823529411764,642,140.97933583675967,1820.0041947309944,33.682854004477015,600.0000000000005,0,167,2,0,0,0.024657876336952152,0.3678837941271709,1803939111.8739622,0.0,0,0.0,0.0,0.0,0.0,318,11,0.5464928237157536,0.5557552472229255,0.7458242645849521,0.2164274864118104,350.1818181818182,0.25
type=reactive_gate_sandbox_idle_timeout_s=0_ablate=vtfq+park+prewarm+kv+gang_rpm=20_seed=5,reactive_gate,0,vtfq+park+prewarm+kv+gang,20,reactive_gate,5,974,757,29,0.03689567430025445,0.12053571428571429,757,137.03836169612873,3664.8281185865285,14.227062018880897,600.0000000000005,0,715,0,0,0,0.01390996552427067,0.01088058985528265,5793746600.774752,0.0,0,0.0,0.0,0.0,0.0,382,4,0.38122008114426753,0.40401212082238974,0.75465553061464,0.3668882869490754,412.90909090909093,0.46
type=reactive_gate_sandbox_idle_timeout_s=0_ablate=vtfq+park+prewarm+kv+gang_rpm=20_seed=6,reactive_gate,0,vtfq+park+prewarm+kv+gang,20,reactive_gate,6,764,645,6,0.009216589861751152,0.03870967741935484,645,86.04761746635722,1840.6623898711716,33.69384277716437,600.0000000000005,0,246,1,0,0,0.005993565248028919,0.29002726938696805,3314521592.4997063,0.0,0,0.0,0.0,0.0,0.0,309,17,0.5497149604611368,0.5570104605029862,0.6477482782391221,0.279013626982075,351.8181818181818,0.24
type=reactive_gate_sandbox_idle_timeout_s=0_ablate=vtfq+park+prewarm+kv+gang_rpm=20_seed=7,reactive_gate,0,vtfq+park+prewarm+kv+gang,20,reactive_gate,7,804,625,10,0.015748031496062992,0.04568527918781726,625,93.438750973899,1945.9664062333093,24.012788710719114,600.0000000000005,0,376,1,0,0,0.016789174448824315,0.388251718837368,3775820608.6148877,0.0,0,0.0,0.0,0.0,0.0,286,8,0.44256563844057945,0.45252069133567774,0.6738267964864996,0.242591348765697,340.90909090909093,0.27
type=reactive_gate_sandbox_idle_timeout_s=0_ablate=vtfq+park+prewarm+kv+gang_rpm=20_seed=8,reactive_gate,0,vtfq+park+prewarm+kv+gang,20,reactive_gate,8,946,774,21,0.026415094339622643,0.11052631578947368,774,32.20842855457431,2952.2199830514396,19.60557479274078,600.0000000000005,0,476,0,0,0,0.015320335062896406,0.510010614960677,4581261727.365159,0.0,0,0.0,0.0,0.0,0.0,331,8,0.48035312794106483,0.5035271764580836,0.6440041736556269,0.2366089914122434,422.1818181818182,0.29
type=reactive_gate_sandbox_idle_timeout_s=0_ablate=vtfq+park+prewarm+kv+gang_rpm=20_seed=9,reactive_gate,0,vtfq+park+prewarm+kv+gang,20,reactive_gate,9,898,722,18,0.024324324324324326,0.07920792079207921,722,162.64051186823372,2617.2324377092496,25.648504603696395,600.0000000000005,0,475,0,0,0,0.0286259888206092,0.21016753206333852,3191608768.1321106,0.0,0,0.0,0.0,0.0,0.0,392,5,0.4845460983148806,0.4986527173459439,0.7845842059659092,0.3110000700619043,393.8181818181818,0.33
type=reactive_gate_sandbox_idle_timeout_s=0_ablate=vtfq+park+prewarm+kv+gang_rpm=20_seed=10,reactive_gate,0,vtfq+park+prewarm+kv+gang,20,reactive_gate,10,635,530,10,0.018518518518518517,0.07142857142857142,530,226.6138075565127,2145.292712561937,24.196741920104778,600.0000000000005,0,213,0,0,0,0.008238654103540985,0.32710536566505116,3641221418.61912,0.0,0,0.0,0.0,0.0,0.0,300,4,0.5447098354237664,0.5609588894057923,0.6508926627290534,0.32325036208008395,289.0909090909091,0.21
type=reactive_gate_sandbox_idle_timeout_s=300_ablate=_rpm=10_seed=1,reactive_gate,300,,10,reactive_gate,1,532,362,20,0.05235602094240838,0.1652892561983471,362,26.439636544495215,3614.5918847175876,0.0,600.0000000000005,333,568,0,0,1,0.030355552874167264,0.5418080291905387,6578590099.147199,0.0,0,0.0,0.0,0.0,0.0,287,0,0.33287729421102,0.35607173112207724,0.3657270432651839,0.11323262927696207,197.45454545454547,0.17
type=reactive_gate_sandbox_idle_timeout_s=300_ablate=_rpm=10_seed=2,reactive_gate,300,,10,reactive_gate,2,637,448,33,0.06860706860706861,0.21830985915492956,448,46.300607314782155,2939.2297502033175,0.0,600.0000000000005,316,575,0,0,1,0.027237013968320914,0.4069113814382207,6480603070.007944,0.0,0,0.0,0.0,0.0,0.0,270,3,0.3667284499474456,0.3942258507274252,0.42241467154720286,0.19595627719732855,244.36363636363637,0.18
type=reactive_gate_sandbox_idle_timeout_s=300_ablate=_rpm=10_seed=3,reactive_gate,300,,10,reactive_gate,3,664,442,28,0.059574468085106386,0.16666666666666666,442,20.24767109675645,3615.6679083395725,0.0,600.0000000000005,442,617,0,0,6,0.02757881310371204,0.5283103042082686,7237811282.582334,0.0,0,0.0,0.0,0.0,0.0,306,4,0.30582098362321947,0.32881859303653094,0.39503653993864934,0.16032559522374235,241.0909090909091,0.27
type=reactive_gate_sandbox_idle_timeout_s=300_ablate=_rpm=10_seed=4,reactive_gate,300,,10,reactive_gate,4,586,402,40,0.09049773755656108,0.26666666666666666,402,18.28169718217714,3640.8784153104048,0.0,600.0000000000005,493,500,0,0,4,0.0619421348499437,0.4901454838175675,6998652149.176507,0.0,0,0.0,0.0,0.0,0.0,247,9,0.3461843490450705,0.386205743326384,0.38925318087121213,0.0961624898437885,219.27272727272728,0.18
type=reactive_gate_sandbox_idle_timeout_s=300_ablate=_rpm=10_seed=5,reactive_gate,300,,10,reactive_gate,5,821,521,75,0.12583892617449666,0.3443396226415094,521,15.401387301952127,4326.708449407745,1.7328591685997063,600.0000000000005,400,1298,0,0,9,0.0682426888903259,0.09757749072842305,9044347463.882757,0.0,0,0.0,0.0,0.0,0.0,484,0,0.2870690740362066,0.33406565104633634,0.4297272080662394,0.17221413018268156,284.1818181818182,0.28
type=reactive_gate_sandbox_idle_timeout_s=300_ablate=_rpm=10_seed=6,reactive_gate,300,,10,reactive_gate,6,625,460,29,0.05930470347648262,0.20567375886524822,460,20.392453480704262,3463.2114488540865,0.6069286629111972,600.0000000000005,276,580,0,0,8,0.03794317745301918,0.370750804294581,7011915149.407136,0.0,0,0.0,0.0,0.0,0.0,286,3,0.36455713609216134,0.4008034899347439,0.3917562228535354,0.18927291502264262,250.9090909090909,0.18
type=reactive_gate_sandbox_idle_timeout_s=300_ablate=_rpm=10_seed=7,reactive_gate,300,,10,reactive_gate,7,677,444,55,0.11022044088176353,0.270935960591133,444,20.698119835685247,2809.090443917819,0.0,600.0000000000005,426,778,0,0,2,0.07466349266350993,0.266969006000717,6559216865.501455,0.0,0,0.0,0.0,0.0,0.0,307,3,0.3203950924900405,0.36821093725974907,0.4248123737495144,0.21371233512301685,242.1818181818182,0.24
type=reactive_gate_sandbox_idle_timeout_s=300_ablate=_rpm=10_seed=8,reactive_gate,300,,10,reactive_gate,8,713,473,40,0.07797270955165692,0.25165562913907286,473,12.775289557223346,3848.0381178234725,0.0,600.0000000000005,224,863,0,0,16,0.04766810517502873,0.5868644956208922,8894934111.115236,0.0,0,0.0,0.0,0.0,0.0,245,2,0.2691809358469265,0.29904721440668214,0.3090414909390378,0.14529881353647547,258.0,0.26
type=reactive_gate_sandbox_idle_timeout_s=300_ablate=_rpm=10_seed=9,reactive_gate,300,,10,reactive_gate,9,778,555,42,0.07035175879396985,0.20103092783505155,555,27.90338634359705,3662.820808463489,1.4144962082629073,600.0000000000005,366,776,0,0,8,0.0396685657300164,0.13878703842504825,7269034363.879993,0.0,0,0.0,0.0,0.0,0.0,411,5,0.3757502323247725,0.41358369463274475,0.48843565290323104,0.2648596258233742,302.72727272727275,0.24
type=reactive_gate_sandbox_idle_timeout_s=300_ablate=_rpm=10_seed=10,reactive_gate,300,,10,reactive_gate,10,514,373,37,0.09024390243902439,0.25547445255474455,373,108.18666738388367,3977.740136502105,0.0,600.0000000000005,216,510,0,0,0,0.08503576178515623,0.25352070406058513,6976560156.41311,0.0,0,0.0,0.0,0.0,0.0,235,2,0.36530648021153533,0.40656611748950605,0.3896475648795649,0.25362996119872044,203.45454545454547,0.16
type=reactive_gate_sandbox_idle_timeout_s=300_ablate=_rpm=20_seed=1,reactive_gate,300,,20,reactive_gate,1,595,439,17,0.03728070175438596,0.13114754098360656,439,59.86786582123841,3605.282611114047,3.4019529491801763,600.0000000000005,0,485,0,0,0,0.01076815973462299,0.4750337764910865,5067709422.01964,0.0,0,0.0,0.0,0.0,0.0,297,0,0.395083120782263,0.41552354781283873,0.498526237151159,0.13733136718287794,239.45454545454547,0.19
type=reactive_gate_sandbox_idle_timeout_s=300_ablate=_rpm=20_seed=2,reactive_gate,300,,20,reactive_gate,2,663,480,30,0.058823529411764705,0.20689655172413793,480,69.82187382122038,2229.4850206608235,4.377430831239328,600.0000000000005,0,595,0,0,0,0.022111935828390862,0.36550652274146034,3991719125.1337814,0.0,0,0.0,0.0,0.0,0.0,298,0,0.3878362180899821,0.4236697161490552,0.5289096708187646,0.19562766105157298,261.8181818181818,0.2
type=reactive_gate_sandbox_idle_timeout_s=300_ablate=_rpm=20_seed=3,reactive_gate,300,,20,reactive_gate,3,734,528,26,0.04693140794223827,0.14857142857142858,528,71.01145014515441,3617.673049228084,28.809368556813894,600.0000000000005,0,628,1,0,0,0.014383162221352474,0.44823132284401646,3880281593.7238026,0.0,0,0.0,0.0,0.0,0.0,351,2,0.3863800097769065,0.4107322558790827,0.6133954753059441,0.19198882689332358,288.0,0.23
type=reactive_gate_sandbox_idle_timeout_s=300_ablate=_rpm=20_seed=4,reactive_gate,300,,20,reactive_gate,4,688,533,26,0.046511627906976744,0.16149068322981366,533,52.1347081630654,2976.5919001050056,5.986069422414857,600.0000000000005,0,408,0,0,0,0.04567129097421914,0.4419478598202282,3770573630.1055427,0.0,0,0.0,0.0,0.0,0.0,272,5,0.46749981241467525,0.4993118574360878,0.5851730510716137,0.1283240106769391,290.72727272727275,0.2
type=reactive_gate_sandbox_idle_timeout_s=300_ablate=_rpm=20_seed=5,reactive_gate,300,,20,reactive_gate,5,903,638,56,0.08069164265129683,0.25806451612903225,638,54.92492275990611,3961.858993378024,18.07502749434506,600.0000000000005,0,1153,0,0,0,0.022497359929325174,0.168147612907007,5612895200.874449,0.0,0,0.0,0.0,0.0,0.0,396,0,0.32546037284628354,0.36702751813888795,0.7089028510424761,0.17312340807933724,348.0,0.39
type=reactive_gate_sandbox_idle_timeout_s=300_ablate=_rpm=20_seed=6,reactive_gate,300,,20,reactive_gate,6,683,532,25,0.04488330341113106,0.1724137931034483,532,36.166306951017305,3611.853356637812,4.724297651634811,600.0000000000005,0,604,0,0,0,0.014976889466753974,0.3349317415506186,5152509834.078712,0.0,0,0.0,0.0,0.0,0.0,272,5,0.4216153352862277,0.4564643803445355,0.49807752870046623,0.20656604671374157,290.1818181818182,0.2
type=reactive_gate_sandbox_idle_timeout_s=300_ablate=_rpm=20_seed=7,reactive_gate,300,,20,reactive_gate,7,733,518,34,0.06159420289855073,0.1736842105263158,518,55.943337236213324,3228.5960132675395,2.484224018864116,600.0000000000005,0,709,0,0,0,0.03460536966185726,0.3960221088121334,5222963860.769548,0.0,0,0.0,0.0,0.0,0.0,261,5,0.3907866563924568,0.42426405803015443,0.5615797426549145,0.21529306959878933,282.54545454545456,0.21
type=reactive_gate_sandbox_idle_timeout_s=300_ablate=_rpm=20_seed=8,reactive_gate,300,,20,reactive_gate,8,837,639,36,0.05333333333333334,0.18888888888888888,639,21.798013174668768,3746.3222860490578,1.243096579398223,600.0000000000005,0,778,0,0,0,0.06478251784254693,0.5731503006766513,6042959426.999587,0.0,0,0.0,0.0,0.0,0.0,293,2,0.39950325923216906,0.43535966250494856,0.5049984434043965,0.16262000695746304,348.54545454545456,0.24
type=reactive_gate_sandbox_idle_timeout_s=300_ablate=_rpm=20_seed=9,reactive_gate,300,,20,reactive_gate,9,805,595,42,0.06593406593406594,0.21105527638190955,595,67.6309453466024,3687.606124461512,6.118198785674447,600.0000000000005,0,834,0,0,0,0.03440335150137473,0.08517387538725568,4244145530.2261744,0.0,0,0.0,0.0,0.0,0.0,354,9,0.4283608680929963,0.47150528463655805,0.6480533822358198,0.21188781411796107,324.54545454545456,0.26
type=reactive_gate_sandbox_idle_timeout_s=300_ablate=_rpm=20_seed=10,reactive_gate,300,,20,reactive_gate,10,557,423,24,0.053691275167785234,0.18110236220472442,423,114.2528022756212,3458.2680418110176,0.0,600.0000000000005,0,511,0,0,0,0.04716243754799509,0.2920405345744945,5878694578.718636,0.0,0,0.0,0.0,0.0,0.0,279,2,0.412436043189661,0.44537306894322887,0.46947630958220027,0.24001847451118397,230.72727272727275,0.16
type=reactive_gate_sandbox_idle_timeout_s=300_ablate=budget_rpm=10_seed=1,reactive_gate,300,budget,10,reactive_gate,1,532,362,20,0.05235602094240838,0.1652892561983471,362,26.439636544495215,3614.5918847175876,0.0,600.0000000000005,333,568,0,0,1,0.030355552874167264,0.5418080291905387,6578590099.147199,0.0,0,0.0,0.0,0.0,0.0,287,0,0.33287729421102,0.35607173112207724,0.3657270432651839,0.11323262927696207,197.45454545454547,0.17
type=reactive_gate_sandbox_idle_timeout_s=300_ablate=budget_rpm=10_seed=2,reactive_gate,300,budget,10,reactive_gate,2,637,448,33,0.06860706860706861,0.21830985915492956,448,46.300607314782155,2939.2297502033175,0.0,600.0000000000005,316,575,0,0,1,0.027237013968320914,0.4069113814382207,6480603070.007944,0.0,0,0.0,0.0,0.0,0.0,270,3,0.3667284499474456,0.3942258507274252,0.42241467154720286,0.19595627719732855,244.36363636363637,0.18
type=reactive_gate_sandbox_idle_timeout_s=300_ablate=budget_rpm=10_seed=3,reactive_gate,300,budget,10,reactive_gate,3,664,442,28,0.059574468085106386,0.16666666666666666,442,20.24767109675645,3615.6679083395725,0.0,600.0000000000005,442,617,0,0,6,0.02757881310371204,0.5283103042082686,7237811282.582334,0.0,0,0.0,0.0,0.0,0.0,306,4,0.30582098362321947,0.32881859303653094,0.39503653993864934,0.16032559522374235,241.0909090909091,0.27
type=reactive_gate_sandbox_idle_timeout_s=300_ablate=budget_rpm=10_seed=4,reactive_gate,300,budget,10,reactive_gate,4,586,402,40,0.09049773755656108,0.26666666666666666,402,18.28169718217714,3640.8784153104048,0.0,600.0000000000005,493,500,0,0,4,0.0619421348499437,0.4901454838175675,6998652149.176507,0.0,0,0.0,0.0,0.0,0.0,247,9,0.3461843490450705,0.386205743326384,0.38925318087121213,0.0961624898437885,219.27272727272728,0.18
type=reactive_gate_sandbox_idle_timeout_s=300_ablate=budget_rpm=10_seed=5,reactive_gate,300,budget,10,reactive_gate,5,821,521,75,0.12583892617449666,0.3443396226415094,521,15.401387301952127,4326.708449407745,1.7328591685997063,600.0000000000005,400,1298,0,0,9,0.0682426888903259,0.09757749072842305,9044347463.882757,0.0,0,0.0,0.0,0.0,0.0,484,0,0.2870690740362066,0.33406565104633634,0.4297272080662394,0.17221413018268156,284.1818181818182,0.29
type=reactive_gate_sandbox_idle_timeout_s=300_ablate=budget_rpm=10_seed=6,reactive_gate,300,budget,10,reactive_gate,6,625,460,29,0.05930470347648262,0.20567375886524822,460,20.392453480704262,3463.2114488540865,0.6069286629111972,600.0000000000005,276,580,0,0,8,0.03794317745301918,0.370750804294581,7011915149.407136,0.0,0,0.0,0.0,0.0,0.0,286,3,0.36455713609216134,0.4008034899347439,0.3917562228535354,0.18927291502264262,250.9090909090909,0.18
type=reactive_gate_sandbox_idle_timeout_s=300_ablate=budget_rpm=10_seed=7,reactive_gate,300,budget,10,reactive_gate,7,677,444,55,0.11022044088176353,0.270935960591133,444,20.698119835685247,2809.090443917819,0.0,600.0000000000005,426,778,0,0,2,0.07466349266350993,0.266969006000717,6559216865.501455,0.0,0,0.0,0.0,0.0,0.0,307,3,0.3203950924900405,0.36821093725974907,0.4248123737495144,0.21371233512301685,242.1818181818182,0.24
type=reactive_gate_sandbox_idle_timeout_s=300_ablate=budget_rpm=10_seed=8,reactive_gate,300,budget,10,reactive_gate,8,713,473,40,0.07797270955165692,0.25165562913907286,473,12.775289557223346,3848.0381178234725,0.0,600.0000000000005,224,863,0,0,16,0.04766810517502873,0.5868644956208922,8894934111.115236,0.0,0,0.0,0.0,0.0,0.0,245,2,0.2691809358469265,0.29904721440668214,0.3090414909390378,0.14529881353647547,258.0,0.27
type=reactive_gate_sandbox_idle_timeout_s=300_ablate=budget_rpm=10_seed=9,reactive_gate,300,budget,10,reactive_gate,9,778,555,42,0.07035175879396985,0.20103092783505155,555,27.90338634359705,3662.820808463489,1.4144962082629073,600.0000000000005,366,776,0,0,8,0.0396685657300164,0.13878703842504825,7269034363.879993,0.0,0,0.0,0.0,0.0,0.0,411,5,0.3757502323247725,0.41358369463274475,0.48843565290323104,0.2648596258233742,302.72727272727275,0.24
type=reactive_gate_sandbox_idle_timeout_s=300_ablate=budget_rpm=10_seed=10,reactive_gate,300,budget,10,reactive_gate,10,514,373,37,0.09024390243902439,0.25547445255474455,373,108.18666738388367,3977.740136502105,0.0,600.0000000000005,216,510,0,0,0,0.08503576178515623,0.25352070406058513,6976560156.41311,0.0,0,0.0,0.0,0.0,0.0,235,2,0.36530648021153533,0.40656611748950605,0.3896475648795649,0.25362996119872044,203.45454545454547,0.17
type=reactive_gate_sandbox_idle_timeout_s=300_ablate=budget_rpm=20_seed=1,reactive_gate,300,budget,20,reactive_gate,1,595,439,17,0.03728070175438596,0.13114754098360656,439,59.86786582123841,3605.282611114047,3.4019529491801763,600.0000000000005,0,485,0,0,0,0.01076815973462299,0.4750337764910865,5067709422.01964,0.0,0,0.0,0.0,0.0,0.0,297,0,0.395083120782263,0.41552354781283873,0.498526237151159,0.13733136718287794,239.45454545454547,0.19
type=reactive_gate_sandbox_idle_timeout_s=300_ablate=budget_rpm=20_seed=2,reactive_gate,300,budget,20,reactive_gate,2,663,480,30,0.058823529411764705,0.20689655172413793,480,69.82187382122038,2229.4850206608235,4.377430831239328,600.0000000000005,0,595,0,0,0,0.022111935828390862,0.36550652274146034,3991719125.1337814,0.0,0,0.0,0.0,0.0,0.0,298,0,0.3878362180899821,0.4236697161490552,0.5289096708187646,0.19562766105157298,261.8181818181818,0.21
type=reactive_gate_sandbox_idle_timeout_s=300_ablate=budget_rpm=20_seed=3,reactive_gate,300,budget,20,reactive_gate,3,734,528,26,0.04693140794223827,0.14857142857142858,528,71.01145014515441,3617.673049228084,28.809368556813894,600.0000000000005,0,628,1,0,0,0.014383162221352474,0.44823132284401646,3880281593.7238026,0.0,0,0.0,0.0,0.0,0.0,351,2,0.3863800097769065,0.4107322558790827,0.6133954753059441,0.19198882689332358,288.0,0.23
type=reactive_gate_sandbox_idle_timeout_s=300_ablate=budget_rpm=20_seed=4,reactive_gate,300,budget,20,reactive_gate,4,688,533,26,0.046511627906976744,0.16149068322981366,533,52.1347081630654,2976.5919001050056,5.986069422414857,600.0000000000005,0,408,0,0,0,0.04567129097421914,0.4419478598202282,3770573630.1055427,0.0,0,0.0,0.0,0.0,0.0,272,5,0.46749981241467525,0.4993118574360878,0.5851730510716137,0.1283240106769391,290.72727272727275,0.19
type=reactive_gate_sandbox_idle_timeout_s=300_ablate=budget_rpm=20_seed=5,reactive_gate,300,budget,20,reactive_gate,5,903,638,56,0.08069164265129683,0.25806451612903225,638,54.92492275990611,3961.858993378024,18.07502749434506,600.0000000000005,0,1153,0,0,0,0.022497359929325174,0.168147612907007,5612895200.874449,0.0,0,0.0,0.0,0.0,0.0,396,0,0.32546037284628354,0.36702751813888795,0.7089028510424761,0.17312340807933724,348.0,0.39
type=reactive_gate_sandbox_idle_timeout_s=300_ablate=budget_rpm=20_seed=6,reactive_gate,300,budget,20,reactive_gate,6,683,532,25,0.04488330341113106,0.1724137931034483,532,36.166306951017305,3611.853356637812,4.724297651634811,600.0000000000005,0,604,0,0,0,0.014976889466753974,0.3349317415506186,5152509834.078712,0.0,0,0.0,0.0,0.0,0.0,272,5,0.4216153352862277,0.4564643803445355,0.49807752870046623,0.20656604671374157,290.1818181818182,0.19
type=reactive_gate_sandbox_idle_timeout_s=300_ablate=budget_rpm=20_seed=7,reactive_gate,300,budget,20,reactive_gate,7,733,518,34,0.06159420289855073,0.1736842105263158,518,55.943337236213324,3228.5960132675395,2.484224018864116,600.0000000000005,0,709,0,0,0,0.03460536966185726,0.3960221088121334,5222963860.769548,0.0,0,0.0,0.0,0.0,0.0,261,5,0.3907866563924568,0.42426405803015443,0.5615797426549145,0.21529306959878933,282.54545454545456,0.22
type=reactive_gate_sandbox_idle_timeout_s=300_ablate=budget_rpm=20_seed=8,reactive_gate,300,budget,20,reactive_gate,8,837,639,36,0.05333333333333334,0.18888888888888888,639,21.798013174668768,3746.3222860490578,1.243096579398223,600.0000000000005,0,778,0,0,0,0.06478251784254693,0.5731503006766513,6042959426.999587,0.0,0,0.0,0.0,0.0,0.0,293,2,0.39950325923216906,0.43535966250494856,0.5049984434043965,0.16262000695746304,348.54545454545456,0.24
type=reactive_gate_sandbox_idle_timeout_s=300_ablate=budget_rpm=20_seed=9,reactive_gate,300,budget,20,reactive_gate,9,805,595,42,0.06593406593406594,0.21105527638190955,595,67.6309453466024,3687.606124461512,6.118198785674447,600.0000000000005,0,834,0,0,0,0.03440335150137473,0.08517387538725568,4244145530.2261744,0.0,0,0.0,0.0,0.0,0.0,354,9,0.4283608680929963,0.47150528463655805,0.6480533822358198,0.21188781411796107,324.54545454545456,0.27
type=reactive_gate_sandbox_idle_timeout_s=300_ablate=budget_rpm=20_seed=10,reactive_gate,300,budget,20,reactive_gate,10,557,423,24,0.053691275167785234,0.18110236220472442,423,114.2528022756212,3458.2680418110176,0.0,600.0000000000005,0,511,0,0,0,0.04716243754799509,0.2920405345744945,5878694578.718636,0.0,0,0.0,0.0,0.0,0.0,279,2,0.412436043189661,0.44537306894322887,0.46947630958220027,0.24001847451118397,230.72727272727275,0.16
type=reactive_gate_sandbox_idle_timeout_s=300_ablate=vtfq+park+prewarm+kv+gang_rpm=10_seed=1,reactive_gate,300,vtfq+park+prewarm+kv+gang,10,reactive_gate,1,532,362,20,0.05235602094240838,0.1652892561983471,362,26.439636544495215,3614.5918847175876,0.0,600.0000000000005,333,568,0,0,1,0.030355552874167264,0.5418080291905387,6578590099.147199,0.0,0,0.0,0.0,0.0,0.0,287,0,0.33287729421102,0.35607173112207724,0.3657270432651839,0.11323262927696207,197.45454545454547,0.17
type=reactive_gate_sandbox_idle_timeout_s=300_ablate=vtfq+park+prewarm+kv+gang_rpm=10_seed=2,reactive_gate,300,vtfq+park+prewarm+kv+gang,10,reactive_gate,2,637,448,33,0.06860706860706861,0.21830985915492956,448,46.300607314782155,2939.2297502033175,0.0,600.0000000000005,316,575,0,0,1,0.027237013968320914,0.4069113814382207,6480603070.007944,0.0,0,0.0,0.0,0.0,0.0,270,3,0.3667284499474456,0.3942258507274252,0.42241467154720286,0.19595627719732855,244.36363636363637,0.19
type=reactive_gate_sandbox_idle_timeout_s=300_ablate=vtfq+park+prewarm+kv+gang_rpm=10_seed=3,reactive_gate,300,vtfq+park+prewarm+kv+gang,10,reactive_gate,3,664,442,28,0.059574468085106386,0.16666666666666666,442,20.24767109675645,3615.6679083395725,0.0,600.0000000000005,442,617,0,0,6,0.02757881310371204,0.5283103042082686,7237811282.582334,0.0,0,0.0,0.0,0.0,0.0,306,4,0.30582098362321947,0.32881859303653094,0.39503653993864934,0.16032559522374235,241.0909090909091,0.27
type=reactive_gate_sandbox_idle_timeout_s=300_ablate=vtfq+park+prewarm+kv+gang_rpm=10_seed=4,reactive_gate,300,vtfq+park+prewarm+kv+gang,10,reactive_gate,4,586,402,40,0.09049773755656108,0.26666666666666666,402,18.28169718217714,3640.8784153104048,0.0,600.0000000000005,493,500,0,0,4,0.0619421348499437,0.4901454838175675,6998652149.176507,0.0,0,0.0,0.0,0.0,0.0,247,9,0.3461843490450705,0.386205743326384,0.38925318087121213,0.0961624898437885,219.27272727272728,0.19
type=reactive_gate_sandbox_idle_timeout_s=300_ablate=vtfq+park+prewarm+kv+gang_rpm=10_seed=5,reactive_gate,300,vtfq+park+prewarm+kv+gang,10,reactive_gate,5,821,521,75,0.12583892617449666,0.3443396226415094,521,15.401387301952127,4326.708449407745,1.7328591685997063,600.0000000000005,400,1298,0,0,9,0.0682426888903259,0.09757749072842305,9044347463.882757,0.0,0,0.0,0.0,0.0,0.0,484,0,0.2870690740362066,0.33406565104633634,0.4297272080662394,0.17221413018268156,284.1818181818182,0.28
type=reactive_gate_sandbox_idle_timeout_s=300_ablate=vtfq+park+prewarm+kv+gang_rpm=10_seed=6,reactive_gate,300,vtfq+park+prewarm+kv+gang,10,reactive_gate,6,625,460,29,0.05930470347648262,0.20567375886524822,460,20.392453480704262,3463.2114488540865,0.6069286629111972,600.0000000000005,276,580,0,0,8,0.03794317745301918,0.370750804294581,7011915149.407136,0.0,0,0.0,0.0,0.0,0.0,286,3,0.36455713609216134,0.4008034899347439,0.3917562228535354,0.18927291502264262,250.9090909090909,0.2
type=reactive_gate_sandbox_idle_timeout_s=300_ablate=vtfq+park+prewarm+kv+gang_rpm=10_seed=7,reactive_gate,300,vtfq+park+prewarm+kv+gang,10,reactive_gate,7,677,444,55,0.11022044088176353,0.270935960591133,444,20.698119835685247,2809.090443917819,0.0,600.0000000000005,426,778,0,0,2,0.07466349266350993,0.266969006000717,6559216865.501455,0.0,0,0.0,0.0,0.0,0.0,307,3,0.3203950924900405,0.36821093725974907,0.4248123737495144,0.21371233512301685,242.1818181818182,0.24
type=reactive_gate_sandbox_idle_timeout_s=300_ablate=vtfq+park+prewarm+kv+gang_rpm=10_seed=8,reactive_gate,300,vtfq+park+prewarm+kv+gang,10,reactive_gate,8,713,473,40,0.07797270955165692,0.25165562913907286,473,12.775289557223346,3848.0381178234725,0.0,600.0000000000005,224,863,0,0,16,0.04766810517502873,0.5868644956208922,8894934111.115236,0.0,0,0.0,0.0,0.0,0.0,245,2,0.2691809358469265,0.29904721440668214,0.3090414909390378,0.14529881353647547,258.0,0.29
type=reactive_gate_sandbox_idle_timeout_s=300_ablate=vtfq+park+prewarm+kv+gang_rpm=10_seed=9,reactive_gate,300,vtfq+park+prewarm+kv+gang,10,reactive_gate,9,778,555,42,0.07035175879396985,0.20103092783505155,555,27.90338634359705,3662.820808463489,1.4144962082629073,600.0000000000005,366,776,0,0,8,0.0396685657300164,0.13878703842504825,7269034363.879993,0.0,0,0.0,0.0,0.0,0.0,411,5,0.3757502323247725,0.41358369463274475,0.48843565290323104,0.2648596258233742,302.72727272727275,0.24
type=reactive_gate_sandbox_idle_timeout_s=300_ablate=vtfq+park+prewarm+kv+gang_rpm=10_seed=10,reactive_gate,300,vtfq+park+prewarm+kv+gang,10,reactive_gate,10,514,373,37,0.09024390243902439,0.25547445255474455,373,108.18666738388367,3977.740136502105,0.0,600.0000000000005,216,510,0,0,0,0.08503576178515623,0.25352070406058513,6976560156.41311,0.0,0,0.0,0.0,0.0,0.0,235,2,0.36530648021153533,0.40656611748950605,0.3896475648795649,0.25362996119872044,203.45454545454547,0.16
type=reactive_gate_sandbox_idle_timeout_s=300_ablate=vtfq+park+prewarm+kv+gang_rpm=20_seed=1,reactive_gate,300,vtfq+park+prewarm+kv+gang,20,reactive_gate,1,595,439,17,0.03728070175438596,0.13114754098360656,439,59.86786582123841,3605.282611114047,3.4019529491801763,600.0000000000005,0,485,0,0,0,0.01076815973462299,0.4750337764910865,5067709422.01964,0.0,0,0.0,0.0,0.0,0.0,297,0,0.395083120782263,0.41552354781283873,0.498526237151159,0.13733136718287794,239.45454545454547,0.19
type=reactive_gate_sandbox_idle_timeout_s=300_ablate=vtfq+park+prewarm+kv+gang_rpm=20_seed=2,reactive_gate,300,vtfq+park+prewarm+kv+gang,20,reactive_gate,2,663,480,30,0.058823529411764705,0.20689655172413793,480,69.82187382122038,2229.4850206608235,4.377430831239328,600.0000000000005,0,595,0,0,0,0.022111935828390862,0.36550652274146034,3991719125.1337814,0.0,0,0.0,0.0,0.0,0.0,298,0,0.3878362180899821,0.4236697161490552,0.5289096708187646,0.19562766105157298,261.8181818181818,0.21
type=reactive_gate_sandbox_idle_timeout_s=300_ablate=vtfq+park+prewarm+kv+gang_rpm=20_seed=3,reactive_gate,300,vtfq+park+prewarm+kv+gang,20,reactive_gate,3,734,528,26,0.04693140794223827,0.14857142857142858,528,71.01145014515441,3617.673049228084,28.809368556813894,600.0000000000005,0,628,1,0,0,0.014383162221352474,0.44823132284401646,3880281593.7238026,0.0,0,0.0,0.0,0.0,0.0,351,2,0.3863800097769065,0.4107322558790827,0.6133954753059441,0.19198882689332358,288.0,0.24
type=reactive_gate_sandbox_idle_timeout_s=300_ablate=vtfq+park+prewarm+kv+gang_rpm=20_seed=4,reactive_gate,300,vtfq+park+prewarm+kv+gang,20,reactive_gate,4,688,533,26,0.046511627906976744,0.16149068322981366,533,52.1347081630654,2976.5919001050056,5.986069422414857,600.0000000000005,0,408,0,0,0,0.04567129097421914,0.4419478598202282,3770573630.1055427,0.0,0,0.0,0.0,0.0,0.0,272,5,0.46749981241467525,0.4993118574360878,0.5851730510716137,0.1283240106769391,290.72727272727275,0.19
type=reactive_gate_sandbox_idle_timeout_s=300_ablate=vtfq+park+prewarm+kv+gang_rpm=20_seed=5,reactive_gate,300,vtfq+park+prewarm+kv+gang,20,reactive_gate,5,903,638,56,0.08069164265129683,0.25806451612903225,638,54.92492275990611,3961.858993378024,18.07502749434506,600.0000000000005,0,1153,0,0,0,0.022497359929325174,0.168147612907007,5612895200.874449,0.0,0,0.0,0.0,0.0,0.0,396,0,0.32546037284628354,0.36702751813888795,0.7089028510424761,0.17312340807933724,348.0,0.39
type=reactive_gate_sandbox_idle_timeout_s=300_ablate=vtfq+park+prewarm+kv+gang_rpm=20_seed=6,reactive_gate,300,vtfq+park+prewarm+kv+gang,20,reactive_gate,6,683,532,25,0.04488330341113106,0.1724137931034483,532,36.166306951017305,3611.853356637812,4.724297651634811,600.0000000000005,0,604,0,0,0,0.014976889466753974,0.3349317415506186,5152509834.078712,0.0,0,0.0,0.0,0.0,0.0,272,5,0.4216153352862277,0.4564643803445355,0.49807752870046623,0.20656604671374157,290.1818181818182,0.2
type=reactive_gate_sandbox_idle_timeout_s=300_ablate=vtfq+park+prewarm+kv+gang_rpm=20_seed=7,reactive_gate,300,vtfq+park+prewarm+kv+gang,20,reactive_gate,7,733,518,34,0.06159420289855073,0.1736842105263158,518,55.943337236213324,3228.5960132675395,2.484224018864116,600.0000000000005,0,709,0,0,0,0.03460536966185726,0.3960221088121334,5222963860.769548,0.0,0,0.0,0.0,0.0,0.0,261,5,0.3907866563924568,0.42426405803015443,0.5615797426549145,0.21529306959878933,282.54545454545456,0.21
type=reactive_gate_sandbox_idle_timeout_s=300_ablate=vtfq+park+prewarm+kv+gang_rpm=20_seed=8,reactive_gate,300,vtfq+park+prewarm+kv+gang,20,reactive_gate,8,837,639,36,0.05333333333333334,0.18888888888888888,639,21.798013174668768,3746.3222860490578,1.243096579398223,600.0000000000005,0,778,0,0,0,0.06478251784254693,0.5731503006766513,6042959426.999587,0.0,0,0.0,0.0,0.0,0.0,293,2,0.39950325923216906,0.43535966250494856,0.5049984434043965,0.16262000695746304,348.54545454545456,0.24
type=reactive_gate_sandbox_idle_timeout_s=300_ablate=vtfq+park+prewarm+kv+gang_rpm=20_seed=9,reactive_gate,300,vtfq+park+prewarm+kv+gang,20,reactive_gate,9,805,595,42,0.06593406593406594,0.21105527638190955,595,67.6309453466024,3687.606124461512,6.118198785674447,600.0000000000005,0,834,0,0,0,0.03440335150137473,0.08517387538725568,4244145530.2261744,0.0,0,0.0,0.0,0.0,0.0,354,9,0.4283608680929963,0.47150528463655805,0.6480533822358198,0.21188781411796107,324.54545454545456,0.26
type=reactive_gate_sandbox_idle_timeout_s=300_ablate=vtfq+park+prewarm+kv+gang_rpm=20_seed=10,reactive_gate,300,vtfq+park+prewarm+kv+gang,20,reactive_gate,10,557,423,24,0.053691275167785234,0.18110236220472442,423,114.2528022756212,3458.2680418110176,0.0,600.0000000000005,0,511,0,0,0,0.04716243754799509,0.2920405345744945,5878694578.718636,0.0,0,0.0,0.0,0.0,0.0,279,2,0.412436043189661,0.44537306894322887,0.46947630958220027,0.24001847451118397,230.72727272727275,0.16
type=lease_sandbox_idle_timeout_s=0_ablate=_rpm=10_seed=1,lease,0,,10,lease,1,572,426,8,0.018433179723502304,0.06060606060606061,426,59.64706064733872,3515.7781102144804,0.0,600.0000000000005,0,372,0,0,0,0.006578597266897445,0.41810448876593115,6274193368.999548,884.7165976376327,10,291.6952679048661,232.59062429182336,908400.0,42268.91566825518,263,1,0.3863134533243663,0.3929261348494262,0.4044976230574981,0.2163469981377337,232.36363636363637,0.44
type=lease_sandbox_idle_timeout_s=0_ablate=_rpm=10_seed=2,lease,0,,10,lease,2,656,482,15,0.030181086519114688,0.10948905109489052,482,66.55906200134314,2476.4656560268736,0.0,600.0000000000005,0,478,0,0,0,0.01725552580882055,0.3170324536374921,6464222300.477933,543.3433107097779,3,743.9625332954213,719.5615431020511,882000.0,45959.49080803245,268,0,0.37541824977400795,0.39097867235839834,0.4325598528757123,0.2926676653372941,262.90909090909093,0.47
type=lease_sandbox_idle_timeout_s=0_ablate=_rpm=10_seed=3,lease,0,,10,lease,3,672,460,20,0.041666666666666664,0.11042944785276074,460,16.965409808986124,3215.3653567655547,0.0,600.0000000000005,0,666,0,0,0,0.018959000929799647,0.4773004921986528,7199561387.884719,1111.5809396466243,13,426.61821285891983,199.22803190150057,864600.0,52279.63153458695,273,6,0.3524927035249229,0.3680814682033544,0.38995170729328543,0.2037247558209067,250.9090909090909,0.53
type=lease_sandbox_idle_timeout_s=0_ablate=_rpm=10_seed=4,lease,0,,10,lease,4,635,467,12,0.025052192066805846,0.08823529411764706,467,24.830434003607934,3647.8582652290766,0.0,600.0000000000005,0,502,0,0,0,0.025413958130242942,0.40914424560901125,7168956329.071874,732.7308647281178,7,97.41347874561325,63.79866467084662,928200.0,37752.04317543298,235,8,0.3613818214685791,0.3733370982710769,0.39167592016317015,0.1597860842550525,254.72727272727275,0.47
type=lease_sandbox_idle_timeout_s=0_ablate=_rpm=10_seed=5,lease,0,,10,lease,5,822,546,53,0.08848080133555926,0.23902439024390243,546,16.91654228198945,4040.1214843663447,0.0,600.0000000000005,0,1269,0,0,0,0.037812920528526625,0.006473039634835645,8801751957.367811,894.7723436469349,5,381.1636157140674,372.8030045272254,903600.0,69527.63842078022,315,2,0.31557655060703493,0.3518746913778822,0.41385615093644784,0.2959402880229365,297.8181818181818,0.67
type=lease_sandbox_idle_timeout_s=0_ablate=_rpm=10_seed=6,lease,0,,10,lease,6,663,517,10,0.018975332068311195,0.07142857142857142,517,20.445474505615948,3217.0652865182233,0.0,600.0000000000005,0,491,0,0,0,0.017596325064259635,0.3336339569625899,6940652881.768804,4903.599557579377,17,708.4423888434958,598.9955114898627,885600.0,39032.9556699156,213,12,0.41651539985875274,0.4285755962260215,0.38637560271788396,0.22791526204937304,282.0,0.5
type=lease_sandbox_idle_timeout_s=0_ablate=_rpm=10_seed=7,lease,0,,10,lease,7,695,472,25,0.05030181086519115,0.1388888888888889,472,16.444760481562753,2277.9029510963624,0.0,600.0000000000005,0,717,0,0,0,0.017789729675683093,0.40984593338000586,6798135215.356098,444.57455858496405,2,139.62548305663154,126.49222524705556,883800.0,49051.910286156846,212,8,0.31843526293517965,0.33732242619740693,0.4090073045762108,0.2232623140890407,257.45454545454544,0.51
type=lease_sandbox_idle_timeout_s=0_ablate=_rpm=10_seed=8,lease,0,,10,lease,8,769,537,39,0.06770833333333333,0.2229299363057325,537,13.404838924177056,3713.3145081170464,0.0,600.0000000000005,0,875,0,0,0,0.06292900610404782,0.6145969441699458,8353113502.275664,2114.715193837243,11,65.6487470320996,56.75227351309877,997200.0,66201.76794031571,257,6,0.3071440891658755,0.33713050899698366,0.3225040767692955,0.1449065391739074,292.90909090909093,0.56
type=lease_sandbox_idle_timeout_s=0_ablate=_rpm=10_seed=9,lease,0,,10,lease,9,730,497,33,0.062264150943396226,0.17679558011049723,497,23.298114343539737,4606.291408213548,0.0,600.0000000000005,0,958,0,0,0,0.030502479941943154,0.15295268406748333,8348920156.155012,1279.5804061839735,4,520.5414313949916,243.5533510308685,819000.0,61183.634831883915,279,15,0.3205324005898123,0.3448033848415617,0.3840771015968985,0.24853785537371748,271.0909090909091,0.6
type=lease_sandbox_idle_timeout_s=0_ablate=_rpm=10_seed=10,lease,0,,10,lease,10,555,422,10,0.023148148148148147,0.08064516129032258,422,179.68510548969073,2445.427980523945,0.455224026163089,600.0000000000005,0,373,0,0,0,0.010659193633909547,0.3375663724883774,6363113397.801684,412.82792304805275,1,459.17932534230215,451.1527777384913,760200.0,33519.160615955225,219,3,0.40864763479947436,0.41901819334781204,0.45262170388581324,0.2582503815544678,230.1818181818182,0.41
type=lease_sandbox_idle_timeout_s=0_ablate=_rpm=20_seed=1,lease,0,,20,lease,1,674,564,3,0.005291005291005291,0.0196078431372549,564,141.27011510651573,1830.9009617087531,13.536784988239768,600.0000000000005,0,181,0,0,0,0.0018026515864758702,0.36430521270938543,2797757748.990497,1394.3618894611634,13,306.79967431672435,239.2949307247336,1407600.0,24340.1518956422,349,3,0.5590210327282381,0.5638123463876925,0.6553381018437581,0.26963925360005814,307.6363636363636,0.54
type=lease_sandbox_idle_timeout_s=0_ablate=_rpm=20_seed=2,lease,0,,20,lease,2,781,645,12,0.0182648401826484,0.075,645,135.94803889710147,1989.9202192409261,46.19888170978323,600.0000000000005,0,306,2,0,0,0.027937091964968616,0.29961321666007573,2042561223.7272658,1419.8064344951924,11,753.4463195878467,506.7268632080935,1393800.0,17499.914464989888,316,2,0.477255566489264,0.4882221070294869,0.7105254599480382,0.3257645090788291,351.8181818181818,0.56
type=lease_sandbox_idle_timeout_s=0_ablate=_rpm=20_seed=3,lease,0,,20,lease,3,784,596,15,0.024549918166939442,0.08092485549132948,596,91.23753476984689,2642.2303988575004,39.66199339859523,600.0000000000005,0,454,1,0,0,0.015710961340101127,0.40991959217194346,3127138972.1006694,2439.5112829861814,22,461.1779000151978,183.33964577890765,1441200.0,30490.588147851056,346,7,0.4179864769778558,0.4307312412183867,0.679005930373446,0.24161429907285484,325.0909090909091,0.58
type=lease_sandbox_idle_timeout_s=0_ablate=_rpm=20_seed=4,lease,0,,20,lease,4,761,631,6,0.009419152276295133,0.037267080745341616,631,144.69489192689207,2073.989453885683,66.57644097970041,600.0000000000005,0,186,0,0,0,0.010584295661292363,0.3892612912848605,1954033559.1979203,912.7700217270391,9,121.4453333857216,101.4272072575161,1413600.0,11860.724159380223,312,7,0.5011012898607599,0.5066242955162368,0.7274266397589679,0.19464343765279926,344.1818181818182,0.54
type=lease_sandbox_idle_timeout_s=0_ablate=_rpm=20_seed=5,lease,0,,20,lease,5,943,705,37,0.04986522911051213,0.1598173515981735,705,79.96640731298567,3673.5372295428665,24.46685972270484,600.0000000000005,0,1015,1,0,0,0.02478319391230643,0.042192075632875414,4951070205.675655,938.5454212772487,2,380.8673813524292,370.5720216514201,1626000.0,82446.45095047007,482,4,0.376558128038917,0.40257947828197443,0.7315051247855154,0.2946605817132307,384.54545454545456,0.81
type=lease_sandbox_idle_timeout_s=0_ablate=_rpm=20_seed=6,lease,0,,20,lease,6,755,640,6,0.009287925696594427,0.038461538461538464,640,70.85518526069768,2219.4863265413915,24.2188916707483,600.0000000000005,0,306,1,0,0,0.0070750700690172,0.2927938055775732,3252060296.6506248,4386.004898512423,18,718.2493137812096,622.9940812939558,1337400.0,23271.012750001424,324,12,0.5523214654456413,0.5626513650998928,0.6423470705573362,0.27279473975125423,349.0909090909091,0.54
type=lease_sandbox_idle_timeout_s=0_ablate=_rpm=20_seed=7,lease,0,,20,lease,7,789,615,18,0.02843601895734597,0.08095238095238096,615,90.74500842438647,2115.7080595948023,12.383165821468767,600.0000000000005,0,482,0,0,0,0.03885130303545259,0.41539221638750223,3228313375.735785,766.0537934774043,2,178.05136717101664,167.38449303375842,1485600.0,30364.844712661423,315,7,0.4463597153329847,0.46302137974485746,0.6666322944509194,0.22643761407540508,335.4545454545455,0.6
type=lease_sandbox_idle_timeout_s=0_ablate=_rpm=20_seed=8,lease,0,,20,lease,8,948,774,12,0.015267175572519083,0.062146892655367235,774,29.55536067834464,3515.3051632853267,4.272168309387073,600.0000000000005,0,573,0,0,0,0.008655120588821216,0.49584139784858416,4361367751.165085,2395.791823746071,17,89.6862948551863,80.20970795373978,1686600.0,36804.6241909941,345,5,0.46136824925340847,0.4740605246493053,0.6256486927447553,0.25518724293927986,422.1818181818182,0.63
type=lease_sandbox_idle_timeout_s=0_ablate=_rpm=20_seed=9,lease,0,,20,lease,9,917,742,10,0.013297872340425532,0.05154639175257732,742,125.92108377285331,2445.5611740688178,16.940143100334957,600.0000000000005,0,534,1,0,0,0.01109619325737395,0.1516276816297965,2330110943.0375366,835.4301845239747,2,507.5931877602078,479.703034590726,1568400.0,38487.628031954766,412,5,0.4994384488296772,0.507736656916339,0.7761599711538462,0.35734461858416494,404.72727272727275,0.68
type=lease_sandbox_idle_timeout_s=0_ablate=_rpm=20_seed=10,lease,0,,20,lease,10,636,537,6,0.011049723756906077,0.043478260869565216,537,242.66314752711787,1934.7217853600273,19.57159368369562,600.0000000000005,0,231,0,0,0,0.006443627844616699,0.29942044451900823,3237941853.691971,412.82792304805275,1,504.31030397978236,496.2837563759715,1090200.0,18988.94309167059,300,3,0.5548771835509013,0.5637457414852113,0.659553018401159,0.3233046172852705,292.90909090909093,0.46
type=lease_sandbox_idle_timeout_s=0_ablate=budget_rpm=10_seed=1,lease,0,budget,10,lease,1,575,436,13,0.028953229398663696,0.0851063829787234,436,154.26994527371176,3616.0126821511203,0.0,600.0000000000005,370,386,0,0,4,0.016853120345238993,0.4276269901222836,6204074773.912182,406.505065982332,7,272.63803718532836,211.8416978615404,0.0,0.0,301,1,0.3960300087021738,0.40763932431418826,0.4076061231708107,0.21268276198422956,237.81818181818184,0.35
type=lease_sandbox_idle_timeout_s=0_ablate=budget_rpm=10_seed=2,lease,0,budget,10,lease,2,674,510,21,0.03954802259887006,0.12582781456953643,510,60.3564030211416,2287.8664139874627,0.0,600.0000000000005,332,427,0,0,0,0.027779038529204034,0.2988830809099255,5846426951.691518,1526.2440560350208,11,708.2976501722278,429.6123707588729,0.0,0.0,330,6,0.4296259793190146,0.4514311078349923,0.45379177006037946,0.3037452043121728,278.1818181818182,0.39
type=lease_sandbox_idle_timeout_s=0_ablate=budget_rpm=10_seed=3,lease,0,budget,10,lease,3,656,449,28,0.05870020964360587,0.15204678362573099,449,14.649737844742617,3533.552380708751,0.902448673845906,600.0000000000005,339,581,0,0,7,0.047596304562515145,0.49490166670666796,6998226158.502724,1530.7117888122266,15,430.30447688039,181.38718022471812,0.0,0.0,263,6,0.33264038042554195,0.35286905775916383,0.3720005137391544,0.18635879050453552,244.9090909090909,0.47
type=lease_sandbox_idle_timeout_s=0_ablate=budget_rpm=10_seed=4,lease,0,budget,10,lease,4,582,390,18,0.04411764705882353,0.14634146341463414,390,14.702095703317127,4016.0377227484905,0.0,600.0000000000005,298,501,0,0,7,0.025988158948541878,0.484332397168389,7281867485.226147,726.1152965031532,7,84.56429404967116,49.37198058333888,0.0,0.0,245,11,0.31462023507073705,0.3301526711359529,0.3353823151061901,0.13413271379501981,212.72727272727275,0.33
type=lease_sandbox_idle_timeout_s=0_ablate=budget_rpm=10_seed=5,lease,0,budget,10,lease,5,787,489,48,0.0893854748603352,0.23809523809523808,489,13.821069742825784,3849.4688112587796,6.570214778627106,600.0000000000005,337,1336,0,0,21,0.052307593329219054,0.010329174789558032,9486992718.680147,719.5875893643936,3,393.6777089669687,384.6896031129877,0.0,0.0,399,3,0.278365908408717,0.30672968177627086,0.3602706555458431,0.20311402397972453,266.72727272727275,0.61
type=lease_sandbox_idle_timeout_s=0_ablate=budget_rpm=10_seed=6,lease,0,budget,10,lease,6,658,504,14,0.02702702702702703,0.08888888888888889,504,16.146130592833003,2640.0628939282283,0.0,600.0000000000005,176,468,0,0,16,0.028620711298643204,0.3448680212895816,7409000915.001628,3176.0948385443035,16,700.1115363795825,604.5386303479195,0.0,0.0,280,8,0.388354928298655,0.404163220544942,0.33159503165873483,0.23995823458124946,274.90909090909093,0.35
type=lease_sandbox_idle_timeout_s=0_ablate=budget_rpm=10_seed=7,lease,0,budget,10,lease,7,698,463,29,0.05894308943089431,0.1590909090909091,463,16.65613361068199,2750.517481083876,0.0,600.0000000000005,269,669,0,0,9,0.04329215899790197,0.4434545021810976,6391359827.462218,351.7173838501478,1,159.22958790088705,146.31044145837132,0.0,0.0,257,8,0.3285430828012753,0.3459095502639493,0.4044585820666602,0.2112469568044401,252.54545454545456,0.34
type=lease_sandbox_idle_timeout_s=0_ablate=budget_rpm=10_seed=8,lease,0,budget,10,lease,8,792,569,36,0.05950413223140496,0.22151898734177214,569,12.595720606963368,3772.237257688646,0.0,600.0000000000005,239,797,0,0,19,0.04482137773149883,0.6110186486094572,8084471168.49327,2700.390860319021,19,107.03257659935679,97.39239584990696,0.0,0.0,264,7,0.31862733570600726,0.34570921399493104,0.3233892427641803,0.17744283828848248,310.3636363636364,0.47
type=lease_sandbox_idle_timeout_s=0_ablate=budget_rpm=10_seed=9,lease,0,budget,10,lease,9,795,569,35,0.057947019867549666,0.1774193548387097,569,34.03987094017111,3210.0776934693604,1.0600925010154367,600.0000000000005,288,703,0,0,16,0.027578695219842263,0.18307479388759879,7076800294.221882,637.1917194327093,2,527.3146434475291,488.99933433034175,0.0,0.0,384,11,0.3486921413056892,0.37657171644842574,0.4432038884882479,0.3311084518644747,310.3636363636364,0.54
type=lease_sandbox_idle_timeout_s=0_ablate=budget_rpm=10_seed=10,lease,0,budget,10,lease,10,576,437,20,0.0437636761487965,0.14393939393939395,437,185.15308871469733,2178.929940142549,1.5857549358421519,600.0000000000005,302,324,0,0,4,0.04623823725194811,0.34230261074824936,5749823712.89306,412.82792304805275,1,459.75102020291513,451.7244725991043,0.0,0.0,277,3,0.41954916650426793,0.44210031711097053,0.48092870090326345,0.2713628330554796,238.36363636363637,0.37
type=lease_sandbox_idle_timeout_s=0_ablate=budget_rpm=20_seed=1,lease,0,budget,20,lease,1,670,559,2,0.0035650623885918,0.013422818791946308,559,140.8151249506759,2007.5164384127172,12.744208598321435,600.0000000000005,0,192,0,0,0,0.00030035194585250285,0.35887354393606524,2748052122.507791,1583.8039054608946,12,310.284522960599,238.00504566022164,0.0,0.0,344,6,0.5493769181917249,0.5530205634133751,0.6625166631620695,0.2562818271399046,304.90909090909093,0.48
type=lease_sandbox_idle_timeout_s=0_ablate=budget_rpm=20_seed=2,lease,0,budget,20,lease,2,793,650,10,0.015151515151515152,0.06369426751592357,650,142.79206219771459,1852.2535360430068,28.142406409913715,600.0000000000005,0,281,1,0,0,0.0077791249311611995,0.2646950495922728,1842497415.7484586,1984.9178933021938,13,786.4645819523672,495.8736262794547,0.0,0.0,322,2,0.48628071395959827,0.4972377955425528,0.7211731888192826,0.33333722626281387,354.54545454545456,0.52
type=lease_sandbox_idle_timeout_s=0_ablate=budget_rpm=20_seed=3,lease,0,budget,20,lease,3,787,604,11,0.01788617886178862,0.06358381502890173,604,111.06581100481151,2881.9341209138447,33.10916468554819,600.0000000000005,0,448,0,0,0,0.004344626446283649,0.4070283605129042,2920630043.3301477,2674.594349813141,24,432.33957145884733,174.613493246399,0.0,0.0,344,6,0.4303906839482904,0.44130565092561624,0.6887208987794614,0.24903987939116884,329.4545454545455,0.55
type=lease_sandbox_idle_timeout_s=0_ablate=budget_rpm=20_seed=4,lease,0,budget,20,lease,4,764,641,5,0.007739938080495356,0.03048780487804878,641,154.53432132221315,1822.5913441425057,62.534154575580814,600.0000000000005,0,177,1,0,0,0.007669388902849619,0.37800924459213403,1657708962.276085,912.7700217270391,9,122.74937271959425,102.73124659138875,0.0,0.0,312,7,0.5310834836203618,0.5376141373490888,0.7426814490578866,0.20833555363070905,349.6363636363636,0.5
type=lease_sandbox_idle_timeout_s=0_ablate=budget_rpm=20_seed=5,lease,0,budget,20,lease,5,955,729,27,0.03571428571428571,0.12206572769953052,729,158.11576161777884,3173.938125958466,32.80541756415949,600.0000000000005,0,831,2,0,0,0.008038680522606598,0.01963266525707969,3635478700.600683,443.6597217782832,1,415.5279271567291,405.77382138436917,0.0,0.0,376,5,0.36751435310201414,0.3878170360795748,0.78815614805507,0.3172159132397419,397.6363636363636,0.81
type=lease_sandbox_idle_timeout_s=0_ablate=budget_rpm=20_seed=6,lease,0,budget,20,lease,6,756,634,5,0.00782472613458529,0.032679738562091505,634,85.27144605233275,2105.538480185696,28.33612637664529,600.0000000000005,0,295,2,0,0,0.010988622451831685,0.29365859681883855,3253927546.5956616,4386.004898512423,18,743.92442368467,648.6691911974162,0.0,0.0,309,12,0.5386577201403361,0.5460225755154141,0.6377493283071096,0.27173701127678873,345.8181818181818,0.5
type=lease_sandbox_idle_timeout_s=0_ablate=budget_rpm=20_seed=7,lease,0,budget,20,lease,7,789,607,10,0.01620745542949757,0.050505050505050504,607,98.05358355790713,2460.4895028684136,14.409152631567332,600.0000000000005,0,458,0,0,0,0.014315333099470647,0.3981191543496126,3162896796.7323117,766.0537934774043,2,170.2903676857161,159.62349354845787,0.0,0.0,287,7,0.4341044440116138,0.443604521570131,0.6695577541844729,0.2298239352768961,331.0909090909091,0.51
type=lease_sandbox_idle_timeout_s=0_ablate=budget_rpm=20_seed=8,lease,0,budget,20,lease,8,942,773,16,0.020278833967046894,0.08241758241758242,773,36.12509891170657,3408.9232443102214,14.672177826691764,600.0000000000005,0,516,0,0,0,0.0064376464481596014,0.5106456808009792,3982709231.3129325,2395.791823746071,17,99.15237344109136,89.67578653964483,0.0,0.0,337,5,0.4553466229996109,0.47077888237456134,0.6363835902494497,0.23304707025516241,421.6363636363636,0.6
type=lease_sandbox_idle_timeout_s=0_ablate=budget_rpm=20_seed=9,lease,0,budget,20,lease,9,912,730,15,0.020134228187919462,0.07614213197969544,730,142.53290986167923,2569.305920477659,23.815723825463873,600.0000000000005,0,526,0,0,0,0.009381701372601022,0.17521532186159924,2659571670.2576776,835.4301845239747,2,497.47099541832324,469.58084224884146,0.0,0.0,394,5,0.49235255516327364,0.5083010448325107,0.7718274373259842,0.33739732978978587,398.1818181818182,0.6
type=lease_sandbox_idle_timeout_s=0_ablate=budget_rpm=20_seed=10,lease,0,budget,20,lease,10,639,534,6,0.011111111111111112,0.04411764705882353,534,230.65909355316512,1940.0622474611466,23.469991807639676,600.0000000000005,0,241,0,0,0,0.0066746773364497886,0.31477711925845697,3251333178.611175,412.82792304805275,1,516.9382798018354,508.91173219802454,0.0,0.0,301,3,0.5502970977724947,0.5589786977207998,0.6599937350832039,0.3210945093976973,291.2727272727273,0.44
type=lease_sandbox_idle_timeout_s=0_ablate=vtfq+park+prewarm+kv+gang_rpm=10_seed=1,lease,0,vtfq+park+prewarm+kv+gang,10,lease,1,553,406,12,0.028708133971291867,0.07633587786259542,406,55.231856226669834,3407.3392587348953,0.0,600.0000000000005,0,396,0,0,0,0.006926357191087579,0.41974685190888067,7047721139.760135,0.0,0,0.0,0.0,892200.0,47433.53680844241,291,4,0.3947282579807994,0.40406789545388294,0.3909040342204092,0.21744453078479692,221.45454545454547,0.42
type=lease_sandbox_idle_timeout_s=0_ablate=vtfq+park+prewarm+kv+gang_rpm=10_seed=2,lease,0,vtfq+park+prewarm+kv+gang,10,lease,2,668,504,20,0.03816793893129771,0.12162162162162163,504,71.10227243895054,2536.265998266183,0.0,600.0000000000005,0,411,0,0,0,0.03186095771841435,0.29130205013245464,7039953419.702345,0.0,0,0.0,0.0,863400.0,43421.865466414245,260,9,0.3976408620117756,0.41286331999054726,0.4286817016519361,0.32679231747452603,274.90909090909093,0.45
type=lease_sandbox_idle_timeout_s=0_ablate=vtfq+park+prewarm+kv+gang_rpm=10_seed=3,lease,0,vtfq+park+prewarm+kv+gang,10,lease,3,670,465,26,0.05295315682281059,0.14285714285714285,465,15.970398880839639,2940.9016546604375,0.0,600.0000000000005,0,633,0,0,0,0.02257981903542994,0.5079253017514476,7354717375.757352,0.0,0,0.0,0.0,885600.0,41566.9368565571,234,5,0.36902907877544083,0.39307219364074486,0.3748370156492813,0.1925994594044607,253.63636363636365,0.47
type=lease_sandbox_idle_timeout_s=0_ablate=vtfq+park+prewarm+kv+gang_rpm=10_seed=4,lease,0,vtfq+park+prewarm+kv+gang,10,lease,4,603,416,18,0.041474654377880185,0.13636363636363635,416,15.809440389272481,3413.8294798819475,0.0,600.0000000000005,0,486,0,0,0,0.02835660178961998,0.4683256252288103,7642003710.472742,0.0,0,0.0,0.0,843600.0,44611.733253447645,217,10,0.3500636222202663,0.36659401228373545,0.37089332214775966,0.14114735088753225,226.9090909090909,0.4
type=lease_sandbox_idle_timeout_s=0_ablate=vtfq+park+prewarm+kv+gang_rpm=10_seed=5,lease,0,vtfq+park+prewarm+kv+gang,10,lease,5,817,540,60,0.1,0.24880382775119617,540,14.9351185398898,4270.592219203157,0.0,600.0000000000005,0,1284,0,0,0,0.06033547705472109,0.00986955203373371,9622578899.41964,0.0,0,0.0,0.0,947400.0,75872.82222627987,342,6,0.30841931200033834,0.34637922235744206,0.3976852228454416,0.2309648657702422,294.54545454545456,0.66
type=lease_sandbox_idle_timeout_s=0_ablate=vtfq+park+prewarm+kv+gang_rpm=10_seed=6,lease,0,vtfq+park+prewarm+kv+gang,10,lease,6,634,486,17,0.033797216699801194,0.10638297872340426,486,15.449176424029702,3010.273607405303,0.0,600.0000000000005,0,467,0,0,0,0.0437274206291475,0.38853993600255776,7905764000.022024,0.0,0,0.0,0.0,816000.0,40320.6317042796,223,21,0.415412871299414,0.4333932871103409,0.3602080270857615,0.20255128681154105,265.0909090909091,0.42
type=lease_sandbox_idle_timeout_s=0_ablate=vtfq+park+prewarm+kv+gang_rpm=10_seed=7,lease,0,vtfq+park+prewarm+kv+gang,10,lease,7,687,459,40,0.08016032064128256,0.20634920634920634,459,16.347583610681795,2894.032611225597,0.0,600.0000000000005,0,742,0,0,0,0.03413513268507193,0.43831534938536776,7601244627.746172,0.0,0,0.0,0.0,892200.0,43995.027184530685,216,8,0.3306582232595952,0.3615169162209615,0.4121609506685444,0.20912165054798396,250.36363636363637,0.47
type=lease_sandbox_idle_timeout_s=0_ablate=vtfq+park+prewarm+kv+gang_rpm=10_seed=8,lease,0,vtfq+park+prewarm+kv+gang,10,lease,8,776,558,33,0.05583756345177665,0.1927710843373494,558,14.416934823213069,3834.33992195582,0.0,600.0000000000005,0,782,0,0,0,0.03145297348592223,0.5922760316280048,8853189498.634138,0.0,0,0.0,0.0,983400.0,57773.869476152046,234,6,0.3277911014944346,0.3523051335501661,0.33447691876699687,0.16306948482157968,304.3636363636364,0.52
type=lease_sandbox_idle_timeout_s=0_ablate=vtfq+park+prewarm+kv+gang_rpm=10_seed=9,lease,0,vtfq+park+prewarm+kv+gang,10,lease,9,757,514,45,0.08050089445438283,0.24581005586592178,514,24.75719575312246,3855.165860860425,0.0,600.0000000000005,0,916,0,0,0,0.039390424500443166,0.22975387975302006,7939219639.265508,0.0,0,0.0,0.0,848400.0,53500.86435534425,296,24,0.3294067423664712,0.36774120557363005,0.4233121605599262,0.2475073704240615,280.3636363636364,0.56
type=lease_sandbox_idle_timeout_s=0_ablate=vtfq+park+prewarm+kv+gang_rpm=10_seed=10,lease,0,vtfq+park+prewarm+kv+gang,10,lease,10,543,408,10,0.023923444976076555,0.08196721311475409,408,143.16422536172843,3293.3266441559063,0.0,600.0000000000005,0,384,0,0,0,0.018195768731827613,0.35982777110757586,7239158091.437722,0.0,0,0.0,0.0,754800.0,37387.86973362441,229,5,0.39670609747351127,0.4069123851700993,0.4259636758207071,0.2554070785190587,222.54545454545456,0.37
type=lease_sandbox_idle_timeout_s=0_ablate=vtfq+park+prewarm+kv+gang_rpm=20_seed=1,lease,0,vtfq+park+prewarm+kv+gang,20,lease,1,675,567,3,0.005263157894736842,0.019736842105263157,567,144.56664560070476,2176.582121341938,7.599175522332491,600.0000000000005,0,182,0,0,0,0.0030080114636430273,0.36015812744464926,3861093036.795687,0.0,0,0.0,0.0,1408200.0,25397.53380650132,347,12,0.5617311720597378,0.5665561641963043,0.6310901756062225,0.27585956357756153,309.2727272727273,0.51
type=lease_sandbox_idle_timeout_s=0_ablate=vtfq+park+prewarm+kv+gang_rpm=20_seed=2,lease,0,vtfq+park+prewarm+kv+gang,20,lease,2,786,640,12,0.018404907975460124,0.07692307692307693,640,123.98672508874552,2016.1515010050673,42.20974125243811,600.0000000000005,0,290,1,0,0,0.009530020238582869,0.3063604526601641,2536347738.70238,0.0,0,0.0,0.0,1390200.0,17994.971296894983,315,11,0.4866184550684955,0.4971067385738292,0.697854501274767,0.33640965977306786,349.0909090909091,0.52
type=lease_sandbox_idle_timeout_s=0_ablate=vtfq+park+prewarm+kv+gang_rpm=20_seed=3,lease,0,vtfq+park+prewarm+kv+gang,20,lease,3,773,585,12,0.020100502512562814,0.06285714285714286,585,98.07471974357532,2870.0400054634724,56.89731170766764,600.0000000000005,0,394,0,0,0,0.010504992571916633,0.41401739093103873,3958232872.5205455,0.0,0,0.0,0.0,1420800.0,33102.42572476991,337,8,0.42241222714614285,0.43373692606374736,0.6682078856432919,0.23646037463006941,319.0909090909091,0.56
type=lease_sandbox_idle_timeout_s=0_ablate=vtfq+park+prewarm+kv+gang_rpm=20_seed=4,lease,0,vtfq+park+prewarm+kv+gang,20,lease,4,755,628,6,0.00946372239747634,0.03614457831325301,628,120.99155699796347,2077.9317126581045,28.42108092542649,600.0000000000005,0,184,1,0,0,0.011496452913735753,0.3608807168957036,1974175924.6247466,0.0,0,0.0,0.0,1428000.0,12841.657385156153,309,11,0.5379914605977208,0.5459999405415075,0.7320905432611371,0.2219690551980709,342.54545454545456,0.5
type=lease_sandbox_idle_timeout_s=0_ablate=vtfq+park+prewarm+kv+gang_rpm=20_seed=5,lease,0,vtfq+park+prewarm+kv+gang,20,lease,5,966,733,42,0.05419354838709677,0.16228070175438597,733,93.12793215528359,3787.250192179363,31.351756926594263,600.0000000000005,0,888,1,0,0,0.03745945037130683,0.0457010431934924,4829285669.595664,0.0,0,0.0,0.0,1677600.0,87045.84892621505,510,4,0.37061967423500525,0.3993240341281914,0.7553596291197229,0.30358252250240997,399.8181818181818,0.86
type=lease_sandbox_idle_timeout_s=0_ablate=vtfq+park+prewarm+kv+gang_rpm=20_seed=6,lease,0,vtfq+park+prewarm+kv+gang,20,lease,6,755,633,6,0.009389671361502348,0.03870967741935484,633,64.4663964836659,2281.1475272197454,11.024845405672307,600.0000000000005,0,287,0,0,0,0.009565291923664804,0.29224514546396696,3715238753.3110127,0.0,0,0.0,0.0,1333200.0,25211.994097997795,322,17,0.5467920483997146,0.5534646141609426,0.6051225456123738,0.2743456187164137,345.2727272727273,0.5
type=lease_sandbox_idle_timeout_s=0_ablate=vtfq+park+prewarm+kv+gang_rpm=20_seed=7,lease,0,vtfq+park+prewarm+kv+gang,20,lease,7,815,641,11,0.01687116564417178,0.04807692307692308,641,86.23044459849143,1823.4915564277371,14.6122885630463,600.0000000000005,0,400,1,0,0,0.019312895651127555,0.3824662475073341,3649946848.21493,0.0,0,0.0,0.0,1500600.0,34143.403514522885,315,8,0.46145166218525857,0.47296470337842617,0.6680671731740482,0.24909171837965996,349.6363636363636,0.56
type=lease_sandbox_idle_timeout_s=0_ablate=vtfq+park+prewarm+kv+gang_rpm=20_seed=8,lease,0,vtfq+park+prewarm+kv+gang,20,lease,8,958,789,19,0.023514851485148515,0.10052910052910052,789,26.711366754356277,3342.4785625009704,4.895574575451796,600.0000000000005,0,486,0,0,0,0.012634732255733356,0.5026149646751801,4823557305.17593,0.0,0,0.0,0.0,1702200.0,38712.5323343897,333,8,0.48220474070925345,0.5039203520811842,0.6215100625364219,0.24467767494897255,430.3636363636364,0.59
type=lease_sandbox_idle_timeout_s=0_ablate=vtfq+park+prewarm+kv+gang_rpm=20_seed=9,lease,0,vtfq+park+prewarm+kv+gang,20,lease,9,909,728,20,0.026737967914438502,0.09852216748768473,728,104.84813717672387,2344.7771589393346,15.902647850018955,600.0000000000005,0,493,0,0,0,0.023070761617643588,0.17189164841509735,3635071267.5115876,0.0,0,0.0,0.0,1532400.0,36947.159579612424,399,6,0.5042445203357283,0.524033181323453,0.7468130484897048,0.3615079633053507,397.0909090909091,0.64
type=lease_sandbox_idle_timeout_s=0_ablate=vtfq+park+prewarm+kv+gang_rpm=20_seed=10,lease,0,vtfq+park+prewarm+kv+gang,20,lease,10,641,534,9,0.016574585635359115,0.06428571428571428,534,217.97313018630575,2072.2391931215125,22.622837137856195,600.0000000000005,0,216,0,0,0,0.00807548762972212,0.32769644693655336,3460948898.2923646,0.0,0,0.0,0.0,1105800.0,18344.913902448447,301,4,0.5388948229085181,0.5527566004374554,0.6518141217058404,0.32186165937361727,291.2727272727273,0.44
type=lease_sandbox_idle_timeout_s=300_ablate=_rpm=10_seed=1,lease,300,,10,lease,1,557,411,7,0.01674641148325359,0.056451612903225805,411,54.19999625677235,3615.7116920594103,0.0,600.0000000000005,0,421,0,0,0,0.008123135848650556,0.4381535734809415,6614387449.772264,1008.3277032017118,13,240.1330880669746,185.86666234477127,814200.0,49201.734661175775,249,1,0.36766441282969975,0.3741971191886106,0.37201801668528234,0.20330550951761223,224.1818181818182,0.45
type=lease_sandbox_idle_timeout_s=300_ablate=_rpm=10_seed=2,lease,300,,10,lease,2,668,495,14,0.0275049115913556,0.08571428571428572,495,68.47585434832354,2294.811498904283,0.0,600.0000000000005,0,478,0,0,0,0.01450667268147814,0.31209116094783074,6253048246.105952,191.75119141564232,2,741.9997987618779,647.9081136197234,859800.0,47774.74860675389,270,2,0.37649049053365935,0.38941616118355055,0.4216261553839679,0.29993897504459727,270.0,0.48
type=lease_sandbox_idle_timeout_s=300_ablate=_rpm=10_seed=3,lease,300,,10,lease,3,685,480,23,0.04572564612326044,0.1286549707602339,480,20.10807396230979,3421.4956995294065,0.0,600.0000000000005,0,685,0,0,0,0.016915372158657568,0.47828561083709764,6610224817.593126,1364.5713541711864,14,422.9097333857608,217.96182415918247,918600.0,44109.15674817171,266,6,0.360516884649485,0.38172527022348013,0.4114193327020202,0.2079568969645128,261.8181818181818,0.52
type=lease_sandbox_idle_timeout_s=300_ablate=_rpm=10_seed=4,lease,300,,10,lease,4,615,432,10,0.02262443438914027,0.08,432,17.30221302307359,3714.8797392056026,0.0,600.0000000000005,0,521,0,0,0,0.004127284087130325,0.405114381817758,7135569021.954915,732.7308647281178,7,87.11350053235947,53.49868645759284,886800.0,38555.369801236455,229,8,0.3418018458628632,0.3518380511478968,0.37799649775398214,0.14908648082418702,235.63636363636365,0.45
type=lease_sandbox_idle_timeout_s=300_ablate=_rpm=10_seed=5,lease,300,,10,lease,5,814,530,55,0.09401709401709402,0.2634146341463415,530,15.096818439636593,4238.894401217829,0.0,600.0000000000005,0,1350,0,0,0,0.04004713881128193,0.011507564714963869,9273965822.768097,866.69886790022,3,403.4228911175958,397.2068212471927,885600.0,79681.79246573712,309,2,0.3029528683578648,0.33883198478258053,0.38695589268081454,0.22558503429934593,289.0909090909091,0.66
type=lease_sandbox_idle_timeout_s=300_ablate=_rpm=10_seed=6,lease,300,,10,lease,6,679,537,4,0.0073937153419593345,0.029197080291970802,537,25.807336128984844,2994.2290843263713,0.0,600.0000000000005,0,408,0,0,0,0.005128156430490829,0.31287415719294775,6254267112.080108,4634.037057883681,18,795.9706505193353,617.050529289268,949200.0,36604.33707319021,247,11,0.4405616711474437,0.44643582676274296,0.42578133007154884,0.24657768016137113,292.90909090909093,0.47
type=lease_sandbox_idle_timeout_s=300_ablate=_rpm=10_seed=7,lease,300,,10,lease,7,696,471,33,0.06547619047619048,0.1793478260869565,471,18.254054689516124,2576.2242087815953,0.0,600.0000000000005,0,753,0,0,0,0.04459802394951226,0.4203332678599803,7175422398.059972,444.57455858496405,2,148.14768395218778,136.61670348786583,842400.0,43123.198771858886,190,8,0.3155719137374171,0.33842820653379446,0.39797447726463353,0.22023289679170213,256.90909090909093,0.49
type=lease_sandbox_idle_timeout_s=300_ablate=_rpm=10_seed=8,lease,300,,10,lease,8,812,596,25,0.040257648953301126,0.14814814814814814,596,14.184671638664213,3167.76665965651,0.0,600.0000000000005,0,774,0,0,0,0.019702835614614073,0.5495162064427601,8203738015.450596,2035.8421897746464,15,78.76581106251359,69.81707697069623,1056000.0,63050.850502418776,274,7,0.33372586102132473,0.3520790674024302,0.3517334861596737,0.19787129538880177,325.0909090909091,0.54
type=lease_sandbox_idle_timeout_s=300_ablate=_rpm=10_seed=9,lease,300,,10,lease,9,759,533,39,0.06818181818181818,0.21195652173913043,533,25.778235108251465,3878.3506322448393,0.0,600.0000000000005,0,911,0,0,0,0.03494889052184312,0.08975918644237187,7659645438.787118,1279.5804061839735,4,521.1952320135484,246.01994844753858,873000.0,58706.01782260513,310,15,0.33451663824062705,0.3678428830124293,0.42399830535321165,0.27985177062887645,290.72727272727275,0.6
type=lease_sandbox_idle_timeout_s=300_ablate=_rpm=10_seed=10,lease,300,,10,lease,10,564,432,8,0.01818181818181818,0.064,432,195.68203409291982,1979.9863041006804,0.0,600.0000000000005,0,374,0,0,0,0.021121684699240584,0.34742960675702433,5772967305.914123,511.8069086553145,1,475.9785907691733,470.2886337501893,764400.0,34559.79180978604,219,3,0.4119635909757185,0.42151045611118054,0.4594180224197099,0.27636393736479997,235.63636363636365,0.42
type=lease_sandbox_idle_timeout_s=300_ablate=_rpm=20_seed=1,lease,300,,20,lease,1,670,566,3,0.005272407732864675,0.01935483870967742,566,125.95465857859722,1810.6138831835767,21.22634933801628,600.0000000000005,0,195,5,0,0,0.012816404735487303,0.36970989162966933,3021465286.9137006,1671.0671242718192,14,277.5018986270051,210.34512123505556,1385400.0,25281.229440628435,347,4,0.5492904968196478,0.5530619146541406,0.6533769074600169,0.26177111054554236,308.72727272727275,0.53
type=lease_sandbox_idle_timeout_s=300_ablate=_rpm=20_seed=2,lease,300,,20,lease,2,783,644,10,0.01529051987767584,0.06369426751592357,644,149.5204976326188,1928.8304005746666,36.30654538064146,600.0000000000005,0,304,1,0,0,0.006520495467379804,0.29541280719344937,2226073168.8177934,730.4962050365327,11,754.4375775450565,516.4937279112416,1385400.0,17668.279660272427,324,3,0.49233768140117595,0.5004914767135257,0.7080426768809894,0.33257557789501135,351.2727272727273,0.56
type=lease_sandbox_idle_timeout_s=300_ablate=_rpm=20_seed=3,lease,300,,20,lease,3,777,591,10,0.016638935108153077,0.05813953488372093,591,79.05925820022094,2922.308770955965,29.762815495998353,600.0000000000005,0,468,1,0,0,0.00578323131507722,0.42008087577076886,3486233396.626638,2459.5489815707188,23,465.9302067497365,177.11142507367435,1447200.0,33105.783952628735,344,7,0.42581229704228724,0.43532116090157974,0.6698583116380147,0.23199004623854472,322.3636363636364,0.57
type=lease_sandbox_idle_timeout_s=300_ablate=_rpm=20_seed=4,lease,300,,20,lease,4,752,616,5,0.008051529790660225,0.03164556962025317,616,140.97659260121043,2058.1789067674367,60.66156591319657,600.0000000000005,0,192,2,0,0,0.008186481044130636,0.3838325598252276,1855340184.881379,912.7700217270391,9,121.59325467856775,101.57512855036225,1402800.0,15162.109846430423,300,7,0.4907296579097683,0.49651330521647563,0.7243253586263274,0.18872234053415302,336.0,0.54
type=lease_sandbox_idle_timeout_s=300_ablate=_rpm=20_seed=5,lease,300,,20,lease,5,975,750,31,0.03969270166453265,0.13004484304932734,750,80.78410786176028,3916.4057200368247,20.02826677421859,600.0000000000005,0,1006,1,0,0,0.027487535466322287,0.03496274857451745,3938435150.3551936,1043.8652966148368,5,381.10771030309945,371.4551421246754,1685400.0,78726.42531477264,485,0,0.38767138363007375,0.40995492690929697,0.7945521142191143,0.32328388025553767,409.0909090909091,0.85
type=lease_sandbox_idle_timeout_s=300_ablate=_rpm=20_seed=6,lease,300,,20,lease,6,743,632,5,0.007849293563579277,0.03225806451612903,632,69.31185744094131,2569.482411951802,12.980955101666812,600.0000000000005,0,329,2,0,0,0.0031202006982647816,0.28926404943005585,3461802148.3560634,4454.138087639585,19,812.8705002848326,627.3619152233833,1321800.0,26006.36532017807,328,12,0.5430227184312244,0.5507779742602046,0.6185652633992166,0.25011708205463645,344.72727272727275,0.54
type=lease_sandbox_idle_timeout_s=300_ablate=_rpm=20_seed=7,lease,300,,20,lease,7,784,607,15,0.024115755627009645,0.07317073170731707,607,86.23044459849143,2207.4974935180944,12.21995229836795,600.0000000000005,0,476,0,0,0,0.031883353934335286,0.41193354517059927,3425092915.8756704,762.4164318741962,2,172.7236758520188,163.29508606109698,1448400.0,30344.365986978577,306,7,0.4386507913310227,0.4503374089114138,0.6568981336238993,0.23168270788764753,331.0909090909091,0.57
type=lease_sandbox_idle_timeout_s=300_ablate=_rpm=20_seed=8,lease,300,,20,lease,8,944,777,17,0.021410579345088162,0.08791208791208792,777,28.91053437812934,2871.4035872946806,8.299813504505552,600.0000000000005,0,562,0,0,0,0.014502367095855423,0.4959144830527264,4182598556.576023,2182.759283418982,13,92.7215707516595,83.86644914542262,1703400.0,35371.84851729033,356,6,0.47071085492052145,0.4885987416004648,0.629924836089258,0.2538166465208786,423.8181818181818,0.62
type=lease_sandbox_idle_timeout_s=300_ablate=_rpm=20_seed=9,lease,300,,20,lease,9,897,716,12,0.016483516483516484,0.06091370558375635,716,143.6987049387808,2577.9540987739606,28.53611453359705,600.0000000000005,0,545,0,0,0,0.01172710334291454,0.15960428231876816,2274424760.274338,835.4301845239747,2,504.21670303703434,477.86242367327895,1537800.0,36333.813770402696,401,5,0.4846816430526709,0.4950263725512501,0.7904529068934538,0.32604517143066497,390.54545454545456,0.67
type=lease_sandbox_idle_timeout_s=300_ablate=_rpm=20_seed=10,lease,300,,20,lease,10,640,539,6,0.011009174311926606,0.043795620437956206,539,240.75239674894874,2233.2086130967823,19.43681854164623,600.0000000000005,0,229,0,0,0,0.006606838757565026,0.2854309540721417,3258784578.3442173,511.8069086553145,1,495.91816927896554,490.22821225998155,1093800.0,20722.35750041738,297,3,0.5365775415112256,0.5450594148408229,0.6598763955986144,0.32231173919349665,294.0,0.46
type=lease_sandbox_idle_timeout_s=300_ablate=budget_rpm=10_seed=1,lease,300,budget,10,lease,1,472,279,28,0.09120521172638436,0.21359223300970873,279,15.676782408088911,3622.2165695778126,0.0,600.0000000000005,121,654,0,0,5,0.05819209952416564,0.5897518825993265,7057782328.09196,732.0835724577428,6,191.23303062956762,136.4805991715424,0.0,0.0,236,1,0.25836877234956357,0.2822158567704834,0.2372156172947423,0.1142868916657932,152.1818181818182,0.25
type=lease_sandbox_idle_timeout_s=300_ablate=budget_rpm=10_seed=2,lease,300,budget,10,lease,2,699,542,16,0.02867383512544803,0.07894736842105263,542,72.35254423956178,2370.6924113350306,1.0520686724505923,600.0000000000005,404,393,0,0,1,0.036824621203542754,0.29492528163609355,5263741882.051615,682.5892843084914,4,728.902513495958,483.3491726202881,0.0,0.0,357,2,0.43277545812507623,0.44544933369742495,0.488934269574754,0.31682871662015477,295.6363636363636,0.41
type=lease_sandbox_idle_timeout_s=300_ablate=budget_rpm=10_seed=3,lease,300,budget,10,lease,3,666,455,19,0.04008438818565401,0.11949685534591195,455,18.033812486550232,3749.511943069646,17.450778198460114,600.0000000000005,251,636,0,0,11,0.012534314849144475,0.4707005829540198,7206348793.508074,1856.2180875114145,19,431.0557195728138,229.0863170827231,0.0,0.0,276,6,0.3309668987361337,0.3467708346272311,0.36992682314329195,0.22487452473766237,248.1818181818182,0.43
type=lease_sandbox_idle_timeout_s=300_ablate=budget_rpm=10_seed=4,lease,300,budget,10,lease,4,582,390,18,0.04411764705882353,0.14634146341463414,390,14.702095703317127,4016.0377227484905,0.0,600.0000000000005,298,501,0,0,7,0.025988158948541878,0.48438643317383845,7281867026.187975,726.1152965031532,7,84.56429404967116,49.37198058333888,0.0,0.0,245,11,0.31462023507073705,0.3301526711359529,0.3353823151061901,0.13409483500714103,212.72727272727275,0.3
type=lease_sandbox_idle_timeout_s=300_ablate=budget_rpm=10_seed=5,lease,300,budget,10,lease,5,788,499,56,0.1009009009009009,0.271356783919598,499,14.461515692522084,3979.359732814229,0.947790746561319,600.0000000000005,321,1272,0,0,18,0.07068865481875077,0.030422089361609242,9318425017.06925,925.5155083808968,4,361.5406356818629,354.10861328231454,0.0,0.0,367,1,0.29229742572764206,0.32710994610436506,0.3718702190009065,0.21908539275154462,272.1818181818182,0.48
type=lease_sandbox_idle_timeout_s=300_ablate=budget_rpm=10_seed=6,lease,300,budget,10,lease,6,621,463,13,0.0273109243697479,0.08823529411764706,463,15.332787556980747,3156.9386484236747,0.0,600.0000000000005,186,536,0,0,15,0.016114638982316326,0.3946305769493849,6775138559.552459,3434.674400633015,19,793.0109128080093,591.1653007824484,0.0,0.0,264,16,0.3880724484547019,0.40430270635011495,0.31970509684181564,0.1950644619741517,252.54545454545456,0.3
type=lease_sandbox_idle_timeout_s=300_ablate=budget_rpm=10_seed=7,lease,300,budget,10,lease,7,704,470,30,0.06,0.1694915254237288,470,16.30839388989716,2433.186274637763,1.9944662573348586,600.0000000000005,324,650,0,0,12,0.05818481424731628,0.41189821362495005,6376171148.162854,477.139333795109,1,129.05845234053993,117.83128019576475,0.0,0.0,256,6,0.33313961155878197,0.35486814536952466,0.42967469130406627,0.21572552950521814,256.3636363636364,0.38
type=lease_sandbox_idle_timeout_s=300_ablate=budget_rpm=10_seed=8,lease,300,budget,10,lease,8,735,488,37,0.07047619047619047,0.24475524475524477,488,10.9361444199385,3692.741832079238,0.0,600.0000000000005,159,913,0,0,15,0.056432172346894946,0.6390811141874794,7438164162.491431,2894.308362407359,18,108.75037459803542,97.95525570769973,0.0,0.0,233,7,0.30415883209610983,0.32946682051576076,0.2610435062119594,0.14669282827629554,266.1818181818182,0.31
type=lease_sandbox_idle_timeout_s=300_ablate=budget_rpm=10_seed=9,lease,300,budget,10,lease,9,744,500,34,0.06367041198501873,0.18823529411764706,500,23.33829506285747,3475.359922119135,2.344997429408079,600.0000000000005,199,835,0,0,15,0.03770312075798471,0.16729936232294382,7981388766.700942,811.9615280879236,2,518.7684494307609,482.0806926666289,0.0,0.0,343,11,0.3228353272218681,0.34865635131446115,0.3796988725030756,0.27125486711624625,272.72727272727275,0.43
type=lease_sandbox_idle_timeout_s=300_ablate=budget_rpm=10_seed=10,lease,300,budget,10,lease,10,603,481,11,0.022357723577235773,0.07692307692307693,481,244.5907112030086,2280.8157807476714,3.5263145260727122,600.0000000000005,393,291,0,0,0,0.009318272070850396,0.32830488287137044,4609263977.179712,511.8069086553145,1,497.21822116877917,491.5282641497952,0.0,0.0,315,3,0.46682198062176494,0.47924016070975445,0.5565315653975654,0.2950080924197874,262.3636363636364,0.4
type=lease_sandbox_idle_timeout_s=300_ablate=budget_rpm=20_seed=1,lease,300,budget,20,lease,1,666,560,4,0.0070921985815602835,0.025974025974025976,560,132.5658919430433,1749.4288240441429,12.752254625228256,600.0000000000005,0,192,0,0,0,0.0023772513858262663,0.3729508822040787,2598919420.3073125,1478.1219547356839,14,292.60488407764495,227.64589401273054,0.0,0.0,340,5,0.5542964096072763,0.5609384355086002,0.659816642701049,0.25796325926893693,305.45454545454544,0.49
type=lease_sandbox_idle_timeout_s=300_ablate=budget_rpm=20_seed=2,lease,300,budget,20,lease,2,780,635,10,0.015503875968992248,0.06451612903225806,635,130.31276928466104,1967.5597100387156,34.98160549584631,600.0000000000005,0,313,1,0,0,0.007974179327861685,0.2981540482834078,2040945931.0178804,991.7961117366743,6,769.1995863620293,502.6701316920596,0.0,0.0,324,4,0.48145064140712773,0.49226614845999966,0.7105997806955776,0.33382193439530977,346.3636363636364,0.51
type=lease_sandbox_idle_timeout_s=300_ablate=budget_rpm=20_seed=3,lease,300,budget,20,lease,3,787,603,15,0.024271844660194174,0.0847457627118644,603,108.87859515052878,2902.6178957154125,34.8626579852901,600.0000000000005,0,453,2,0,0,0.023497976329846158,0.4119245505742282,3270896619.5118036,2684.3504642913513,24,412.07189286376206,107.28661163484321,0.0,0.0,338,7,0.41502892886035375,0.428613184536602,0.6817632117974618,0.248038555576721,328.90909090909093,0.55
type=lease_sandbox_idle_timeout_s=300_ablate=budget_rpm=20_seed=4,lease,300,budget,20,lease,4,759,630,5,0.007874015748031496,0.03067484662576687,630,145.22276474609203,1977.3485273609072,61.934025380984075,600.0000000000005,0,188,5,0,0,0.012155835027063931,0.3790676559760589,1588298825.4978364,912.7700217270391,9,121.82875798102577,101.81063185282028,0.0,0.0,306,7,0.5132212727658627,0.5170965214166714,0.7367811163558664,0.19891385354458152,343.6363636363636,0.5
type=lease_sandbox_idle_timeout_s=300_ablate=budget_rpm=20_seed=5,lease,300,budget,20,lease,5,971,741,25,0.03263707571801567,0.10476190476190476,741,158.00163644925374,3107.242440197033,36.0982626681054,600.0000000000005,0,813,0,0,0,0.018969131583820735,0.010290558771784567,3857415477.3753853,912.7366488690826,3,387.13084743965067,382.2175693936467,0.0,0.0,376,0,0.36556499091305644,0.3810121986458938,0.7883103937168157,0.3118530315199311,404.1818181818182,0.78
type=lease_sandbox_idle_timeout_s=300_ablate=budget_rpm=20_seed=6,lease,300,budget,20,lease,6,758,639,5,0.007763975155279503,0.03225806451612903,639,87.94678299730708,2180.8427864081514,35.1858230518938,600.0000000000005,0,279,1,0,0,0.0028467927392000483,0.27728608910833275,2916958764.69389,4454.138087639585,19,861.199616913894,675.6910318524448,0.0,0.0,313,12,0.5383739723043586,0.5465690598347732,0.6497874493735433,0.27014578679580004,348.54545454545456,0.51
type=lease_sandbox_idle_timeout_s=300_ablate=budget_rpm=20_seed=7,lease,300,budget,20,lease,7,795,624,11,0.01732283464566929,0.052884615384615384,624,106.29481977100369,2133.927768848217,13.12556335861299,600.0000000000005,0,450,0,0,0,0.017153450559309984,0.3948072479591386,3128036316.222398,762.4164318741962,2,165.6980059518927,156.26941616097088,0.0,0.0,291,7,0.4447593609120646,0.45498948232326986,0.6741871231060605,0.23535618999894742,340.3636363636364,0.56
type=lease_sandbox_idle_timeout_s=300_ablate=budget_rpm=20_seed=8,lease,300,budget,20,lease,8,948,780,17,0.02132998745294856,0.08791208791208792,780,27.314595144155874,3243.8009840912146,4.648164111196447,600.0000000000005,0,566,0,0,0,0.02244965241314311,0.5038248021849645,4361179990.8359165,2182.759283418982,13,93.52639864584097,84.67127703960409,0.0,0.0,336,6,0.46584671550270307,0.48540900147130234,0.6255188599496568,0.24562298425012144,425.4545454545455,0.55
type=lease_sandbox_idle_timeout_s=300_ablate=budget_rpm=20_seed=9,lease,300,budget,20,lease,9,893,716,17,0.023192360163710776,0.0845771144278607,716,179.35169520721956,2511.527574006851,42.18394881751598,600.0000000000005,0,511,0,0,0,0.023248237447562416,0.14520455380277061,2732277426.525405,835.4301845239747,2,506.5876271211688,480.2333477574134,0.0,0.0,392,5,0.4688556570806378,0.4814927129679002,0.7761236143809894,0.3145971347347219,390.54545454545456,0.63
type=lease_sandbox_idle_timeout_s=300_ablate=budget_rpm=20_seed=10,lease,300,budget,20,lease,10,640,538,6,0.011029411764705883,0.04411764705882353,538,256.2675920461653,2198.374828531868,24.529808925818188,600.0000000000005,0,232,0,0,0,0.006805941739815487,0.3137754222130584,3342123473.823763,511.8069086553145,1,502.4904503556293,496.80049333664533,0.0,0.0,297,3,0.5358878262195617,0.5444014273841891,0.6545149800731676,0.32274444431653093,293.45454545454544,0.44
type=lease_sandbox_idle_timeout_s=300_ablate=vtfq+park+prewarm+kv+gang_rpm=10_seed=1,lease,300,vtfq+park+prewarm+kv+gang,10,lease,1,498,314,27,0.07917888563049853,0.22123893805309736,314,20.890984918964534,3707.8730533977478,0.0,600.0000000000005,0,662,0,0,0,0.03346247592245019,0.5482931641721823,7112257222.574391,0.0,0,0.0,0.0,804000.0,45767.237798442584,217,1,0.2860754939146411,0.3110184435545453,0.3211200143380925,0.11464172825675784,171.27272727272728,0.36
type=lease_sandbox_idle_timeout_s=300_ablate=vtfq+park+prewarm+kv+gang_rpm=10_seed=2,lease,300,vtfq+park+prewarm+kv+gang,10,lease,2,603,393,28,0.0665083135391924,0.21774193548387097,393,27.512323087225923,3706.27966002719,0.0,600.0000000000005,0,718,0,0,0,0.02920533166803514,0.4211542623127861,6382731000.987711,0.0,0,0.0,0.0,837600.0,48000.34125178925,221,0,0.29945481094920284,0.3260499229578104,0.3533171473792412,0.13829028387391534,214.36363636363637,0.4
type=lease_sandbox_idle_timeout_s=300_ablate=vtfq+park+prewarm+kv+gang_rpm=10_seed=3,lease,300,vtfq+park+prewarm+kv+gang,10,lease,3,637,416,45,0.09761388286334056,0.22727272727272727,416,15.071208968940027,3693.795176679671,0.0,600.0000000000005,0,812,0,0,0,0.05903742518186049,0.5515466599916581,6925111113.10354,0.0,0,0.0,0.0,855600.0,42228.14555605783,249,2,0.3091033155427416,0.34500146636424633,0.3387789879767224,0.14277265613025308,226.9090909090909,0.44
type=lease_sandbox_idle_timeout_s=300_ablate=vtfq+park+prewarm+kv+gang_rpm=10_seed=4,lease,300,vtfq+park+prewarm+kv+gang,10,lease,4,574,370,30,0.075,0.21705426356589147,370,14.5208561630252,3608.6387869757195,0.0,600.0000000000005,0,619,0,0,0,0.06554455168130456,0.4754266192633553,7701716067.1356325,0.0,0,0.0,0.0,775800.0,47956.87705234013,188,6,0.2943276619061715,0.321841212086138,0.30668396124708625,0.0930161973653461,201.8181818181818,0.38
type=lease_sandbox_idle_timeout_s=300_ablate=vtfq+park+prewarm+kv+gang_rpm=10_seed=5,lease,300,vtfq+park+prewarm+kv+gang,10,lease,5,750,436,75,0.14677103718199608,0.3686868686868687,436,12.338088918772996,5306.698246218073,0.0,600.0000000000005,0,1573,0,0,0,0.06827361126604685,0.0667148465916477,9856588788.788704,0.0,0,0.0,0.0,807600.0,73990.37263330874,309,0,0.26855592865541333,0.3157705640689537,0.35015238691401196,0.1776919668463148,237.81818181818184,0.59
type=lease_sandbox_idle_timeout_s=300_ablate=vtfq+park+prewarm+kv+gang_rpm=10_seed=6,lease,300,vtfq+park+prewarm+kv+gang,10,lease,6,599,431,27,0.05895196506550218,0.19708029197080293,431,16.1772558050543,3431.9441123910383,0.0,600.0000000000005,0,616,0,0,0,0.03668223127792283,0.3045170580749454,7630646302.32223,0.0,0,0.0,0.0,857400.0,40633.14938926997,243,4,0.3355942801136913,0.3671747362683513,0.3463016335105867,0.1657073190282123,235.0909090909091,0.39
type=lease_sandbox_idle_timeout_s=300_ablate=vtfq+park+prewarm+kv+gang_rpm=10_seed=7,lease,300,vtfq+park+prewarm+kv+gang,10,lease,7,689,450,36,0.07407407407407407,0.20689655172413793,450,16.424085481562997,3603.594088438735,0.0,600.0000000000005,0,846,0,0,0,0.04132020317809439,0.39279563515046123,7288765354.269911,0.0,0,0.0,0.0,871800.0,44770.12423767479,215,8,0.2987151092136104,0.3259423765768518,0.405047049218143,0.21730261471921383,245.45454545454547,0.47
type=lease_sandbox_idle_timeout_s=300_ablate=vtfq+park+prewarm+kv+gang_rpm=10_seed=8,lease,300,vtfq+park+prewarm+kv+gang,10,lease,8,739,507,45,0.08152173913043478,0.25308641975308643,507,12.189283870972758,3694.766460211761,0.0,600.0000000000005,0,916,0,0,0,0.08196872748650319,0.5970738345138983,8576405014.118879,0.0,0,0.0,0.0,961800.0,66022.13806558646,227,2,0.2702412725192996,0.3039457824056753,0.2937010143664206,0.11045065992493867,276.54545454545456,0.49
type=lease_sandbox_idle_timeout_s=300_ablate=vtfq+park+prewarm+kv+gang_rpm=10_seed=9,lease,300,vtfq+park+prewarm+kv+gang,10,lease,9,719,469,49,0.0945945945945946,0.2711864406779661,469,12.452958222295138,3956.602387114325,0.0,600.0000000000005,0,1051,0,0,0,0.06731449708852766,0.17908952495978134,8603305643.749912,0.0,0,0.0,0.0,802800.0,58029.39440005123,292,4,0.2931549942079341,0.3280098755072076,0.3670795456609363,0.1813963757518418,255.81818181818184,0.56
type=lease_sandbox_idle_timeout_s=300_ablate=vtfq+park+prewarm+kv+gang_rpm=10_seed=10,lease,300,vtfq+park+prewarm+kv+gang,10,lease,10,502,346,26,0.06989247311827956,0.2,346,89.07522047309703,3795.571346675781,1.1836423665010207,600.0000000000005,0,585,0,0,0,0.045343836680722664,0.265229973115035,6677056272.640045,0.0,0,0.0,0.0,751800.0,35698.36768583137,208,2,0.31366638620198484,0.342035952909128,0.37633764621778687,0.20209468701278174,188.72727272727275,0.34
type=lease_sandbox_idle_timeout_s=300_ablate=vtfq+park+prewarm+kv+gang_rpm=20_seed=1,lease,300,vtfq+park+prewarm+kv+gang,20,lease,1,582,422,16,0.0365296803652968,0.12,422,77.12496297650932,3616.025053710652,3.6179760475378866,600.0000000000005,0,487,0,0,0,0.012857227006788777,0.4485288563793558,5122624689.733072,0.0,0,0.0,0.0,1205400.0,28740.88649296197,311,0,0.4018362409611769,0.42358224597308036,0.4956372621932466,0.16211547766972634,230.1818181818182,0.4
type=lease_sandbox_idle_timeout_s=300_ablate=vtfq+park+prewarm+kv+gang_rpm=20_seed=2,lease,300,vtfq+park+prewarm+kv+gang,20,lease,2,664,491,27,0.052123552123552123,0.1793103448275862,491,67.42449115367344,2777.7969460452055,2.8043811533721916,600.0000000000005,0,564,0,0,0,0.02167362253788635,0.3678657216635698,4665650135.79511,0.0,0,0.0,0.0,1233000.0,24967.266846408547,295,0,0.3935730636947405,0.4277699797224698,0.5207776904258936,0.18134715199555737,267.8181818181818,0.44
type=lease_sandbox_idle_timeout_s=300_ablate=vtfq+park+prewarm+kv+gang_rpm=20_seed=3,lease,300,vtfq+park+prewarm+kv+gang,20,lease,3,731,527,28,0.05045045045045045,0.15083798882681565,527,61.35465287799616,3635.3997451610117,17.250056094348253,600.0000000000005,0,621,0,0,0,0.013921519249319904,0.46881272229674936,3900532118.5993443,0.0,0,0.0,0.0,1388400.0,21778.877106982156,345,2,0.39304953247169844,0.4200394925576657,0.6047004205638112,0.17757623299868547,287.45454545454544,0.47
type=lease_sandbox_idle_timeout_s=300_ablate=vtfq+park+prewarm+kv+gang_rpm=20_seed=4,lease,300,vtfq+park+prewarm+kv+gang,20,lease,4,692,542,25,0.04409171075837742,0.15337423312883436,542,47.49257932890191,3165.023681553951,7.244089242412233,600.0000000000005,0,406,0,0,0,0.032140218587929106,0.4633133217916594,4131703417.7061315,0.0,0,0.0,0.0,1336200.0,10206.757985637045,272,5,0.46478145896445977,0.49954061512865083,0.5791678665824916,0.11304127427766315,295.6363636363636,0.41
type=lease_sandbox_idle_timeout_s=300_ablate=vtfq+park+prewarm+kv+gang_rpm=20_seed=5,lease,300,vtfq+park+prewarm+kv+gang,20,lease,5,898,629,55,0.0804093567251462,0.24413145539906103,629,79.59783636433804,4001.8688344992734,37.79182458680943,600.0000000000005,0,1226,0,0,0,0.025428987792120928,0.12540842500509197,4491874804.378493,0.0,0,0.0,0.0,1552200.0,71342.22471387475,490,0,0.31903733517788013,0.357614088690749,0.7270934812427157,0.1810720064162385,343.0909090909091,0.71
type=lease_sandbox_idle_timeout_s=300_ablate=vtfq+park+prewarm+kv+gang_rpm=20_seed=6,lease,300,vtfq+park+prewarm+kv+gang,20,lease,6,676,527,25,0.04528985507246377,0.17123287671232876,527,36.87432966950473,3430.1526084165903,0.1919022908514108,600.0000000000005,0,612,0,0,0,0.0174800407879845,0.3289207508006627,5146158703.329514,0.0,0,0.0,0.0,1148400.0,20694.4279068491,271,5,0.41779859957946786,0.4534183234245441,0.4976006836473712,0.2132388762872419,287.45454545454544,0.4
type=lease_sandbox_idle_timeout_s=300_ablate=vtfq+park+prewarm+kv+gang_rpm=20_seed=7,lease,300,vtfq+park+prewarm+kv+gang,20,lease,7,734,520,31,0.056261343012704176,0.1657754010695187,520,44.164777231489666,2431.2108095607946,5.703022248721902,600.0000000000005,0,725,0,0,0,0.0289318811524598,0.386818384017265,5908190647.817338,0.0,0,0.0,0.0,1300800.0,23804.69739826516,271,5,0.39541666746017856,0.4239735683763784,0.5647462762278231,0.2232381026235936,283.6363636363636,0.46
type=lease_sandbox_idle_timeout_s=300_ablate=vtfq+park+prewarm+kv+gang_rpm=20_seed=8,lease,300,vtfq+park+prewarm+kv+gang,20,lease,8,843,638,43,0.0631424375917768,0.22282608695652173,638,26.531273259848604,3854.5826774043067,1.499288416106446,600.0000000000005,0,793,0,0,0,0.037095931781967136,0.6027373149668062,5556289107.966115,0.0,0,0.0,0.0,1515000.0,33665.37233159036,315,2,0.39883673800398123,0.4445177440118475,0.5305111726762821,0.1264698609343242,348.0,0.51
type=lease_sandbox_idle_timeout_s=300_ablate=vtfq+park+prewarm+kv+gang_rpm=20_seed=9,lease,300,vtfq+park+prewarm+kv+gang,20,lease,9,812,598,37,0.05826771653543307,0.18556701030927836,598,66.02904106751828,3609.3543832745404,3.666839617664634,600.0000000000005,0,855,0,0,0,0.03787334828568239,0.14166881631625072,5072980889.006764,0.0,0,0.0,0.0,1389000.0,28824.279636764084,354,9,0.4323450586876202,0.47215768810402875,0.6299937050189395,0.2337195202875655,326.1818181818182,0.51
type=lease_sandbox_idle_timeout_s=300_ablate=vtfq+park+prewarm+kv+gang_rpm=20_seed=10,lease,300,vtfq+park+prewarm+kv+gang,20,lease,10,557,421,24,0.05393258426966292,0.18110236220472442,421,112.8239648182307,3458.842396272798,0.0,600.0000000000005,0,513,0,0,0,0.048620265916865885,0.2904682240447092,5798999900.159174,0.0,0,0.0,0.0,925800.0,22053.23979040022,278,2,0.4125645189988887,0.44549814898154516,0.4691641418957201,0.24238076505376083,229.63636363636365,0.35
