scenario,variant,seed,knob:arrivals.rate_per_min,knob:arrivals.burst_factor,knob:resources.model.slots.capacity,knob:resources.sandbox.mem.capacity,knob:resources.sandbox.cpu.capacity,knob:resources.ext.search.rpm,knob:resources.ext.search.background_load,knob:resources.ext.web.rpm,knob:resources.ext.web.background_load,knob:resources.ext.api.rpm,knob:framework.step_timeout_s,knob:framework.sandbox_idle_timeout_s,knob:framework.sandbox_cold_start_s,knob:reaction.after_sdk.abort,knob:generator.recipe_temperature,knob:generator.think_snr,knob:generator.tool_tail_scale,knob:generator.p_parallel_scale,knob:reaction.after_sdk.replan,policy,req_started,req_done,req_failed,failure_rate,session_fail_finished,tct_n,tct_p50,tct_p99,chat_wait_p99,block_wait_max,n429,timeouts,evicted,deadlock_breaks,cycles_seen,token_waste,tool_waste,kv_unused_token_s,prewarm_idle_s,prewarm_hits,lease_cpu_issued,lease_cpu_unused,lease_budget_issued,lease_budget_unused,par_groups,par_groups_parallel,jain_all,jain_survivors,util_model,util_cpu,throughput_rph,wall_s
scenario_0000,gate_sampled,1,1.5314473484503204,5.671979744179576,32,146,20,118.15435928822426,0.4671780770363505,198.8399906988341,0.5225994366098029,323.9938379078523,600,900,6.488074180705539,0.39370433369205043,0.32144273536910634,0.3634006728383617,1.349725884455698,1.3830694948135276,0.6062956663079495,reactive_gate,586,424,36,0.0782608695652174,0.22695035460992907,424,127.29292900527412,3022.0497381691484,70.86829143704722,600.0000000000005,0,461,2,0,0,0.02671837645870874,0.5443227693173488,2792352179.900412,0.0,0,0.0,0.0,0.0,0.0,41,0,0.45005455965048685,0.4932740463333612,0.33220853322892385,0.14810458820143008,231.27272727272728,0.21
scenario_0000,gate_sampled,2,1.5314473484503204,5.671979744179576,32,146,20,118.15435928822426,0.4671780770363505,198.8399906988341,0.5225994366098029,323.9938379078523,600,900,6.488074180705539,0.39370433369205043,0.32144273536910634,0.3634006728383617,1.349725884455698,1.3830694948135276,0.6062956663079495,reactive_gate,641,448,70,0.13513513513513514,0.40993788819875776,448,78.17346272000634,2746.8042788133475,40.8682168466231,600.0000000000005,0,603,2,0,0,0.07890935018195219,0.6047543705563198,1600074477.4667346,0.0,0,0.0,0.0,0.0,0.0,51,0,0.40607913745959573,0.49447039024532685,0.331374675672996,0.14152649108783427,244.36363636363637,0.22
scenario_0000,gate_sampled,3,1.5314473484503204,5.671979744179576,32,146,20,118.15435928822426,0.4671780770363505,198.8399906988341,0.5225994366098029,323.9938379078523,600,900,6.488074180705539,0.39370433369205043,0.32144273536910634,0.3634006728383617,1.349725884455698,1.3830694948135276,0.6062956663079495,reactive_gate,616,469,72,0.133086876155268,0.43125,469,27.435657393692964,2975.270504190811,5.12374500588453,600.0000000000005,0,593,0,0,0,0.0853870671790585,0.6780829242445734,3664878641.6733885,0.0,0,0.0,0.0,0.0,0.0,41,1,0.4650044795171408,0.609131112158848,0.24975799003253693,0.13909883083083566,255.81818181818184,0.18
scenario_0000,gate_sampled,4,1.5314473484503204,5.671979744179576,32,146,20,118.15435928822426,0.4671780770363505,198.8399906988341,0.5225994366098029,323.9938379078523,600,900,6.488074180705539,0.39370433369205043,0.32144273536910634,0.3634006728383617,1.349725884455698,1.3830694948135276,0.6062956663079495,reactive_gate,587,460,48,0.09448818897637795,0.3051948051948052,460,67.362111079447,2448.69560593602,36.09350878033345,600.0000000000005,0,398,3,0,0,0.04137474952480391,0.515898110363122,1894806764.8133,0.0,0,0.0,0.0,0.0,0.0,50,0,0.5304655920823188,0.6167227800416268,0.30218527582515864,0.15008286613145683,250.9090909090909,0.19
scenario_0000,gate_sampled,5,1.5314473484503204,5.671979744179576,32,146,20,118.15435928822426,0.4671780770363505,198.8399906988341,0.5225994366098029,323.9938379078523,600,900,6.488074180705539,0.39370433369205043,0.32144273536910634,0.3634006728383617,1.349725884455698,1.3830694948135276,0.6062956663079495,reactive_gate,940,714,73,0.09275730622617535,0.3791208791208791,714,22.0347589386638,2734.545934078355,93.59973984074799,600.0000000000005,0,731,6,0,0,0.034348916995822765,0.4482976573699494,655491610.4113685,0.0,0,0.0,0.0,0.0,0.0,47,0,0.4214214479371843,0.5139842100829818,0.4144741088893745,0.15784333346102114,389.4545454545455,0.32
scenario_0000,gate_ship,1,1.5314473484503204,5.671979744179576,32,146,20,118.15435928822426,0.4671780770363505,198.8399906988341,0.5225994366098029,323.9938379078523,600,900,6.488074180705539,0.39370433369205043,0.32144273536910634,0.3634006728383617,1.349725884455698,1.3830694948135276,0.6062956663079495,reactive_gate,607,471,18,0.03680981595092025,0.10067114093959731,471,197.41417855148302,2778.6732287577074,93.13348367474612,600.0,0,330,4,0,0,0.01763061775156315,0.47767804601317704,1638739304.598717,0.0,0,0.0,0.0,0.0,0.0,41,1,0.5600334865471731,0.5805995600626552,0.39372180727952605,0.2186871352636088,256.90909090909093,0.25
scenario_0000,gate_ship,2,1.5314473484503204,5.671979744179576,32,146,20,118.15435928822426,0.4671780770363505,198.8399906988341,0.5225994366098029,323.9938379078523,600,900,6.488074180705539,0.39370433369205043,0.32144273536910634,0.3634006728383617,1.349725884455698,1.3830694948135276,0.6062956663079495,reactive_gate,649,491,25,0.04844961240310078,0.1456953642384106,491,166.72761714837907,2413.86364813448,57.301329504913426,600.0000000000005,0,419,4,0,0,0.05275070250802616,0.5402871630951487,839045909.9021481,0.0,0,0.0,0.0,0.0,0.0,48,0,0.498478904320174,0.5141674949890629,0.3886320214686933,0.19905188097750215,267.8181818181818,0.25
scenario_0000,gate_ship,3,1.5314473484503204,5.671979744179576,32,146,20,118.15435928822426,0.4671780770363505,198.8399906988341,0.5225994366098029,323.9938379078523,600,900,6.488074180705539,0.39370433369205043,0.32144273536910634,0.3634006728383617,1.349725884455698,1.3830694948135276,0.6062956663079495,reactive_gate,630,521,33,0.05956678700361011,0.2,521,70.62595661769865,2553.080196508543,16.76386311600181,600.0000000000005,0,445,0,0,0,0.049005469179809705,0.6275886656653413,2904662252.7301645,0.0,0,0.0,0.0,0.0,0.0,45,1,0.5636322738259796,0.6252638570079416,0.31996330793512046,0.18825674245424967,284.1818181818182,0.23
scenario_0000,gate_ship,4,1.5314473484503204,5.671979744179576,32,146,20,118.15435928822426,0.4671780770363505,198.8399906988341,0.5225994366098029,323.9938379078523,600,900,6.488074180705539,0.39370433369205043,0.32144273536910634,0.3634006728383617,1.349725884455698,1.3830694948135276,0.6062956663079495,reactive_gate,590,481,21,0.04183266932270916,0.13157894736842105,481,97.36334512192889,2058.290842795005,31.78018718374108,600.0000000000005,0,294,3,0,0,0.03195937903940634,0.5504647905803456,1481548058.164407,0.0,0,0.0,0.0,0.0,0.0,50,0,0.623135356907728,0.647690233753884,0.33701666555782184,0.20805092243037568,262.3636363636364,0.2
scenario_0000,gate_ship,5,1.5314473484503204,5.671979744179576,32,146,20,118.15435928822426,0.4671780770363505,198.8399906988341,0.5225994366098029,323.9938379078523,600,900,6.488074180705539,0.39370433369205043,0.32144273536910634,0.3634006728383617,1.349725884455698,1.3830694948135276,0.6062956663079495,reactive_gate,961,769,38,0.04708798017348203,0.19101123595505617,769,25.657968225572404,2623.5434263857496,98.2906444165967,600.0000000000005,0,582,6,0,0,0.027156262887791598,0.559156206318125,624598039.1778264,0.0,0,0.0,0.0,0.0,0.0,51,0,0.48102561606555116,0.5250590008148075,0.4446863259740838,0.17664633775779848,419.4545454545455,0.36
scenario_0000,lease,1,1.5314473484503204,5.671979744179576,32,146,20,118.15435928822426,0.4671780770363505,198.8399906988341,0.5225994366098029,323.9938379078523,600,900,6.488074180705539,0.39370433369205043,0.32144273536910634,0.3634006728383617,1.349725884455698,1.3830694948135276,0.6062956663079495,lease,606,471,17,0.03483606557377049,0.09395973154362416,471,203.59322809212063,2752.7138025245517,82.45057149045284,600.0000000000005,0,327,8,0,0,0.0312689946254793,0.48238495564607764,1336800129.9117053,2290.8065988439066,13,4.385359220638918,2.963024797878461,975000.0,616.1288512897281,41,1,0.5645191585297266,0.5823443518493461,0.39125797741234464,0.22089499153805267,256.90909090909093,0.5
scenario_0000,lease,2,1.5314473484503204,5.671979744179576,32,146,20,118.15435928822426,0.4671780770363505,198.8399906988341,0.5225994366098029,323.9938379078523,600,900,6.488074180705539,0.39370433369205043,0.32144273536910634,0.3634006728383617,1.349725884455698,1.3830694948135276,0.6062956663079495,lease,645,484,25,0.04911591355599214,0.14864864864864866,484,148.10098855417795,2350.4390055393687,71.4550858249495,600.0000000000005,0,434,6,0,0,0.05389258618267552,0.5400479161783281,591488193.366588,702.8038034782167,2,6.976958359218543,6.976958359218543,952200.0,15.670352090349525,47,0,0.4886187668371117,0.5048879933389415,0.3910484104567308,0.18760172759886354,264.0,0.53
scenario_0000,lease,3,1.5314473484503204,5.671979744179576,32,146,20,118.15435928822426,0.4671780770363505,198.8399906988341,0.5225994366098029,323.9938379078523,600,900,6.488074180705539,0.39370433369205043,0.32144273536910634,0.3634006728383617,1.349725884455698,1.3830694948135276,0.6062956663079495,lease,634,527,29,0.052158273381294966,0.18064516129032257,527,77.27392837900425,2720.6371446387743,14.135448870237656,600.0000000000005,0,441,2,0,0,0.036545522443820734,0.6180639183582558,2869522018.461639,3836.1705577231883,9,3.9857560001630645,3.009784950701487,993000.0,638.5492085209157,45,1,0.564636500519514,0.615834340196619,0.32307306672089486,0.19373552638573865,287.45454545454544,0.48
scenario_0000,lease,4,1.5314473484503204,5.671979744179576,32,146,20,118.15435928822426,0.4671780770363505,198.8399906988341,0.5225994366098029,323.9938379078523,600,900,6.488074180705539,0.39370433369205043,0.32144273536910634,0.3634006728383617,1.349725884455698,1.3830694948135276,0.6062956663079495,lease,585,476,22,0.04417670682730924,0.13725490196078433,476,94.0534594540427,1931.3550265239123,34.658722580250306,600.0,0,306,1,0,0,0.03744888451534847,0.5575448107821735,1500221324.131153,2263.416295494563,16,1.361693108927284,1.361693108927284,962400.0,25.046157782469663,51,0,0.613460318640288,0.6373515873054678,0.3370506950878982,0.20186795938428292,259.6363636363636,0.45
scenario_0000,lease,5,1.5314473484503204,5.671979744179576,32,146,20,118.15435928822426,0.4671780770363505,198.8399906988341,0.5225994366098029,323.9938379078523,600,900,6.488074180705539,0.39370433369205043,0.32144273536910634,0.3634006728383617,1.349725884455698,1.3830694948135276,0.6062956663079495,lease,960,760,37,0.04642409033877039,0.19186046511627908,760,23.554904346023022,2546.3425202008616,100.32812576981337,600.0000000000005,0,603,4,0,0,0.025735118646862537,0.5627587374732169,411340318.06063586,69.04946223762829,1,4.171388366923338,3.3693819958903077,1628400.0,24.496291522404363,51,0,0.4713529208130688,0.5132533674948726,0.4432633897609914,0.18053048196799987,414.54545454545456,0.68
scenario_0000,clairvoyant,1,1.5314473484503204,5.671979744179576,32,146,20,118.15435928822426,0.4671780770363505,198.8399906988341,0.5225994366098029,323.9938379078523,600,900,6.488074180705539,0.39370433369205043,0.32144273536910634,0.3634006728383617,1.349725884455698,1.3830694948135276,0.6062956663079495,clairvoyant,608,468,34,0.06772908366533864,0.1875,468,165.92546849688551,2858.027439733482,46.68669326453053,600.0,0,348,6,0,0,0.036271758621039235,0.48118069287105125,1206308667.136467,188.15415124046052,29,0.0,0.0,0.0,0.0,42,1,0.6056200738701202,0.6586525601351995,0.3880606662923304,0.2234419444833739,255.27272727272728,0.24
scenario_0000,clairvoyant,2,1.5314473484503204,5.671979744179576,32,146,20,118.15435928822426,0.4671780770363505,198.8399906988341,0.5225994366098029,323.9938379078523,600,900,6.488074180705539,0.39370433369205043,0.32144273536910634,0.3634006728383617,1.349725884455698,1.3830694948135276,0.6062956663079495,clairvoyant,644,488,45,0.08442776735459662,0.2485207100591716,488,132.43263739569545,2181.6328052829117,66.9374577324689,600.0000000000005,0,446,6,0,0,0.0566120050159149,0.5671196504258408,509786948.8767961,25.95229672282221,4,0.0,0.0,0.0,0.0,47,0,0.5510291713068312,0.6092407369862544,0.389252331724699,0.17983489318028642,266.1818181818182,0.25
scenario_0000,clairvoyant,3,1.5314473484503204,5.671979744179576,32,146,20,118.15435928822426,0.4671780770363505,198.8399906988341,0.5225994366098029,323.9938379078523,600,900,6.488074180705539,0.39370433369205043,0.32144273536910634,0.3634006728383617,1.349725884455698,1.3830694948135276,0.6062956663079495,clairvoyant,623,500,59,0.10554561717352415,0.32558139534883723,500,44.60797585809246,1779.1340002179033,20.33677885141844,600.0000000000005,0,468,1,0,0,0.06848387149800216,0.6680113872748679,2911392325.034179,194.64222542116613,30,0.0,0.0,0.0,0.0,43,1,0.5821677324464962,0.7103968000805392,0.3057505533257252,0.16382877828377967,272.72727272727275,0.21
scenario_0000,clairvoyant,4,1.5314473484503204,5.671979744179576,32,146,20,118.15435928822426,0.4671780770363505,198.8399906988341,0.5225994366098029,323.9938379078523,600,900,6.488074180705539,0.39370433369205043,0.32144273536910634,0.3634006728383617,1.349725884455698,1.3830694948135276,0.6062956663079495,clairvoyant,604,497,34,0.064030131826742,0.20496894409937888,497,107.1719918112068,1982.8041837855994,38.05078779536812,600.0000000000005,0,318,0,0,0,0.03436882737686147,0.5592002971839055,821363988.1571052,214.10644796328302,33,0.0,0.0,0.0,0.0,52,0,0.6773664769600346,0.7383155715330337,0.3459902153829967,0.19527967835485807,271.0909090909091,0.21
scenario_0000,clairvoyant,5,1.5314473484503204,5.671979744179576,32,146,20,118.15435928822426,0.4671780770363505,198.8399906988341,0.5225994366098029,323.9938379078523,600,900,6.488074180705539,0.39370433369205043,0.32144273536910634,0.3634006728383617,1.349725884455698,1.3830694948135276,0.6062956663079495,clairvoyant,952,771,55,0.06658595641646489,0.24,771,25.207614317063417,2261.1287863468465,76.92728584250989,600.0000000000005,0,552,2,0,0,0.035133383629888,0.45628785363571445,350232704.67453605,45.41651926493881,7,0.0,0.0,0.0,0.0,51,0,0.5680019314088891,0.6415072629445125,0.4523368828873673,0.2324788869791266,420.54545454545456,0.34
scenario_0000,gate_srpt,1,1.5314473484503204,5.671979744179576,32,146,20,118.15435928822426,0.4671780770363505,198.8399906988341,0.5225994366098029,323.9938379078523,600,900,6.488074180705539,0.39370433369205043,0.32144273536910634,0.3634006728383617,1.349725884455698,1.3830694948135276,0.6062956663079495,reactive_gate,607,466,25,0.05091649694501019,0.14473684210526316,466,187.59973334028064,2722.4110460725365,52.31523669910763,600.0000000000005,0,321,5,0,0,0.031356745702499154,0.48702564244263247,1645434857.3787541,0.0,0,0.0,0.0,0.0,0.0,41,1,0.5610497205621132,0.5934036692537891,0.3887752782269814,0.2036582829725961,254.1818181818182,0.25
scenario_0000,gate_srpt,2,1.5314473484503204,5.671979744179576,32,146,20,118.15435928822426,0.4671780770363505,198.8399906988341,0.5225994366098029,323.9938379078523,600,900,6.488074180705539,0.39370433369205043,0.32144273536910634,0.3634006728383617,1.349725884455698,1.3830694948135276,0.6062956663079495,reactive_gate,643,485,34,0.06551059730250482,0.20253164556962025,485,154.2889924438432,2627.8964528667743,93.63837702006708,600.0000000000005,0,370,6,0,0,0.0560572504674793,0.555310972551135,494785890.8785717,0.0,0,0.0,0.0,0.0,0.0,46,0,0.5034101882562281,0.5343175529308297,0.3880236846692081,0.1974985417215357,264.54545454545456,0.25
scenario_0000,gate_srpt,3,1.5314473484503204,5.671979744179576,32,146,20,118.15435928822426,0.4671780770363505,198.8399906988341,0.5225994366098029,323.9938379078523,600,900,6.488074180705539,0.39370433369205043,0.32144273536910634,0.3634006728383617,1.349725884455698,1.3830694948135276,0.6062956663079495,reactive_gate,626,501,44,0.08073394495412844,0.2662337662337662,501,50.710720634144536,2854.3497178554117,24.060966653298934,600.0000000000005,0,397,3,0,0,0.03754715230563595,0.5989009115939642,2645979298.1186504,0.0,0,0.0,0.0,0.0,0.0,38,1,0.560051714415424,0.6492610262578942,0.3143697570820383,0.19539980785907374,273.2727272727273,0.22
scenario_0000,gate_srpt,4,1.5314473484503204,5.671979744179576,32,146,20,118.15435928822426,0.4671780770363505,198.8399906988341,0.5225994366098029,323.9938379078523,600,900,6.488074180705539,0.39370433369205043,0.32144273536910634,0.3634006728383617,1.349725884455698,1.3830694948135276,0.6062956663079495,reactive_gate,583,472,27,0.05410821643286573,0.16339869281045752,472,86.08980971719893,2372.773706516806,37.49441266852994,600.0000000000005,0,273,0,0,0,0.02718343044567534,0.5711662153670287,1208494979.5258667,0.0,0,0.0,0.0,0.0,0.0,51,0,0.6236356953759478,0.6640451655065032,0.3394440284111143,0.18884232973208198,257.45454545454544,0.21
scenario_0000,gate_srpt,5,1.5314473484503204,5.671979744179576,32,146,20,118.15435928822426,0.4671780770363505,198.8399906988341,0.5225994366098029,323.9938379078523,600,900,6.488074180705539,0.39370433369205043,0.32144273536910634,0.3634006728383617,1.349725884455698,1.3830694948135276,0.6062956663079495,reactive_gate,946,753,49,0.06109725685785536,0.23809523809523808,753,25.37287250884401,2617.458505653444,77.25831725579577,600.0000000000005,0,516,2,0,0,0.03566811785043439,0.5490884136449858,629357467.1578779,0.0,0,0.0,0.0,0.0,0.0,48,0,0.4917671812013106,0.544354265538589,0.4422918479385199,0.19311473081087605,410.72727272727275,0.35
scenario_0001,gate_sampled,1,1.6190095982371693,4.450339016475704,10,139,23,175.57917526165036,0.5483241709901655,30.971596216323125,0.05293724996592917,369.1749335899328,900,300,15.493567485919494,0.29624888846736874,2.4664920225989437,0.10169645429475414,1.2144455998500985,2.0843900678372327,0.7037511115326313,reactive_gate,691,536,12,0.021897810218978103,0.07482993197278912,536,106.04685923456418,2739.1880984831378,14.478023861802285,900.0000000000005,0,283,0,0,0,0.022249523837249967,0.39404324080258996,6172377045.9383545,0.0,0,0.0,0.0,0.0,0.0,866,23,0.3711733568379276,0.38198273041916486,0.6977623083527584,0.2790283350399947,292.3636363636364,0.16
scenario_0001,gate_sampled,2,1.6190095982371693,4.450339016475704,10,139,23,175.57917526165036,0.5483241709901655,30.971596216323125,0.05293724996592917,369.1749335899328,900,300,15.493567485919494,0.29624888846736874,2.4664920225989437,0.10169645429475414,1.2144455998500985,2.0843900678372327,0.7037511115326313,reactive_gate,720,501,25,0.04752851711026616,0.16778523489932887,501,75.96525927530774,2929.0489206082802,28.07297231670209,900.0000000000005,0,399,0,0,0,0.023672875881255044,0.5068753251421906,5989267853.884072,0.0,0,0.0,0.0,0.0,0.0,789,79,0.32469749046182916,0.3408354831600151,0.6363977614024864,0.19146278273093875,273.2727272727273,0.16
scenario_0001,gate_sampled,3,1.6190095982371693,4.450339016475704,10,139,23,175.57917526165036,0.5483241709901655,30.971596216323125,0.05293724996592917,369.1749335899328,900,300,15.493567485919494,0.29624888846736874,2.4664920225989437,0.10169645429475414,1.2144455998500985,2.0843900678372327,0.7037511115326313,reactive_gate,587,491,19,0.03725490196078431,0.1095890410958904,491,111.36102017630583,3440.2564652047267,8.767509469622388,900.0000000000005,0,269,0,0,0,0.025363311918239654,0.4295889151315783,6618216403.120126,0.0,0,0.0,0.0,0.0,0.0,729,43,0.4533067179752914,0.4731872403588148,0.6204853259065009,0.24838933821700104,267.8181818181818,0.13
scenario_0001,gate_sampled,4,1.6190095982371693,4.450339016475704,10,139,23,175.57917526165036,0.5483241709901655,30.971596216323125,0.05293724996592917,369.1749335899328,900,300,15.493567485919494,0.29624888846736874,2.4664920225989437,0.10169645429475414,1.2144455998500985,2.0843900678372327,0.7037511115326313,reactive_gate,648,484,11,0.022222222222222223,0.07042253521126761,484,74.41747926162111,2708.4175974959967,10.577178893614954,900.0000000000005,0,203,0,0,0,0.021946475346160663,0.47840058933118124,6713399370.029718,0.0,0,0.0,0.0,0.0,0.0,704,43,0.3679932274897884,0.3791174245751595,0.5965144673530175,0.22964386450616797,264.0,0.13
scenario_0001,gate_sampled,5,1.6190095982371693,4.450339016475704,10,139,23,175.57917526165036,0.5483241709901655,30.971596216323125,0.05293724996592917,369.1749335899328,900,300,15.493567485919494,0.29624888846736874,2.4664920225989437,0.10169645429475414,1.2144455998500985,2.0843900678372327,0.7037511115326313,reactive_gate,699,515,7,0.013409961685823755,0.06,515,89.62596623931643,2723.634969725283,6.829803697903779,900.0000000000005,0,236,0,0,0,0.008653844819546815,0.41413601230838415,6786631109.501316,0.0,0,0.0,0.0,0.0,0.0,759,3,0.32821127688793855,0.3352146033659213,0.6528076874255375,0.23450909968775618,280.90909090909093,0.14
scenario_0001,gate_ship,1,1.6190095982371693,4.450339016475704,10,139,23,175.57917526165036,0.5483241709901655,30.971596216323125,0.05293724996592917,369.1749335899328,900,300,15.493567485919494,0.29624888846736874,2.4664920225989437,0.10169645429475414,1.2144455998500985,2.0843900678372327,0.7037511115326313,reactive_gate,728,593,5,0.008361204013377926,0.018072289156626505,593,176.7529013362464,2136.5115636905393,123.75407442909638,900.0000000000005,0,177,0,0,0,0.01450597922592489,0.4005713241678822,4807385414.73659,0.0,0,0.0,0.0,0.0,0.0,928,102,0.49166158335679944,0.49508308302212967,0.8511513271691272,0.34281177707527444,323.4545454545455,0.2
scenario_0001,gate_ship,2,1.6190095982371693,4.450339016475704,10,139,23,175.57917526165036,0.5483241709901655,30.971596216323125,0.05293724996592917,369.1749335899328,900,300,15.493567485919494,0.29624888846736874,2.4664920225989437,0.10169645429475414,1.2144455998500985,2.0843900678372327,0.7037511115326313,reactive_gate,792,603,10,0.01631321370309951,0.05555555555555555,603,175.91825945340634,1678.9232534572566,51.87293455297369,900.0000000000005,0,190,0,0,0,0.015400150433739445,0.4321171130322206,5395901778.152855,0.0,0,0.0,0.0,0.0,0.0,892,163,0.4303910994819892,0.43150118629075507,0.7606056650867652,0.3002342416686942,328.90909090909093,0.18
scenario_0001,gate_ship,3,1.6190095982371693,4.450339016475704,10,139,23,175.57917526165036,0.5483241709901655,30.971596216323125,0.05293724996592917,369.1749335899328,900,300,15.493567485919494,0.29624888846736874,2.4664920225989437,0.10169645429475414,1.2144455998500985,2.0843900678372327,0.7037511115326313,reactive_gate,687,636,6,0.009345794392523364,0.030120481927710843,636,271.18854258654585,1965.2634175555154,39.91427748551022,900.0000000000005,0,85,0,0,0,0.009213658049803168,0.3777539019104932,4872996372.981348,0.0,0,0.0,0.0,0.0,0.0,891,93,0.6551529967021115,0.6625222695030125,0.8322237246179747,0.3603036710622478,346.90909090909093,0.17
scenario_0001,gate_ship,4,1.6190095982371693,4.450339016475704,10,139,23,175.57917526165036,0.5483241709901655,30.971596216323125,0.05293724996592917,369.1749335899328,900,300,15.493567485919494,0.29624888846736874,2.4664920225989437,0.10169645429475414,1.2144455998500985,2.0843900678372327,0.7037511115326313,reactive_gate,703,563,9,0.015734265734265736,0.04938271604938271,563,119.33903955877611,1773.3639152419187,27.529536796879743,900.0,0,120,0,0,0,0.03794732282148699,0.48275532830916806,6187223567.495333,0.0,0,0.0,0.0,0.0,0.0,804,123,0.5011377699000782,0.5116681987946354,0.7085842046749548,0.2956196758003757,307.0909090909091,0.16
scenario_0001,gate_ship,5,1.6190095982371693,4.450339016475704,10,139,23,175.57917526165036,0.5483241709901655,30.971596216323125,0.05293724996592917,369.1749335899328,900,300,15.493567485919494,0.29624888846736874,2.4664920225989437,0.10169645429475414,1.2144455998500985,2.0843900678372327,0.7037511115326313,reactive_gate,815,664,7,0.010432190760059613,0.048,664,241.22214195493854,1579.8876267796686,55.4966929613239,900.0000000000005,0,81,0,0,0,0.008847781719354884,0.4146406152060021,4743988653.392991,0.0,0,0.0,0.0,0.0,0.0,923,54,0.47022214909433707,0.47757641324737604,0.8865024057498058,0.3180040274101154,362.1818181818182,0.21
scenario_0001,lease,1,1.6190095982371693,4.450339016475704,10,139,23,175.57917526165036,0.5483241709901655,30.971596216323125,0.05293724996592917,369.1749335899328,900,300,15.493567485919494,0.29624888846736874,2.4664920225989437,0.10169645429475414,1.2144455998500985,2.0843900678372327,0.7037511115326313,lease,710,578,5,0.008576329331046312,0.018072289156626505,578,162.95563482302418,2187.7666401599377,41.95863184771461,900.0000000000005,0,198,0,0,0,0.014005037637130733,0.3939374103859984,4282243085.6515527,2269.814870303759,12,17306.691803948426,13026.860879340762,692400.0,19669.599842593925,903,100,0.49755773102169726,0.5010339679807221,0.8260554717430718,0.3260588940765785,315.2727272727273,0.36
scenario_0001,lease,2,1.6190095982371693,4.450339016475704,10,139,23,175.57917526165036,0.5483241709901655,30.971596216323125,0.05293724996592917,369.1749335899328,900,300,15.493567485919494,0.29624888846736874,2.4664920225989437,0.10169645429475414,1.2144455998500985,2.0843900678372327,0.7037511115326313,lease,769,576,9,0.015384615384615385,0.05,576,172.76277092617534,1785.103071699286,29.748983781784936,900.0000000000005,0,241,0,0,0,0.01698328800263621,0.42168787038104116,5398467877.112169,3077.900479509008,11,12466.78839232651,8604.443171010065,580200.0,18824.496014887125,876,155,0.4104589752184321,0.40979360372053064,0.7511271984265735,0.281563479361444,314.1818181818182,0.34
scenario_0001,lease,3,1.6190095982371693,4.450339016475704,10,139,23,175.57917526165036,0.5483241709901655,30.971596216323125,0.05293724996592917,369.1749335899328,900,300,15.493567485919494,0.29624888846736874,2.4664920225989437,0.10169645429475414,1.2144455998500985,2.0843900678372327,0.7037511115326313,lease,668,612,8,0.012903225806451613,0.04294478527607362,612,305.0868413585267,2199.262501099765,30.97081006736486,900.0000000000005,0,109,0,0,0,0.012199768094510772,0.3827886900219581,3912234593.9346757,2434.6606356354796,11,12390.448791470015,9398.638865166784,521400.0,9827.26686871612,858,89,0.6186779607058419,0.629751535444728,0.7974400982064233,0.34173464688952965,333.8181818181818,0.35
scenario_0001,lease,4,1.6190095982371693,4.450339016475704,10,139,23,175.57917526165036,0.5483241709901655,30.971596216323125,0.05293724996592917,369.1749335899328,900,300,15.493567485919494,0.29624888846736874,2.4664920225989437,0.10169645429475414,1.2144455998500985,2.0843900678372327,0.7037511115326313,lease,701,555,8,0.014209591474245116,0.0440251572327044,555,124.88997202026667,1766.7834266067655,25.436962127428302,900.0000000000005,0,123,0,0,0,0.03124302110091052,0.48809986105268593,4793585395.234687,407.477508290928,9,9382.32389103102,7028.628055362596,522600.0,9251.192838111081,780,112,0.487672683038257,0.4969459855623762,0.7093285772856773,0.276632847095047,302.72727272727275,0.3
scenario_0001,lease,5,1.6190095982371693,4.450339016475704,10,139,23,175.57917526165036,0.5483241709901655,30.971596216323125,0.05293724996592917,369.1749335899328,900,300,15.493567485919494,0.29624888846736874,2.4664920225989437,0.10169645429475414,1.2144455998500985,2.0843900678372327,0.7037511115326313,lease,818,667,8,0.011851851851851851,0.056,667,230.12966430012148,1612.4596201317408,35.18038218403967,900.0,0,83,0,0,0,0.01142755388009613,0.41845087921195373,3628903642.6204553,1027.7244497115291,6,14367.929350988277,12506.79328823513,669000.0,14645.177552832527,922,54,0.48621143136464673,0.49333109366090766,0.8536583659155659,0.3153946098895629,363.8181818181818,0.37
scenario_0001,clairvoyant,1,1.6190095982371693,4.450339016475704,10,139,23,175.57917526165036,0.5483241709901655,30.971596216323125,0.05293724996592917,369.1749335899328,900,300,15.493567485919494,0.29624888846736874,2.4664920225989437,0.10169645429475414,1.2144455998500985,2.0843900678372327,0.7037511115326313,clairvoyant,755,642,10,0.015337423312883436,0.0446927374301676,642,95.36329114408227,2368.6945607252924,70.00736967231171,900.0000000000005,0,229,0,0,0,0.013270809142995452,0.3890386151703861,2935410993.1349244,743.691239324135,48,0.0,0.0,0.0,0.0,991,83,0.61345750533805,0.6230282983419869,0.8471496342786843,0.3430412770355313,350.1818181818182,0.19
scenario_0001,clairvoyant,2,1.6190095982371693,4.450339016475704,10,139,23,175.57917526165036,0.5483241709901655,30.971596216323125,0.05293724996592917,369.1749335899328,900,300,15.493567485919494,0.29624888846736874,2.4664920225989437,0.10169645429475414,1.2144455998500985,2.0843900678372327,0.7037511115326313,clairvoyant,839,666,18,0.02631578947368421,0.09239130434782608,666,87.87172009765345,2227.2384526037904,28.301001755459268,900.0000000000005,0,286,0,0,0,0.019265868760741177,0.4425125596281069,3660932970.183709,929.6140491551685,60,0.0,0.0,0.0,0.0,963,141,0.5338282660320453,0.5500826724174013,0.7814050021043771,0.2838614403175308,363.2727272727273,0.19
scenario_0001,clairvoyant,3,1.6190095982371693,4.450339016475704,10,139,23,175.57917526165036,0.5483241709901655,30.971596216323125,0.05293724996592917,369.1749335899328,900,300,15.493567485919494,0.29624888846736874,2.4664920225989437,0.10169645429475414,1.2144455998500985,2.0843900678372327,0.7037511115326313,clairvoyant,718,665,12,0.01772525849335303,0.05813953488372093,665,104.61219171961864,2346.6923021926605,37.213994529056926,900.0000000000005,0,125,0,0,0,0.016330679802647022,0.37468201924799505,2431998702.442591,635.2362669226993,41,0.0,0.0,0.0,0.0,932,91,0.7599919802325079,0.7831909423386637,0.8301649205775706,0.3710648267932147,362.72727272727275,0.17
scenario_0001,clairvoyant,4,1.6190095982371693,4.450339016475704,10,139,23,175.57917526165036,0.5483241709901655,30.971596216323125,0.05293724996592917,369.1749335899328,900,300,15.493567485919494,0.29624888846736874,2.4664920225989437,0.10169645429475414,1.2144455998500985,2.0843900678372327,0.7037511115326313,clairvoyant,736,606,10,0.016233766233766232,0.052941176470588235,606,69.40516028658021,1624.8683886810772,17.934843820242083,900.0000000000005,0,148,0,0,0,0.029676574434914966,0.48582837941010054,3680847899.755539,759.1848068100544,49,0.0,0.0,0.0,0.0,845,106,0.5918141563088395,0.6071308806568376,0.7203764952279202,0.302811351297904,330.54545454545456,0.16
scenario_0001,clairvoyant,5,1.6190095982371693,4.450339016475704,10,139,23,175.57917526165036,0.5483241709901655,30.971596216323125,0.05293724996592917,369.1749335899328,900,300,15.493567485919494,0.29624888846736874,2.4664920225989437,0.10169645429475414,1.2144455998500985,2.0843900678372327,0.7037511115326313,clairvoyant,854,708,6,0.008403361344537815,0.03816793893129771,708,89.78924272681752,1415.054034899725,47.264706746470814,900.0,0,139,0,0,0,0.012468361447111269,0.4524932212482569,2790122475.845252,511.2877270353435,33,0.0,0.0,0.0,0.0,960,31,0.5661265088238029,0.5713191315119427,0.870547906902357,0.3128380425947227,386.1818181818182,0.19
scenario_0001,gate_srpt,1,1.6190095982371693,4.450339016475704,10,139,23,175.57917526165036,0.5483241709901655,30.971596216323125,0.05293724996592917,369.1749335899328,900,300,15.493567485919494,0.29624888846736874,2.4664920225989437,0.10169645429475414,1.2144455998500985,2.0843900678372327,0.7037511115326313,reactive_gate,734,597,6,0.009950248756218905,0.024096385542168676,597,153.47865099683895,2508.0658558149207,57.41071031294741,900.0000000000005,0,148,0,0,0,0.016434124549264576,0.4144284200820244,4887681078.499047,0.0,0,0.0,0.0,0.0,0.0,942,90,0.5415420007240255,0.5473137111294702,0.8477043215358716,0.3391065068913369,325.6363636363636,0.19
scenario_0001,gate_srpt,2,1.6190095982371693,4.450339016475704,10,139,23,175.57917526165036,0.5483241709901655,30.971596216323125,0.05293724996592917,369.1749335899328,900,300,15.493567485919494,0.29624888846736874,2.4664920225989437,0.10169645429475414,1.2144455998500985,2.0843900678372327,0.7037511115326313,reactive_gate,791,604,10,0.016286644951140065,0.05421686746987952,604,171.600677394616,2373.8419786694976,25.5345090853086,900.0000000000005,0,190,0,0,0,0.02205013320846998,0.4355735008200475,5645025569.131613,0.0,0,0.0,0.0,0.0,0.0,882,159,0.4437978185617238,0.4456154819539628,0.7592809517094018,0.30383836243713547,329.4545454545455,0.18
scenario_0001,gate_srpt,3,1.6190095982371693,4.450339016475704,10,139,23,175.57917526165036,0.5483241709901655,30.971596216323125,0.05293724996592917,369.1749335899328,900,300,15.493567485919494,0.29624888846736874,2.4664920225989437,0.10169645429475414,1.2144455998500985,2.0843900678372327,0.7037511115326313,reactive_gate,692,642,7,0.01078582434514638,0.03592814371257485,642,253.0377998969343,2410.8387262350443,39.96852271231434,900.0000000000005,0,81,0,0,0,0.015404130664446507,0.3692774140300235,4954883927.529319,0.0,0,0.0,0.0,0.0,0.0,897,94,0.6807847722566488,0.691760295776053,0.8217911265928516,0.3739760716598507,350.1818181818182,0.17
scenario_0001,gate_srpt,4,1.6190095982371693,4.450339016475704,10,139,23,175.57917526165036,0.5483241709901655,30.971596216323125,0.05293724996592917,369.1749335899328,900,300,15.493567485919494,0.29624888846736874,2.4664920225989437,0.10169645429475414,1.2144455998500985,2.0843900678372327,0.7037511115326313,reactive_gate,709,566,8,0.013937282229965157,0.0440251572327044,566,134.60441829700892,1646.1022545181054,17.507349524218203,900.0000000000005,0,114,0,0,0,0.03573053736974271,0.49362057772716267,6178427784.268885,0.0,0,0.0,0.0,0.0,0.0,807,125,0.5041542499834152,0.5138525560233634,0.7015529661551412,0.2944633035396809,308.72727272727275,0.15
scenario_0001,gate_srpt,5,1.6190095982371693,4.450339016475704,10,139,23,175.57917526165036,0.5483241709901655,30.971596216323125,0.05293724996592917,369.1749335899328,900,300,15.493567485919494,0.29624888846736874,2.4664920225989437,0.10169645429475414,1.2144455998500985,2.0843900678372327,0.7037511115326313,reactive_gate,838,695,7,0.009971509971509971,0.047244094488188976,695,176.71491692067139,1381.387875557154,47.52337041169704,900.0000000000005,0,81,0,0,0,0.010694673884980091,0.41474026669696235,4369100024.478989,0.0,0,0.0,0.0,0.0,0.0,970,45,0.5234779152913246,0.5295492773338208,0.8889522823426574,0.3393494759134094,379.0909090909091,0.2
scenario_0002,gate_sampled,1,0.7653322034997571,2.4537035339159394,15,190,29,44.20544447206992,0.28371205304734204,157.05028704343368,0.30333484348543116,291.4948375826582,300,60,8.77029627037473,0.11773772721106965,1.1784387439231543,0.6996863440952923,0.8649190897486114,1.9163789176267914,0.8822622727889303,reactive_gate,362,348,0,0.0,0.0,348,84.12744403709598,1442.4849262372813,8.667684175068496,23.43572315626625,0,19,0,0,0,0.0,0.16307409868250103,3134602879.323836,0.0,0,0.0,0.0,0.0,0.0,376,237,0.9688260384738936,0.9688260384738936,0.378930520271087,0.1367945177062487,189.8181818181818,0.09
scenario_0002,gate_sampled,2,0.7653322034997571,2.4537035339159394,15,190,29,44.20544447206992,0.28371205304734204,157.05028704343368,0.30333484348543116,291.4948375826582,300,60,8.77029627037473,0.11773772721106965,1.1784387439231543,0.6996863440952923,0.8649190897486114,1.9163789176267914,0.8822622727889303,reactive_gate,339,321,0,0.0,0.0,321,139.24794551174045,1643.809957534763,19.678760986375767,49.47082436832625,0,26,2,0,0,0.0014327343776633285,0.02740358436822193,1596320759.644295,0.0,0,0.0,0.0,0.0,0.0,423,206,0.9314100609479838,0.9314100609479838,0.4274297279547613,0.1539699516664105,175.0909090909091,0.1
scenario_0002,gate_sampled,3,0.7653322034997571,2.4537035339159394,15,190,29,44.20544447206992,0.28371205304734204,157.05028704343368,0.30333484348543116,291.4948375826582,300,60,8.77029627037473,0.11773772721106965,1.1784387439231543,0.6996863440952923,0.8649190897486114,1.9163789176267914,0.8822622727889303,reactive_gate,323,313,1,0.0031847133757961785,0.014084507042253521,313,54.238035956646854,1293.4203897503423,0.0,3.6395947688743036,0,21,0,0,0,3.8992069673378004e-05,0.0,3218893137.165893,0.0,0,0.0,0.0,0.0,0.0,272,188,0.9490832595451804,0.9516128607909781,0.26184044678408014,0.1310453148831033,170.72727272727275,0.08
scenario_0002,gate_sampled,4,0.7653322034997571,2.4537035339159394,15,190,29,44.20544447206992,0.28371205304734204,157.05028704343368,0.30333484348543116,291.4948375826582,300,60,8.77029627037473,0.11773772721106965,1.1784387439231543,0.6996863440952923,0.8649190897486114,1.9163789176267914,0.8822622727889303,reactive_gate,408,387,1,0.002577319587628866,0.0125,387,28.8006205128205,1161.7381609356855,0.0,7.100822152340697,0,18,0,0,0,0.00284855255780383,0.12322586224959871,3908244905.1857333,0.0,0,0.0,0.0,0.0,0.0,279,166,0.8949763863077229,0.9023122583266386,0.29133848338945006,0.1586131081317476,211.0909090909091,0.09
scenario_0002,gate_sampled,5,0.7653322034997571,2.4537035339159394,15,190,29,44.20544447206992,0.28371205304734204,157.05028704343368,0.30333484348543116,291.4948375826582,300,60,8.77029627037473,0.11773772721106965,1.1784387439231543,0.6996863440952923,0.8649190897486114,1.9163789176267914,0.8822622727889303,reactive_gate,456,433,0,0.0,0.0,433,59.38494401709431,1721.4865258970362,28.617696141636745,86.81920427350451,0,32,2,0,0,0.001932821000322399,0.19710284804789763,3862947425.406432,0.0,0,0.0,0.0,0.0,0.0,312,188,0.8691047677056711,0.8691047677056711,0.37270255849952516,0.1845271583134865,236.1818181818182,0.11
scenario_0002,gate_ship,1,0.7653322034997571,2.4537035339159394,15,190,29,44.20544447206992,0.28371205304734204,157.05028704343368,0.30333484348543116,291.4948375826582,300,60,8.77029627037473,0.11773772721106965,1.1784387439231543,0.6996863440952923,0.8649190897486114,1.9163789176267914,0.8822622727889303,reactive_gate,364,351,0,0.0,0.0,351,87.90905651535286,1427.6612557845765,4.287023397338424,30.422095294745304,0,19,0,0,0,0.0,0.16013239801647855,3213779003.73748,0.0,0,0.0,0.0,0.0,0.0,376,237,0.9789036138109455,0.9789036138109455,0.3791999295217129,0.1399727534750121,191.45454545454547,0.1
scenario_0002,gate_ship,2,0.7653322034997571,2.4537035339159394,15,190,29,44.20544447206992,0.28371205304734204,157.05028704343368,0.30333484348543116,291.4948375826582,300,60,8.77029627037473,0.11773772721106965,1.1784387439231543,0.6996863440952923,0.8649190897486114,1.9163789176267914,0.8822622727889303,reactive_gate,338,316,0,0.0,0.0,316,149.9494311658491,1625.154972996137,22.410629890931506,50.662148449274355,0,25,0,0,0,0.0,0.02800332313919141,1528106800.162434,0.0,0,0.0,0.0,0.0,0.0,413,200,0.9178881181728913,0.9178881181728913,0.43897259812656486,0.1503277086951676,172.36363636363637,0.11
scenario_0002,gate_ship,3,0.7653322034997571,2.4537035339159394,15,190,29,44.20544447206992,0.28371205304734204,157.05028704343368,0.30333484348543116,291.4948375826582,300,60,8.77029627037473,0.11773772721106965,1.1784387439231543,0.6996863440952923,0.8649190897486114,1.9163789176267914,0.8822622727889303,reactive_gate,323,313,1,0.0031847133757961785,0.014084507042253521,313,54.36923753621886,1293.4203897503423,0.0,0.0,0,21,0,0,0,3.955723964477599e-05,0.0,3214454796.3241262,0.0,0,0.0,0.0,0.0,0.0,271,187,0.9493456108822779,0.951848780014492,0.26156507809721147,0.12871776354643033,170.72727272727275,0.08
scenario_0002,gate_ship,4,0.7653322034997571,2.4537035339159394,15,190,29,44.20544447206992,0.28371205304734204,157.05028704343368,0.30333484348543116,291.4948375826582,300,60,8.77029627037473,0.11773772721106965,1.1784387439231543,0.6996863440952923,0.8649190897486114,1.9163789176267914,0.8822622727889303,reactive_gate,406,385,1,0.0025906735751295338,0.0125,385,29.290529773846174,1162.6386707448141,2.1871495400265064,19.166331644823003,0,18,0,0,0,0.0025015579026211633,0.12199170508708151,3872102375.257155,0.0,0,0.0,0.0,0.0,0.0,279,166,0.8922885954261551,0.8996024363722712,0.29328186073987744,0.16056310107260016,210.0,0.09
scenario_0002,gate_ship,5,0.7653322034997571,2.4537035339159394,15,190,29,44.20544447206992,0.28371205304734204,157.05028704343368,0.30333484348543116,291.4948375826582,300,60,8.77029627037473,0.11773772721106965,1.1784387439231543,0.6996863440952923,0.8649190897486114,1.9163789176267914,0.8822622727889303,reactive_gate,457,430,0,0.0,0.0,430,55.159437282599356,1734.1163797055478,32.57353403142188,149.87372636571672,0,32,1,0,0,0.001598105079507624,0.19703821014563241,3798026277.4485106,0.0,0,0.0,0.0,0.0,0.0,312,221,0.8743034066864385,0.8743034066864385,0.3761703676422344,0.18450834099752914,234.54545454545456,0.11
scenario_0002,lease,1,0.7653322034997571,2.4537035339159394,15,190,29,44.20544447206992,0.28371205304734204,157.05028704343368,0.30333484348543116,291.4948375826582,300,60,8.77029627037473,0.11773772721106965,1.1784387439231543,0.6996863440952923,0.8649190897486114,1.9163789176267914,0.8822622727889303,lease,362,347,0,0.0,0.0,347,87.6432154167278,1437.5670265240174,7.071272478715305,29.049385685446396,0,19,0,0,0,0.0,0.16203306123615205,2661649347.174881,17910.51420722201,59,1709.0575069065276,0.0,371400.0,92.4176081661875,376,237,0.9683697395474593,0.9683697395474593,0.3785996358844859,0.13790606911634243,189.27272727272728,0.22
scenario_0002,lease,2,0.7653322034997571,2.4537035339159394,15,190,29,44.20544447206992,0.28371205304734204,157.05028704343368,0.30333484348543116,291.4948375826582,300,60,8.77029627037473,0.11773772721106965,1.1784387439231543,0.6996863440952923,0.8649190897486114,1.9163789176267914,0.8822622727889303,lease,339,317,0,0.0,0.0,317,137.4848328587475,1657.205453587339,21.988199214482282,68.60997118448176,0,26,1,0,0,8.055293733082166e-07,0.02733181741665818,1032933183.1477445,12537.970491026956,82,1417.6694002886634,14.62333556815338,511200.0,130.2729446355786,417,200,0.9181139987396122,0.9181139987396122,0.43075701360183033,0.1544362476727351,172.9090909090909,0.23
scenario_0002,lease,3,0.7653322034997571,2.4537035339159394,15,190,29,44.20544447206992,0.28371205304734204,157.05028704343368,0.30333484348543116,291.4948375826582,300,60,8.77029627037473,0.11773772721106965,1.1784387439231543,0.6996863440952923,0.8649190897486114,1.9163789176267914,0.8822622727889303,lease,323,313,1,0.0031847133757961785,0.014084507042253521,313,54.238035956646854,1285.7025290324123,0.0,0.0,0,21,0,0,0,4.296995011471793e-05,0.0,2738824711.474837,16289.43278005581,68,1649.5919939225887,0.0,282600.0,44.82039561111401,272,188,0.9493216728572305,0.9518549374036469,0.26005622708711046,0.13109113670269776,170.72727272727275,0.18
scenario_0002,lease,4,0.7653322034997571,2.4537035339159394,15,190,29,44.20544447206992,0.28371205304734204,157.05028704343368,0.30333484348543116,291.4948375826582,300,60,8.77029627037473,0.11773772721106965,1.1784387439231543,0.6996863440952923,0.8649190897486114,1.9163789176267914,0.8822622727889303,lease,407,386,1,0.002583979328165375,0.0125,386,27.378948815037347,1159.66761334025,0.9625449093162972,6.383645989933029,0,18,1,0,0,0.002836465562448709,0.12352191018969473,2852046884.4400597,23126.431969936086,84,2043.1941547364545,0.0,474600.0,106.63531229249315,279,166,0.8948963721726122,0.9022315883379616,0.29197800513683847,0.15815456701927472,210.54545454545456,0.21
scenario_0002,lease,5,0.7653322034997571,2.4537035339159394,15,190,29,44.20544447206992,0.28371205304734204,157.05028704343368,0.30333484348543116,291.4948375826582,300,60,8.77029627037473,0.11773772721106965,1.1784387439231543,0.6996863440952923,0.8649190897486114,1.9163789176267914,0.8822622727889303,lease,457,429,0,0.0,0.0,429,54.21167970271381,1717.1894360632689,31.373959332254866,135.2976997390051,0,32,1,0,0,3.0115322084724087e-06,0.19759446331542263,3605447937.1911592,19849.945439845484,62,2085.7814035231786,70.70739507359667,408000.0,209.76192203115255,311,186,0.8681140987761938,0.8681140987761938,0.37685316199602864,0.18383899765266434,234.0,0.25
scenario_0002,clairvoyant,1,0.7653322034997571,2.4537035339159394,15,190,29,44.20544447206992,0.28371205304734204,157.05028704343368,0.30333484348543116,291.4948375826582,300,60,8.77029627037473,0.11773772721106965,1.1784387439231543,0.6996863440952923,0.8649190897486114,1.9163789176267914,0.8822622727889303,clairvoyant,363,348,0,0.0,0.0,348,84.54701919350327,1433.4137728537003,6.782582212564975,100.35865417274272,0,19,1,0,0,0.004188766242364773,0.16727671090733665,1858206521.3752236,1631.2751062896896,186,0.0,0.0,0.0,0.0,376,237,0.9689046113094872,0.9689046113094872,0.37597238356211693,0.132447907669542,189.8181818181818,0.1
scenario_0002,clairvoyant,2,0.7653322034997571,2.4537035339159394,15,190,29,44.20544447206992,0.28371205304734204,157.05028704343368,0.30333484348543116,291.4948375826582,300,60,8.77029627037473,0.11773772721106965,1.1784387439231543,0.6996863440952923,0.8649190897486114,1.9163789176267914,0.8822622727889303,clairvoyant,341,320,0,0.0,0.0,320,141.43177593565815,1631.0441589999111,24.211101158180895,97.33128012384077,0,26,0,0,0,0.0,0.027921661736485755,1074950201.8599508,1464.6394771525806,167,0.0,0.0,0.0,0.0,419,205,0.9360100482142146,0.9360100482142146,0.4347262208538375,0.15077468214725712,174.54545454545456,0.1
scenario_0002,clairvoyant,3,0.7653322034997571,2.4537035339159394,15,190,29,44.20544447206992,0.28371205304734204,157.05028704343368,0.30333484348543116,291.4948375826582,300,60,8.77029627037473,0.11773772721106965,1.1784387439231543,0.6996863440952923,0.8649190897486114,1.9163789176267914,0.8822622727889303,clairvoyant,325,314,1,0.0031746031746031746,0.014084507042253521,314,54.05671355161144,1285.144527237842,0.0,0.0,0,21,0,0,0,5.2684341555135546e-05,0.0,1625415259.157782,1438.3285883414496,164,0.0,0.0,0.0,0.0,274,190,0.9487244978677885,0.9512789906633288,0.25825546603643273,0.12798716740190758,171.27272727272728,0.08
scenario_0002,clairvoyant,4,0.7653322034997571,2.4537035339159394,15,190,29,44.20544447206992,0.28371205304734204,157.05028704343368,0.30333484348543116,291.4948375826582,300,60,8.77029627037473,0.11773772721106965,1.1784387439231543,0.6996863440952923,0.8649190897486114,1.9163789176267914,0.8822622727889303,clairvoyant,410,387,1,0.002577319587628866,0.0125,387,27.502849225992577,1156.7101709356857,0.0,1.6478432149197033,0,18,0,0,0,0.003907209299228924,0.12486198819913473,1258204575.2308857,1561.1127361267054,178,0.0,0.0,0.0,0.0,279,166,0.8941880147946408,0.901517424751974,0.2863216965164465,0.15610615206862144,211.0909090909091,0.09
scenario_0002,clairvoyant,5,0.7653322034997571,2.4537035339159394,15,190,29,44.20544447206992,0.28371205304734204,157.05028704343368,0.30333484348543116,291.4948375826582,300,60,8.77029627037473,0.11773772721106965,1.1784387439231543,0.6996863440952923,0.8649190897486114,1.9163789176267914,0.8822622727889303,clairvoyant,459,436,0,0.0,0.0,436,48.26900618576701,1762.4853225107215,19.270069190374407,181.04559621908902,0,34,1,0,0,0.0001785894820972745,0.1990974549167057,2043379971.5413015,1868.0731055898218,213,0.0,0.0,0.0,0.0,315,217,0.9006382054162376,0.9006382054162376,0.371493560916861,0.1821200068808088,237.81818181818184,0.11
scenario_0002,gate_srpt,1,0.7653322034997571,2.4537035339159394,15,190,29,44.20544447206992,0.28371205304734204,157.05028704343368,0.30333484348543116,291.4948375826582,300,60,8.77029627037473,0.11773772721106965,1.1784387439231543,0.6996863440952923,0.8649190897486114,1.9163789176267914,0.8822622727889303,reactive_gate,363,350,0,0.0,0.0,350,84.60691192646891,1431.639390688289,3.4313561199211002,27.92416611049248,0,19,0,0,0,0.0,0.16013458241681922,3206798207.1171165,0.0,0,0.0,0.0,0.0,0.0,375,236,0.9788331828167789,0.9788331828167789,0.37868802840369514,0.13997035011006345,190.9090909090909,0.1
scenario_0002,gate_srpt,2,0.7653322034997571,2.4537035339159394,15,190,29,44.20544447206992,0.28371205304734204,157.05028704343368,0.30333484348543116,291.4948375826582,300,60,8.77029627037473,0.11773772721106965,1.1784387439231543,0.6996863440952923,0.8649190897486114,1.9163789176267914,0.8822622727889303,reactive_gate,340,319,0,0.0,0.0,319,139.24794551174045,1650.9500912019207,21.427836390190876,117.25085590657454,0,25,1,0,0,7.236882538048188e-07,0.026629966083784127,1586156691.320837,0.0,0,0.0,0.0,0.0,0.0,421,208,0.9272644669795838,0.9272644669795838,0.4310732958603125,0.1589973594443093,174.0,0.1
scenario_0002,gate_srpt,3,0.7653322034997571,2.4537035339159394,15,190,29,44.20544447206992,0.28371205304734204,157.05028704343368,0.30333484348543116,291.4948375826582,300,60,8.77029627037473,0.11773772721106965,1.1784387439231543,0.6996863440952923,0.8649190897486114,1.9163789176267914,0.8822622727889303,reactive_gate,323,313,1,0.0031847133757961785,0.014084507042253521,313,54.36923753621886,1293.4203897503423,0.0,0.0,0,21,0,0,0,3.955723964477599e-05,0.0,3214454796.3241262,0.0,0,0.0,0.0,0.0,0.0,271,187,0.9493456108822779,0.951848780014492,0.26156507809721147,0.12871776354643033,170.72727272727275,0.08
scenario_0002,gate_srpt,4,0.7653322034997571,2.4537035339159394,15,190,29,44.20544447206992,0.28371205304734204,157.05028704343368,0.30333484348543116,291.4948375826582,300,60,8.77029627037473,0.11773772721106965,1.1784387439231543,0.6996863440952923,0.8649190897486114,1.9163789176267914,0.8822622727889303,reactive_gate,407,385,1,0.0025906735751295338,0.0125,385,29.290529773846174,1162.6386707448141,2.0689706187144083,23.52413000767774,0,18,0,0,0,0.0024598527539208765,0.12195428399086802,3856710455.032296,0.0,0,0.0,0.0,0.0,0.0,279,166,0.8929338206250854,0.9002529503023401,0.2938840751877752,0.1606167905776683,210.0,0.09
scenario_0002,gate_srpt,5,0.7653322034997571,2.4537035339159394,15,190,29,44.20544447206992,0.28371205304734204,157.05028704343368,0.30333484348543116,291.4948375826582,300,60,8.77029627037473,0.11773772721106965,1.1784387439231543,0.6996863440952923,0.8649190897486114,1.9163789176267914,0.8822622727889303,reactive_gate,459,429,0,0.0,0.0,429,49.33691666666709,1713.610978617007,26.912886557667804,160.49216640137274,0,32,1,0,0,0.0015923633756848305,0.1948203315400818,3766908973.3222556,0.0,0,0.0,0.0,0.0,0.0,309,219,0.8916335605663549,0.8916335605663549,0.37641251843650175,0.18726906778205465,234.0,0.11
scenario_0003,gate_sampled,1,0.7351502762261534,1.1823084876159164,16,156,17,177.3641205914313,0.36489512565990817,220.31644373012375,0.10939554103344536,183.31057775306962,300,900,7.923261858534097,0.1693255671544028,0.8850006984039246,0.31107840581426394,1.1699309125964117,2.1639764760247253,0.8306744328455972,reactive_gate,247,203,5,0.02403846153846154,0.10204081632653061,203,93.15667506791578,2420.394898629024,0.0,300.0,0,211,0,0,0,0.008673685238011165,0.4567894641847338,4348471777.602071,0.0,0,0.0,0.0,0.0,0.0,217,27,0.5637205879206828,0.5846001707920272,0.2124896877387659,0.1477259415548001,110.72727272727273,0.07
scenario_0003,gate_sampled,2,0.7351502762261534,1.1823084876159164,16,156,17,177.3641205914313,0.36489512565990817,220.31644373012375,0.10939554103344536,183.31057775306962,300,900,7.923261858534097,0.1693255671544028,0.8850006984039246,0.31107840581426394,1.1699309125964117,2.1639764760247253,0.8306744328455972,reactive_gate,239,211,2,0.009389671361502348,0.041666666666666664,211,158.7997719691666,2687.674044710947,0.0,300.0,0,72,0,0,0,0.0018382913978423924,0.3435242280469013,3862644085.5090985,0.0,0,0.0,0.0,0.0,0.0,271,14,0.6535377706070141,0.6689151299154145,0.25302020140102954,0.15817680123290576,115.0909090909091,0.07
scenario_0003,gate_sampled,3,0.7351502762261534,1.1823084876159164,16,156,17,177.3641205914313,0.36489512565990817,220.31644373012375,0.10939554103344536,183.31057775306962,300,900,7.923261858534097,0.1693255671544028,0.8850006984039246,0.31107840581426394,1.1699309125964117,2.1639764760247253,0.8306744328455972,reactive_gate,218,194,2,0.01020408163265306,0.04081632653061224,194,62.86996494206642,1233.1662061914662,0.0,300.0,0,63,0,0,0,0.00233895666256795,0.5811795818469638,2998522560.239762,0.0,0,0.0,0.0,0.0,0.0,147,48,0.7152506375746395,0.7276277114790797,0.188295452991453,0.12577236293895133,105.81818181818183,0.05
scenario_0003,gate_sampled,4,0.7351502762261534,1.1823084876159164,16,156,17,177.3641205914313,0.36489512565990817,220.31644373012375,0.10939554103344536,183.31057775306962,300,900,7.923261858534097,0.1693255671544028,0.8850006984039246,0.31107840581426394,1.1699309125964117,2.1639764760247253,0.8306744328455972,reactive_gate,281,265,0,0.0,0.0,265,63.16068263482839,1487.8685428616234,0.0,300.00000000000045,0,39,0,0,0,0.0,0.2620640079752927,3689905864.7104363,0.0,0,0.0,0.0,0.0,0.0,176,22,0.7223885797585113,0.7223885797585113,0.2364800462558275,0.18844690028972227,144.54545454545456,0.07
scenario_0003,gate_sampled,5,0.7351502762261534,1.1823084876159164,16,156,17,177.3641205914313,0.36489512565990817,220.31644373012375,0.10939554103344536,183.31057775306962,300,900,7.923261858534097,0.1693255671544028,0.8850006984039246,0.31107840581426394,1.1699309125964117,2.1639764760247253,0.8306744328455972,reactive_gate,308,264,9,0.03296703296703297,0.225,264,69.89036493278792,2721.1246600649733,0.0,300.00000000000045,0,210,0,0,0,0.015319708371809432,0.464708456630794,4896911723.803551,0.0,0,0.0,0.0,0.0,0.0,212,22,0.5139525065250473,0.5642304691198888,0.2519591253885004,0.1566843681639323,144.0,0.08
scenario_0003,gate_ship,1,0.7351502762261534,1.1823084876159164,16,156,17,177.3641205914313,0.36489512565990817,220.31644373012375,0.10939554103344536,183.31057775306962,300,900,7.923261858534097,0.1693255671544028,0.8850006984039246,0.31107840581426394,1.1699309125964117,2.1639764760247253,0.8306744328455972,reactive_gate,284,267,2,0.007434944237918215,0.030303030303030304,267,122.40338003971283,1511.6160263052573,0.0,88.44174870012466,0,48,0,0,0,0.0013022596128656695,0.39300518680326835,3737503608.0208344,0.0,0,0.0,0.0,0.0,0.0,235,87,0.8789433004923692,0.8862902532025292,0.27574346785563975,0.2030871461472695,145.63636363636365,0.08
scenario_0003,gate_ship,2,0.7351502762261534,1.1823084876159164,16,156,17,177.3641205914313,0.36489512565990817,220.31644373012375,0.10939554103344536,183.31057775306962,300,900,7.923261858534097,0.1693255671544028,0.8850006984039246,0.31107840581426394,1.1699309125964117,2.1639764760247253,0.8306744328455972,reactive_gate,250,226,1,0.004405286343612335,0.02,226,119.67377278178378,1529.1525676669244,0.7958593763296611,52.31211187925874,0,23,0,0,0,0.0011654161052182571,0.3086507434810312,3369457293.183262,0.0,0,0.0,0.0,0.0,0.0,292,94,0.8423035224731531,0.8520977494786549,0.28430763552188554,0.18896801920642825,123.27272727272728,0.08
scenario_0003,gate_ship,3,0.7351502762261534,1.1823084876159164,16,156,17,177.3641205914313,0.36489512565990817,220.31644373012375,0.10939554103344536,183.31057775306962,300,900,7.923261858534097,0.1693255671544028,0.8850006984039246,0.31107840581426394,1.1699309125964117,2.1639764760247253,0.8306744328455972,reactive_gate,234,215,2,0.009216589861751152,0.03773584905660377,215,56.97684687110234,1216.614951106582,0.0,17.80133511418353,0,50,0,0,0,0.002194357974892432,0.5545065017141368,3186499435.6436086,0.0,0,0.0,0.0,0.0,0.0,154,76,0.853580842617257,0.8695472942122013,0.2008274301832427,0.14108077274330794,117.27272727272728,0.06
scenario_0003,gate_ship,4,0.7351502762261534,1.1823084876159164,16,156,17,177.3641205914313,0.36489512565990817,220.31644373012375,0.10939554103344536,183.31057775306962,300,900,7.923261858534097,0.1693255671544028,0.8850006984039246,0.31107840581426394,1.1699309125964117,2.1639764760247253,0.8306744328455972,reactive_gate,290,277,0,0.0,0.0,277,47.06749081350608,1441.1542110629512,0.0,0.0,0,18,0,0,0,0.0,0.32644574214356287,3592723797.7341375,0.0,0,0.0,0.0,0.0,0.0,192,96,0.9215058588476621,0.9215058588476621,0.2491104262011137,0.19898658486282972,151.0909090909091,0.07
scenario_0003,gate_ship,5,0.7351502762261534,1.1823084876159164,16,156,17,177.3641205914313,0.36489512565990817,220.31644373012375,0.10939554103344536,183.31057775306962,300,900,7.923261858534097,0.1693255671544028,0.8850006984039246,0.31107840581426394,1.1699309125964117,2.1639764760247253,0.8306744328455972,reactive_gate,375,353,2,0.005633802816901409,0.041666666666666664,353,88.16687258385355,1469.071710074991,9.192787246095028,300.0,0,48,0,0,0,0.0015444987839407418,0.4081373008469903,3965215550.7002716,0.0,0,0.0,0.0,0.0,0.0,262,68,0.8290685663080978,0.845817426233514,0.3419459948766511,0.2471271766018023,192.54545454545456,0.1
scenario_0003,lease,1,0.7351502762261534,1.1823084876159164,16,156,17,177.3641205914313,0.36489512565990817,220.31644373012375,0.10939554103344536,183.31057775306962,300,900,7.923261858534097,0.1693255671544028,0.8850006984039246,0.31107840581426394,1.1699309125964117,2.1639764760247253,0.8306744328455972,lease,283,264,2,0.007518796992481203,0.030303030303030304,264,131.58435791133434,1501.4322195808177,0.0,191.03190270545565,0,47,0,0,0,0.0006211182970198897,0.4008417044893382,3301844199.016408,11339.946971004721,41,1270.182714269838,291.0015317707457,298200.0,228.76327473483616,233,61,0.8614172185259307,0.8684997154456376,0.2723979615627428,0.19617536732665938,144.0,0.18
scenario_0003,lease,2,0.7351502762261534,1.1823084876159164,16,156,17,177.3641205914313,0.36489512565990817,220.31644373012375,0.10939554103344536,183.31057775306962,300,900,7.923261858534097,0.1693255671544028,0.8850006984039246,0.31107840581426394,1.1699309125964117,2.1639764760247253,0.8306744328455972,lease,251,225,1,0.004424778761061947,0.02,225,117.00747371663238,1523.0182011281242,0.8483690689695009,95.82766304517918,0,23,0,0,0,0.001160563389128741,0.3110824471929098,3012235493.7102175,9128.331430408913,43,1209.8359462957317,45.697354432754764,462600.0,205.51270830709007,290,79,0.8411811366319315,0.8509623126392795,0.28505895939361564,0.18658694399675682,122.72727272727273,0.18
scenario_0003,lease,3,0.7351502762261534,1.1823084876159164,16,156,17,177.3641205914313,0.36489512565990817,220.31644373012375,0.10939554103344536,183.31057775306962,300,900,7.923261858534097,0.1693255671544028,0.8850006984039246,0.31107840581426394,1.1699309125964117,2.1639764760247253,0.8306744328455972,lease,233,215,2,0.009216589861751152,0.03773584905660377,215,58.97542922964021,1223.5840041065817,0.0,61.827066071539775,0,50,0,0,0,0.0022408989217280596,0.5571084314664907,3199579794.418885,5029.961745287144,33,451.06802287991525,30.977853676050472,249000.0,70.61196015460882,154,70,0.8491028749837969,0.864899006590109,0.20033508740854056,0.13945122616918212,117.27272727272728,0.13
scenario_0003,lease,4,0.7351502762261534,1.1823084876159164,16,156,17,177.3641205914313,0.36489512565990817,220.31644373012375,0.10939554103344536,183.31057775306962,300,900,7.923261858534097,0.1693255671544028,0.8850006984039246,0.31107840581426394,1.1699309125964117,2.1639764760247253,0.8306744328455972,lease,290,277,0,0.0,0.0,277,48.25144397300846,1426.3281800504647,0.0,48.644936597058404,0,18,0,0,0,0.0,0.3283682866606228,3136322340.349268,11250.76281987775,44,618.218027692886,69.20902599603414,361200.0,203.3018630347617,192,78,0.9205586628527072,0.9205586628527072,0.24812146739429553,0.19710195903935968,151.0909090909091,0.17
scenario_0003,lease,5,0.7351502762261534,1.1823084876159164,16,156,17,177.3641205914313,0.36489512565990817,220.31644373012375,0.10939554103344536,183.31057775306962,300,900,7.923261858534097,0.1693255671544028,0.8850006984039246,0.31107840581426394,1.1699309125964117,2.1639764760247253,0.8306744328455972,lease,376,354,2,0.0056179775280898875,0.0425531914893617,354,105.64874921608998,1473.895970199634,2.4764978441774685,250.904358608268,0,43,1,0,0,0.003312010609533008,0.4082254044506607,3332545218.1073256,8443.133343973992,35,1213.9438451793294,270.895915996869,405000.0,782.5591286943045,260,51,0.8255415146364021,0.8422191209926931,0.3352054584425991,0.24702830331028963,193.0909090909091,0.23
scenario_0003,clairvoyant,1,0.7351502762261534,1.1823084876159164,16,156,17,177.3641205914313,0.36489512565990817,220.31644373012375,0.10939554103344536,183.31057775306962,300,900,7.923261858534097,0.1693255671544028,0.8850006984039246,0.31107840581426394,1.1699309125964117,2.1639764760247253,0.8306744328455972,clairvoyant,285,267,2,0.007434944237918215,0.030303030303030304,267,129.70874522998474,1495.4976204786246,0.0,274.85642635104523,0,47,0,0,0,5.704409626055891e-05,0.3958226900849694,1885360163.7798932,673.4772579753962,85,0.0,0.0,0.0,0.0,235,74,0.8587091887559133,0.8659840379829987,0.27132554490012306,0.20034879470772135,145.63636363636365,0.08
scenario_0003,clairvoyant,2,0.7351502762261534,1.1823084876159164,16,156,17,177.3641205914313,0.36489512565990817,220.31644373012375,0.10939554103344536,183.31057775306962,300,900,7.923261858534097,0.1693255671544028,0.8850006984039246,0.31107840581426394,1.1699309125964117,2.1639764760247253,0.8306744328455972,clairvoyant,251,228,1,0.004366812227074236,0.0196078431372549,228,120.08046875918649,1508.2798996961785,0.9440521859750972,115.7683516652869,0,23,0,0,0,0.0013390107456893346,0.3139565806104104,1420454938.0850134,831.9424951460855,105,0.0,0.0,0.0,0.0,291,89,0.8411237185721759,0.8509042269276663,0.2828921796611953,0.1837378576562275,124.36363636363637,0.09
scenario_0003,clairvoyant,3,0.7351502762261534,1.1823084876159164,16,156,17,177.3641205914313,0.36489512565990817,220.31644373012375,0.10939554103344536,183.31057775306962,300,900,7.923261858534097,0.1693255671544028,0.8850006984039246,0.31107840581426394,1.1699309125964117,2.1639764760247253,0.8306744328455972,clairvoyant,236,216,2,0.009174311926605505,0.03773584905660377,216,54.1234507434026,1215.4906590373039,0.0,44.20180837585849,0,50,0,0,0,0.0027865491829831227,0.5617926094808455,2974108988.327348,760.6331384192717,96,0.0,0.0,0.0,0.0,155,73,0.8516894893026625,0.8675903617360469,0.19895096862454675,0.13651967339492888,117.81818181818183,0.06
scenario_0003,clairvoyant,4,0.7351502762261534,1.1823084876159164,16,156,17,177.3641205914313,0.36489512565990817,220.31644373012375,0.10939554103344536,183.31057775306962,300,900,7.923261858534097,0.1693255671544028,0.8850006984039246,0.31107840581426394,1.1699309125964117,2.1639764760247253,0.8306744328455972,clairvoyant,290,277,0,0.0,0.0,277,45.10167289572155,1423.6137640504644,0.0,0.6797524401290502,0,18,0,0,0,0.0,0.3312786056869574,2144128332.588571,839.8657570046116,106,0.0,0.0,0.0,0.0,193,94,0.9209536335441273,0.9209536335441273,0.24817554816595444,0.19421130864210054,151.0909090909091,0.07
scenario_0003,clairvoyant,5,0.7351502762261534,1.1823084876159164,16,156,17,177.3641205914313,0.36489512565990817,220.31644373012375,0.10939554103344536,183.31057775306962,300,900,7.923261858534097,0.1693255671544028,0.8850006984039246,0.31107840581426394,1.1699309125964117,2.1639764760247253,0.8306744328455972,clairvoyant,383,359,3,0.008287292817679558,0.0625,359,73.86743089167976,1430.6525905111935,1.7470425230109334,300.0,0,59,0,0,0,0.0034793025218815958,0.4152959413341046,2209878793.40673,934.944899307023,118,0.0,0.0,0.0,0.0,260,53,0.8501711582385174,0.8761968059396966,0.33231167488587804,0.24034313432366675,195.8181818181818,0.1
scenario_0003,gate_srpt,1,0.7351502762261534,1.1823084876159164,16,156,17,177.3641205914313,0.36489512565990817,220.31644373012375,0.10939554103344536,183.31057775306962,300,900,7.923261858534097,0.1693255671544028,0.8850006984039246,0.31107840581426394,1.1699309125964117,2.1639764760247253,0.8306744328455972,reactive_gate,284,267,2,0.007434944237918215,0.030303030303030304,267,110.6663540013542,1511.6160263052573,0.0,88.44174870012466,0,49,0,0,0,0.0012923255130548698,0.40636963619108124,3700173983.995699,0.0,0,0.0,0.0,0.0,0.0,235,89,0.8786482006483958,0.8859830728160771,0.2755641643113831,0.20298414221917827,145.63636363636365,0.08
scenario_0003,gate_srpt,2,0.7351502762261534,1.1823084876159164,16,156,17,177.3641205914313,0.36489512565990817,220.31644373012375,0.10939554103344536,183.31057775306962,300,900,7.923261858534097,0.1693255671544028,0.8850006984039246,0.31107840581426394,1.1699309125964117,2.1639764760247253,0.8306744328455972,reactive_gate,250,225,1,0.004424778761061947,0.02,225,120.9715290865006,1530.6010929730282,0.8967201453140003,60.41648034795435,0,23,0,0,0,0.001165750128623406,0.30873089586549896,3367479731.8142657,0.0,0,0.0,0.0,0.0,0.0,293,94,0.8413351447499205,0.8511181115493381,0.28388732426427743,0.188880959586822,122.72727272727273,0.08
scenario_0003,gate_srpt,3,0.7351502762261534,1.1823084876159164,16,156,17,177.3641205914313,0.36489512565990817,220.31644373012375,0.10939554103344536,183.31057775306962,300,900,7.923261858534097,0.1693255671544028,0.8850006984039246,0.31107840581426394,1.1699309125964117,2.1639764760247253,0.8306744328455972,reactive_gate,234,215,2,0.009216589861751152,0.03773584905660377,215,56.97684687110234,1216.614951106582,0.0,16.784268421569323,0,50,0,0,0,0.002193506833787919,0.5545039428953727,3173863443.924088,0.0,0,0.0,0.0,0.0,0.0,155,76,0.8540251270259386,0.8700051422215006,0.20087794703849393,0.14108236251038758,117.27272727272728,0.06
scenario_0003,gate_srpt,4,0.7351502762261534,1.1823084876159164,16,156,17,177.3641205914313,0.36489512565990817,220.31644373012375,0.10939554103344536,183.31057775306962,300,900,7.923261858534097,0.1693255671544028,0.8850006984039246,0.31107840581426394,1.1699309125964117,2.1639764760247253,0.8306744328455972,reactive_gate,290,277,0,0.0,0.0,277,47.06749081350608,1441.1542110629512,0.0,0.0,0,18,0,0,0,0.0,0.32644574214356287,3592723797.7341375,0.0,0,0.0,0.0,0.0,0.0,192,96,0.9215058588476621,0.9215058588476621,0.2491104262011137,0.19898658486282972,151.0909090909091,0.07
scenario_0003,gate_srpt,5,0.7351502762261534,1.1823084876159164,16,156,17,177.3641205914313,0.36489512565990817,220.31644373012375,0.10939554103344536,183.31057775306962,300,900,7.923261858534097,0.1693255671544028,0.8850006984039246,0.31107840581426394,1.1699309125964117,2.1639764760247253,0.8306744328455972,reactive_gate,377,356,2,0.00558659217877095,0.041666666666666664,356,89.31167696506373,1460.765210868905,7.001557186106148,293.9376213406267,0,45,0,0,0,0.001446874389085869,0.4080870906720145,3933370792.7679157,0.0,0,0.0,0.0,0.0,0.0,261,68,0.8455413819694254,0.8626230260496158,0.3438197861264893,0.24715570790339944,194.1818181818182,0.1
scenario_0004,gate_sampled,1,3.675472812031094,4.726257256130564,8,150,24,23.49611347545937,0.13108014550138095,83.85797248786798,0.32010533461546853,594.4266671214542,900,900,1.2981341628087275,0.2178503096121513,0.21844527131830385,0.8356728746335957,0.8319916997110613,0.9064171732216624,0.7821496903878487,reactive_gate,903,203,52,0.20392156862745098,0.36879432624113473,203,1535.0961686134851,4468.23620086462,541.5149383006185,900.0000000000005,0,1037,0,0,0,0.01896423404255356,0.28956233923543434,10553543007.001404,0.0,0,0.0,0.0,0.0,0.0,8,0,0.05602787892761369,0.05995965990499008,0.9257297661794225,0.021940175314005533,110.72727272727273,0.56
scenario_0004,gate_sampled,2,3.675472812031094,4.726257256130564,8,150,24,23.49611347545937,0.13108014550138095,83.85797248786798,0.32010533461546853,594.4266671214542,900,900,1.2981341628087275,0.2178503096121513,0.21844527131830385,0.8356728746335957,0.8319916997110613,0.9064171732216624,0.7821496903878487,reactive_gate,831,250,62,0.1987179487179487,0.496,250,1200.6352389478307,4024.4963691452303,546.634512509165,900.0000000000005,0,1204,0,0,0,0.01901639416202716,0.0,10744355499.487715,0.0,0,0.0,0.0,0.0,0.0,5,0,0.06984636040842396,0.0771490152909236,0.9629579490093241,0.014428607024693105,136.36363636363637,0.62
scenario_0004,gate_sampled,3,3.675472812031094,4.726257256130564,8,150,24,23.49611347545937,0.13108014550138095,83.85797248786798,0.32010533461546853,594.4266671214542,900,900,1.2981341628087275,0.2178503096121513,0.21844527131830385,0.8356728746335957,0.8319916997110613,0.9064171732216624,0.7821496903878487,reactive_gate,850,311,39,0.11142857142857143,0.325,311,1036.7137683955,4193.919981935233,410.66974953533685,900.0000000000005,0,827,0,0,0,0.014730406356349632,0.0,10336968309.08827,0.0,0,0.0,0.0,0.0,0.0,6,0,0.1034819987449695,0.11032233425523018,0.9690150380973195,0.023792576943730832,169.63636363636365,0.54
scenario_0004,gate_sampled,4,3.675472812031094,4.726257256130564,8,150,24,23.49611347545937,0.13108014550138095,83.85797248786798,0.32010533461546853,594.4266671214542,900,900,1.2981341628087275,0.2178503096121513,0.21844527131830385,0.8356728746335957,0.8319916997110613,0.9064171732216624,0.7821496903878487,reactive_gate,983,307,56,0.15426997245179064,0.36129032258064514,307,1237.7125900326027,4736.301859591527,518.3035237252681,900.0000000000005,0,919,0,0,0,0.014034220462396569,0.0,10124631625.3592,0.0,0,0.0,0.0,0.0,0.0,9,0,0.05912486611033052,0.06366669395968376,0.9777724559132998,0.0348147455197381,167.45454545454547,0.65
scenario_0004,gate_sampled,5,3.675472812031094,4.726257256130564,8,150,24,23.49611347545937,0.13108014550138095,83.85797248786798,0.32010533461546853,594.4266671214542,900,900,1.2981341628087275,0.2178503096121513,0.21844527131830385,0.8356728746335957,0.8319916997110613,0.9064171732216624,0.7821496903878487,reactive_gate,802,338,40,0.10582010582010581,0.3076923076923077,338,993.2925297295668,5519.008584089058,356.7065088287585,900.0000000000005,0,853,0,0,0,0.011870230430697236,0.0,10261144457.204447,0.0,0,0.0,0.0,0.0,0.0,7,0,0.107156176530539,0.11539895934058046,0.9896682856449107,0.03336973465221913,184.36363636363637,0.52
scenario_0004,gate_ship,1,3.675472812031094,4.726257256130564,8,150,24,23.49611347545937,0.13108014550138095,83.85797248786798,0.32010533461546853,594.4266671214542,900,900,1.2981341628087275,0.2178503096121513,0.21844527131830385,0.8356728746335957,0.8319916997110613,0.9064171732216624,0.7821496903878487,reactive_gate,967,209,116,0.3569230769230769,0.8285714285714286,209,411.3169622635751,5469.833748658098,536.6116576849791,900.0000000000005,0,2226,0,0,0,0.0,0.0,3706520285.2793617,0.0,0,0.0,0.0,0.0,0.0,4,0,0.03627279997398971,0.042469625890017404,0.9800316874757188,0.05593828455796749,114.0,0.66
scenario_0004,gate_ship,2,3.675472812031094,4.726257256130564,8,150,24,23.49611347545937,0.13108014550138095,83.85797248786798,0.32010533461546853,594.4266671214542,900,900,1.2981341628087275,0.2178503096121513,0.21844527131830385,0.8356728746335957,0.8319916997110613,0.9064171732216624,0.7821496903878487,reactive_gate,756,128,111,0.46443514644351463,0.9173553719008265,128,669.18005336798,4272.789601768338,78.76323519889581,900.0000000000005,0,2292,0,0,0,0.0,0.0,3334635190.8327284,0.0,0,0.0,0.0,0.0,0.0,8,0,0.043005078397525674,0.051944336266674274,0.9929735983796296,0.04971775441214304,69.81818181818183,0.57
scenario_0004,gate_ship,3,3.675472812031094,4.726257256130564,8,150,24,23.49611347545937,0.13108014550138095,83.85797248786798,0.32010533461546853,594.4266671214542,900,900,1.2981341628087275,0.2178503096121513,0.21844527131830385,0.8356728746335957,0.8319916997110613,0.9064171732216624,0.7821496903878487,reactive_gate,816,230,68,0.22818791946308725,0.7311827956989247,230,360.59026842397776,3009.4907656737496,68.4400298668018,900.0000000000005,0,1649,0,0,0,0.0,0.15143571096458425,3479290534.9483104,0.0,0,0.0,0.0,0.0,0.0,2,0,0.05507096130077809,0.061794166630137,0.9914704950061513,0.08556681538166418,125.45454545454545,0.54
scenario_0004,gate_ship,4,3.675472812031094,4.726257256130564,8,150,24,23.49611347545937,0.13108014550138095,83.85797248786798,0.32010533461546853,594.4266671214542,900,900,1.2981341628087275,0.2178503096121513,0.21844527131830385,0.8356728746335957,0.8319916997110613,0.9064171732216624,0.7821496903878487,reactive_gate,1016,285,100,0.2597402597402597,0.7194244604316546,285,239.87001544326085,3117.3055074624735,311.75499637740927,900.0000000000005,0,2011,0,0,0,0.0,0.0,3969069264.337888,0.0,0,0.0,0.0,0.0,0.0,3,0,0.05858192199413546,0.06712156076879078,0.9930947727677416,0.07994429793803853,155.45454545454547,0.64
scenario_0004,gate_ship,5,3.675472812031094,4.726257256130564,8,150,24,23.49611347545937,0.13108014550138095,83.85797248786798,0.32010533461546853,594.4266671214542,900,900,1.2981341628087275,0.2178503096121513,0.21844527131830385,0.8356728746335957,0.8319916997110613,0.9064171732216624,0.7821496903878487,reactive_gate,762,226,89,0.28253968253968254,0.9175257731958762,226,258.46993861930605,4062.8882383730743,63.8373921746807,900.0000000000005,0,1836,0,0,0,0.0,0.0,3654207836.804423,0.0,0,0.0,0.0,0.0,0.0,2,0,0.04961580645998925,0.059091786663721106,0.9932844283054908,0.05342717480484487,123.27272727272728,0.54
scenario_0004,lease,1,3.675472812031094,4.726257256130564,8,150,24,23.49611347545937,0.13108014550138095,83.85797248786798,0.32010533461546853,594.4266671214542,900,900,1.2981341628087275,0.2178503096121513,0.21844527131830385,0.8356728746335957,0.8319916997110613,0.9064171732216624,0.7821496903878487,lease,975,225,108,0.32432432432432434,0.7397260273972602,225,408.9695605213037,3533.2935556226375,806.2289421703181,900.0000000000005,0,2113,0,0,0,0.0,0.20735610872221402,923318077.9944388,2332.857509535937,29,0.0,0.0,571200.0,0.0,6,0,0.04593646397408703,0.05314742052815883,0.980040378480316,0.053730098949486445,122.72727272727273,0.9
scenario_0004,lease,2,3.675472812031094,4.726257256130564,8,150,24,23.49611347545937,0.13108014550138095,83.85797248786798,0.32010533461546853,594.4266671214542,900,900,1.2981341628087275,0.2178503096121513,0.21844527131830385,0.8356728746335957,0.8319916997110613,0.9064171732216624,0.7821496903878487,lease,793,185,108,0.36860068259385664,0.84375,185,588.9781284648027,5887.339837917789,469.4504613584509,900.0000000000005,0,2220,0,0,0,0.0,0.0,962112384.5330534,3532.8385498948132,31,0.0,0.0,645600.0,0.0,5,0,0.04947536346477658,0.05942571589344673,0.9922650672591298,0.09530535054601497,100.9090909090909,0.92
scenario_0004,lease,3,3.675472812031094,4.726257256130564,8,150,24,23.49611347545937,0.13108014550138095,83.85797248786798,0.32010533461546853,594.4266671214542,900,900,1.2981341628087275,0.2178503096121513,0.21844527131830385,0.8356728746335957,0.8319916997110613,0.9064171732216624,0.7821496903878487,lease,825,248,64,0.20512820512820512,0.6736842105263158,248,463.2002344260943,4833.955852551227,784.7659054263976,900.0000000000005,0,1560,0,0,0,0.0,0.0,1076950240.804627,4527.776718986812,43,0.0,0.0,544800.0,1.1843024603876984,2,0,0.07210848555415375,0.08030554252656198,0.9869337812742812,0.10551921912620592,135.27272727272728,0.84
scenario_0004,lease,4,3.675472812031094,4.726257256130564,8,150,24,23.49611347545937,0.13108014550138095,83.85797248786798,0.32010533461546853,594.4266671214542,900,900,1.2981341628087275,0.2178503096121513,0.21844527131830385,0.8356728746335957,0.8319916997110613,0.9064171732216624,0.7821496903878487,lease,1069,348,90,0.2054794520547945,0.6521739130434783,348,223.22839792946797,4198.822267721761,521.3799322845017,900.0000000000005,0,1962,0,0,0,0.0,0.0,896973770.4542195,3652.1715423359897,30,0.0,0.0,921600.0,0.0,6,0,0.07025912912211933,0.0793443613361865,0.9874965650171588,0.09444676707939063,189.8181818181818,1.07
scenario_0004,lease,5,3.675472812031094,4.726257256130564,8,150,24,23.49611347545937,0.13108014550138095,83.85797248786798,0.32010533461546853,594.4266671214542,900,900,1.2981341628087275,0.2178503096121513,0.21844527131830385,0.8356728746335957,0.8319916997110613,0.9064171732216624,0.7821496903878487,lease,778,255,83,0.2455621301775148,0.8217821782178217,255,359.5503132550366,5116.898876046401,620.0672111422607,900.0000000000005,0,1708,0,0,0,0.0,0.0,1154148339.400411,3424.331002791939,37,0.0,0.0,634800.0,0.0,3,0,0.0685941613621457,0.08060537527155096,0.9899058781160969,0.06659457404838383,139.0909090909091,0.85
scenario_0004,clairvoyant,1,3.675472812031094,4.726257256130564,8,150,24,23.49611347545937,0.13108014550138095,83.85797248786798,0.32010533461546853,594.4266671214542,900,900,1.2981341628087275,0.2178503096121513,0.21844527131830385,0.8356728746335957,0.8319916997110613,0.9064171732216624,0.7821496903878487,clairvoyant,1372,796,76,0.0871559633027523,0.26373626373626374,796,18.790047542523098,3398.461520953548,180.35822758436308,900.0000000000005,0,1672,0,0,0,0.046709440175009775,0.183309217511817,8514892212.987817,12.981341628087137,10,0.0,0.0,0.0,0.0,17,0,0.25994605491384903,0.2863162667209292,0.9935114618622118,0.043920381172961605,434.1818181818182,0.73
scenario_0004,clairvoyant,2,3.675472812031094,4.726257256130564,8,150,24,23.49611347545937,0.13108014550138095,83.85797248786798,0.32010533461546853,594.4266671214542,900,900,1.2981341628087275,0.2178503096121513,0.21844527131830385,0.8356728746335957,0.8319916997110613,0.9064171732216624,0.7821496903878487,clairvoyant,1503,1050,84,0.07407407407407407,0.32510288065843623,1050,18.356192187593024,3241.369578935137,167.84681215255978,900.0000000000005,0,1682,0,0,0,0.027833483461784613,0.17548794750152052,8879613694.171139,1.298134162808708,1,0.0,0.0,0.0,0.0,11,0,0.28365934429420997,0.3243167080202905,0.9963619221056721,0.03291720580194933,572.7272727272727,0.83
scenario_0004,clairvoyant,3,3.675472812031094,4.726257256130564,8,150,24,23.49611347545937,0.13108014550138095,83.85797248786798,0.32010533461546853,594.4266671214542,900,900,1.2981341628087275,0.2178503096121513,0.21844527131830385,0.8356728746335957,0.8319916997110613,0.9064171732216624,0.7821496903878487,clairvoyant,1612,1196,54,0.0432,0.2088888888888889,1196,18.865255691290486,2912.5003110868274,127.9166831418588,900.0000000000005,0,1150,0,0,0,0.048234084764610996,0.046629643329414786,7821923382.492284,2.596268325617473,2,0.0,0.0,0.0,0.0,7,0,0.33646919828653965,0.36549389592892906,0.9959348860641674,0.04378894832771645,652.3636363636364,0.77
scenario_0004,clairvoyant,4,3.675472812031094,4.726257256130564,8,150,24,23.49611347545937,0.13108014550138095,83.85797248786798,0.32010533461546853,594.4266671214542,900,900,1.2981341628087275,0.2178503096121513,0.21844527131830385,0.8356728746335957,0.8319916997110613,0.9064171732216624,0.7821496903878487,clairvoyant,1846,1308,82,0.058992805755395686,0.26174496644295303,1308,18.67759043345876,2976.2495838955324,157.7206905233374,900.0000000000005,0,1429,0,0,0,0.03746555465363105,0.017878607912304684,7837579581.448194,6.490670814043767,5,0.0,0.0,0.0,0.0,11,0,0.31153294905060697,0.34430151253418895,0.9936653062678064,0.04769269938564724,713.4545454545455,0.92
scenario_0004,clairvoyant,5,3.675472812031094,4.726257256130564,8,150,24,23.49611347545937,0.13108014550138095,83.85797248786798,0.32010533461546853,594.4266671214542,900,900,1.2981341628087275,0.2178503096121513,0.21844527131830385,0.8356728746335957,0.8319916997110613,0.9064171732216624,0.7821496903878487,clairvoyant,1375,1018,54,0.05037313432835821,0.22127659574468084,1018,18.334170599968047,3724.660191988551,199.3353773607934,900.0000000000005,0,1216,0,0,0,0.024217153969437088,0.01105190652479108,7357268505.041116,7.788804976852589,6,0.0,0.0,0.0,0.0,8,0,0.34001893520793114,0.3746649113221152,0.9956578901596089,0.03905807659317596,555.2727272727273,0.64
scenario_0004,gate_srpt,1,3.675472812031094,4.726257256130564,8,150,24,23.49611347545937,0.13108014550138095,83.85797248786798,0.32010533461546853,594.4266671214542,900,900,1.2981341628087275,0.2178503096121513,0.21844527131830385,0.8356728746335957,0.8319916997110613,0.9064171732216624,0.7821496903878487,reactive_gate,1351,769,68,0.08124253285543608,0.26666666666666666,769,18.151799745211974,2955.451503907326,489.92394069808347,900.0000000000005,0,1650,0,0,0,0.06312987683733144,0.31316791956470375,10381969720.568783,0.0,0,0.0,0.0,0.0,0.0,12,0,0.24169233204046744,0.26265226562666977,0.9873546568165631,0.03245364964910613,419.4545454545455,0.76
scenario_0004,gate_srpt,2,3.675472812031094,4.726257256130564,8,150,24,23.49611347545937,0.13108014550138095,83.85797248786798,0.32010533461546853,594.4266671214542,900,900,1.2981341628087275,0.2178503096121513,0.21844527131830385,0.8356728746335957,0.8319916997110613,0.9064171732216624,0.7821496903878487,reactive_gate,1505,1067,75,0.06567425569176882,0.2845849802371542,1067,17.431383601679954,4180.53680385466,186.24221794603233,900.0000000000005,0,1557,0,0,0,0.035600598930757094,0.04482081407784636,6915098047.5231285,0.0,0,0.0,0.0,0.0,0.0,0,0,0.2787396915092204,0.31406323940138114,0.9902635317437193,0.09654230426183476,582.0,0.87
scenario_0004,gate_srpt,3,3.675472812031094,4.726257256130564,8,150,24,23.49611347545937,0.13108014550138095,83.85797248786798,0.32010533461546853,594.4266671214542,900,900,1.2981341628087275,0.2178503096121513,0.21844527131830385,0.8356728746335957,0.8319916997110613,0.9064171732216624,0.7821496903878487,reactive_gate,1583,1165,49,0.04036243822075782,0.19724770642201836,1165,17.62052684876471,2365.4545980642843,330.5505880753121,900.0000000000005,0,1111,0,0,0,0.06470138801297393,0.01809424977075986,8649834039.450012,0.0,0,0.0,0.0,0.0,0.0,4,0,0.3082599099859901,0.33367400945678255,0.9816918108569671,0.03262962275347292,635.4545454545455,0.8
scenario_0004,gate_srpt,4,3.675472812031094,4.726257256130564,8,150,24,23.49611347545937,0.13108014550138095,83.85797248786798,0.32010533461546853,594.4266671214542,900,900,1.2981341628087275,0.2178503096121513,0.21844527131830385,0.8356728746335957,0.8319916997110613,0.9064171732216624,0.7821496903878487,reactive_gate,1846,1298,76,0.055312954876273655,0.2664233576642336,1298,16.309439106200443,1391.718613186563,402.50969199883883,900.0000000000005,0,1474,0,0,0,0.08080502895845375,0.016501511578249962,8934642124.89845,0.0,0,0.0,0.0,0.0,0.0,6,0,0.2845829617475955,0.31499390234665803,0.9939261994301994,0.0235641643469452,708.0,1.06
scenario_0004,gate_srpt,5,3.675472812031094,4.726257256130564,8,150,24,23.49611347545937,0.13108014550138095,83.85797248786798,0.32010533461546853,594.4266671214542,900,900,1.2981341628087275,0.2178503096121513,0.21844527131830385,0.8356728746335957,0.8319916997110613,0.9064171732216624,0.7821496903878487,reactive_gate,1360,1002,47,0.044804575786463297,0.21100917431192662,1002,17.128777220234724,3821.4825536194917,391.16733742107346,900.0000000000005,0,1184,0,0,0,0.03231147016445394,0.005635984913564364,8835754040.109632,0.0,0,0.0,0.0,0.0,0.0,4,0,0.3237238894561676,0.35318375891227705,0.9880834378399379,0.04295001386920873,546.5454545454546,0.69
scenario_0005,gate_sampled,1,0.6679747875095585,4.552674819167493,16,191,22,27.78221356033715,0.032083856849251836,24.176188595921293,0.5501722595417259,161.18729217050634,600,300,4.111666365192495,0.3561274742283249,0.20890175530036661,0.5067670764225334,1.4413721518683513,2.721900692857619,0.6438725257716751,reactive_gate,297,251,9,0.03461538461538462,0.09523809523809523,251,182.4106656005706,2414.7163234690415,41.27959008401693,600.0,0,114,1,0,0,0.006859974265831384,0.48681257654540344,1777132750.669002,0.0,0,0.0,0.0,0.0,0.0,4,0,0.6985606772814644,0.7321547856233956,0.4970608874077312,0.13683637228222933,136.9090909090909,0.13
scenario_0005,gate_sampled,2,0.6679747875095585,4.552674819167493,16,191,22,27.78221356033715,0.032083856849251836,24.176188595921293,0.5501722595417259,161.18729217050634,600,300,4.111666365192495,0.3561274742283249,0.20890175530036661,0.5067670764225334,1.4413721518683513,2.721900692857619,0.6438725257716751,reactive_gate,251,212,9,0.04072398190045249,0.14285714285714285,212,188.57244153775787,2814.620776325565,28.153590484303823,600.0,0,66,0,0,0,0.015317355216671567,0.6625228437795155,2015182192.9708695,0.0,0,0.0,0.0,0.0,0.0,14,0,0.7502824896385331,0.7872862614593198,0.4527368285903911,0.06454190628254726,115.63636363636364,0.13
scenario_0005,gate_sampled,3,0.6679747875095585,4.552674819167493,16,191,22,27.78221356033715,0.032083856849251836,24.176188595921293,0.5501722595417259,161.18729217050634,600,300,4.111666365192495,0.3561274742283249,0.20890175530036661,0.5067670764225334,1.4413721518683513,2.721900692857619,0.6438725257716751,reactive_gate,324,294,5,0.016722408026755852,0.0641025641025641,294,129.4899619647449,1169.7737815309913,14.745928839752873,188.84736990572856,0,53,1,0,0,0.02396522698615088,0.5472289363276461,1702261938.3175094,0.0,0,0.0,0.0,0.0,0.0,4,0,0.8379719344069594,0.8604391269589781,0.4754667940057628,0.08688286475270142,160.36363636363637,0.12
scenario_0005,gate_sampled,4,0.6679747875095585,4.552674819167493,16,191,22,27.78221356033715,0.032083856849251836,24.176188595921293,0.5501722595417259,161.18729217050634,600,300,4.111666365192495,0.3561274742283249,0.20890175530036661,0.5067670764225334,1.4413721518683513,2.721900692857619,0.6438725257716751,reactive_gate,365,313,10,0.030959752321981424,0.12857142857142856,313,67.25906191123977,1075.3961589548408,37.6162561764664,486.1076381622506,0,67,0,0,0,0.0039574174110801955,0.521117419442707,1759567291.9892044,0.0,0,0.0,0.0,0.0,0.0,9,0,0.7142427954802557,0.7454184907690533,0.45707010429616685,0.07971166100518613,170.72727272727275,0.13
scenario_0005,gate_sampled,5,0.6679747875095585,4.552674819167493,16,191,22,27.78221356033715,0.032083856849251836,24.176188595921293,0.5501722595417259,161.18729217050634,600,300,4.111666365192495,0.3561274742283249,0.20890175530036661,0.5067670764225334,1.4413721518683513,2.721900692857619,0.6438725257716751,reactive_gate,438,380,12,0.030612244897959183,0.1746031746031746,380,101.70610044901628,1906.0866724324571,61.16150163606386,600.0,0,128,4,0,0,0.030517041514549648,0.4894691354173064,835549965.9163415,0.0,0,0.0,0.0,0.0,0.0,7,0,0.6169406863315592,0.6355926436571159,0.6980236045389796,0.09577226890040122,207.27272727272728,0.22
scenario_0005,gate_ship,1,0.6679747875095585,4.552674819167493,16,191,22,27.78221356033715,0.032083856849251836,24.176188595921293,0.5501722595417259,161.18729217050634,600,300,4.111666365192495,0.3561274742283249,0.20890175530036661,0.5067670764225334,1.4413721518683513,2.721900692857619,0.6438725257716751,reactive_gate,294,251,9,0.03461538461538462,0.08955223880597014,251,172.32382781792103,2826.9032633258826,52.47982995834806,600.0,0,107,2,0,0,0.010311619288656607,0.5175356042034113,1520947970.572646,0.0,0,0.0,0.0,0.0,0.0,4,0,0.7328126801703273,0.7695788597552043,0.504805947236791,0.1375484089264199,136.9090909090909,0.14
scenario_0005,gate_ship,2,0.6679747875095585,4.552674819167493,16,191,22,27.78221356033715,0.032083856849251836,24.176188595921293,0.5501722595417259,161.18729217050634,600,300,4.111666365192495,0.3561274742283249,0.20890175530036661,0.5067670764225334,1.4413721518683513,2.721900692857619,0.6438725257716751,reactive_gate,248,208,9,0.041474654377880185,0.140625,208,194.20827605974364,2817.443540548289,39.291543615676574,177.15659560304903,0,63,0,0,0,0.015536656289038888,0.6590934067273037,2008487406.9092174,0.0,0,0.0,0.0,0.0,0.0,14,0,0.7534921985341427,0.7904517063412076,0.45797155095020725,0.06636491310515064,113.45454545454545,0.13
scenario_0005,gate_ship,3,0.6679747875095585,4.552674819167493,16,191,22,27.78221356033715,0.032083856849251836,24.176188595921293,0.5501722595417259,161.18729217050634,600,300,4.111666365192495,0.3561274742283249,0.20890175530036661,0.5067670764225334,1.4413721518683513,2.721900692857619,0.6438725257716751,reactive_gate,325,295,5,0.016666666666666666,0.06493506493506493,295,127.51177399159542,1203.2729051911065,16.40037080711324,73.09484806924229,0,53,0,0,0,0.01961433906934233,0.5432635336212553,1662369512.2425032,0.0,0,0.0,0.0,0.0,0.0,4,0,0.8596246538154757,0.883174460565192,0.4814854981627169,0.08865371909320333,160.9090909090909,0.13
scenario_0005,gate_ship,4,0.6679747875095585,4.552674819167493,16,191,22,27.78221356033715,0.032083856849251836,24.176188595921293,0.5501722595417259,161.18729217050634,600,300,4.111666365192495,0.3561274742283249,0.20890175530036661,0.5067670764225334,1.4413721518683513,2.721900692857619,0.6438725257716751,reactive_gate,368,313,10,0.030959752321981424,0.12857142857142856,313,61.43589508889545,1106.6433251294586,31.200353479036146,305.67143356174165,0,67,0,0,0,0.003509128014686011,0.5132977615157137,1781002146.8816528,0.0,0,0.0,0.0,0.0,0.0,9,0,0.726750765281726,0.7590167644360548,0.46567081186464004,0.08273277202577939,170.72727272727275,0.14
scenario_0005,gate_ship,5,0.6679747875095585,4.552674819167493,16,191,22,27.78221356033715,0.032083856849251836,24.176188595921293,0.5501722595417259,161.18729217050634,600,300,4.111666365192495,0.3561274742283249,0.20890175530036661,0.5067670764225334,1.4413721518683513,2.721900692857619,0.6438725257716751,reactive_gate,440,387,11,0.02763819095477387,0.15151515151515152,387,117.85999244368122,1983.1046374260634,77.64665778293059,600.0,0,107,1,0,0,0.03165764848520895,0.4552643570244487,826215448.1684033,0.0,0,0.0,0.0,0.0,0.0,6,0,0.6708445688158461,0.688125147281211,0.6955090514155984,0.10602471567432707,211.0909090909091,0.23
scenario_0005,lease,1,0.6679747875095585,4.552674819167493,16,191,22,27.78221356033715,0.032083856849251836,24.176188595921293,0.5501722595417259,161.18729217050634,600,300,4.111666365192495,0.3561274742283249,0.20890175530036661,0.5067670764225334,1.4413721518683513,2.721900692857619,0.6438725257716751,lease,296,249,9,0.03488372093023256,0.08955223880597014,249,172.32382781792103,2415.510588641116,45.641697467400476,600.0,0,108,2,0,0,0.008154707910096613,0.5057442042281233,1436180838.2979941,5005.081630805099,36,0.0,0.0,383400.0,0.0,4,0,0.7307432728547644,0.7670051160325169,0.5059027209757835,0.13875955274005694,135.8181818181818,0.32
scenario_0005,lease,2,0.6679747875095585,4.552674819167493,16,191,22,27.78221356033715,0.032083856849251836,24.176188595921293,0.5501722595417259,161.18729217050634,600,300,4.111666365192495,0.3561274742283249,0.20890175530036661,0.5067670764225334,1.4413721518683513,2.721900692857619,0.6438725257716751,lease,250,210,9,0.0410958904109589,0.140625,210,207.6203527844507,2818.663504021292,36.360829315969504,142.7166874591585,0,63,0,0,0,0.01602269628345967,0.6605459298817745,1756775438.6345124,5206.849101856366,33,0.0,0.0,469200.0,0.0,14,0,0.7585569657807887,0.7961210132252479,0.4594009872442373,0.06607722518266593,114.54545454545455,0.3
scenario_0005,lease,3,0.6679747875095585,4.552674819167493,16,191,22,27.78221356033715,0.032083856849251836,24.176188595921293,0.5501722595417259,161.18729217050634,600,300,4.111666365192495,0.3561274742283249,0.20890175530036661,0.5067670764225334,1.4413721518683513,2.721900692857619,0.6438725257716751,lease,326,294,5,0.016722408026755852,0.06493506493506493,294,131.82977606789063,1215.0813636383164,16.03497774342578,85.6260228070496,0,52,0,0,0,0.019606175655970545,0.5330742289556031,1527442862.3675206,8218.566536201477,58,0.0,0.0,436200.0,0.0,4,0,0.8480419109834365,0.8709302470657786,0.48448188437661877,0.08764917554359472,160.36363636363637,0.3
scenario_0005,lease,4,0.6679747875095585,4.552674819167493,16,191,22,27.78221356033715,0.032083856849251836,24.176188595921293,0.5501722595417259,161.18729217050634,600,300,4.111666365192495,0.3561274742283249,0.20890175530036661,0.5067670764225334,1.4413721518683513,2.721900692857619,0.6438725257716751,lease,367,315,10,0.03076923076923077,0.12857142857142856,315,66.3701740145616,1089.537496466291,38.58668153765902,310.1881737099875,0,67,1,0,0,0.005354385236297347,0.5176234104895774,1637613069.7667894,8844.020136290028,45,0.0,0.0,645600.0,0.0,9,0,0.7160295909030968,0.7474591608343193,0.4635932931963869,0.08124014591816908,171.8181818181818,0.33
scenario_0005,lease,5,0.6679747875095585,4.552674819167493,16,191,22,27.78221356033715,0.032083856849251836,24.176188595921293,0.5501722595417259,161.18729217050634,600,300,4.111666365192495,0.3561274742283249,0.20890175530036661,0.5067670764225334,1.4413721518683513,2.721900692857619,0.6438725257716751,lease,438,385,12,0.030226700251889168,0.16417910447761194,385,128.95420238801853,2002.8999429386288,75.09301741505317,600.0,0,99,1,0,0,0.031112264239688922,0.45640553235826353,784883688.3056655,4954.437197651528,31,0.0,0.0,774600.0,0.0,6,0,0.671096359534525,0.6949472094403687,0.695464955403393,0.10676889507451337,210.0,0.46
scenario_0005,clairvoyant,1,0.6679747875095585,4.552674819167493,16,191,22,27.78221356033715,0.032083856849251836,24.176188595921293,0.5501722595417259,161.18729217050634,600,300,4.111666365192495,0.3561274742283249,0.20890175530036661,0.5067670764225334,1.4413721518683513,2.721900692857619,0.6438725257716751,clairvoyant,305,257,9,0.03383458646616541,0.09523809523809523,257,167.92788860076462,2352.305578606989,37.540380464109,600.0,0,111,0,0,0,0.0070642686321359125,0.5038692236072083,1050077401.6069169,304.2633110242432,74,0.0,0.0,0.0,0.0,5,0,0.7473730661868766,0.7855055165781333,0.5106525421522922,0.13903022234978382,140.1818181818182,0.13
scenario_0005,clairvoyant,2,0.6679747875095585,4.552674819167493,16,191,22,27.78221356033715,0.032083856849251836,24.176188595921293,0.5501722595417259,161.18729217050634,600,300,4.111666365192495,0.3561274742283249,0.20890175530036661,0.5067670764225334,1.4413721518683513,2.721900692857619,0.6438725257716751,clairvoyant,250,212,9,0.04072398190045249,0.13636363636363635,212,185.51929000680343,2815.062834090527,28.23565501069277,449.8063340418439,0,65,0,0,0,0.00987271352519637,0.6520916433831677,1482477131.784844,254.9233146419349,62,0.0,0.0,0.0,0.0,14,0,0.7782376186896173,0.8178931316780036,0.4561279155497281,0.06911224617385567,115.63636363636364,0.13
scenario_0005,clairvoyant,3,0.6679747875095585,4.552674819167493,16,191,22,27.78221356033715,0.032083856849251836,24.176188595921293,0.5501722595417259,161.18729217050634,600,300,4.111666365192495,0.3561274742283249,0.20890175530036661,0.5067670764225334,1.4413721518683513,2.721900692857619,0.6438725257716751,clairvoyant,325,296,5,0.016611295681063124,0.0641025641025641,296,124.33854695928676,1244.3784366426032,14.016016074564504,243.69116142559596,0,53,0,0,0,0.013453174730631812,0.5478058043565746,2087054195.648517,386.496638328102,94,0.0,0.0,0.0,0.0,4,0,0.8597548710570108,0.8832392952045371,0.4808231179098679,0.08670261588384227,161.45454545454547,0.12
scenario_0005,clairvoyant,4,0.6679747875095585,4.552674819167493,16,191,22,27.78221356033715,0.032083856849251836,24.176188595921293,0.5501722595417259,161.18729217050634,600,300,4.111666365192495,0.3561274742283249,0.20890175530036661,0.5067670764225334,1.4413721518683513,2.721900692857619,0.6438725257716751,clairvoyant,369,320,10,0.030303030303030304,0.125,320,52.496557152983996,1077.9447596224413,32.537107888598875,439.1296659120371,0,67,0,0,0,0.00380278799069216,0.5173021185540694,1024172758.3980786,324.8216428502037,79,0.0,0.0,0.0,0.0,8,0,0.7465721930198597,0.7808052451300347,0.46239661207831523,0.08089308081773028,174.54545454545456,0.14
scenario_0005,clairvoyant,5,0.6679747875095585,4.552674819167493,16,191,22,27.78221356033715,0.032083856849251836,24.176188595921293,0.5501722595417259,161.18729217050634,600,300,4.111666365192495,0.3561274742283249,0.20890175530036661,0.5067670764225334,1.4413721518683513,2.721900692857619,0.6438725257716751,clairvoyant,448,393,13,0.03201970443349754,0.17391304347826086,393,71.75616395343332,2241.043124763072,91.59415906742235,600.0,0,130,3,0,0,0.030254020280025575,0.4817146272451328,565831745.9477582,312.48664375462874,76,0.0,0.0,0.0,0.0,6,0,0.7497586184793714,0.7820108348393944,0.6978582773771367,0.10095534654933085,214.36363636363637,0.22
scenario_0005,gate_srpt,1,0.6679747875095585,4.552674819167493,16,191,22,27.78221356033715,0.032083856849251836,24.176188595921293,0.5501722595417259,161.18729217050634,600,300,4.111666365192495,0.3561274742283249,0.20890175530036661,0.5067670764225334,1.4413721518683513,2.721900692857619,0.6438725257716751,reactive_gate,302,259,9,0.033582089552238806,0.08571428571428572,259,176.47079065320304,2824.6643918299947,49.64964853663836,600.0,0,100,3,0,0,0.009411263389753243,0.5186308543498102,1502040663.1524155,0.0,0,0.0,0.0,0.0,0.0,4,0,0.77776397251984,0.818047846005115,0.509416537441725,0.13746476932720347,141.27272727272728,0.13
scenario_0005,gate_srpt,2,0.6679747875095585,4.552674819167493,16,191,22,27.78221356033715,0.032083856849251836,24.176188595921293,0.5501722595417259,161.18729217050634,600,300,4.111666365192495,0.3561274742283249,0.20890175530036661,0.5067670764225334,1.4413721518683513,2.721900692857619,0.6438725257716751,reactive_gate,252,210,9,0.0410958904109589,0.140625,210,191.78572311997868,2819.089445095077,32.87852921900948,210.62359066015506,0,67,0,0,0,0.01555912183906566,0.6593936997738876,2011667763.7067919,0.0,0,0.0,0.0,0.0,0.0,14,0,0.7604079034562692,0.7981566251154724,0.4603577588181495,0.06689887954074412,114.54545454545455,0.13
scenario_0005,gate_srpt,3,0.6679747875095585,4.552674819167493,16,191,22,27.78221356033715,0.032083856849251836,24.176188595921293,0.5501722595417259,161.18729217050634,600,300,4.111666365192495,0.3561274742283249,0.20890175530036661,0.5067670764225334,1.4413721518683513,2.721900692857619,0.6438725257716751,reactive_gate,324,292,5,0.016835016835016835,0.06493506493506493,292,125.69593982399965,1244.5032064415966,14.78199508247917,166.4182755587699,0,53,2,0,0,0.019930434814968735,0.5439284073271569,1513101908.2921946,0.0,0,0.0,0.0,0.0,0.0,4,0,0.8426272913942121,0.8652890469704381,0.48240993513662267,0.08843905788554085,159.27272727272728,0.12
scenario_0005,gate_srpt,4,0.6679747875095585,4.552674819167493,16,191,22,27.78221356033715,0.032083856849251836,24.176188595921293,0.5501722595417259,161.18729217050634,600,300,4.111666365192495,0.3561274742283249,0.20890175530036661,0.5067670764225334,1.4413721518683513,2.721900692857619,0.6438725257716751,reactive_gate,368,318,10,0.03048780487804878,0.125,318,50.532854190675266,1015.8943023940018,25.3554496899576,355.5059887148436,0,67,0,0,0,0.0036384539924719872,0.5161545169973099,1766211327.3056145,0.0,0,0.0,0.0,0.0,0.0,8,0,0.7351603078074734,0.7684475076533143,0.46763883998640254,0.08107234115103226,173.45454545454547,0.14
scenario_0005,gate_srpt,5,0.6679747875095585,4.552674819167493,16,191,22,27.78221356033715,0.032083856849251836,24.176188595921293,0.5501722595417259,161.18729217050634,600,300,4.111666365192495,0.3561274742283249,0.20890175530036661,0.5067670764225334,1.4413721518683513,2.721900692857619,0.6438725257716751,reactive_gate,447,389,12,0.029925187032418952,0.16417910447761194,389,66.36018444819365,1969.6187613862148,117.3070585875322,600.0,0,104,6,0,0,0.027414059418343083,0.45930917416694117,739742737.6483299,0.0,0,0.0,0.0,0.0,0.0,5,0,0.735948854554302,0.768716224768305,0.691587810229701,0.1105666449108968,212.1818181818182,0.22
scenario_0006,gate_sampled,1,0.8141091394206202,5.703231192564031,14,185,22,111.32521343867904,0.42752992564157033,69.9982317322382,0.3328692888797456,68.20407360166001,300,900,5.912738759848463,0.3187176847214961,0.8312857732951857,0.05833146609536627,1.0448088148524317,1.9733949686483203,0.6812823152785039,reactive_gate,391,332,5,0.01483679525222552,0.056179775280898875,332,104.55261335579917,1687.9093237112825,0.0,300.0,0,114,0,0,0,0.0018656751966082024,0.2750140204641748,4138311003.1139784,0.0,0,0.0,0.0,0.0,0.0,253,32,0.6637382770716003,0.6780105306908396,0.40251836630036636,0.20224508717575143,181.0909090909091,0.11
scenario_0006,gate_sampled,2,0.8141091394206202,5.703231192564031,14,185,22,111.32521343867904,0.42752992564157033,69.9982317322382,0.3328692888797456,68.20407360166001,300,900,5.912738759848463,0.3187176847214961,0.8312857732951857,0.05833146609536627,1.0448088148524317,1.9733949686483203,0.6812823152785039,reactive_gate,362,301,16,0.050473186119873815,0.2,301,140.92328803109922,1494.4179263841033,1.6104424064444685,300.00000000000045,0,177,0,0,0,0.03546442062519836,0.30917629206414704,4363908268.582425,0.0,0,0.0,0.0,0.0,0.0,267,32,0.5809950845349547,0.6325965347205845,0.4167672142394642,0.20634450740156812,164.1818181818182,0.11
scenario_0006,gate_sampled,3,0.8141091394206202,5.703231192564031,14,185,22,111.32521343867904,0.42752992564157033,69.9982317322382,0.3328692888797456,68.20407360166001,300,900,5.912738759848463,0.3187176847214961,0.8312857732951857,0.05833146609536627,1.0448088148524317,1.9733949686483203,0.6812823152785039,reactive_gate,407,342,12,0.03389830508474576,0.12941176470588237,342,93.33876993568492,1806.9442331465095,0.6510481260359657,300.00000000000045,0,144,0,0,0,0.01595258316811077,0.23413527097126366,4206808955.9903812,0.0,0,0.0,0.0,0.0,0.0,231,27,0.5921526759697081,0.6155465034505987,0.4146926743950494,0.24814257508168286,186.54545454545456,0.11
scenario_0006,gate_sampled,4,0.8141091394206202,5.703231192564031,14,185,22,111.32521343867904,0.42752992564157033,69.9982317322382,0.3328692888797456,68.20407360166001,300,900,5.912738759848463,0.3187176847214961,0.8312857732951857,0.05833146609536627,1.0448088148524317,1.9733949686483203,0.6812823152785039,reactive_gate,425,348,25,0.06702412868632708,0.22522522522522523,348,66.4235394980733,2141.368376998713,0.9063588589723972,300.00000000000045,0,253,0,0,0,0.038655093430266844,0.35088839400049693,4128574210.2219167,0.0,0,0.0,0.0,0.0,0.0,242,22,0.5186626253469622,0.574463662399458,0.3799906251711252,0.16940129720360894,189.8181818181818,0.11
scenario_0006,gate_sampled,5,0.8141091394206202,5.703231192564031,14,185,22,111.32521343867904,0.42752992564157033,69.9982317322382,0.3328692888797456,68.20407360166001,300,900,5.912738759848463,0.3187176847214961,0.8312857732951857,0.05833146609536627,1.0448088148524317,1.9733949686483203,0.6812823152785039,reactive_gate,400,334,21,0.059154929577464786,0.27631578947368424,334,101.4230422912375,2560.0766223747933,6.114141926745404,300.00000000000045,0,246,0,0,0,0.04221021774223801,0.4472681449354991,4287044949.0048957,0.0,0,0.0,0.0,0.0,0.0,215,35,0.5036379751437853,0.5768600039919485,0.3869047802382803,0.17693082294226378,182.1818181818182,0.11
scenario_0006,gate_ship,1,0.8141091394206202,5.703231192564031,14,185,22,111.32521343867904,0.42752992564157033,69.9982317322382,0.3328692888797456,68.20407360166001,300,900,5.912738759848463,0.3187176847214961,0.8312857732951857,0.05833146609536627,1.0448088148524317,1.9733949686483203,0.6812823152785039,reactive_gate,409,368,3,0.008086253369272238,0.02830188679245283,368,116.08448163332787,1644.3325775389676,8.065599440981458,299.687198266779,0,39,0,0,0,0.002438088354114923,0.24227577907650358,3787846756.9645796,0.0,0,0.0,0.0,0.0,0.0,269,129,0.8090573673243061,0.8177188755562669,0.45622681123043624,0.24272082447802446,200.72727272727275,0.13
scenario_0006,gate_ship,2,0.8141091394206202,5.703231192564031,14,185,22,111.32521343867904,0.42752992564157033,69.9982317322382,0.3328692888797456,68.20407360166001,300,900,5.912738759848463,0.3187176847214961,0.8312857732951857,0.05833146609536627,1.0448088148524317,1.9733949686483203,0.6812823152785039,reactive_gate,397,361,3,0.008241758241758242,0.03614457831325301,361,136.781096154451,1329.112104685475,22.535295268264854,138.31883541984098,0,41,1,0,0,0.0025612532752561494,0.31346091296186085,3114563778.1633787,0.0,0,0.0,0.0,0.0,0.0,305,111,0.8008773956017162,0.8162123777114058,0.5152588062863063,0.2545503304884716,196.9090909090909,0.13
scenario_0006,gate_ship,3,0.8141091394206202,5.703231192564031,14,185,22,111.32521343867904,0.42752992564157033,69.9982317322382,0.3328692888797456,68.20407360166001,300,900,5.912738759848463,0.3187176847214961,0.8312857732951857,0.05833146609536627,1.0448088148524317,1.9733949686483203,0.6812823152785039,reactive_gate,421,365,6,0.016172506738544475,0.06818181818181818,365,105.32826311552071,1456.7449621716503,45.44758475128175,300.0,0,63,0,0,0,0.021391578094180606,0.2139595207570223,2963589928.925909,0.0,0,0.0,0.0,0.0,0.0,245,117,0.6755917914260547,0.6840269182425716,0.4919879855006105,0.2786258817439711,199.0909090909091,0.13
scenario_0006,gate_ship,4,0.8141091394206202,5.703231192564031,14,185,22,111.32521343867904,0.42752992564157033,69.9982317322382,0.3328692888797456,68.20407360166001,300,900,5.912738759848463,0.3187176847214961,0.8312857732951857,0.05833146609536627,1.0448088148524317,1.9733949686483203,0.6812823152785039,reactive_gate,458,410,5,0.012048192771084338,0.04310344827586207,410,90.206258285883,1473.424517589179,41.62948680139176,300.0,0,39,1,0,0,0.01655898976771764,0.33636966869006774,1985775551.4996018,0.0,0,0.0,0.0,0.0,0.0,263,96,0.7512773050063009,0.761785096006113,0.5190685952149703,0.2170374512767289,223.63636363636365,0.14
scenario_0006,gate_ship,5,0.8141091394206202,5.703231192564031,14,185,22,111.32521343867904,0.42752992564157033,69.9982317322382,0.3328692888797456,68.20407360166001,300,900,5.912738759848463,0.3187176847214961,0.8312857732951857,0.05833146609536627,1.0448088148524317,1.9733949686483203,0.6812823152785039,reactive_gate,471,418,3,0.007125890736342043,0.045454545454545456,418,94.66065510767339,1690.9683302019225,34.06532190510664,239.76460540222615,0,52,1,0,0,0.0021567797706750296,0.3995781918875222,2631258189.064814,0.0,0,0.0,0.0,0.0,0.0,227,85,0.7201628178224774,0.7352711286858861,0.49618626332463833,0.23228219229548489,228.0,0.14
scenario_0006,lease,1,0.8141091394206202,5.703231192564031,14,185,22,111.32521343867904,0.42752992564157033,69.9982317322382,0.3328692888797456,68.20407360166001,300,900,5.912738759848463,0.3187176847214961,0.8312857732951857,0.05833146609536627,1.0448088148524317,1.9733949686483203,0.6812823152785039,lease,408,363,3,0.00819672131147541,0.02912621359223301,363,111.75229863199365,1670.6868194178328,6.289465446597543,300.0,0,51,0,0,0,0.0006429404968094481,0.2592139238125891,3289422070.9469748,14910.08189718139,74,873.0211392380825,271.06761700523293,460200.0,68.29404701714134,268,113,0.7934209600906754,0.8019319376535514,0.4529837638750139,0.23830316347633448,198.0,0.28
scenario_0006,lease,2,0.8141091394206202,5.703231192564031,14,185,22,111.32521343867904,0.42752992564157033,69.9982317322382,0.3328692888797456,68.20407360166001,300,900,5.912738759848463,0.3187176847214961,0.8312857732951857,0.05833146609536627,1.0448088148524317,1.9733949686483203,0.6812823152785039,lease,397,361,3,0.008241758241758242,0.03614457831325301,361,145.85542610316224,1320.4060446854749,20.424875235297264,180.8333822485156,0,41,1,0,0,0.0013862556243490916,0.3142875669837504,2443134848.5822077,12006.895036832078,50,1890.4274550385214,203.64929407266936,496200.0,285.53076798452184,304,91,0.7990156785965948,0.814278736277987,0.520649612961113,0.25337115230779644,196.9090909090909,0.28
scenario_0006,lease,3,0.8141091394206202,5.703231192564031,14,185,22,111.32521343867904,0.42752992564157033,69.9982317322382,0.3328692888797456,68.20407360166001,300,900,5.912738759848463,0.3187176847214961,0.8312857732951857,0.05833146609536627,1.0448088148524317,1.9733949686483203,0.6812823152785039,lease,430,383,6,0.015424164524421594,0.0625,383,107.51434451420118,1451.4143319821624,23.642630386384553,300.0,0,52,0,0,0,0.020533040095622023,0.2095069545616457,2980280190.965698,10946.051450701634,56,1464.056964530329,270.3323411120955,485400.0,462.93468963064834,254,93,0.747845089580803,0.7587290089221083,0.506577539002664,0.28501466883352333,208.9090909090909,0.29
scenario_0006,lease,4,0.8141091394206202,5.703231192564031,14,185,22,111.32521343867904,0.42752992564157033,69.9982317322382,0.3328692888797456,68.20407360166001,300,900,5.912738759848463,0.3187176847214961,0.8312857732951857,0.05833146609536627,1.0448088148524317,1.9733949686483203,0.6812823152785039,lease,458,411,5,0.01201923076923077,0.04310344827586207,411,95.56114218133234,1435.0639508758115,42.71376530825764,300.0,0,40,2,0,0,0.016862602081650087,0.33073802706066596,1876176770.089651,7300.050169007221,27,624.4218551347897,231.29757497560377,508800.0,326.44542321435733,264,64,0.7584714188962642,0.7690787355833301,0.5146958837828839,0.22308225327277398,224.1818181818182,0.29
scenario_0006,lease,5,0.8141091394206202,5.703231192564031,14,185,22,111.32521343867904,0.42752992564157033,69.9982317322382,0.3328692888797456,68.20407360166001,300,900,5.912738759848463,0.3187176847214961,0.8312857732951857,0.05833146609536627,1.0448088148524317,1.9733949686483203,0.6812823152785039,lease,472,428,3,0.0069605568445475635,0.04411764705882353,428,99.90131707655746,1899.3509514772884,30.493394439727933,277.48000126651823,0,50,0,0,0,0.0018961603730933679,0.3975393099571341,2605083173.7178497,10678.720373746284,53,744.7696388380782,166.85763966420063,462600.0,1256.8712022182115,225,69,0.7422494608358075,0.7578211278463488,0.49881684783272284,0.23444756905184366,233.45454545454547,0.3
scenario_0006,clairvoyant,1,0.8141091394206202,5.703231192564031,14,185,22,111.32521343867904,0.42752992564157033,69.9982317322382,0.3328692888797456,68.20407360166001,300,900,5.912738759848463,0.3187176847214961,0.8312857732951857,0.05833146609536627,1.0448088148524317,1.9733949686483203,0.6812823152785039,clairvoyant,410,369,3,0.008064516129032258,0.028846153846153848,369,102.0023846436302,1659.596570872544,9.886228727712838,300.0,0,55,2,0,0,0.005104582626037147,0.25039311497196565,2162996584.189417,892.8235527371172,151,0.0,0.0,0.0,0.0,275,124,0.8062765264875397,0.8150918441738274,0.4556452911717912,0.2314462975683667,201.27272727272728,0.12
scenario_0006,clairvoyant,2,0.8141091394206202,5.703231192564031,14,185,22,111.32521343867904,0.42752992564157033,69.9982317322382,0.3328692888797456,68.20407360166001,300,900,5.912738759848463,0.3187176847214961,0.8312857732951857,0.05833146609536627,1.0448088148524317,1.9733949686483203,0.6812823152785039,clairvoyant,402,367,3,0.008108108108108109,0.03571428571428571,367,124.13056621792566,1469.747037969146,5.726170470493572,300.0,0,43,0,0,0,0.0015056290383604867,0.3234325369040636,1478851738.6921248,739.0923449810566,125,0.0,0.0,0.0,0.0,308,100,0.8139091535035963,0.8295918689869044,0.5052016632904133,0.2549996730039169,200.1818181818182,0.12
scenario_0006,clairvoyant,3,0.8141091394206202,5.703231192564031,14,185,22,111.32521343867904,0.42752992564157033,69.9982317322382,0.3328692888797456,68.20407360166001,300,900,5.912738759848463,0.3187176847214961,0.8312857732951857,0.05833146609536627,1.0448088148524317,1.9733949686483203,0.6812823152785039,clairvoyant,430,387,6,0.015267175572519083,0.061224489795918366,387,93.68019799102785,1451.8486868334294,20.444441417917883,300.0,0,61,1,0,0,0.011259460010082264,0.20963863550956616,1230608406.9822092,898.7362914969681,152,0.0,0.0,0.0,0.0,255,100,0.7867874557661869,0.799263451697074,0.49097189480426984,0.28515995881671125,211.0909090909091,0.12
scenario_0006,clairvoyant,4,0.8141091394206202,5.703231192564031,14,185,22,111.32521343867904,0.42752992564157033,69.9982317322382,0.3328692888797456,68.20407360166001,300,900,5.912738759848463,0.3187176847214961,0.8312857732951857,0.05833146609536627,1.0448088148524317,1.9733949686483203,0.6812823152785039,clairvoyant,462,416,5,0.011876484560570071,0.0423728813559322,416,80.07575631983764,1409.6268354673828,40.517598050460194,300.0,0,51,4,0,0,0.016877566050339073,0.3337018143703199,1453784439.3306842,484.84457830757856,82,0.0,0.0,0.0,0.0,263,73,0.8008056264917959,0.8127396275174796,0.5239315607448107,0.21999362355069552,226.9090909090909,0.14
scenario_0006,clairvoyant,5,0.8141091394206202,5.703231192564031,14,185,22,111.32521343867904,0.42752992564157033,69.9982317322382,0.3328692888797456,68.20407360166001,300,900,5.912738759848463,0.3187176847214961,0.8312857732951857,0.05833146609536627,1.0448088148524317,1.9733949686483203,0.6812823152785039,clairvoyant,475,430,3,0.006928406466512702,0.04411764705882353,430,86.79784714978291,1877.8811776220534,25.244459727737812,300.0,0,66,2,0,0,0.003268492012233628,0.3913202795254545,2104210322.2129571,810.0452100992387,137,0.0,0.0,0.0,0.0,234,86,0.7693106339825733,0.7854500179122776,0.48636376892089395,0.24125903919846448,234.54545454545456,0.14
scenario_0006,gate_srpt,1,0.8141091394206202,5.703231192564031,14,185,22,111.32521343867904,0.42752992564157033,69.9982317322382,0.3328692888797456,68.20407360166001,300,900,5.912738759848463,0.3187176847214961,0.8312857732951857,0.05833146609536627,1.0448088148524317,1.9733949686483203,0.6812823152785039,reactive_gate,409,367,3,0.008108108108108109,0.02857142857142857,367,113.53507344772606,1644.6407767498542,8.002787136363423,270.57625159782674,0,38,1,0,0,0.0007315877376599597,0.24445277649813862,3736626134.843727,0.0,0,0.0,0.0,0.0,0.0,271,130,0.8107160883047266,0.8193899540876897,0.45737515517353017,0.23970338660979634,200.1818181818182,0.12
scenario_0006,gate_srpt,2,0.8141091394206202,5.703231192564031,14,185,22,111.32521343867904,0.42752992564157033,69.9982317322382,0.3328692888797456,68.20407360166001,300,900,5.912738759848463,0.3187176847214961,0.8312857732951857,0.05833146609536627,1.0448088148524317,1.9733949686483203,0.6812823152785039,reactive_gate,398,362,3,0.00821917808219178,0.03614457831325301,362,132.5402045187102,1328.9329500551025,14.64919776314508,254.60258504273497,0,41,1,0,0,0.001228419965644462,0.3131475497862618,3091264752.117616,0.0,0,0.0,0.0,0.0,0.0,302,114,0.8173142044879581,0.8330123100150557,0.516661258977134,0.2550628587016384,197.45454545454547,0.12
scenario_0006,gate_srpt,3,0.8141091394206202,5.703231192564031,14,185,22,111.32521343867904,0.42752992564157033,69.9982317322382,0.3328692888797456,68.20407360166001,300,900,5.912738759848463,0.3187176847214961,0.8312857732951857,0.05833146609536627,1.0448088148524317,1.9733949686483203,0.6812823152785039,reactive_gate,427,377,6,0.015665796344647518,0.06315789473684211,377,98.87073591196804,1454.074266532621,38.59914391049685,300.0,0,56,0,0,0,0.02374216008209113,0.21045569273242026,2983621669.4092345,0.0,0,0.0,0.0,0.0,0.0,250,108,0.7596104162502358,0.7710261510546265,0.49808499891774893,0.2844894125531836,205.63636363636365,0.13
scenario_0006,gate_srpt,4,0.8141091394206202,5.703231192564031,14,185,22,111.32521343867904,0.42752992564157033,69.9982317322382,0.3328692888797456,68.20407360166001,300,900,5.912738759848463,0.3187176847214961,0.8312857732951857,0.05833146609536627,1.0448088148524317,1.9733949686483203,0.6812823152785039,reactive_gate,459,408,5,0.012106537530266344,0.043859649122807015,408,67.29216157314886,1314.216368664654,54.85001616386281,300.0,0,44,3,0,0,0.013247657782314086,0.33458368029195107,1881650189.0205104,0.0,0,0.0,0.0,0.0,0.0,263,99,0.7771004113473079,0.78846725263711,0.5193372914076664,0.21934392004194114,222.54545454545456,0.14
scenario_0006,gate_srpt,5,0.8141091394206202,5.703231192564031,14,185,22,111.32521343867904,0.42752992564157033,69.9982317322382,0.3328692888797456,68.20407360166001,300,900,5.912738759848463,0.3187176847214961,0.8312857732951857,0.05833146609536627,1.0448088148524317,1.9733949686483203,0.6812823152785039,reactive_gate,476,431,3,0.0069124423963133645,0.04411764705882353,431,96.23090981970336,1643.9990162852794,30.71247386341798,232.1295545180692,0,52,1,0,0,0.002302830344696156,0.3946376437271254,2550036600.0946126,0.0,0,0.0,0.0,0.0,0.0,235,87,0.7656119691135884,0.781673758675412,0.5014194342046842,0.23729327351149776,235.0909090909091,0.14
scenario_0007,gate_sampled,1,2.7518465649257755,4.355111373324193,11,77,10,56.16590948149019,0.24342241862675923,46.72841870860211,0.2356521961004885,63.812145027400355,600,900,10.758395212589221,0.35952608301065825,0.5734199168389214,0.5996537903549239,0.7994135741435834,0.876731852603856,0.6404739169893418,reactive_gate,800,386,119,0.23564356435643563,0.4957983193277311,386,337.4102818826241,3869.4999169349944,165.3283440935262,600.0000000000005,0,1409,0,0,0,0.03908161623809306,0.12714443449995258,6469263298.338825,0.0,0,0.0,0.0,0.0,0.0,137,0,0.1359346994678714,0.1708439882246439,0.8380054883744202,0.15703609494880622,210.54545454545456,0.35
scenario_0007,gate_sampled,2,2.7518465649257755,4.355111373324193,11,77,10,56.16590948149019,0.24342241862675923,46.72841870860211,0.2356521961004885,63.812145027400355,600,900,10.758395212589221,0.35952608301065825,0.5734199168389214,0.5996537903549239,0.7994135741435834,0.876731852603856,0.6404739169893418,reactive_gate,1103,589,194,0.24776500638569604,0.5956112852664577,589,232.35446920004688,3334.3022539996505,131.25935061424315,600.0000000000005,0,1920,0,0,0,0.062089312591507864,0.10334508945186467,7301624852.609476,0.0,0,0.0,0.0,0.0,0.0,116,0,0.13181099222824957,0.1805699328483041,0.9131713568434933,0.17640391803783959,321.2727272727273,0.46
scenario_0007,gate_sampled,3,2.7518465649257755,4.355111373324193,11,77,10,56.16590948149019,0.24342241862675923,46.72841870860211,0.2356521961004885,63.812145027400355,600,900,10.758395212589221,0.35952608301065825,0.5734199168389214,0.5996537903549239,0.7994135741435834,0.876731852603856,0.6404739169893418,reactive_gate,795,515,110,0.176,0.5,515,26.656614470746717,3618.151808377052,23.886253866789477,600.0000000000005,0,1044,0,0,0,0.09786898664727943,0.012407036308806855,6161223142.274751,0.0,0,0.0,0.0,0.0,0.0,123,0,0.28228041123848446,0.3724064157354666,0.6805895549786913,0.2699117339444614,280.90909090909093,0.24
scenario_0007,gate_sampled,4,2.7518465649257755,4.355111373324193,11,77,10,56.16590948149019,0.24342241862675923,46.72841870860211,0.2356521961004885,63.812145027400355,600,900,10.758395212589221,0.35952608301065825,0.5734199168389214,0.5996537903549239,0.7994135741435834,0.876731852603856,0.6404739169893418,reactive_gate,861,559,96,0.1465648854961832,0.42857142857142855,559,102.14058008687516,2421.4742753123137,89.69709321256096,600.0000000000005,0,953,0,0,0,0.02347093799326282,0.007156223989803985,5208507383.995202,0.0,0,0.0,0.0,0.0,0.0,107,0,0.22959098001157432,0.2856187096504174,0.7275078716771445,0.19068141791562884,304.90909090909093,0.25
scenario_0007,gate_sampled,5,2.7518465649257755,4.355111373324193,11,77,10,56.16590948149019,0.24342241862675923,46.72841870860211,0.2356521961004885,63.812145027400355,600,900,10.758395212589221,0.35952608301065825,0.5734199168389214,0.5996537903549239,0.7994135741435834,0.876731852603856,0.6404739169893418,reactive_gate,802,523,97,0.15645161290322582,0.47959183673469385,523,18.767952325937586,3877.1868106800657,28.564003206624296,600.0000000000005,0,1111,0,0,0,0.05431947786637936,0.3809761477745732,5488143143.744263,0.0,0,0.0,0.0,0.0,0.0,102,0,0.2850012895972941,0.3681310942261491,0.6977653187292506,0.20148615095438108,285.2727272727273,0.24
scenario_0007,gate_ship,1,2.7518465649257755,4.355111373324193,11,77,10,56.16590948149019,0.24342241862675923,46.72841870860211,0.2356521961004885,63.812145027400355,600,900,10.758395212589221,0.35952608301065825,0.5734199168389214,0.5996537903549239,0.7994135741435834,0.876731852603856,0.6404739169893418,reactive_gate,850,466,112,0.19377162629757785,0.4268774703557312,466,358.7018488843739,3988.4393389445836,587.0160691525083,600.0000000000005,0,1436,0,0,0,0.03929103470584517,0.2585027035423808,3836353805.542743,0.0,0,0.0,0.0,0.0,0.0,145,1,0.18236948931402044,0.21660757456794646,0.9137193591568364,0.34359661297179084,254.1818181818182,0.43
scenario_0007,gate_ship,2,2.7518465649257755,4.355111373324193,11,77,10,56.16590948149019,0.24342241862675923,46.72841870860211,0.2356521961004885,63.812145027400355,600,900,10.758395212589221,0.35952608301065825,0.5734199168389214,0.5996537903549239,0.7994135741435834,0.876731852603856,0.6404739169893418,reactive_gate,1102,582,164,0.21983914209115282,0.5539568345323741,582,99.29276122999522,4080.6063633767703,582.6917359594612,600.0000000000005,0,2110,0,0,0,0.042323576531502045,0.10885268575772891,4653059575.993502,0.0,0,0.0,0.0,0.0,0.0,124,0,0.13695849304299526,0.17423324583705826,0.9276644159132115,0.3900181775667142,317.45454545454544,0.58
scenario_0007,gate_ship,3,2.7518465649257755,4.355111373324193,11,77,10,56.16590948149019,0.24342241862675923,46.72841870860211,0.2356521961004885,63.812145027400355,600,900,10.758395212589221,0.35952608301065825,0.5734199168389214,0.5996537903549239,0.7994135741435834,0.876731852603856,0.6404739169893418,reactive_gate,842,578,57,0.08976377952755905,0.3021978021978022,578,67.20056518512592,2758.1814724206074,117.17413046974518,600.0000000000005,0,903,0,0,0,0.03743407069740337,0.12173046375750361,4631087376.643716,0.0,0,0.0,0.0,0.0,0.0,122,0,0.2870368033990529,0.31939958452062606,0.8233043721127359,0.4431084156917795,315.2727272727273,0.29
scenario_0007,gate_ship,4,2.7518465649257755,4.355111373324193,11,77,10,56.16590948149019,0.24342241862675923,46.72841870860211,0.2356521961004885,63.812145027400355,600,900,10.758395212589221,0.35952608301065825,0.5734199168389214,0.5996537903549239,0.7994135741435834,0.876731852603856,0.6404739169893418,reactive_gate,892,613,51,0.07680722891566265,0.2538860103626943,613,100.8130453483625,2542.373301010047,553.8080944793746,600.0000000000005,0,775,0,0,0,0.024339322571469476,0.11298515211155612,3175283390.383108,0.0,0,0.0,0.0,0.0,0.0,115,0,0.2791628781665917,0.30281807517198217,0.8717735836865156,0.3719578010110485,334.3636363636364,0.32
scenario_0007,gate_ship,5,2.7518465649257755,4.355111373324193,11,77,10,56.16590948149019,0.24342241862675923,46.72841870860211,0.2356521961004885,63.812145027400355,600,900,10.758395212589221,0.35952608301065825,0.5734199168389214,0.5996537903549239,0.7994135741435834,0.876731852603856,0.6404739169893418,reactive_gate,839,580,59,0.09233176838810642,0.3055555555555556,580,80.90183060030506,3721.5658344665967,420.3982702713175,600.0000000000005,0,865,0,0,0,0.024976109236005028,0.3591835266956959,4496877368.825442,0.0,0,0.0,0.0,0.0,0.0,104,0,0.2659940915075057,0.299340959026252,0.8748703502036684,0.29869978291301397,316.3636363636364,0.29
scenario_0007,lease,1,2.7518465649257755,4.355111373324193,11,77,10,56.16590948149019,0.24342241862675923,46.72841870860211,0.2356521961004885,63.812145027400355,600,900,10.758395212589221,0.35952608301065825,0.5734199168389214,0.5996537903549239,0.7994135741435834,0.876731852603856,0.6404739169893418,lease,830,415,114,0.21550094517958412,0.47619047619047616,415,303.1218182494895,3876.8761996678772,577.0978334372087,600.0000000000005,0,1474,0,0,0,0.06117800968036229,0.29550213077208437,3796794822.2305975,11.238464935630304,1,92.07615986896315,81.07759810658581,1021800.0,7276.225245037061,137,1,0.16363135954283073,0.19405511088793742,0.9161440253702527,0.27786301408391406,226.36363636363637,0.64
scenario_0007,lease,2,2.7518465649257755,4.355111373324193,11,77,10,56.16590948149019,0.24342241862675923,46.72841870860211,0.2356521961004885,63.812145027400355,600,900,10.758395212589221,0.35952608301065825,0.5734199168389214,0.5996537903549239,0.7994135741435834,0.876731852603856,0.6404739169893418,lease,1075,554,177,0.2421340629274966,0.5675675675675675,554,131.78916403483095,4080.9645706378183,581.0197893101177,600.0000000000005,0,2029,0,0,0,0.04853814117572025,0.06031629746254639,4819841371.226172,0.0,0,298.3712511725698,287.1910740511535,1278600.0,7859.4915965732935,127,0,0.14817727377538384,0.1897723385115474,0.9500031509853784,0.36954432362299483,302.1818181818182,0.81
scenario_0007,lease,3,2.7518465649257755,4.355111373324193,11,77,10,56.16590948149019,0.24342241862675923,46.72841870860211,0.2356521961004885,63.812145027400355,600,900,10.758395212589221,0.35952608301065825,0.5734199168389214,0.5996537903549239,0.7994135741435834,0.876731852603856,0.6404739169893418,lease,821,556,62,0.10032362459546926,0.3172043010752688,556,66.39212152592972,3648.772711198928,52.66439781705677,600.0000000000005,0,936,0,0,0,0.030836825770026513,0.10634819845216784,4065441959.310165,0.0,0,13.206814958738335,12.844393365766564,1225800.0,5022.030125116113,117,0,0.29277284813760496,0.33104603214192874,0.8569865144392645,0.4078214326652273,303.2727272727273,0.55
scenario_0007,lease,4,2.7518465649257755,4.355111373324193,11,77,10,56.16590948149019,0.24342241862675923,46.72841870860211,0.2356521961004885,63.812145027400355,600,900,10.758395212589221,0.35952608301065825,0.5734199168389214,0.5996537903549239,0.7994135741435834,0.876731852603856,0.6404739169893418,lease,880,605,50,0.07633587786259542,0.2436548223350254,605,139.89735022174955,2575.058798106449,493.97255892854173,600.0000000000005,0,779,0,0,0,0.0305204310914036,0.12413638650840213,2952243781.245342,612.4054630180951,2,274.8846417396386,274.52520180556644,1146600.0,2777.1031211291443,119,0,0.28751616901737853,0.3121391651971919,0.8975755175531539,0.32690222064607516,330.0,0.58
scenario_0007,lease,5,2.7518465649257755,4.355111373324193,11,77,10,56.16590948149019,0.24342241862675923,46.72841870860211,0.2356521961004885,63.812145027400355,600,900,10.758395212589221,0.35952608301065825,0.5734199168389214,0.5996537903549239,0.7994135741435834,0.876731852603856,0.6404739169893418,lease,832,565,64,0.10174880763116058,0.3389830508474576,565,76.72078308647542,3447.3101640381064,323.6727498952881,600.0000000000005,0,907,0,0,0,0.02178348315959032,0.3492931992227563,3853856897.5090623,31.566905018961165,1,19.70549552260252,19.70549552260252,1248600.0,3340.5945539524273,102,0,0.26845703643111224,0.3078396523010309,0.8879867557450967,0.2893834913359392,308.1818181818182,0.54
scenario_0007,clairvoyant,1,2.7518465649257755,4.355111373324193,11,77,10,56.16590948149019,0.24342241862675923,46.72841870860211,0.2356521961004885,63.812145027400355,600,900,10.758395212589221,0.35952608301065825,0.5734199168389214,0.5996537903549239,0.7994135741435834,0.876731852603856,0.6404739169893418,clairvoyant,889,547,127,0.1884272997032641,0.39603960396039606,547,41.8528425797175,3440.520441600392,138.32604832438088,600.0000000000005,0,1400,0,0,0,0.06366433891077643,0.06924143169817508,4276760657.260764,96.82555691330299,9,0.0,0.0,0.0,0.0,152,0,0.35902289783470126,0.44632240868021317,0.9367171906536226,0.3472858809783048,298.3636363636364,0.35
scenario_0007,clairvoyant,2,2.7518465649257755,4.355111373324193,11,77,10,56.16590948149019,0.24342241862675923,46.72841870860211,0.2356521961004885,63.812145027400355,600,900,10.758395212589221,0.35952608301065825,0.5734199168389214,0.5996537903549239,0.7994135741435834,0.876731852603856,0.6404739169893418,clairvoyant,1269,817,174,0.17558022199798184,0.49560117302052786,817,18.154007880555582,3087.314252105791,114.32661600801389,600.0000000000005,0,1888,0,0,0,0.0885041093130363,0.12135978906828733,5972686086.617631,0.0,0,0.0,0.0,0.0,0.0,143,0,0.3411536401981419,0.44672407914288825,0.9523741991182219,0.33790676557282195,445.6363636363636,0.47
scenario_0007,clairvoyant,3,2.7518465649257755,4.355111373324193,11,77,10,56.16590948149019,0.24342241862675923,46.72841870860211,0.2356521961004885,63.812145027400355,600,900,10.758395212589221,0.35952608301065825,0.5734199168389214,0.5996537903549239,0.7994135741435834,0.876731852603856,0.6404739169893418,clairvoyant,885,628,87,0.12167832167832168,0.3761904761904762,628,26.381865748237715,3361.094371780503,72.95738960592469,600.0000000000005,0,891,0,0,0,0.049951504901379735,0.08502290993942216,3617964107.372499,10.758395212589221,1,0.0,0.0,0.0,0.0,135,0,0.4015021995876052,0.48737161236587667,0.8950164867792141,0.40692274003202955,342.54545454545456,0.28
scenario_0007,clairvoyant,4,2.7518465649257755,4.355111373324193,11,77,10,56.16590948149019,0.24342241862675923,46.72841870860211,0.2356521961004885,63.812145027400355,600,900,10.758395212589221,0.35952608301065825,0.5734199168389214,0.5996537903549239,0.7994135741435834,0.876731852603856,0.6404739169893418,clairvoyant,958,702,75,0.09652509652509653,0.3008474576271186,702,21.474828946898924,2174.0993957678143,79.5595708509867,600.0000000000005,0,798,0,0,0,0.04708568383406488,0.1454459633222238,3209303160.31089,64.55037127553533,6,0.0,0.0,0.0,0.0,111,1,0.4420706419454786,0.5092570633896459,0.8930864265498811,0.34419435974649276,382.90909090909093,0.29
scenario_0007,clairvoyant,5,2.7518465649257755,4.355111373324193,11,77,10,56.16590948149019,0.24342241862675923,46.72841870860211,0.2356521961004885,63.812145027400355,600,900,10.758395212589221,0.35952608301065825,0.5734199168389214,0.5996537903549239,0.7994135741435834,0.876731852603856,0.6404739169893418,clairvoyant,890,639,75,0.10504201680672269,0.32682926829268294,639,22.425514557145107,2197.19712398653,58.9827218974422,600.0000000000005,0,854,0,0,0,0.03264394550511544,0.24252874644718905,4000460119.9609137,53.791976062946105,5,0.0,0.0,0.0,0.0,113,0,0.41779090454251255,0.49596841544271986,0.8901552793494385,0.3144741156038628,348.54545454545456,0.29
scenario_0007,gate_srpt,1,2.7518465649257755,4.355111373324193,11,77,10,56.16590948149019,0.24342241862675923,46.72841870860211,0.2356521961004885,63.812145027400355,600,900,10.758395212589221,0.35952608301065825,0.5734199168389214,0.5996537903549239,0.7994135741435834,0.876731852603856,0.6404739169893418,reactive_gate,885,536,119,0.18167938931297709,0.3898305084745763,536,35.37501773644726,3897.0865550832145,227.12795090240593,600.0000000000005,0,1304,0,0,0,0.08549264267170004,0.23403948246654926,6430922895.403773,0.0,0,0.0,0.0,0.0,0.0,142,1,0.3352245688182811,0.4122880595767185,0.9135775067104612,0.3019766084057553,292.3636363636364,0.35
scenario_0007,gate_srpt,2,2.7518465649257755,4.355111373324193,11,77,10,56.16590948149019,0.24342241862675923,46.72841870860211,0.2356521961004885,63.812145027400355,600,900,10.758395212589221,0.35952608301065825,0.5734199168389214,0.5996537903549239,0.7994135741435834,0.876731852603856,0.6404739169893418,reactive_gate,1232,766,180,0.19027484143763213,0.5075528700906344,766,15.927422239086468,3688.06019495255,127.0083705817853,600.0000000000005,0,1904,0,0,0,0.12028534404626066,0.0648893091625314,7073937885.955813,0.0,0,0.0,0.0,0.0,0.0,138,0,0.2991195981772406,0.3962924668985273,0.9313620190836099,0.3761959184261496,417.8181818181818,0.49
scenario_0007,gate_srpt,3,2.7518465649257755,4.355111373324193,11,77,10,56.16590948149019,0.24342241862675923,46.72841870860211,0.2356521961004885,63.812145027400355,600,900,10.758395212589221,0.35952608301065825,0.5734199168389214,0.5996537903549239,0.7994135741435834,0.876731852603856,0.6404739169893418,reactive_gate,869,621,73,0.10518731988472622,0.33495145631067963,621,22.852862284902812,3259.5477092781143,62.41933955027516,600.0000000000005,0,801,1,0,0,0.04362139474317281,0.08070227043355346,4144929051.934514,0.0,0,0.0,0.0,0.0,0.0,122,0,0.38302089258947364,0.44733216587568386,0.8954357409408774,0.42703718224402903,338.72727272727275,0.3
scenario_0007,gate_srpt,4,2.7518465649257755,4.355111373324193,11,77,10,56.16590948149019,0.24342241862675923,46.72841870860211,0.2356521961004885,63.812145027400355,600,900,10.758395212589221,0.35952608301065825,0.5734199168389214,0.5996537903549239,0.7994135741435834,0.876731852603856,0.6404739169893418,reactive_gate,939,679,64,0.08613728129205922,0.2687224669603524,679,22.627610448896576,2684.0507749484973,99.33921386987936,600.0000000000005,0,730,0,0,0,0.032919596361383474,0.10854498387129421,4336380636.893997,0.0,0,0.0,0.0,0.0,0.0,114,0,0.41515049423925576,0.47075007623515697,0.9143365941524806,0.40165535126058743,370.3636363636364,0.29
scenario_0007,gate_srpt,5,2.7518465649257755,4.355111373324193,11,77,10,56.16590948149019,0.24342241862675923,46.72841870860211,0.2356521961004885,63.812145027400355,600,900,10.758395212589221,0.35952608301065825,0.5734199168389214,0.5996537903549239,0.7994135741435834,0.876731852603856,0.6404739169893418,reactive_gate,893,643,68,0.09563994374120956,0.32653061224489793,643,20.019534358822966,2743.0900649106457,66.52664147547344,600.0000000000005,0,812,0,0,0,0.026894511631996295,0.3423586268821426,4669176702.684617,0.0,0,0.0,0.0,0.0,0.0,108,0,0.366416343379328,0.4300739238651842,0.8665827589767137,0.321132012538095,350.72727272727275,0.29
scenario_0008,gate_sampled,1,1.5074640433403086,2.262273488259626,16,147,14,52.04563552632479,0.30258655268699436,63.43717920128178,0.13350432105059862,206.14250758724916,300,60,25.258540518584567,0.15995714874689715,0.3827870660526172,0.5536242018342292,1.1374390291767498,0.9278593222952511,0.8400428512531029,reactive_gate,447,374,17,0.043478260869565216,0.14285714285714285,374,217.79829706862188,2270.670943213604,20.054801304296358,300.0,0,365,2,0,0,0.02308078117541617,0.18273839984624346,2537039076.050453,0.0,0,0.0,0.0,0.0,0.0,37,2,0.6102454266623084,0.6586558736260488,0.5464501762011137,0.32443286466825205,204.0,0.16
scenario_0008,gate_sampled,2,1.5074640433403086,2.262273488259626,16,147,14,52.04563552632479,0.30258655268699436,63.43717920128178,0.13350432105059862,206.14250758724916,300,60,25.258540518584567,0.15995714874689715,0.3827870660526172,0.5536242018342292,1.1374390291767498,0.9278593222952511,0.8400428512531029,reactive_gate,492,396,31,0.07259953161592506,0.24369747899159663,396,204.3424536377554,2502.0751830861063,22.571430726578082,300.00000000000045,0,456,3,0,0,0.02870523129887519,0.35169610289156916,1981251671.6164598,0.0,0,0.0,0.0,0.0,0.0,58,1,0.5467923836265829,0.6039692543930254,0.568297538510101,0.31344954069140235,216.0,0.18
scenario_0008,gate_sampled,3,1.5074640433403086,2.262273488259626,16,147,14,52.04563552632479,0.30258655268699436,63.43717920128178,0.13350432105059862,206.14250758724916,300,60,25.258540518584567,0.15995714874689715,0.3827870660526172,0.5536242018342292,1.1374390291767498,0.9278593222952511,0.8400428512531029,reactive_gate,504,415,19,0.04377880184331797,0.1651376146788991,415,84.2539099528467,2059.14677881834,12.259618930264878,300.00000000000045,0,416,0,0,0,0.031152647869578817,0.44953042532960147,4014516454.992796,0.0,0,0.0,0.0,0.0,0.0,44,0,0.5845096478211891,0.6251383230501181,0.47823081091767033,0.2711325267623656,226.36363636363637,0.16
scenario_0008,gate_sampled,4,1.5074640433403086,2.262273488259626,16,147,14,52.04563552632479,0.30258655268699436,63.43717920128178,0.13350432105059862,206.14250758724916,300,60,25.258540518584567,0.15995714874689715,0.3827870660526172,0.5536242018342292,1.1374390291767498,0.9278593222952511,0.8400428512531029,reactive_gate,551,478,10,0.020491803278688523,0.08547008547008547,478,38.764553912607425,2811.9290837266312,28.609439838437908,300.00000000000045,0,356,1,0,0,0.0327472124800731,0.35411936122039234,2567634844.7904396,0.0,0,0.0,0.0,0.0,0.0,37,0,0.6230453382355895,0.6486863776357484,0.5201541535992943,0.27590657495655674,260.72727272727275,0.18
scenario_0008,gate_sampled,5,1.5074640433403086,2.262273488259626,16,147,14,52.04563552632479,0.30258655268699436,63.43717920128178,0.13350432105059862,206.14250758724916,300,60,25.258540518584567,0.15995714874689715,0.3827870660526172,0.5536242018342292,1.1374390291767498,0.9278593222952511,0.8400428512531029,reactive_gate,742,663,15,0.022123893805309734,0.12605042016806722,663,27.760400492172266,2430.6247759791427,13.259403880202358,300.00000000000045,0,398,0,0,0,0.015790529706014782,0.19661170753264104,2478222737.3226614,0.0,0,0.0,0.0,0.0,0.0,30,0,0.6463681222640516,0.6863838524741104,0.6497446261574075,0.31774333794676873,361.6363636363636,0.22
scenario_0008,gate_ship,1,1.5074640433403086,2.262273488259626,16,147,14,52.04563552632479,0.30258655268699436,63.43717920128178,0.13350432105059862,206.14250758724916,300,60,25.258540518584567,0.15995714874689715,0.3827870660526172,0.5536242018342292,1.1374390291767498,0.9278593222952511,0.8400428512531029,reactive_gate,462,405,9,0.021739130434782608,0.06956521739130435,405,253.73406055675514,1520.8561128624601,22.281895310017855,300.00000000000045,0,304,1,0,0,0.0207506447420523,0.17513657333890417,2162652242.992067,0.0,0,0.0,0.0,0.0,0.0,38,2,0.6844966121606488,0.710163600287232,0.5681548159438942,0.34294244750248976,220.9090909090909,0.18
scenario_0008,gate_ship,2,1.5074640433403086,2.262273488259626,16,147,14,52.04563552632479,0.30258655268699436,63.43717920128178,0.13350432105059862,206.14250758724916,300,60,25.258540518584567,0.15995714874689715,0.3827870660526172,0.5536242018342292,1.1374390291767498,0.9278593222952511,0.8400428512531029,reactive_gate,494,400,14,0.033816425120772944,0.11818181818181818,400,244.97367283503036,2305.880151301561,37.29556538307572,300.00000000000045,0,416,4,0,0,0.017501590860393133,0.26169053597416114,1033418579.0188886,0.0,0,0.0,0.0,0.0,0.0,62,1,0.5900735626489103,0.6122770001928497,0.6214387611612924,0.36030196464540765,218.1818181818182,0.2
scenario_0008,gate_ship,3,1.5074640433403086,2.262273488259626,16,147,14,52.04563552632479,0.30258655268699436,63.43717920128178,0.13350432105059862,206.14250758724916,300,60,25.258540518584567,0.15995714874689715,0.3827870660526172,0.5536242018342292,1.1374390291767498,0.9278593222952511,0.8400428512531029,reactive_gate,506,431,14,0.03146067415730337,0.12173913043478261,431,131.89912792070982,2087.6519146037244,6.263895448488803,300.00000000000045,0,339,0,0,0,0.015610821454930307,0.4069930591935757,3428263659.731589,0.0,0,0.0,0.0,0.0,0.0,41,0,0.6208425482886055,0.6556476351667735,0.5073527122385717,0.29823640905759197,235.0909090909091,0.17
scenario_0008,gate_ship,4,1.5074640433403086,2.262273488259626,16,147,14,52.04563552632479,0.30258655268699436,63.43717920128178,0.13350432105059862,206.14250758724916,300,60,25.258540518584567,0.15995714874689715,0.3827870660526172,0.5536242018342292,1.1374390291767498,0.9278593222952511,0.8400428512531029,reactive_gate,546,484,4,0.00819672131147541,0.03333333333333333,484,65.22060664652054,2085.6594180077673,50.94341563338583,300.00000000000045,0,300,3,0,0,0.01499232262275125,0.31048550629629296,2454837744.129678,0.0,0,0.0,0.0,0.0,0.0,36,0,0.6589769538208993,0.6670387492421187,0.5247745513468014,0.2809204709075615,264.0,0.18
scenario_0008,gate_ship,5,1.5074640433403086,2.262273488259626,16,147,14,52.04563552632479,0.30258655268699436,63.43717920128178,0.13350432105059862,206.14250758724916,300,60,25.258540518584567,0.15995714874689715,0.3827870660526172,0.5536242018342292,1.1374390291767498,0.9278593222952511,0.8400428512531029,reactive_gate,740,664,6,0.008955223880597015,0.05357142857142857,664,30.060014722800133,1918.5240220932717,20.088064547099734,300.00000000000045,0,440,1,0,0,0.010275401995797065,0.2386004250958636,1911859642.1847165,0.0,0,0.0,0.0,0.0,0.0,28,1,0.6583241927804566,0.6683527169694878,0.6843808353931948,0.3307305885667779,362.1818181818182,0.24
scenario_0008,lease,1,1.5074640433403086,2.262273488259626,16,147,14,52.04563552632479,0.30258655268699436,63.43717920128178,0.13350432105059862,206.14250758724916,300,60,25.258540518584567,0.15995714874689715,0.3827870660526172,0.5536242018342292,1.1374390291767498,0.9278593222952511,0.8400428512531029,lease,459,402,8,0.01951219512195122,0.061946902654867256,402,254.89400762092805,1503.9153101397173,24.790206734778256,300.00000000000045,0,326,3,0,0,0.013734341227225853,0.17736585497551602,2087662465.882179,2338.4819651196804,16,7.595876177305286,6.553738786504709,646200.0,26.188534724513147,37,2,0.6835431628741075,0.7084722982823255,0.5740250246414466,0.33807463318609005,219.27272727272728,0.39
scenario_0008,lease,2,1.5074640433403086,2.262273488259626,16,147,14,52.04563552632479,0.30258655268699436,63.43717920128178,0.13350432105059862,206.14250758724916,300,60,25.258540518584567,0.15995714874689715,0.3827870660526172,0.5536242018342292,1.1374390291767498,0.9278593222952511,0.8400428512531029,lease,483,385,15,0.0375,0.12962962962962962,385,248.9366346834595,2154.9351320047845,34.97906732843975,300.00000000000045,0,428,2,0,0,0.020292824155301988,0.27961958144367544,714810556.4904376,103.38067052036331,1,33.46466873412851,32.19063248005432,862200.0,630.5897021114725,58,1,0.5756899347777679,0.5960427417000552,0.6097203564005439,0.32827221248786476,210.0,0.41
scenario_0008,lease,3,1.5074640433403086,2.262273488259626,16,147,14,52.04563552632479,0.30258655268699436,63.43717920128178,0.13350432105059862,206.14250758724916,300,60,25.258540518584567,0.15995714874689715,0.3827870660526172,0.5536242018342292,1.1374390291767498,0.9278593222952511,0.8400428512531029,lease,514,446,12,0.026200873362445413,0.1016949152542373,446,129.12452154071548,2025.3066177758344,4.438660724901713,300.00000000000045,0,318,0,0,0,0.007859027119429804,0.4014896676171897,3487681823.1074815,1456.8919379536535,17,3.729668397657406,3.729668397657406,753000.0,632.4745900848167,43,0,0.6376550464252116,0.6686127669079879,0.5078173051872896,0.31104459258033307,243.27272727272728,0.38
scenario_0008,lease,4,1.5074640433403086,2.262273488259626,16,147,14,52.04563552632479,0.30258655268699436,63.43717920128178,0.13350432105059862,206.14250758724916,300,60,25.258540518584567,0.15995714874689715,0.3827870660526172,0.5536242018342292,1.1374390291767498,0.9278593222952511,0.8400428512531029,lease,544,485,4,0.0081799591002045,0.03333333333333333,485,62.33206212942514,1989.1534620401724,54.07990315408734,300.00000000000045,0,295,4,0,0,0.015270502443864315,0.3093583409071288,2043628255.686454,180.76085916126772,0,1.0952388386995153,1.0952388386995153,839400.0,21.692827066671498,36,0,0.6611764822892643,0.6692975480817617,0.5316803012982388,0.2826689479575298,264.54545454545456,0.4
scenario_0008,lease,5,1.5074640433403086,2.262273488259626,16,147,14,52.04563552632479,0.30258655268699436,63.43717920128178,0.13350432105059862,206.14250758724916,300,60,25.258540518584567,0.15995714874689715,0.3827870660526172,0.5536242018342292,1.1374390291767498,0.9278593222952511,0.8400428512531029,lease,739,662,4,0.006006006006006006,0.027522935779816515,662,31.87884633211729,1935.3987589521712,22.112254558395314,300.00000000000045,0,430,1,0,0,0.0060226715617835175,0.223553483036633,1783795162.5255718,542.6878050564375,5,6.877740588446272,6.2806096368367434,1102200.0,625.1543044442049,29,0,0.6554279301307532,0.6612169247647945,0.6837696561771562,0.3313227257696024,361.0909090909091,0.51
scenario_0008,clairvoyant,1,1.5074640433403086,2.262273488259626,16,147,14,52.04563552632479,0.30258655268699436,63.43717920128178,0.13350432105059862,206.14250758724916,300,60,25.258540518584567,0.15995714874689715,0.3827870660526172,0.5536242018342292,1.1374390291767498,0.9278593222952511,0.8400428512531029,clairvoyant,454,389,15,0.03712871287128713,0.12173913043478261,389,206.04201449031643,1873.1818901401305,26.027007809935217,300.00000000000045,0,350,0,0,0,0.02285425578264988,0.19290281503218662,1490129967.6236408,656.7220534831981,26,0.0,0.0,0.0,0.0,40,2,0.7084808488297386,0.7574934459044581,0.5745017910758223,0.33819976594610746,212.1818181818182,0.17
scenario_0008,clairvoyant,2,1.5074640433403086,2.262273488259626,16,147,14,52.04563552632479,0.30258655268699436,63.43717920128178,0.13350432105059862,206.14250758724916,300,60,25.258540518584567,0.15995714874689715,0.3827870660526172,0.5536242018342292,1.1374390291767498,0.9278593222952511,0.8400428512531029,clairvoyant,473,382,27,0.06601466992665037,0.20161290322580644,382,176.5768555724403,2387.0246791278632,42.62169094142774,300.00000000000045,0,394,7,0,0,0.037754748186169126,0.30802328767892695,817617267.4203757,176.80978363009217,7,0.0,0.0,0.0,0.0,59,1,0.6699725761414322,0.726369512779591,0.6099529176055426,0.31980622367917705,208.36363636363637,0.19
scenario_0008,clairvoyant,3,1.5074640433403086,2.262273488259626,16,147,14,52.04563552632479,0.30258655268699436,63.43717920128178,0.13350432105059862,206.14250758724916,300,60,25.258540518584567,0.15995714874689715,0.3827870660526172,0.5536242018342292,1.1374390291767498,0.9278593222952511,0.8400428512531029,clairvoyant,503,430,26,0.05701754385964912,0.20634920634920634,430,104.7079033066392,1911.646222888539,2.8940158396724156,300.00000000000045,0,353,0,0,0,0.0558501582198345,0.4785531863212716,3189171865.0488467,757.7562155575365,30,0.0,0.0,0.0,0.0,46,0,0.663771509594677,0.7318836090912603,0.4824942614041052,0.2683423300238829,234.54545454545456,0.16
scenario_0008,clairvoyant,4,1.5074640433403086,2.262273488259626,16,147,14,52.04563552632479,0.30258655268699436,63.43717920128178,0.13350432105059862,206.14250758724916,300,60,25.258540518584567,0.15995714874689715,0.3827870660526172,0.5536242018342292,1.1374390291767498,0.9278593222952511,0.8400428512531029,clairvoyant,557,500,9,0.01768172888015717,0.07086614173228346,500,53.56133570672273,1898.7643718790541,35.27210228078565,300.00000000000045,0,274,2,0,0,0.04152221468052116,0.26621385060962954,1481218091.5972712,176.80978363009217,7,0.0,0.0,0.0,0.0,38,0,0.7575570760481414,0.780288660613699,0.5447977136671199,0.31021704932162486,272.72727272727275,0.18
scenario_0008,clairvoyant,5,1.5074640433403086,2.262273488259626,16,147,14,52.04563552632479,0.30258655268699436,63.43717920128178,0.13350432105059862,206.14250758724916,300,60,25.258540518584567,0.15995714874689715,0.3827870660526172,0.5536242018342292,1.1374390291767498,0.9278593222952511,0.8400428512531029,clairvoyant,739,659,18,0.026587887740029542,0.13445378151260504,659,29.714555389717134,1955.102073028382,20.578108334178058,300.00000000000045,0,402,1,0,0,0.021299157158229196,0.24143151555143605,1319303705.3376715,353.61956726018406,14,0.0,0.0,0.0,0.0,28,1,0.7198001840729807,0.7669600218697176,0.6959413025163494,0.32295789260844165,359.4545454545455,0.23
scenario_0008,gate_srpt,1,1.5074640433403086,2.262273488259626,16,147,14,52.04563552632479,0.30258655268699436,63.43717920128178,0.13350432105059862,206.14250758724916,300,60,25.258540518584567,0.15995714874689715,0.3827870660526172,0.5536242018342292,1.1374390291767498,0.9278593222952511,0.8400428512531029,reactive_gate,463,405,9,0.021739130434782608,0.07079646017699115,405,253.0184965894132,1953.6927441174803,28.038966367155375,300.0,0,243,1,0,0,0.015607510856222166,0.19181728125579697,2211417314.4620605,0.0,0,0.0,0.0,0.0,0.0,38,2,0.6881830972629801,0.7181888702219693,0.5560562611531986,0.3435571567781297,220.9090909090909,0.17
scenario_0008,gate_srpt,2,1.5074640433403086,2.262273488259626,16,147,14,52.04563552632479,0.30258655268699436,63.43717920128178,0.13350432105059862,206.14250758724916,300,60,25.258540518584567,0.15995714874689715,0.3827870660526172,0.5536242018342292,1.1374390291767498,0.9278593222952511,0.8400428512531029,reactive_gate,503,411,18,0.04195804195804196,0.14782608695652175,411,242.88049446401692,2299.4505683018065,32.47196419631231,300.00000000000045,0,369,1,0,0,0.026380471519861327,0.2898903109229141,1252387126.8642921,0.0,0,0.0,0.0,0.0,0.0,55,1,0.6002534381378914,0.6245372679344566,0.6097373298813455,0.3519852608263312,224.1818181818182,0.2
scenario_0008,gate_srpt,3,1.5074640433403086,2.262273488259626,16,147,14,52.04563552632479,0.30258655268699436,63.43717920128178,0.13350432105059862,206.14250758724916,300,60,25.258540518584567,0.15995714874689715,0.3827870660526172,0.5536242018342292,1.1374390291767498,0.9278593222952511,0.8400428512531029,reactive_gate,528,461,12,0.02536997885835095,0.10084033613445378,461,147.01307637432546,2342.9681702115545,9.462877257435698,300.0,0,260,0,0,0,0.013758173397320527,0.3708367539101961,3151170763.736531,0.0,0,0.0,0.0,0.0,0.0,42,0,0.659088466593234,0.6910093876668898,0.5283914380260942,0.3053573199291721,251.45454545454547,0.17
scenario_0008,gate_srpt,4,1.5074640433403086,2.262273488259626,16,147,14,52.04563552632479,0.30258655268699436,63.43717920128178,0.13350432105059862,206.14250758724916,300,60,25.258540518584567,0.15995714874689715,0.3827870660526172,0.5536242018342292,1.1374390291767498,0.9278593222952511,0.8400428512531029,reactive_gate,549,490,7,0.014084507042253521,0.056,490,55.11935993976931,2200.830044419351,53.45283901308123,300.00000000000045,0,236,2,0,0,0.012920141777441786,0.33315303486249104,2710930611.750432,0.0,0,0.0,0.0,0.0,0.0,35,0,0.6974875126937465,0.7164974976304186,0.531968513047138,0.2880240940042526,267.2727272727273,0.19
scenario_0008,gate_srpt,5,1.5074640433403086,2.262273488259626,16,147,14,52.04563552632479,0.30258655268699436,63.43717920128178,0.13350432105059862,206.14250758724916,300,60,25.258540518584567,0.15995714874689715,0.3827870660526172,0.5536242018342292,1.1374390291767498,0.9278593222952511,0.8400428512531029,reactive_gate,718,634,11,0.017054263565891473,0.08849557522123894,634,27.24899392693453,2152.5205256095237,22.818732000076242,300.0,0,413,1,0,0,0.007249546775965559,0.24319605111703205,2351762147.4892163,0.0,0,0.0,0.0,0.0,0.0,30,1,0.6603564360094953,0.6854853386999019,0.6562932338853277,0.35193705778443324,345.8181818181818,0.23
scenario_0009,gate_sampled,1,2.12758382349256,1.5524609812780445,30,153,27,22.43491590917714,0.35188473599565023,60.42364439644684,0.08711022111924371,462.1022812783619,600,900,3.991249096476252,0.2968905219889407,1.5556020845069978,0.37331257359618514,0.8430407716408879,2.377910122072125,0.7031094780110593,reactive_gate,609,503,18,0.0345489443378119,0.10625,503,132.73236232971067,3536.4917001956924,11.68030172160062,600.0000000000005,0,269,0,0,0,0.010958969724394984,0.19700530739077207,3873665161.8963695,0.0,0,0.0,0.0,0.0,0.0,780,80,0.4688591322863561,0.4912545899806965,0.2564457071721488,0.21761693260093615,274.3636363636364,0.15
scenario_0009,gate_sampled,2,2.12758382349256,1.5524609812780445,30,153,27,22.43491590917714,0.35188473599565023,60.42364439644684,0.08711022111924371,462.1022812783619,600,900,3.991249096476252,0.2968905219889407,1.5556020845069978,0.37331257359618514,0.8430407716408879,2.377910122072125,0.7031094780110593,reactive_gate,605,484,17,0.033932135728542916,0.13333333333333333,484,89.76776929575931,1830.6852115993265,31.105076606315244,600.0000000000005,0,238,0,0,0,0.012129022923206159,0.20006057462336935,3610134768.7689414,0.0,0,0.0,0.0,0.0,0.0,797,85,0.48586717370300025,0.5162057114606841,0.26274345468574634,0.19047826234388393,264.0,0.16
scenario_0009,gate_sampled,3,2.12758382349256,1.5524609812780445,30,153,27,22.43491590917714,0.35188473599565023,60.42364439644684,0.08711022111924371,462.1022812783619,600,900,3.991249096476252,0.2968905219889407,1.5556020845069978,0.37331257359618514,0.8430407716408879,2.377910122072125,0.7031094780110593,reactive_gate,598,489,18,0.03550295857988166,0.13533834586466165,489,99.982127062048,2517.3397364574053,4.221940951117407,600.0000000000005,0,291,0,0,0,0.013092907023288275,0.07712886682332032,5340653632.821043,0.0,0,0.0,0.0,0.0,0.0,714,86,0.44937456333912723,0.47802572909295965,0.22890812543382547,0.24982877609428933,266.72727272727275,0.15
scenario_0009,gate_sampled,4,2.12758382349256,1.5524609812780445,30,153,27,22.43491590917714,0.35188473599565023,60.42364439644684,0.08711022111924371,462.1022812783619,600,900,3.991249096476252,0.2968905219889407,1.5556020845069978,0.37331257359618514,0.8430407716408879,2.377910122072125,0.7031094780110593,reactive_gate,637,542,5,0.009140767824497258,0.037037037037037035,542,68.72526474618871,1793.8806584396896,0.0,600.0000000000005,0,172,0,0,0,0.008716310644934932,0.1838960563848284,5130766963.334195,0.0,0,0.0,0.0,0.0,0.0,669,49,0.5128914257854729,0.5227407230844668,0.2250119824980575,0.21739005119041965,295.6363636363636,0.14
scenario_0009,gate_sampled,5,2.12758382349256,1.5524609812780445,30,153,27,22.43491590917714,0.35188473599565023,60.42364439644684,0.08711022111924371,462.1022812783619,600,900,3.991249096476252,0.2968905219889407,1.5556020845069978,0.37331257359618514,0.8430407716408879,2.377910122072125,0.7031094780110593,reactive_gate,698,555,32,0.054514480408858604,0.2318840579710145,555,71.27694832166208,3395.664581823309,3.4594357122059813,600.0000000000005,0,520,0,0,0,0.018499830356041153,0.3219002592756499,5030453277.341214,0.0,0,0.0,0.0,0.0,0.0,767,40,0.3923137999914812,0.4381118969576388,0.25063523867953036,0.19316430434856507,302.72727272727275,0.18
scenario_0009,gate_ship,1,2.12758382349256,1.5524609812780445,30,153,27,22.43491590917714,0.35188473599565023,60.42364439644684,0.08711022111924371,462.1022812783619,600,900,3.991249096476252,0.2968905219889407,1.5556020845069978,0.37331257359618514,0.8430407716408879,2.377910122072125,0.7031094780110593,reactive_gate,680,607,1,0.001644736842105263,0.005847953216374269,607,124.48477426340105,1742.1776730888441,105.78335344265146,600.0,0,38,8,0,0,0.00484261293147561,0.17983935342835017,1933125799.4105563,0.0,0,0.0,0.0,0.0,0.0,862,316,0.7333904265983502,0.7348725533251479,0.3353405378118795,0.26468324486420786,331.0909090909091,0.2
scenario_0009,gate_ship,2,2.12758382349256,1.5524609812780445,30,153,27,22.43491590917714,0.35188473599565023,60.42364439644684,0.08711022111924371,462.1022812783619,600,900,3.991249096476252,0.2968905219889407,1.5556020845069978,0.37331257359618514,0.8430407716408879,2.377910122072125,0.7031094780110593,reactive_gate,656,570,1,0.0017513134851138354,0.007142857142857143,570,147.2125520001082,1614.5910180780807,108.9017772138007,600.0,0,39,7,0,0,0.006763535460070081,0.17757734795360242,1363505401.488911,0.0,0,0.0,0.0,0.0,0.0,885,253,0.7111863652615599,0.7118533206658604,0.34915765126046794,0.24598181222811177,310.90909090909093,0.2
scenario_0009,gate_ship,3,2.12758382349256,1.5524609812780445,30,153,27,22.43491590917714,0.35188473599565023,60.42364439644684,0.08711022111924371,462.1022812783619,600,900,3.991249096476252,0.2968905219889407,1.5556020845069978,0.37331257359618514,0.8430407716408879,2.377910122072125,0.7031094780110593,reactive_gate,720,658,2,0.0030303030303030303,0.012578616352201259,658,89.96182668425354,1532.6336331593077,77.387545753935,600.0,0,20,7,0,0,0.006848919096312345,0.05434563603120424,2434360521.3413305,0.0,0,0.0,0.0,0.0,0.0,900,338,0.8110875637828369,0.8145800836255679,0.3397821170724338,0.3657905849517638,358.90909090909093,0.21
scenario_0009,gate_ship,4,2.12758382349256,1.5524609812780445,30,153,27,22.43491590917714,0.35188473599565023,60.42364439644684,0.08711022111924371,462.1022812783619,600,900,3.991249096476252,0.2968905219889407,1.5556020845069978,0.37331257359618514,0.8430407716408879,2.377910122072125,0.7031094780110593,reactive_gate,700,650,1,0.0015360983102918587,0.006369426751592357,650,73.27536283239499,1309.559910142316,25.264162432070833,600.0,0,18,2,0,0,0.000517442480691914,0.1600293615262854,3074069164.537135,0.0,0,0.0,0.0,0.0,0.0,814,416,0.8232042379454898,0.8264403790445775,0.30279115067555906,0.28130397192216117,354.54545454545456,0.17
scenario_0009,gate_ship,5,2.12758382349256,1.5524609812780445,30,153,27,22.43491590917714,0.35188473599565023,60.42364439644684,0.08711022111924371,462.1022812783619,600,900,3.991249096476252,0.2968905219889407,1.5556020845069978,0.37331257359618514,0.8430407716408879,2.377910122072125,0.7031094780110593,reactive_gate,846,746,4,0.005333333333333333,0.027972027972027972,746,186.0742889789965,1753.647477091409,97.02634945368565,600.0000000000005,0,92,7,0,0,0.005361024704674632,0.2988137159545456,1428591245.0023992,0.0,0,0.0,0.0,0.0,0.0,955,126,0.6392727606568238,0.6482450099292003,0.3904049074009324,0.29794129542363745,406.90909090909093,0.24
scenario_0009,lease,1,2.12758382349256,1.5524609812780445,30,153,27,22.43491590917714,0.35188473599565023,60.42364439644684,0.08711022111924371,462.1022812783619,600,900,3.991249096476252,0.2968905219889407,1.5556020845069978,0.37331257359618514,0.8430407716408879,2.377910122072125,0.7031094780110593,lease,681,608,1,0.0016420361247947454,0.005813953488372093,608,107.82876289841397,1702.4380119463424,94.37235224876214,600.0000000000005,0,33,10,0,0,0.005291417733827309,0.16575999246651857,1555205839.2219677,12128.805410053945,39,5967.79027352388,1504.5495560679956,643800.0,3049.1359454500193,857,249,0.7441807806222919,0.7457184932867338,0.3368091968919969,0.2678954724596572,331.6363636363636,0.39
scenario_0009,lease,2,2.12758382349256,1.5524609812780445,30,153,27,22.43491590917714,0.35188473599565023,60.42364439644684,0.08711022111924371,462.1022812783619,600,900,3.991249096476252,0.2968905219889407,1.5556020845069978,0.37331257359618514,0.8430407716408879,2.377910122072125,0.7031094780110593,lease,652,566,1,0.001763668430335097,0.007194244604316547,566,151.1772990266956,1628.0721014065834,97.8605602806146,600.0,0,53,7,0,0,0.007380643466999863,0.17937612781480888,1359599614.8502398,13341.194100135262,66,4256.238019021911,2248.544872177098,627000.0,7979.373607731077,882,190,0.6814550778899939,0.6820053359480676,0.3465309609060693,0.24332974644720562,308.72727272727275,0.37
scenario_0009,lease,3,2.12758382349256,1.5524609812780445,30,153,27,22.43491590917714,0.35188473599565023,60.42364439644684,0.08711022111924371,462.1022812783619,600,900,3.991249096476252,0.2968905219889407,1.5556020845069978,0.37331257359618514,0.8430407716408879,2.377910122072125,0.7031094780110593,lease,716,649,2,0.0030721966205837174,0.012658227848101266,649,99.4322123844695,1616.7993575244639,71.69338866238239,600.0,0,20,4,0,0,0.00217457531764855,0.05207434466506019,2025939003.013107,11578.09283399212,73,6738.473351059746,1941.5785786134402,597000.0,3807.365791256414,886,257,0.7809414312946983,0.784076402711053,0.3413463593650177,0.36394523816503205,354.0,0.42
scenario_0009,lease,4,2.12758382349256,1.5524609812780445,30,153,27,22.43491590917714,0.35188473599565023,60.42364439644684,0.08711022111924371,462.1022812783619,600,900,3.991249096476252,0.2968905219889407,1.5556020845069978,0.37331257359618514,0.8430407716408879,2.377910122072125,0.7031094780110593,lease,706,649,1,0.0015384615384615385,0.006493506493506494,649,69.28932213763164,1285.365578968275,14.978712223209977,600.0000000000005,0,21,1,0,0,0.0007825286758378295,0.17568496408306045,2582842071.4981594,17249.51590280253,101,5622.534850873203,1439.495219925198,560400.0,444.73269485911,806,366,0.8144596359493723,0.8176438591290901,0.30281864726538893,0.27404032810145684,354.0,0.35
scenario_0009,lease,5,2.12758382349256,1.5524609812780445,30,153,27,22.43491590917714,0.35188473599565023,60.42364439644684,0.08711022111924371,462.1022812783619,600,900,3.991249096476252,0.2968905219889407,1.5556020845069978,0.37331257359618514,0.8430407716408879,2.377910122072125,0.7031094780110593,lease,848,751,4,0.005298013245033113,0.027586206896551724,751,194.17007461944195,1813.734900697964,87.96084687311618,600.0000000000005,0,97,4,0,0,0.002466831941173656,0.2947929657662291,1133173102.7540832,6153.469038827824,34,5654.292900050549,3989.445874993088,756000.0,10309.977909042464,950,107,0.6333902021004151,0.6422798891474385,0.39091356730769233,0.29176953837132685,409.6363636363636,0.45
scenario_0009,clairvoyant,1,2.12758382349256,1.5524609812780445,30,153,27,22.43491590917714,0.35188473599565023,60.42364439644684,0.08711022111924371,462.1022812783619,600,900,3.991249096476252,0.2968905219889407,1.5556020845069978,0.37331257359618514,0.8430407716408879,2.377910122072125,0.7031094780110593,clairvoyant,688,613,2,0.0032520325203252032,0.011695906432748537,613,82.18084861198349,1412.7224524295261,76.62509206669965,600.0000000000005,0,63,1,0,0,0.0017422683552283731,0.17948022938657773,1156462763.0349617,666.5385991115304,167,0.0,0.0,0.0,0.0,878,312,0.7741081101674419,0.776728573838172,0.33178692209703875,0.2646195129532616,334.3636363636364,0.19
scenario_0009,clairvoyant,2,2.12758382349256,1.5524609812780445,30,153,27,22.43491590917714,0.35188473599565023,60.42364439644684,0.08711022111924371,462.1022812783619,600,900,3.991249096476252,0.2968905219889407,1.5556020845069978,0.37331257359618514,0.8430407716408879,2.377910122072125,0.7031094780110593,clairvoyant,671,590,3,0.00505902192242833,0.02097902097902098,590,94.4024918304018,1674.4416646408063,94.83766143818934,600.0000000000005,0,96,3,0,0,0.007774736470429961,0.1821020474069402,749784527.054265,582.7223680855329,146,0.0,0.0,0.0,0.0,911,238,0.7566447414267836,0.7601969503977464,0.3454487852046102,0.25722172862002046,321.8181818181818,0.19
scenario_0009,clairvoyant,3,2.12758382349256,1.5524609812780445,30,153,27,22.43491590917714,0.35188473599565023,60.42364439644684,0.08711022111924371,462.1022812783619,600,900,3.991249096476252,0.2968905219889407,1.5556020845069978,0.37331257359618514,0.8430407716408879,2.377910122072125,0.7031094780110593,clairvoyant,727,668,2,0.0029850746268656717,0.012195121951219513,668,76.31064068373428,1510.0007883168375,69.14484399382347,600.0,0,28,2,0,0,0.0029994685693864724,0.054196250688906114,1239200240.8273795,710.4423391727712,178,0.0,0.0,0.0,0.0,914,305,0.8477830862286304,0.851509242594119,0.34187095703185705,0.36692208917341695,364.3636363636364,0.21
scenario_0009,clairvoyant,4,2.12758382349256,1.5524609812780445,30,153,27,22.43491590917714,0.35188473599565023,60.42364439644684,0.08711022111924371,462.1022812783619,600,900,3.991249096476252,0.2968905219889407,1.5556020845069978,0.37331257359618514,0.8430407716408879,2.377910122072125,0.7031094780110593,clairvoyant,719,666,1,0.0014992503748125937,0.0064516129032258064,666,62.833459288664926,1222.0608329461609,13.400612916841965,600.0,0,28,1,0,0,0.0006062027079424928,0.18146072669880434,1430056408.6759899,917.987292189542,230,0.0,0.0,0.0,0.0,846,410,0.8641101804015029,0.8675095315487468,0.3055252327030994,0.2855522293860926,363.2727272727273,0.16
scenario_0009,clairvoyant,5,2.12758382349256,1.5524609812780445,30,153,27,22.43491590917714,0.35188473599565023,60.42364439644684,0.08711022111924371,462.1022812783619,600,900,3.991249096476252,0.2968905219889407,1.5556020845069978,0.37331257359618514,0.8430407716408879,2.377910122072125,0.7031094780110593,clairvoyant,859,774,10,0.012755102040816327,0.057692307692307696,774,94.30728310302356,1802.722948242722,81.19406446463485,600.0000000000005,0,160,4,0,0,0.011172089579829113,0.31138681579581295,850902053.1059725,363.20366777933964,91,0.0,0.0,0.0,0.0,982,130,0.706456550166741,0.7240613570965551,0.38677543719459556,0.2918805481959356,422.1818181818182,0.23
scenario_0009,gate_srpt,1,2.12758382349256,1.5524609812780445,30,153,27,22.43491590917714,0.35188473599565023,60.42364439644684,0.08711022111924371,462.1022812783619,600,900,3.991249096476252,0.2968905219889407,1.5556020845069978,0.37331257359618514,0.8430407716408879,2.377910122072125,0.7031094780110593,reactive_gate,680,606,1,0.0016474464579901153,0.005747126436781609,606,108.35156551844193,1566.4764278692546,74.41228598782425,600.0,0,53,0,0,0,0.000633249543052204,0.18031476161559604,1953672838.4111273,0.0,0,0.0,0.0,0.0,0.0,847,315,0.7391342126695447,0.7406513699554321,0.32789572630795133,0.26387292198511597,330.54545454545456,0.2
scenario_0009,gate_srpt,2,2.12758382349256,1.5524609812780445,30,153,27,22.43491590917714,0.35188473599565023,60.42364439644684,0.08711022111924371,462.1022812783619,600,900,3.991249096476252,0.2968905219889407,1.5556020845069978,0.37331257359618514,0.8430407716408879,2.377910122072125,0.7031094780110593,reactive_gate,662,589,1,0.001694915254237288,0.006802721088435374,589,137.30932758450217,2112.675554061441,140.47737939320353,600.0000000000005,0,43,3,0,0,0.004469179769142255,0.1807718695310688,1358724826.912764,0.0,0,0.0,0.0,0.0,0.0,889,267,0.7324820669743101,0.7332763591946447,0.3491877240071657,0.2643770930333099,321.2727272727273,0.19
scenario_0009,gate_srpt,3,2.12758382349256,1.5524609812780445,30,153,27,22.43491590917714,0.35188473599565023,60.42364439644684,0.08711022111924371,462.1022812783619,600,900,3.991249096476252,0.2968905219889407,1.5556020845069978,0.37331257359618514,0.8430407716408879,2.377910122072125,0.7031094780110593,reactive_gate,714,647,4,0.006144393241167435,0.018867924528301886,647,81.72503567917192,1507.4325646573886,75.53497243362965,600.0,0,34,6,0,0,0.013834276145739384,0.05523631851690751,2404294303.63133,0.0,0,0.0,0.0,0.0,0.0,882,320,0.8021691816636998,0.806288634076555,0.3390047006129673,0.3612147541359106,352.90909090909093,0.21
scenario_0009,gate_srpt,4,2.12758382349256,1.5524609812780445,30,153,27,22.43491590917714,0.35188473599565023,60.42364439644684,0.08711022111924371,462.1022812783619,600,900,3.991249096476252,0.2968905219889407,1.5556020845069978,0.37331257359618514,0.8430407716408879,2.377910122072125,0.7031094780110593,reactive_gate,704,651,1,0.0015337423312883436,0.006369426751592357,651,68.25334268175948,1260.9744145148497,15.69949548007643,600.0,0,22,0,0,0,0.00044591994867235787,0.17016089297019765,2908552222.467464,0.0,0,0.0,0.0,0.0,0.0,815,429,0.8222561379304819,0.8254885690466922,0.30796566844945183,0.28522133944496336,355.0909090909091,0.17
scenario_0009,gate_srpt,5,2.12758382349256,1.5524609812780445,30,153,27,22.43491590917714,0.35188473599565023,60.42364439644684,0.08711022111924371,462.1022812783619,600,900,3.991249096476252,0.2968905219889407,1.5556020845069978,0.37331257359618514,0.8430407716408879,2.377910122072125,0.7031094780110593,reactive_gate,850,750,7,0.009247027741083224,0.0410958904109589,750,179.88335430492884,2010.492876612484,98.656321222673,600.0,0,88,3,0,0,0.007412211501555382,0.26839599211080517,1332953534.1909554,0.0,0,0.0,0.0,0.0,0.0,947,125,0.6486755534726467,0.6629922022889437,0.39167619152853317,0.30392638183557197,409.0909090909091,0.24
scenario_0010,gate_sampled,1,3.328709720878225,2.5084926441750928,13,130,19,182.9854183579897,0.3302263730458623,87.2660158802422,0.5428277134770398,85.56584109407382,300,900,4.1789089205976655,0.2680109308556052,1.9702134920023051,0.3734421640037819,0.7807779465356203,1.4995020937485288,0.7319890691443949,reactive_gate,832,548,148,0.21264367816091953,0.46905537459283386,548,88.33418334548469,2752.785417757397,22.630889085770246,300.00000000000045,0,1737,0,0,0,0.14083742466617433,0.06460656548215755,5777079897.4623785,0.0,0,0.0,0.0,0.0,0.0,787,7,0.2494445430236224,0.3486693023837513,0.5954196783166976,0.2277317743652187,298.90909090909093,0.26
scenario_0010,gate_sampled,2,3.328709720878225,2.5084926441750928,13,130,19,182.9854183579897,0.3302263730458623,87.2660158802422,0.5428277134770398,85.56584109407382,300,900,4.1789089205976655,0.2680109308556052,1.9702134920023051,0.3734421640037819,0.7807779465356203,1.4995020937485288,0.7319890691443949,reactive_gate,843,553,177,0.24246575342465754,0.574750830564784,553,63.99920836712613,2797.322351533262,4.97739293102411,300.00000000000045,0,1766,0,0,0,0.17211572883430346,0.15542212066573313,7471734728.0147505,0.0,0,0.0,0.0,0.0,0.0,677,0,0.27106571344224917,0.42912795474879234,0.5387526063445103,0.22686140177544323,301.6363636363636,0.26
scenario_0010,gate_sampled,3,3.328709720878225,2.5084926441750928,13,130,19,182.9854183579897,0.3302263730458623,87.2660158802422,0.5428277134770398,85.56584109407382,300,900,4.1789089205976655,0.2680109308556052,1.9702134920023051,0.3734421640037819,0.7807779465356203,1.4995020937485288,0.7319890691443949,reactive_gate,784,493,153,0.23684210526315788,0.5485074626865671,493,82.11864273504307,2769.7994321937776,1.755863086320928,300.00000000000045,0,1696,0,0,0,0.15934379250825428,0.07819122649750107,8155840477.964581,0.0,0,0.0,0.0,0.0,0.0,648,0,0.2398551187625363,0.3462699905657782,0.4655840287091826,0.24541765355181897,268.90909090909093,0.24
scenario_0010,gate_sampled,4,3.328709720878225,2.5084926441750928,13,130,19,182.9854183579897,0.3302263730458623,87.2660158802422,0.5428277134770398,85.56584109407382,300,900,4.1789089205976655,0.2680109308556052,1.9702134920023051,0.3734421640037819,0.7807779465356203,1.4995020937485288,0.7319890691443949,reactive_gate,891,594,140,0.1907356948228883,0.4589041095890411,594,51.5275139290444,2728.8333476801513,13.90404005314676,300.00000000000045,0,1604,0,0,0,0.12328798118805599,0.03534821905788611,6637378584.717529,0.0,0,0.0,0.0,0.0,0.0,712,5,0.27625930456541803,0.3688309429096094,0.5185299494899688,0.23251699704070083,324.0,0.24
scenario_0010,gate_sampled,5,3.328709720878225,2.5084926441750928,13,130,19,182.9854183579897,0.3302263730458623,87.2660158802422,0.5428277134770398,85.56584109407382,300,900,4.1789089205976655,0.2680109308556052,1.9702134920023051,0.3734421640037819,0.7807779465356203,1.4995020937485288,0.7319890691443949,reactive_gate,926,595,189,0.24107142857142858,0.5756578947368421,595,58.738577363039894,2861.706084054689,19.953343895247414,300.00000000000045,0,2204,0,0,0,0.15244722575073763,0.10563710893321014,7518939091.044427,0.0,0,0.0,0.0,0.0,0.0,813,0,0.2358002486115032,0.36805094085410606,0.56042825379535,0.25248872910874276,324.54545454545456,0.3
scenario_0010,gate_ship,1,3.328709720878225,2.5084926441750928,13,130,19,182.9854183579897,0.3302263730458623,87.2660158802422,0.5428277134770398,85.56584109407382,300,900,4.1789089205976655,0.2680109308556052,1.9702134920023051,0.3734421640037819,0.7807779465356203,1.4995020937485288,0.7319890691443949,reactive_gate,913,664,70,0.09536784741144415,0.25660377358490566,664,396.5578962501303,2562.367167204036,200.80012558309585,300.00000000000045,0,1289,0,0,0,0.03077324728194938,0.1621988162016479,2583226762.3912377,0.0,0,0.0,0.0,0.0,0.0,811,57,0.32558418537344613,0.35588083989703756,0.8302292854979779,0.3141918184771344,362.1818181818182,0.34
scenario_0010,gate_ship,2,3.328709720878225,2.5084926441750928,13,130,19,182.9854183579897,0.3302263730458623,87.2660158802422,0.5428277134770398,85.56584109407382,300,900,4.1789089205976655,0.2680109308556052,1.9702134920023051,0.3734421640037819,0.7807779465356203,1.4995020937485288,0.7319890691443949,reactive_gate,993,764,62,0.07506053268765134,0.24081632653061225,764,430.1106756981434,2486.049147133351,254.30051181092693,300.00000000000045,0,1432,1,0,0,0.029110657639395247,0.21231423527104737,3333154679.7026873,0.0,0,0.0,0.0,0.0,0.0,854,34,0.3302839931395865,0.36292292934815046,0.8457198291743868,0.36821578784713654,416.72727272727275,0.38
scenario_0010,gate_ship,3,3.328709720878225,2.5084926441750928,13,130,19,182.9854183579897,0.3302263730458623,87.2660158802422,0.5428277134770398,85.56584109407382,300,900,4.1789089205976655,0.2680109308556052,1.9702134920023051,0.3734421640037819,0.7807779465356203,1.4995020937485288,0.7319890691443949,reactive_gate,947,728,31,0.04084321475625823,0.15048543689320387,728,419.3850351854412,1894.560546235558,263.241367098814,300.00000000000045,0,1078,1,0,0,0.006322234417685548,0.06845381204577937,3092082857.9769855,0.0,0,0.0,0.0,0.0,0.0,753,42,0.3665472913082867,0.39121950352596657,0.7942435017930787,0.41873783370857465,397.0909090909091,0.34
scenario_0010,gate_ship,4,3.328709720878225,2.5084926441750928,13,130,19,182.9854183579897,0.3302263730458623,87.2660158802422,0.5428277134770398,85.56584109407382,300,900,4.1789089205976655,0.2680109308556052,1.9702134920023051,0.3734421640037819,0.7807779465356203,1.4995020937485288,0.7319890691443949,reactive_gate,1063,818,36,0.04215456674473068,0.15126050420168066,818,152.83074610128915,2076.924082458328,189.41760878459698,300.00000000000045,0,1038,0,0,0,0.01542888697649519,0.10324343964726472,3389491559.0651345,0.0,0,0.0,0.0,0.0,0.0,860,69,0.4019517106018765,0.4226827770266146,0.7930133930129699,0.41921185234568625,446.1818181818182,0.32
scenario_0010,gate_ship,5,3.328709720878225,2.5084926441750928,13,130,19,182.9854183579897,0.3302263730458623,87.2660158802422,0.5428277134770398,85.56584109407382,300,900,4.1789089205976655,0.2680109308556052,1.9702134920023051,0.3734421640037819,0.7807779465356203,1.4995020937485288,0.7319890691443949,reactive_gate,1066,819,70,0.07874015748031496,0.23346303501945526,819,372.6730312149268,2718.412289174585,236.27406515873523,300.00000000000045,0,1634,0,0,0,0.036916594722219545,0.15956906676118113,3883220025.6328325,0.0,0,0.0,0.0,0.0,0.0,885,18,0.3110495861328573,0.33706977276849265,0.8156674730540115,0.4064922668042983,446.72727272727275,0.4
scenario_0010,lease,1,3.328709720878225,2.5084926441750928,13,130,19,182.9854183579897,0.3302263730458623,87.2660158802422,0.5428277134770398,85.56584109407382,300,900,4.1789089205976655,0.2680109308556052,1.9702134920023051,0.3734421640037819,0.7807779465356203,1.4995020937485288,0.7319890691443949,lease,891,647,67,0.0938375350140056,0.24074074074074073,647,270.56473899649427,2516.6809760975525,229.81112544546022,300.00000000000045,0,1157,0,0,0,0.03311141889087294,0.13613668559443662,2524266233.4574256,2070.8676529736417,10,3403.075866843858,2978.164064653601,851400.0,23271.236872298858,781,35,0.3476080134196998,0.379090001967271,0.820105607121511,0.30351544134108444,352.90909090909093,0.54
scenario_0010,lease,2,3.328709720878225,2.5084926441750928,13,130,19,182.9854183579897,0.3302263730458623,87.2660158802422,0.5428277134770398,85.56584109407382,300,900,4.1789089205976655,0.2680109308556052,1.9702134920023051,0.3734421640037819,0.7807779465356203,1.4995020937485288,0.7319890691443949,lease,988,749,73,0.08880778588807786,0.2777777777777778,749,376.4334047254397,2146.286080060631,56.98105071700886,300.00000000000045,0,1459,3,0,0,0.031638894470233686,0.21616844813850739,3353229037.4831285,2463.0548193118393,16,4108.180933835285,3481.29065566336,783600.0,29420.859728029558,843,16,0.3829134715730534,0.4331319889347436,0.8192196809017194,0.3601092810058709,408.54545454545456,0.6
scenario_0010,lease,3,3.328709720878225,2.5084926441750928,13,130,19,182.9854183579897,0.3302263730458623,87.2660158802422,0.5428277134770398,85.56584109407382,300,900,4.1789089205976655,0.2680109308556052,1.9702134920023051,0.3734421640037819,0.7807779465356203,1.4995020937485288,0.7319890691443949,lease,950,742,46,0.0583756345177665,0.20087336244541484,742,391.25687297512127,1838.0241845727373,62.4768235987458,300.00000000000045,0,1177,1,0,0,0.01376497409602416,0.06800761505779768,3202627539.1478615,2249.0546228175126,15,4470.75918607491,3926.1368296340243,740400.0,21991.044243624423,800,32,0.40347344306281,0.4404338110420481,0.7991889959506306,0.42224641592052026,404.72727272727275,0.58
scenario_0010,lease,4,3.328709720878225,2.5084926441750928,13,130,19,182.9854183579897,0.3302263730458623,87.2660158802422,0.5428277134770398,85.56584109407382,300,900,4.1789089205976655,0.2680109308556052,1.9702134920023051,0.3734421640037819,0.7807779465356203,1.4995020937485288,0.7319890691443949,lease,1050,817,37,0.04332552693208431,0.15289256198347106,817,143.58948845835494,2100.954255353122,61.36616098695055,300.00000000000045,0,1081,2,0,0,0.013156294342194936,0.09296673319003176,3382274121.224381,2636.080462766393,19,4912.646440541593,3847.363049288163,801000.0,28253.579142696402,840,50,0.41173279968469007,0.4346994758252192,0.7775812561313331,0.40336276462930787,445.6363636363636,0.56
scenario_0010,lease,5,3.328709720878225,2.5084926441750928,13,130,19,182.9854183579897,0.3302263730458623,87.2660158802422,0.5428277134770398,85.56584109407382,300,900,4.1789089205976655,0.2680109308556052,1.9702134920023051,0.3734421640037819,0.7807779465356203,1.4995020937485288,0.7319890691443949,lease,1059,801,84,0.09491525423728814,0.2798507462686567,801,320.30702417432303,2829.4979321939063,144.22168543683094,300.00000000000045,0,1658,0,0,0,0.04496187933959791,0.12216774218449498,3088552889.283788,1148.7591512429544,5,3569.9447618720465,2940.9059705659074,834000.0,35321.65524343827,943,4,0.32986268052112244,0.3691386763998593,0.8111829160689737,0.3971443058251035,436.90909090909093,0.62
scenario_0010,clairvoyant,1,3.328709720878225,2.5084926441750928,13,130,19,182.9854183579897,0.3302263730458623,87.2660158802422,0.5428277134770398,85.56584109407382,300,900,4.1789089205976655,0.2680109308556052,1.9702134920023051,0.3734421640037819,0.7807779465356203,1.4995020937485288,0.7319890691443949,clairvoyant,947,731,92,0.1117861482381531,0.2806451612903226,731,103.31892197018442,1896.6777701911044,58.88372272943653,300.00000000000045,0,1093,1,0,0,0.06597884255577617,0.15554187308799935,2418755057.5697484,162.97744790330924,39,0.0,0.0,0.0,0.0,959,58,0.49670401479536264,0.578149431319701,0.8346586335146335,0.3782520837590809,398.72727272727275,0.31
scenario_0010,clairvoyant,2,3.328709720878225,2.5084926441750928,13,130,19,182.9854183579897,0.3302263730458623,87.2660158802422,0.5428277134770398,85.56584109407382,300,900,4.1789089205976655,0.2680109308556052,1.9702134920023051,0.3734421640037819,0.7807779465356203,1.4995020937485288,0.7319890691443949,clairvoyant,1042,827,100,0.10787486515641856,0.3310104529616725,827,102.49209583015681,1918.2247723067437,66.31813064274905,300.00000000000045,0,1178,0,0,0,0.05165388200444604,0.25376323939561635,2131081481.0146346,179.69308358569964,43,0.0,0.0,0.0,0.0,957,22,0.515261438381438,0.6218252901043737,0.8930157662223818,0.33886373690980937,451.0909090909091,0.33
scenario_0010,clairvoyant,3,3.328709720878225,2.5084926441750928,13,130,19,182.9854183579897,0.3302263730458623,87.2660158802422,0.5428277134770398,85.56584109407382,300,900,4.1789089205976655,0.2680109308556052,1.9702134920023051,0.3734421640037819,0.7807779465356203,1.4995020937485288,0.7319890691443949,clairvoyant,1001,820,71,0.07968574635241302,0.2556390977443609,820,102.28222197390221,1922.658480674038,59.65493049640323,300.00000000000045,0,907,1,0,0,0.04702934961387513,0.0634593283548292,2591265178.0765724,171.33526574450454,41,0.0,0.0,0.0,0.0,853,37,0.533307540364742,0.6057552210915738,0.811634463690156,0.4394084950562619,447.2727272727273,0.3
scenario_0010,clairvoyant,4,3.328709720878225,2.5084926441750928,13,130,19,182.9854183579897,0.3302263730458623,87.2660158802422,0.5428277134770398,85.56584109407382,300,900,4.1789089205976655,0.2680109308556052,1.9702134920023051,0.3734421640037819,0.7807779465356203,1.4995020937485288,0.7319890691443949,clairvoyant,1091,875,73,0.0770042194092827,0.24210526315789474,875,72.72754153214987,2292.758883349453,35.873634337440095,300.00000000000045,0,858,0,0,0,0.05207883730962178,0.11544509283569912,2930928989.9024615,238.19780847406741,57,0.0,0.0,0.0,0.0,911,59,0.5561863047916137,0.6132909398034975,0.7923352371595641,0.43326375869924716,477.2727272727273,0.3
scenario_0010,clairvoyant,5,3.328709720878225,2.5084926441750928,13,130,19,182.9854183579897,0.3302263730458623,87.2660158802422,0.5428277134770398,85.56584109407382,300,900,4.1789089205976655,0.2680109308556052,1.9702134920023051,0.3734421640037819,0.7807779465356203,1.4995020937485288,0.7319890691443949,clairvoyant,1163,933,110,0.10546500479386385,0.31893687707641194,933,84.87679841195916,2158.4898663890817,51.025056313796405,300.00000000000045,0,1397,0,0,0,0.07975076612821752,0.1556409935786227,2481008411.0564327,83.57817841195344,20,0.0,0.0,0.0,0.0,1067,8,0.4863704609572265,0.5883044946716259,0.8721000971798857,0.4119903560318289,508.90909090909093,0.35
scenario_0010,gate_srpt,1,3.328709720878225,2.5084926441750928,13,130,19,182.9854183579897,0.3302263730458623,87.2660158802422,0.5428277134770398,85.56584109407382,300,900,4.1789089205976655,0.2680109308556052,1.9702134920023051,0.3734421640037819,0.7807779465356203,1.4995020937485288,0.7319890691443949,reactive_gate,929,701,74,0.09548387096774194,0.2465277777777778,701,257.90031467691006,2425.5946940971107,89.09803482965903,300.00000000000045,0,1062,1,0,0,0.04437030284107971,0.16802829988972628,3131843514.1943016,0.0,0,0.0,0.0,0.0,0.0,807,64,0.41765354430259005,0.4630202829789526,0.8279149131651824,0.3371883222621372,382.3636363636364,0.32
scenario_0010,gate_srpt,2,3.328709720878225,2.5084926441750928,13,130,19,182.9854183579897,0.3302263730458623,87.2660158802422,0.5428277134770398,85.56584109407382,300,900,4.1789089205976655,0.2680109308556052,1.9702134920023051,0.3734421640037819,0.7807779465356203,1.4995020937485288,0.7319890691443949,reactive_gate,1022,798,76,0.08695652173913043,0.27586206896551724,798,315.31568698052,2318.2749292511103,74.62138633052314,300.00000000000045,0,1157,0,0,0,0.04825960487148522,0.1546104871364889,2911418196.518099,0.0,0,0.0,0.0,0.0,0.0,788,27,0.432652640370479,0.4904487079165299,0.8527583491074454,0.3978574106485407,435.2727272727273,0.34
scenario_0010,gate_srpt,3,3.328709720878225,2.5084926441750928,13,130,19,182.9854183579897,0.3302263730458623,87.2660158802422,0.5428277134770398,85.56584109407382,300,900,4.1789089205976655,0.2680109308556052,1.9702134920023051,0.3734421640037819,0.7807779465356203,1.4995020937485288,0.7319890691443949,reactive_gate,979,771,56,0.06771463119709795,0.226890756302521,771,311.52888689634074,1856.8113466793848,65.57698227116191,300.00000000000045,0,936,0,0,0,0.02232363999476771,0.06615185550952982,3379406539.4699545,0.0,0,0.0,0.0,0.0,0.0,753,39,0.4397640181386489,0.4876312161242315,0.7954963401968402,0.438617520542419,420.54545454545456,0.31
scenario_0010,gate_srpt,4,3.328709720878225,2.5084926441750928,13,130,19,182.9854183579897,0.3302263730458623,87.2660158802422,0.5428277134770398,85.56584109407382,300,900,4.1789089205976655,0.2680109308556052,1.9702134920023051,0.3734421640037819,0.7807779465356203,1.4995020937485288,0.7319890691443949,reactive_gate,1048,815,50,0.057803468208092484,0.18992248062015504,815,134.73526225717887,2291.8393779931425,58.58734197607564,300.00000000000045,0,899,0,0,0,0.018196886969223645,0.10629960180484847,3265746348.0867176,0.0,0,0.0,0.0,0.0,0.0,823,68,0.45494245842005654,0.4912139255416547,0.7981047603550295,0.4054343520450464,444.54545454545456,0.31
scenario_0010,gate_srpt,5,3.328709720878225,2.5084926441750928,13,130,19,182.9854183579897,0.3302263730458623,87.2660158802422,0.5428277134770398,85.56584109407382,300,900,4.1789089205976655,0.2680109308556052,1.9702134920023051,0.3734421640037819,0.7807779465356203,1.4995020937485288,0.7319890691443949,reactive_gate,1077,831,97,0.10452586206896551,0.2972027972027972,831,277.1169396910923,2737.3247557665554,106.65671632190495,300.00000000000045,0,1427,3,0,0,0.04945634644402339,0.11202844051618371,3118167871.535178,0.0,0,0.0,0.0,0.0,0.0,895,18,0.39219419085691687,0.45325725741527295,0.814599770889367,0.39065593957130446,453.2727272727273,0.36
scenario_0011,gate_sampled,1,1.2706413364828473,2.215670289722492,13,191,19,81.28089005200513,0.06735744049974417,61.95631797579696,0.5211787709791166,104.55722399369267,600,900,8.644426242774205,0.2696978031559424,0.2861311617808445,0.19962633504803587,1.5494155325115766,0.755696038213665,0.7303021968440576,reactive_gate,385,285,26,0.08360128617363344,0.23529411764705882,285,181.3611130182553,3647.737739723829,3.1336664751132393,600.0000000000005,0,383,0,0,0,0.04208767623122769,0.5922181356866254,4198111204.1177135,0.0,0,0.0,0.0,0.0,0.0,5,0,0.4939652406131476,0.5396032012053973,0.5508219192915347,0.15692048352254703,155.45454545454547,0.15
scenario_0011,gate_sampled,2,1.2706413364828473,2.215670289722492,13,191,19,81.28089005200513,0.06735744049974417,61.95631797579696,0.5211787709791166,104.55722399369267,600,900,8.644426242774205,0.2696978031559424,0.2861311617808445,0.19962633504803587,1.5494155325115766,0.755696038213665,0.7303021968440576,reactive_gate,409,314,23,0.06824925816023739,0.2087912087912088,314,117.94287873951822,2774.054831997875,0.6553202216490169,600.0000000000005,0,265,0,0,0,0.0543545364248047,0.6063600925926653,3829721444.95418,0.0,0,0.0,0.0,0.0,0.0,26,0,0.4932854657697356,0.540076642987474,0.5202356524116909,0.15646465907961227,171.27272727272728,0.14
scenario_0011,gate_sampled,3,1.2706413364828473,2.215670289722492,13,191,19,81.28089005200513,0.06735744049974417,61.95631797579696,0.5211787709791166,104.55722399369267,600,900,8.644426242774205,0.2696978031559424,0.2861311617808445,0.19962633504803587,1.5494155325115766,0.755696038213665,0.7303021968440576,reactive_gate,420,337,24,0.0664819944598338,0.25,337,92.95625308178478,2170.040851550663,0.0,600.0000000000005,0,273,0,0,0,0.03840484966870534,0.6276391539698034,3876469387.8217926,0.0,0,0.0,0.0,0.0,0.0,4,1,0.5233437137573049,0.597563558930555,0.5108630881696652,0.14371973104298916,183.8181818181818,0.13
scenario_0011,gate_sampled,4,1.2706413364828473,2.215670289722492,13,191,19,81.28089005200513,0.06735744049974417,61.95631797579696,0.5211787709791166,104.55722399369267,600,900,8.644426242774205,0.2696978031559424,0.2861311617808445,0.19962633504803587,1.5494155325115766,0.755696038213665,0.7303021968440576,reactive_gate,405,336,20,0.056179775280898875,0.1941747572815534,336,96.87823116228765,3002.39461878014,3.382488582616052,600.0000000000005,0,233,0,0,0,0.10087101749256101,0.6306904776153448,3502165561.43708,0.0,0,0.0,0.0,0.0,0.0,18,0,0.6088124936340134,0.6460748409090213,0.5381621992957185,0.1284032432165498,183.27272727272728,0.14
scenario_0011,gate_sampled,5,1.2706413364828473,2.215670289722492,13,191,19,81.28089005200513,0.06735744049974417,61.95631797579696,0.5211787709791166,104.55722399369267,600,900,8.644426242774205,0.2696978031559424,0.2861311617808445,0.19962633504803587,1.5494155325115766,0.755696038213665,0.7303021968440576,reactive_gate,506,407,34,0.07709750566893424,0.3076923076923077,407,47.04874128194069,3139.9188634593315,15.576489527548437,600.0000000000005,0,380,0,0,0,0.04561179906359211,0.6259176933500236,3754919301.891071,0.0,0,0.0,0.0,0.0,0.0,7,0,0.5191706582498332,0.5871168592911241,0.5891512484260754,0.15617085657519328,222.0,0.16
scenario_0011,gate_ship,1,1.2706413364828473,2.215670289722492,13,191,19,81.28089005200513,0.06735744049974417,61.95631797579696,0.5211787709791166,104.55722399369267,600,900,8.644426242774205,0.2696978031559424,0.2861311617808445,0.19962633504803587,1.5494155325115766,0.755696038213665,0.7303021968440576,reactive_gate,413,343,17,0.04722222222222222,0.12605042016806722,343,356.52308717504957,2862.874646356696,23.4182028014626,600.0,0,162,0,0,0,0.021702851126289596,0.48639202335019543,2608133667.5478296,0.0,0,0.0,0.0,0.0,0.0,5,0,0.6959341412029376,0.7353717860623911,0.7410699686908534,0.22215802960391307,187.0909090909091,0.17
scenario_0011,gate_ship,2,1.2706413364828473,2.215670289722492,13,191,19,81.28089005200513,0.06735744049974417,61.95631797579696,0.5211787709791166,104.55722399369267,600,900,8.644426242774205,0.2696978031559424,0.2861311617808445,0.19962633504803587,1.5494155325115766,0.755696038213665,0.7303021968440576,reactive_gate,413,334,17,0.04843304843304843,0.1326530612244898,334,223.27903416719425,1529.2508622056048,17.78572794121209,600.0,0,174,1,0,0,0.06065113138628239,0.5635704442534919,4100198323.8912888,0.0,0,0.0,0.0,0.0,0.0,26,0,0.604676892714487,0.637633371168474,0.6212218242982089,0.20762677805719987,182.1818181818182,0.16
scenario_0011,gate_ship,3,1.2706413364828473,2.215670289722492,13,191,19,81.28089005200513,0.06735744049974417,61.95631797579696,0.5211787709791166,104.55722399369267,600,900,8.644426242774205,0.2696978031559424,0.2861311617808445,0.19962633504803587,1.5494155325115766,0.755696038213665,0.7303021968440576,reactive_gate,431,366,13,0.03430079155672823,0.12745098039215685,366,152.73624506286922,1561.9454336945796,24.135030260330346,600.0,0,186,1,0,0,0.01589730294319557,0.6306487747701303,3271343370.0820107,0.0,0,0.0,0.0,0.0,0.0,5,1,0.6482462706433839,0.6916078660173407,0.613975325025402,0.1671435188140431,199.63636363636365,0.16
scenario_0011,gate_ship,4,1.2706413364828473,2.215670289722492,13,191,19,81.28089005200513,0.06735744049974417,61.95631797579696,0.5211787709791166,104.55722399369267,600,900,8.644426242774205,0.2696978031559424,0.2861311617808445,0.19962633504803587,1.5494155325115766,0.755696038213665,0.7303021968440576,reactive_gate,414,356,20,0.05319148936170213,0.17094017094017094,356,152.36316775232422,2347.097229470107,13.406809743905193,600.0,0,178,0,0,0,0.060406870912594154,0.6381062496595681,3037201612.577267,0.0,0,0.0,0.0,0.0,0.0,18,0,0.7138857630453617,0.7581769567360647,0.6156130765196343,0.1552752277642101,194.1818181818182,0.15
scenario_0011,gate_ship,5,1.2706413364828473,2.215670289722492,13,191,19,81.28089005200513,0.06735744049974417,61.95631797579696,0.5211787709791166,104.55722399369267,600,900,8.644426242774205,0.2696978031559424,0.2861311617808445,0.19962633504803587,1.5494155325115766,0.755696038213665,0.7303021968440576,reactive_gate,541,461,19,0.03958333333333333,0.16037735849056603,461,69.47760393782221,2978.3927832295035,12.53561585788635,600.0000000000005,0,253,0,0,0,0.030145731913132853,0.6003644801361094,3114276299.259007,0.0,0,0.0,0.0,0.0,0.0,7,1,0.6376304638795068,0.667617601108583,0.7212828827824598,0.19980248531643358,251.45454545454547,0.19
scenario_0011,lease,1,1.2706413364828473,2.215670289722492,13,191,19,81.28089005200513,0.06735744049974417,61.95631797579696,0.5211787709791166,104.55722399369267,600,900,8.644426242774205,0.2696978031559424,0.2861311617808445,0.19962633504803587,1.5494155325115766,0.755696038213665,0.7303021968440576,lease,410,338,17,0.04788732394366197,0.12931034482758622,338,364.5829344510514,2875.4790388966417,27.53668066857853,600.0,0,175,1,0,0,0.02485726591683004,0.4721164995727255,2557878414.5613008,2488.3427181113884,4,3.115454863247578,3.115454863247578,441600.0,7.965807983156992,6,0,0.6913036114619014,0.7304111125758718,0.7388102952353914,0.22090758669330957,184.36363636363637,0.38
scenario_0011,lease,2,1.2706413364828473,2.215670289722492,13,191,19,81.28089005200513,0.06735744049974417,61.95631797579696,0.5211787709791166,104.55722399369267,600,900,8.644426242774205,0.2696978031559424,0.2861311617808445,0.19962633504803587,1.5494155325115766,0.755696038213665,0.7303021968440576,lease,413,335,17,0.048295454545454544,0.13131313131313133,335,222.24089488995173,1578.727125192788,16.228008393062233,600.0,0,174,1,0,0,0.06641403901510794,0.5694562682523844,3864574769.881187,2793.659473025735,25,0.6983431113935694,0.6983431113935694,487200.0,3.9158934806509933,26,0,0.6085323627502073,0.6425042722950797,0.6185961907188253,0.207434075481243,182.72727272727275,0.35
scenario_0011,lease,3,1.2706413364828473,2.215670289722492,13,191,19,81.28089005200513,0.06735744049974417,61.95631797579696,0.5211787709791166,104.55722399369267,600,900,8.644426242774205,0.2696978031559424,0.2861311617808445,0.19962633504803587,1.5494155325115766,0.755696038213665,0.7303021968440576,lease,430,366,13,0.03430079155672823,0.125,366,149.9667744990652,1512.5669927833467,19.07634169667879,600.0,0,185,0,0,0,0.01649155132167544,0.6303965174582401,3068117506.377689,4383.112377085586,23,1.0958830040447083,0.0,489600.0,28.27224592840048,5,1,0.6525479880803292,0.6962578682525369,0.6131856958689459,0.1671397214450261,199.63636363636365,0.36
scenario_0011,lease,4,1.2706413364828473,2.215670289722492,13,191,19,81.28089005200513,0.06735744049974417,61.95631797579696,0.5211787709791166,104.55722399369267,600,900,8.644426242774205,0.2696978031559424,0.2861311617808445,0.19962633504803587,1.5494155325115766,0.755696038213665,0.7303021968440576,lease,412,352,20,0.053763440860215055,0.17391304347826086,352,151.6624141648433,2256.279577435503,12.449038264849403,600.0,0,175,0,0,0,0.063530112236572,0.6395876677809684,2882354737.906401,3791.652107615561,10,0.0,0.0,660600.0,2.75322738385438,18,0,0.7058047049947138,0.7485584156561699,0.615308733214791,0.15406741412225933,192.0,0.34
scenario_0011,lease,5,1.2706413364828473,2.215670289722492,13,191,19,81.28089005200513,0.06735744049974417,61.95631797579696,0.5211787709791166,104.55722399369267,600,900,8.644426242774205,0.2696978031559424,0.2861311617808445,0.19962633504803587,1.5494155325115766,0.755696038213665,0.7303021968440576,lease,543,462,19,0.0395010395010395,0.1619047619047619,462,81.41359084772466,3003.493864025005,12.72079797772843,600.0000000000005,0,254,2,0,0,0.042178723645868936,0.5927017355620134,2849758755.499336,2048.2007272308197,16,0.9675833869359849,0.9675833869359849,764400.0,7.354131547941961,7,0,0.6304455379180007,0.6599390353954082,0.7310112898412129,0.20219204990719006,252.0,0.42
scenario_0011,clairvoyant,1,1.2706413364828473,2.215670289722492,13,191,19,81.28089005200513,0.06735744049974417,61.95631797579696,0.5211787709791166,104.55722399369267,600,900,8.644426242774205,0.2696978031559424,0.2861311617808445,0.19962633504803587,1.5494155325115766,0.755696038213665,0.7303021968440576,clairvoyant,418,340,24,0.06593406593406594,0.17886178861788618,340,218.7465067150389,2926.4086800983478,32.590913708160215,600.0000000000005,0,219,0,0,0,0.02382673946667325,0.4794452800841716,1935725242.8963299,190.17737734103204,22,0.0,0.0,0.0,0.0,4,0,0.7153854877938165,0.7819618302548671,0.7410640884386269,0.22134199636591695,185.45454545454547,0.17
scenario_0011,clairvoyant,2,1.2706413364828473,2.215670289722492,13,191,19,81.28089005200513,0.06735744049974417,61.95631797579696,0.5211787709791166,104.55722399369267,600,900,8.644426242774205,0.2696978031559424,0.2861311617808445,0.19962633504803587,1.5494155325115766,0.755696038213665,0.7303021968440576,clairvoyant,414,337,19,0.05337078651685393,0.13725490196078433,337,171.57103676288216,1342.8365701105122,11.870770618630559,600.0,0,175,1,0,0,0.062444950660420884,0.5744370854029622,2137495739.4581501,354.42147595374286,41,0.0,0.0,0.0,0.0,26,0,0.6756728613109523,0.7241157492863347,0.6350210520441097,0.19754585277163736,183.8181818181818,0.15
scenario_0011,clairvoyant,3,1.2706413364828473,2.215670289722492,13,191,19,81.28089005200513,0.06735744049974417,61.95631797579696,0.5211787709791166,104.55722399369267,600,900,8.644426242774205,0.2696978031559424,0.2861311617808445,0.19962633504803587,1.5494155325115766,0.755696038213665,0.7303021968440576,clairvoyant,433,365,19,0.049479166666666664,0.17272727272727273,365,126.80555644177139,1694.597148690784,13.098329622618525,600.0,0,207,0,0,0,0.016374379550435463,0.6298579932118408,2034133867.1459296,388.99918092483995,45,0.0,0.0,0.0,0.0,5,1,0.6964166307644613,0.7683561054203938,0.6195819257814835,0.16362957377598836,199.0909090909091,0.15
scenario_0011,clairvoyant,4,1.2706413364828473,2.215670289722492,13,191,19,81.28089005200513,0.06735744049974417,61.95631797579696,0.5211787709791166,104.55722399369267,600,900,8.644426242774205,0.2696978031559424,0.2861311617808445,0.19962633504803587,1.5494155325115766,0.755696038213665,0.7303021968440576,clairvoyant,415,355,20,0.05333333333333334,0.17543859649122806,355,125.08987446553738,2776.8822849580565,10.369681611415457,600.0,0,204,0,0,0,0.05948642658837181,0.6305882283659904,1923176036.5456865,345.77704971096716,40,0.0,0.0,0.0,0.0,18,0,0.7328908253821984,0.7803843338731752,0.6058365737652661,0.15307115603240198,193.63636363636365,0.15
scenario_0011,clairvoyant,5,1.2706413364828473,2.215670289722492,13,191,19,81.28089005200513,0.06735744049974417,61.95631797579696,0.5211787709791166,104.55722399369267,600,900,8.644426242774205,0.2696978031559424,0.2861311617808445,0.19962633504803587,1.5494155325115766,0.755696038213665,0.7303021968440576,clairvoyant,550,469,25,0.05060728744939271,0.20909090909090908,469,80.54037032625047,3215.47571522595,15.977309199701514,600.0000000000005,0,282,0,0,0,0.038762556982754305,0.6232845581547379,2376521916.684132,285.2660660115489,33,0.0,0.0,0.0,0.0,7,0,0.6827433388123503,0.7420574485513696,0.7045471594843903,0.196475455104106,255.81818181818184,0.19
scenario_0011,gate_srpt,1,1.2706413364828473,2.215670289722492,13,191,19,81.28089005200513,0.06735744049974417,61.95631797579696,0.5211787709791166,104.55722399369267,600,900,8.644426242774205,0.2696978031559424,0.2861311617808445,0.19962633504803587,1.5494155325115766,0.755696038213665,0.7303021968440576,reactive_gate,416,343,17,0.04722222222222222,0.12605042016806722,343,335.8768150503847,2903.667273038455,25.89461937308534,600.0,0,147,0,0,0,0.020852059971300463,0.49173691254843516,2527444661.9284225,0.0,0,0.0,0.0,0.0,0.0,6,0,0.7028049838282794,0.7419721384610274,0.7360598906271791,0.22422868290735304,187.0909090909091,0.17
scenario_0011,gate_srpt,2,1.2706413364828473,2.215670289722492,13,191,19,81.28089005200513,0.06735744049974417,61.95631797579696,0.5211787709791166,104.55722399369267,600,900,8.644426242774205,0.2696978031559424,0.2861311617808445,0.19962633504803587,1.5494155325115766,0.755696038213665,0.7303021968440576,reactive_gate,414,338,16,0.04519774011299435,0.12121212121212122,338,221.82517204159478,1463.7368370945187,15.072066442725347,600.0,0,139,0,0,0,0.05412747794514579,0.5733855663291946,4030788787.70007,0.0,0,0.0,0.0,0.0,0.0,26,0,0.6185025972730485,0.654381077508612,0.6109889999452116,0.20940164006057116,184.36363636363637,0.15
scenario_0011,gate_srpt,3,1.2706413364828473,2.215670289722492,13,191,19,81.28089005200513,0.06735744049974417,61.95631797579696,0.5211787709791166,104.55722399369267,600,900,8.644426242774205,0.2696978031559424,0.2861311617808445,0.19962633504803587,1.5494155325115766,0.755696038213665,0.7303021968440576,reactive_gate,430,373,13,0.03367875647668394,0.12037037037037036,373,154.47426659298708,1594.1883180848336,14.738127159725837,600.0,0,166,0,0,0,0.01900218806141881,0.6180643674401542,3316590790.523653,0.0,0,0.0,0.0,0.0,0.0,4,1,0.6839121788523846,0.7301452517560253,0.611121249516865,0.17712813765082527,203.45454545454547,0.15
scenario_0011,gate_srpt,4,1.2706413364828473,2.215670289722492,13,191,19,81.28089005200513,0.06735744049974417,61.95631797579696,0.5211787709791166,104.55722399369267,600,900,8.644426242774205,0.2696978031559424,0.2861311617808445,0.19962633504803587,1.5494155325115766,0.755696038213665,0.7303021968440576,reactive_gate,412,352,20,0.053763440860215055,0.1724137931034483,352,144.4466695572287,2264.400244767101,9.914332429603993,600.0,0,175,0,0,0,0.0585470721575533,0.6382964640562079,3070554893.977135,0.0,0,0.0,0.0,0.0,0.0,18,0,0.7109699739003186,0.7549210041446831,0.6158445889865121,0.15511983052300177,192.0,0.15
scenario_0011,gate_srpt,5,1.2706413364828473,2.215670289722492,13,191,19,81.28089005200513,0.06735744049974417,61.95631797579696,0.5211787709791166,104.55722399369267,600,900,8.644426242774205,0.2696978031559424,0.2861311617808445,0.19962633504803587,1.5494155325115766,0.755696038213665,0.7303021968440576,reactive_gate,542,461,19,0.03958333333333333,0.16037735849056603,461,64.91156865420498,3040.628145286519,21.3025198209344,600.0000000000005,0,216,0,0,0,0.03071519612575969,0.5918072681043066,2976061857.5243573,0.0,0,0.0,0.0,0.0,0.0,7,1,0.6375652147431746,0.6672597654565122,0.7304860367033252,0.19831345303570166,251.45454545454547,0.19
scenario_0012,gate_sampled,1,1.9072893566206002,4.7550707250320094,30,138,22,31.141806851510037,0.012251684556131104,22.588097816648343,0.33111368474731223,154.24833499178916,900,60,15.38709875473802,0.21718004118781553,2.689345033928565,0.22077906360735353,0.8875479941468988,1.6934844345320994,0.7828199588121845,reactive_gate,807,638,4,0.006230529595015576,0.021739130434782608,638,134.77180763051956,2553.8956473397157,0.006964973262219686,900.0000000000002,0,185,0,0,0,0.02356116623178708,0.3078011851430244,4918736905.195059,0.0,0,0.0,0.0,0.0,0.0,875,77,0.4705373711697059,0.4718157634976616,0.3018119837024087,0.3527394673653516,348.0,0.19
scenario_0012,gate_sampled,2,1.9072893566206002,4.7550707250320094,30,138,22,31.141806851510037,0.012251684556131104,22.588097816648343,0.33111368474731223,154.24833499178916,900,60,15.38709875473802,0.21718004118781553,2.689345033928565,0.22077906360735353,0.8875479941468988,1.6934844345320994,0.7828199588121845,reactive_gate,838,700,4,0.005681818181818182,0.018633540372670808,700,153.56093531632337,2205.953707697529,14.563398333461956,900.0000000000005,0,171,1,0,0,0.0032334112426905363,0.24001284735734227,4286288113.461475,0.0,0,0.0,0.0,0.0,0.0,859,104,0.48641713483546944,0.48916671176745774,0.29967966323707157,0.3373035739495134,381.8181818181818,0.19
scenario_0012,gate_sampled,3,1.9072893566206002,4.7550707250320094,30,138,22,31.141806851510037,0.012251684556131104,22.588097816648343,0.33111368474731223,154.24833499178916,900,60,15.38709875473802,0.21718004118781553,2.689345033928565,0.22077906360735353,0.8875479941468988,1.6934844345320994,0.7828199588121845,reactive_gate,697,639,2,0.0031201248049922,0.013071895424836602,639,138.61209779108594,1156.002899066268,8.336227150777155,900.0,0,25,1,0,0,0.001085242562053626,0.10407725595819786,4037389717.795017,0.0,0,0.0,0.0,0.0,0.0,747,143,0.7181505282059616,0.7230259032316543,0.2846797578325995,0.3585806341671906,348.54545454545456,0.16
scenario_0012,gate_sampled,4,1.9072893566206002,4.7550707250320094,30,138,22,31.141806851510037,0.012251684556131104,22.588097816648343,0.33111368474731223,154.24833499178916,900,60,15.38709875473802,0.21718004118781553,2.689345033928565,0.22077906360735353,0.8875479941468988,1.6934844345320994,0.7828199588121845,reactive_gate,988,788,2,0.002531645569620253,0.005,788,107.50489439927014,1611.0072620282704,0.0,900.0,0,136,0,0,0,0.0033541955285831394,0.1872867454689874,5111448741.52189,0.0,0,0.0,0.0,0.0,0.0,860,87,0.4736715881762697,0.47407828885671366,0.299253025334542,0.3679385536644113,429.8181818181818,0.2
scenario_0012,gate_sampled,5,1.9072893566206002,4.7550707250320094,30,138,22,31.141806851510037,0.012251684556131104,22.588097816648343,0.33111368474731223,154.24833499178916,900,60,15.38709875473802,0.21718004118781553,2.689345033928565,0.22077906360735353,0.8875479941468988,1.6934844345320994,0.7828199588121845,reactive_gate,948,805,9,0.011056511056511056,0.049079754601226995,805,262.5757459496258,2728.1458290478654,5.8030111039395,900.0000000000005,0,206,0,0,0,0.003704722760443436,0.14244587062756037,4173593760.818069,0.0,0,0.0,0.0,0.0,0.0,937,24,0.4502050196308117,0.461414581110746,0.32909789430415265,0.4048640507494902,439.0909090909091,0.22
scenario_0012,gate_ship,1,1.9072893566206002,4.7550707250320094,30,138,22,31.141806851510037,0.012251684556131104,22.588097816648343,0.33111368474731223,154.24833499178916,900,60,15.38709875473802,0.21718004118781553,2.689345033928565,0.22077906360735353,0.8875479941468988,1.6934844345320994,0.7828199588121845,reactive_gate,833,690,3,0.004329004329004329,0.014778325123152709,690,172.72648254430794,1862.5329837922297,15.74624274546361,900.0,0,145,1,0,0,0.013564862114633418,0.2801556800573503,4176673404.6992483,0.0,0,0.0,0.0,0.0,0.0,913,129,0.5413410493169375,0.5430294466584618,0.33032078190451525,0.4053744054019685,376.3636363636364,0.21
scenario_0012,gate_ship,2,1.9072893566206002,4.7550707250320094,30,138,22,31.141806851510037,0.012251684556131104,22.588097816648343,0.33111368474731223,154.24833499178916,900,60,15.38709875473802,0.21718004118781553,2.689345033928565,0.22077906360735353,0.8875479941468988,1.6934844345320994,0.7828199588121845,reactive_gate,888,762,2,0.002617801047120419,0.011834319526627219,762,180.12497333562806,2380.4211858012413,18.41435414380521,900.0000000000005,0,125,4,0,0,0.0030481468505212527,0.2472000966329245,3125386673.61482,0.0,0,0.0,0.0,0.0,0.0,913,153,0.5708138924214361,0.5711953013184402,0.3414365281144781,0.38376870147856396,415.6363636363636,0.22
scenario_0012,gate_ship,3,1.9072893566206002,4.7550707250320094,30,138,22,31.141806851510037,0.012251684556131104,22.588097816648343,0.33111368474731223,154.24833499178916,900,60,15.38709875473802,0.21718004118781553,2.689345033928565,0.22077906360735353,0.8875479941468988,1.6934844345320994,0.7828199588121845,reactive_gate,720,662,2,0.0030120481927710845,0.012658227848101266,662,124.60662441882278,1184.5396757852354,21.51477673891436,900.0,0,19,0,0,0,0.0006969905284821197,0.09437314887681555,2919552813.6256666,0.0,0,0.0,0.0,0.0,0.0,772,213,0.8178816715380819,0.8235324801667504,0.31573568310886646,0.40108925176965027,361.0909090909091,0.18
scenario_0012,gate_ship,4,1.9072893566206002,4.7550707250320094,30,138,22,31.141806851510037,0.012251684556131104,22.588097816648343,0.33111368474731223,154.24833499178916,900,60,15.38709875473802,0.21718004118781553,2.689345033928565,0.22077906360735353,0.8875479941468988,1.6934844345320994,0.7828199588121845,reactive_gate,1045,855,1,0.0011682242990654205,0.0,855,120.6937943111684,1413.9980683843671,7.56314853611448,900.0,0,84,1,0,0,0.0035654378398212,0.16104067036157785,4398270591.930962,0.0,0,0.0,0.0,0.0,0.0,933,124,0.5458170507224366,0.5458842374333513,0.3293387608067858,0.4159270539270817,466.3636363636364,0.22
scenario_0012,gate_ship,5,1.9072893566206002,4.7550707250320094,30,138,22,31.141806851510037,0.012251684556131104,22.588097816648343,0.33111368474731223,154.24833499178916,900,60,15.38709875473802,0.21718004118781553,2.689345033928565,0.22077906360735353,0.8875479941468988,1.6934844345320994,0.7828199588121845,reactive_gate,1004,881,4,0.004519774011299435,0.022857142857142857,881,340.6396039568772,1883.0254971055206,45.204490409186825,900.0000000000005,0,120,1,0,0,0.0018036010380621263,0.14077907256810696,1963187975.5091105,0.0,0,0.0,0.0,0.0,0.0,1018,26,0.5317505214369062,0.5374406653028673,0.3942867922062505,0.4452404084721071,480.54545454545456,0.27
scenario_0012,lease,1,1.9072893566206002,4.7550707250320094,30,138,22,31.141806851510037,0.012251684556131104,22.588097816648343,0.33111368474731223,154.24833499178916,900,60,15.38709875473802,0.21718004118781553,2.689345033928565,0.22077906360735353,0.8875479941468988,1.6934844345320994,0.7828199588121845,lease,814,652,3,0.004580152671755725,0.015625,652,165.73135922123788,2236.1045519914665,6.859143343325697,900.0,0,183,0,0,0,0.01402271804364772,0.28105105925382484,3823689227.6834097,4186.362070007905,16,11914.570478798705,9109.54277348196,799200.0,24108.871118561296,897,100,0.507830016135221,0.5092412117925349,0.31786344944962447,0.37137676008097115,355.6363636363636,0.41
scenario_0012,lease,2,1.9072893566206002,4.7550707250320094,30,138,22,31.141806851510037,0.012251684556131104,22.588097816648343,0.33111368474731223,154.24833499178916,900,60,15.38709875473802,0.21718004118781553,2.689345033928565,0.22077906360735353,0.8875479941468988,1.6934844345320994,0.7828199588121845,lease,862,739,2,0.002699055330634278,0.011904761904761904,739,201.6745506757311,2487.3371650897857,11.485854640855367,900.0000000000005,0,126,0,0,0,0.0013968217889804896,0.2566583659118298,3639622809.6714063,2440.461520006932,12,8543.61037122431,6413.815300225305,693600.0,16102.946245560757,882,132,0.5459400421147432,0.5462047250605667,0.32887283425494257,0.36402551724607307,403.0909090909091,0.42
scenario_0012,lease,3,1.9072893566206002,4.7550707250320094,30,138,22,31.141806851510037,0.012251684556131104,22.588097816648343,0.33111368474731223,154.24833499178916,900,60,15.38709875473802,0.21718004118781553,2.689345033928565,0.22077906360735353,0.8875479941468988,1.6934844345320994,0.7828199588121845,lease,717,661,2,0.0030165912518853697,0.012738853503184714,661,149.3364454042444,1120.3357344917802,15.510515854372617,900.0,0,21,0,0,0,0.0008429742456833905,0.0842378623670826,2753813796.2809,7589.300802451916,30,8904.754830120586,4994.695148225602,575400.0,5173.71668699475,764,165,0.7887053535902792,0.7941094004741359,0.3078183162781663,0.38849308025635,360.54545454545456,0.36
scenario_0012,lease,4,1.9072893566206002,4.7550707250320094,30,138,22,31.141806851510037,0.012251684556131104,22.588097816648343,0.33111368474731223,154.24833499178916,900,60,15.38709875473802,0.21718004118781553,2.689345033928565,0.22077906360735353,0.8875479941468988,1.6934844345320994,0.7828199588121845,lease,1013,818,1,0.001221001221001221,0.0,818,122.15879778304566,1420.2571767148772,0.7350913619458767,900.0,0,98,0,0,0,0.0033533565043199517,0.16855557825287176,3932307635.167515,124.60126784460226,1,17093.996824120666,11874.460610442145,704400.0,17048.464519526424,900,137,0.5195403189558443,0.5195537630500313,0.31536245911033417,0.38916566100750893,446.1818181818182,0.44
scenario_0012,lease,5,1.9072893566206002,4.7550707250320094,30,138,22,31.141806851510037,0.012251684556131104,22.588097816648343,0.33111368474731223,154.24833499178916,900,60,15.38709875473802,0.21718004118781553,2.689345033928565,0.22077906360735353,0.8875479941468988,1.6934844345320994,0.7828199588121845,lease,980,847,7,0.00819672131147541,0.03428571428571429,847,372.2627926381165,2491.0121023783768,39.24038312142628,900.0000000000005,0,139,1,0,0,0.0030868401981630576,0.129316238980474,2307867757.6390533,1636.1421571521669,6,13318.061311048654,11990.241842147045,831000.0,26880.97157623387,978,33,0.5117899715397561,0.5210755896694355,0.38284834699775533,0.4102490736320797,462.0,0.49
scenario_0012,clairvoyant,1,1.9072893566206002,4.7550707250320094,30,138,22,31.141806851510037,0.012251684556131104,22.588097816648343,0.33111368474731223,154.24833499178916,900,60,15.38709875473802,0.21718004118781553,2.689345033928565,0.22077906360735353,0.8875479941468988,1.6934844345320994,0.7828199588121845,clairvoyant,887,742,7,0.009345794392523364,0.03365384615384615,742,77.35927630738365,2420.4461265351147,10.652512740120166,900.0000000000005,0,205,0,0,0,0.019136181685654445,0.28485259167256044,2604912438.179542,877.0646290200659,57,0.0,0.0,0.0,0.0,990,122,0.6315947296961136,0.6401458745514231,0.3351990198264698,0.4097964286153653,404.72727272727275,0.21
scenario_0012,clairvoyant,2,1.9072893566206002,4.7550707250320094,30,138,22,31.141806851510037,0.012251684556131104,22.588097816648343,0.33111368474731223,154.24833499178916,900,60,15.38709875473802,0.21718004118781553,2.689345033928565,0.22077906360735353,0.8875479941468988,1.6934844345320994,0.7828199588121845,clairvoyant,948,846,3,0.0035335689045936395,0.01639344262295082,846,94.93383129495851,2574.0291754722434,18.180818922567585,900.0000000000005,0,181,1,0,0,0.00043952199132787353,0.2046547719428312,1606256145.394205,1169.419505360088,76,0.0,0.0,0.0,0.0,994,119,0.6897221134642215,0.6950309700609402,0.37143914176810844,0.37255146181253607,461.4545454545455,0.23
scenario_0012,clairvoyant,3,1.9072893566206002,4.7550707250320094,30,138,22,31.141806851510037,0.012251684556131104,22.588097816648343,0.33111368474731223,154.24833499178916,900,60,15.38709875473802,0.21718004118781553,2.689345033928565,0.22077906360735353,0.8875479941468988,1.6934844345320994,0.7828199588121845,clairvoyant,730,678,2,0.0029411764705882353,0.012658227848101266,678,87.36255464959504,1187.2157651245054,25.45328549820215,900.0,0,32,1,0,0,0.000876547977969434,0.09697753611793217,1212048867.1789932,1661.8066655117045,108,0.0,0.0,0.0,0.0,792,193,0.8527814693674537,0.8587069532062579,0.3204215404666321,0.38830803457206914,369.8181818181818,0.18
scenario_0012,clairvoyant,4,1.9072893566206002,4.7550707250320094,30,138,22,31.141806851510037,0.012251684556131104,22.588097816648343,0.33111368474731223,154.24833499178916,900,60,15.38709875473802,0.21718004118781553,2.689345033928565,0.22077906360735353,0.8875479941468988,1.6934844345320994,0.7828199588121845,clairvoyant,1055,865,1,0.0011547344110854503,0.0,865,67.13779298000372,1365.1561226045874,2.3907223904777397,900.0,0,171,0,0,0,0.00192208733633931,0.188889568839949,2509190542.4536867,1046.3227153221837,68,0.0,0.0,0.0,0.0,981,130,0.6096619433808083,0.6098881559763041,0.3294389035677286,0.4199543648306369,471.8181818181818,0.22
scenario_0012,clairvoyant,5,1.9072893566206002,4.7550707250320094,30,138,22,31.141806851510037,0.012251684556131104,22.588097816648343,0.33111368474731223,154.24833499178916,900,60,15.38709875473802,0.21718004118781553,2.689345033928565,0.22077906360735353,0.8875479941468988,1.6934844345320994,0.7828199588121845,clairvoyant,1070,942,9,0.00946372239747634,0.04419889502762431,942,110.58428172372942,2432.534927055637,63.30013822896723,900.0000000000005,0,203,3,0,0,0.003509594857715981,0.14867914113124406,1167805590.28756,323.1290738494983,21,0.0,0.0,0.0,0.0,1061,26,0.647971223332623,0.6646333405040333,0.4110965340455841,0.41614310966331436,513.8181818181819,0.26
scenario_0012,gate_srpt,1,1.9072893566206002,4.7550707250320094,30,138,22,31.141806851510037,0.012251684556131104,22.588097816648343,0.33111368474731223,154.24833499178916,900,60,15.38709875473802,0.21718004118781553,2.689345033928565,0.22077906360735353,0.8875479941468988,1.6934844345320994,0.7828199588121845,reactive_gate,834,684,3,0.004366812227074236,0.014705882352941176,684,179.82618829959313,2011.6509355716048,12.329301153649556,900.0,0,114,1,0,0,0.01342303916004713,0.2816391849333353,4076348718.2942224,0.0,0,0.0,0.0,0.0,0.0,907,127,0.5365445374100626,0.5382114057391337,0.33367676683933356,0.40296323191043604,373.0909090909091,0.21
scenario_0012,gate_srpt,2,1.9072893566206002,4.7550707250320094,30,138,22,31.141806851510037,0.012251684556131104,22.588097816648343,0.33111368474731223,154.24833499178916,900,60,15.38709875473802,0.21718004118781553,2.689345033928565,0.22077906360735353,0.8875479941468988,1.6934844345320994,0.7828199588121845,reactive_gate,889,764,2,0.0026109660574412533,0.011695906432748537,764,173.7594988785388,2722.92441072211,12.19133306326886,900.0000000000005,0,120,2,0,0,0.0015107946235310148,0.26666717500226583,3207852115.629496,0.0,0,0.0,0.0,0.0,0.0,907,150,0.5705271976616556,0.5709185633477755,0.3398324606772857,0.37897224446982947,416.72727272727275,0.21
scenario_0012,gate_srpt,3,1.9072893566206002,4.7550707250320094,30,138,22,31.141806851510037,0.012251684556131104,22.588097816648343,0.33111368474731223,154.24833499178916,900,60,15.38709875473802,0.21718004118781553,2.689345033928565,0.22077906360735353,0.8875479941468988,1.6934844345320994,0.7828199588121845,reactive_gate,728,677,2,0.0029455081001472753,0.012578616352201259,677,134.7971802737752,1117.4037264989695,19.496483609692493,900.0,0,22,1,0,0,0.0006953401849729595,0.09418861788410321,2901182945.1457896,0.0,0,0.0,0.0,0.0,0.0,779,198,0.8221127488003899,0.827794327521757,0.3168780376392127,0.40162489914346206,369.2727272727273,0.17
scenario_0012,gate_srpt,4,1.9072893566206002,4.7550707250320094,30,138,22,31.141806851510037,0.012251684556131104,22.588097816648343,0.33111368474731223,154.24833499178916,900,60,15.38709875473802,0.21718004118781553,2.689345033928565,0.22077906360735353,0.8875479941468988,1.6934844345320994,0.7828199588121845,reactive_gate,1052,864,1,0.0011560693641618498,0.0,864,116.92104136630064,1243.2057069232517,4.381971378653326,900.0,0,80,0,0,0,0.0017132378362650041,0.1585839879072243,4260157704.1046724,0.0,0,0.0,0.0,0.0,0.0,948,140,0.5538436939134944,0.5538681169867484,0.32945379124147456,0.42128606192804696,471.2727272727273,0.23
scenario_0012,gate_srpt,5,1.9072893566206002,4.7550707250320094,30,138,22,31.141806851510037,0.012251684556131104,22.588097816648343,0.33111368474731223,154.24833499178916,900,60,15.38709875473802,0.21718004118781553,2.689345033928565,0.22077906360735353,0.8875479941468988,1.6934844345320994,0.7828199588121845,reactive_gate,996,873,7,0.007954545454545454,0.03389830508474576,873,320.3846615898451,2019.0894523469922,49.06389345460196,900.0000000000005,0,114,0,0,0,0.0012071672904626326,0.14131456215220348,1910354682.6862626,0.0,0,0.0,0.0,0.0,0.0,998,26,0.5362696357382132,0.5465020845488014,0.39561883407148407,0.4432273381214111,476.1818181818182,0.25
scenario_0013,gate_sampled,1,2.0048089580032427,5.503915440523606,8,141,24,109.63128674148308,0.46606187289977946,234.60667914728748,0.2763096967801179,153.79967840335826,300,900,2.246822197860199,0.16057097290635328,0.2825882686149096,0.6873038985117523,0.7730115774032742,1.002120773935327,0.8394290270936468,reactive_gate,586,216,135,0.38461538461538464,0.6203703703703703,216,1134.1912800374448,6010.3337190151715,287.15091936433964,300.00000000000045,0,2007,0,0,0,0.09911377386398401,0.43653073834102346,11024586166.786407,0.0,0,0.0,0.0,0.0,0.0,12,0,0.13259362773750494,0.18690865206280502,0.6297428245192307,0.028982138031234828,117.81818181818183,0.42
scenario_0013,gate_sampled,2,2.0048089580032427,5.503915440523606,8,141,24,109.63128674148308,0.46606187289977946,234.60667914728748,0.2763096967801179,153.79967840335826,300,900,2.246822197860199,0.16057097290635328,0.2825882686149096,0.6873038985117523,0.7730115774032742,1.002120773935327,0.8394290270936468,reactive_gate,534,263,87,0.24857142857142858,0.5584415584415584,263,771.9808865590053,4647.118396616941,224.46328462509885,300.00000000000045,0,1187,0,0,0,0.03968646066418779,0.0035150001155590696,8470993450.725921,0.0,0,0.0,0.0,0.0,0.0,20,0,0.1771701396055425,0.23178642262696367,0.8777669474634163,0.05370968792377784,143.45454545454547,0.34
scenario_0013,gate_sampled,3,2.0048089580032427,5.503915440523606,8,141,24,109.63128674148308,0.46606187289977946,234.60667914728748,0.2763096967801179,153.79967840335826,300,900,2.246822197860199,0.16057097290635328,0.2825882686149096,0.6873038985117523,0.7730115774032742,1.002120773935327,0.8394290270936468,reactive_gate,581,329,95,0.2240566037735849,0.5375722543352601,329,708.6295770584611,3928.467799612139,189.47306663115575,300.00000000000045,0,1194,0,0,0,0.0671753842996219,0.00918285163033447,8664686926.505041,0.0,0,0.0,0.0,0.0,0.0,19,0,0.20976197921027098,0.2829365118466425,0.8901423566433566,0.04928095682051618,179.45454545454547,0.37
scenario_0013,gate_sampled,4,2.0048089580032427,5.503915440523606,8,141,24,109.63128674148308,0.46606187289977946,234.60667914728748,0.2763096967801179,153.79967840335826,300,900,2.246822197860199,0.16057097290635328,0.2825882686149096,0.6873038985117523,0.7730115774032742,1.002120773935327,0.8394290270936468,reactive_gate,746,351,133,0.27479338842975204,0.5518672199170125,351,827.129933751392,4507.696363988422,289.8984750853674,300.00000000000045,0,1971,0,0,0,0.11660276117988805,0.011629202136411417,9307880608.484982,0.0,0,0.0,0.0,0.0,0.0,25,0,0.06919789224263917,0.08803919209518708,0.6954401078250454,0.045653416293141624,191.45454545454547,0.52
scenario_0013,gate_sampled,5,2.0048089580032427,5.503915440523606,8,141,24,109.63128674148308,0.46606187289977946,234.60667914728748,0.2763096967801179,153.79967840335826,300,900,2.246822197860199,0.16057097290635328,0.2825882686149096,0.6873038985117523,0.7730115774032742,1.002120773935327,0.8394290270936468,reactive_gate,608,292,90,0.2356020942408377,0.5569620253164557,292,824.7515323517719,4392.910021402319,270.4579555693716,300.00000000000045,0,1438,0,0,0,0.10949838914430346,0.03264994168850327,9138339944.559084,0.0,0,0.0,0.0,0.0,0.0,13,0,0.09375116553050496,0.1167262968855416,0.694554243678775,0.03343984509399319,159.27272727272728,0.39
scenario_0013,gate_ship,1,2.0048089580032427,5.503915440523606,8,141,24,109.63128674148308,0.46606187289977946,234.60667914728748,0.2763096967801179,153.79967840335826,300,900,2.246822197860199,0.16057097290635328,0.2825882686149096,0.6873038985117523,0.7730115774032742,1.002120773935327,0.8394290270936468,reactive_gate,664,229,281,0.5509803921568628,0.9525423728813559,229,395.15710558056435,2796.3518337433607,68.67396784476806,300.00000000000045,0,3097,0,0,0,0.0,0.0,3892072533.101191,0.0,0,0.0,0.0,0.0,0.0,10,1,0.07458015227127963,0.19036480855984084,0.9266103007802383,0.0709991807179035,124.90909090909092,0.39
scenario_0013,gate_ship,2,2.0048089580032427,5.503915440523606,8,141,24,109.63128674148308,0.46606187289977946,234.60667914728748,0.2763096967801179,153.79967840335826,300,900,2.246822197860199,0.16057097290635328,0.2825882686149096,0.6873038985117523,0.7730115774032742,1.002120773935327,0.8394290270936468,reactive_gate,516,193,174,0.47411444141689374,0.9010416666666666,193,507.5650104993274,2706.652699557923,84.40416767242868,300.00000000000045,0,2175,0,0,0,0.00022491941258355206,0.09008949790139179,3107881955.1206126,0.0,0,0.0,0.0,0.0,0.0,17,1,0.09816621520526551,0.1930602232370222,0.9074830536858975,0.10477903054263733,105.27272727272728,0.29
scenario_0013,gate_ship,3,2.0048089580032427,5.503915440523606,8,141,24,109.63128674148308,0.46606187289977946,234.60667914728748,0.2763096967801179,153.79967840335826,300,900,2.246822197860199,0.16057097290635328,0.2825882686149096,0.6873038985117523,0.7730115774032742,1.002120773935327,0.8394290270936468,reactive_gate,559,267,173,0.3931818181818182,0.8151658767772512,267,350.83291719930753,3606.139681823012,254.3817150015557,300.00000000000045,0,2105,0,0,0,0.0010748707082932016,7.080603348266602e-05,3541511614.3781962,0.0,0,0.0,0.0,0.0,0.0,8,2,0.12746689032436692,0.24316404872154018,0.9120730198863637,0.0950034792852337,145.63636363636365,0.32
scenario_0013,gate_ship,4,2.0048089580032427,5.503915440523606,8,141,24,109.63128674148308,0.46606187289977946,234.60667914728748,0.2763096967801179,153.79967840335826,300,900,2.246822197860199,0.16057097290635328,0.2825882686149096,0.6873038985117523,0.7730115774032742,1.002120773935327,0.8394290270936468,reactive_gate,780,313,281,0.4730639730639731,0.878125,313,237.94988114452315,3167.477944410049,62.253108052146544,300.00000000000045,0,3416,0,0,0,0.0,0.0,3447265631.358064,0.0,0,0.0,0.0,0.0,0.0,19,0,0.08880580378932199,0.19636800579276803,0.9445552083818959,0.06535603941592173,170.72727272727275,0.43
scenario_0013,gate_ship,5,2.0048089580032427,5.503915440523606,8,141,24,109.63128674148308,0.46606187289977946,234.60667914728748,0.2763096967801179,153.79967840335826,300,900,2.246822197860199,0.16057097290635328,0.2825882686149096,0.6873038985117523,0.7730115774032742,1.002120773935327,0.8394290270936468,reactive_gate,621,258,230,0.4713114754098361,0.9346938775510204,258,311.7041487858481,3305.527461939041,81.11373915989098,300.00000000000045,0,2723,0,0,0,0.009572018113755836,0.35154330637174047,3887768769.294238,0.0,0,0.0,0.0,0.0,0.0,11,1,0.09068572740406376,0.21222765068418262,0.8833558436447813,0.06162874242555339,140.72727272727272,0.36
scenario_0013,lease,1,2.0048089580032427,5.503915440523606,8,141,24,109.63128674148308,0.46606187289977946,234.60667914728748,0.2763096967801179,153.79967840335826,300,900,2.246822197860199,0.16057097290635328,0.2825882686149096,0.6873038985117523,0.7730115774032742,1.002120773935327,0.8394290270936468,lease,635,214,267,0.5550935550935551,0.8956228956228957,214,573.8391291217004,3998.7763277100626,233.24859212120023,300.00000000000045,0,3012,0,0,0,0.0027601389665970295,0.1377140496934222,925561059.2233342,7095.768499495773,46,0.5566293926872277,0.3033406730942261,510600.0,0.0,15,1,0.09071361544812255,0.20874745334961844,0.9048004191595442,0.0960881427090706,116.72727272727273,0.58
scenario_0013,lease,2,2.0048089580032427,5.503915440523606,8,141,24,109.63128674148308,0.46606187289977946,234.60667914728748,0.2763096967801179,153.79967840335826,300,900,2.246822197860199,0.16057097290635328,0.2825882686149096,0.6873038985117523,0.7730115774032742,1.002120773935327,0.8394290270936468,lease,509,196,159,0.447887323943662,0.8359788359788359,196,637.2540343781084,3419.553463580068,193.6312358357787,300.00000000000045,0,2063,0,0,0,0.007758163489726379,0.14298828934330082,987756866.0323865,4975.4768513769695,50,396.5526308334893,0.29142083688293496,444000.0,2.1649294643474377,18,2,0.13136571280020615,0.23190705109425055,0.8597226163315852,0.1066364854486576,106.9090909090909,0.48
scenario_0013,lease,3,2.0048089580032427,5.503915440523606,8,141,24,109.63128674148308,0.46606187289977946,234.60667914728748,0.2763096967801179,153.79967840335826,300,900,2.246822197860199,0.16057097290635328,0.2825882686149096,0.6873038985117523,0.7730115774032742,1.002120773935327,0.8394290270936468,lease,577,275,170,0.38202247191011235,0.8366336633663366,275,373.7693135561526,3840.9376763608316,267.7498004104892,300.00000000000045,0,2102,0,0,0,0.010122078820902802,0.010670657794573164,981391781.8419743,5517.2104927792825,47,0.3741843762566077,0.0,519600.0,8.497938537928803,11,1,0.13974410364990558,0.2583124349891708,0.9109683077246828,0.08963492509549176,150.0,0.51
scenario_0013,lease,4,2.0048089580032427,5.503915440523606,8,141,24,109.63128674148308,0.46606187289977946,234.60667914728748,0.2763096967801179,153.79967840335826,300,900,2.246822197860199,0.16057097290635328,0.2825882686149096,0.6873038985117523,0.7730115774032742,1.002120773935327,0.8394290270936468,lease,792,356,252,0.4144736842105263,0.7974683544303798,356,253.9599340402425,3739.5964435684687,244.3897734066555,300.00000000000045,0,3312,0,0,0,0.008797058219642325,0.03057494213259333,1099341874.5128822,5022.842690020099,31,0.32532594816893834,0.0,712200.0,1.6781485073498743,13,1,0.11299424562320301,0.2209676389727833,0.9160967283896659,0.09825446112684853,194.1818181818182,0.71
scenario_0013,lease,5,2.0048089580032427,5.503915440523606,8,141,24,109.63128674148308,0.46606187289977946,234.60667914728748,0.2763096967801179,153.79967840335826,300,900,2.246822197860199,0.16057097290635328,0.2825882686149096,0.6873038985117523,0.7730115774032742,1.002120773935327,0.8394290270936468,lease,679,324,200,0.3816793893129771,0.8577586206896551,324,317.7002589840609,3231.4019868181076,270.910004478529,300.00000000000045,0,2588,0,0,0,0.013982241809399654,0.13794387824007176,1268967559.3022797,2028.6297102359622,21,0.0,0.0,639000.0,6.821455464983046,6,0,0.12288507779059059,0.2445004369637248,0.8920537080257706,0.0958987136128587,176.72727272727275,0.62
scenario_0013,clairvoyant,1,2.0048089580032427,5.503915440523606,8,141,24,109.63128674148308,0.46606187289977946,234.60667914728748,0.2763096967801179,153.79967840335826,300,900,2.246822197860199,0.16057097290635328,0.2825882686149096,0.6873038985117523,0.7730115774032742,1.002120773935327,0.8394290270936468,clairvoyant,837,545,166,0.23347398030942335,0.4984025559105431,545,25.280686448254528,3230.990209441478,102.87984485999822,300.00000000000045,0,2277,0,0,0,0.1945900048366334,0.23219540226341495,7476746769.580404,20.221399780741677,9,0.0,0.0,0.0,0.0,22,0,0.35311539965641425,0.5152365050023827,0.9881015327311578,0.10823692558111155,297.2727272727273,0.48
scenario_0013,clairvoyant,2,2.0048089580032427,5.503915440523606,8,141,24,109.63128674148308,0.46606187289977946,234.60667914728748,0.2763096967801179,153.79967840335826,300,900,2.246822197860199,0.16057097290635328,0.2825882686149096,0.6873038985117523,0.7730115774032742,1.002120773935327,0.8394290270936468,clairvoyant,763,562,91,0.13935681470137826,0.38565022421524664,562,25.86243563955236,3125.3241640709243,126.34302883931224,300.00000000000045,0,1356,0,0,0,0.12295935493563291,0.11909551165508661,5706402532.244838,26.961866374322256,12,0.0,0.0,0.0,0.0,21,0,0.43170409161997764,0.5364879172256644,0.9802730336862213,0.1315519927639592,306.54545454545456,0.39
scenario_0013,clairvoyant,3,2.0048089580032427,5.503915440523606,8,141,24,109.63128674148308,0.46606187289977946,234.60667914728748,0.2763096967801179,153.79967840335826,300,900,2.246822197860199,0.16057097290635328,0.2825882686149096,0.6873038985117523,0.7730115774032742,1.002120773935327,0.8394290270936468,clairvoyant,913,718,100,0.12224938875305623,0.40271493212669685,718,21.823706957003196,3331.908833030121,108.16004816902574,300.00000000000045,0,1359,0,0,0,0.12014338098825958,0.11870060933982961,5648277988.869657,13.4809331871611,6,0.0,0.0,0.0,0.0,23,0,0.4681521030960534,0.6143803082726114,0.9894003547575111,0.1256630595118268,391.6363636363636,0.44
scenario_0013,clairvoyant,4,2.0048089580032427,5.503915440523606,8,141,24,109.63128674148308,0.46606187289977946,234.60667914728748,0.2763096967801179,153.79967840335826,300,900,2.246822197860199,0.16057097290635328,0.2825882686149096,0.6873038985117523,0.7730115774032742,1.002120773935327,0.8394290270936468,clairvoyant,1255,956,175,0.15473032714412024,0.4697802197802198,956,18.322800250113232,2968.2178052799495,118.85727983580689,300.00000000000045,0,2319,0,0,0,0.17054628879608574,0.04252197750633377,7232747951.676234,29.20868857218261,13,0.0,0.0,0.0,0.0,37,0,0.39153178136576566,0.5584847894839909,0.9747649888063326,0.09398392242285003,521.4545454545455,0.61
scenario_0013,clairvoyant,5,2.0048089580032427,5.503915440523606,8,141,24,109.63128674148308,0.46606187289977946,234.60667914728748,0.2763096967801179,153.79967840335826,300,900,2.246822197860199,0.16057097290635328,0.2825882686149096,0.6873038985117523,0.7730115774032742,1.002120773935327,0.8394290270936468,clairvoyant,1065,837,113,0.11894736842105263,0.4150197628458498,837,21.036040290988694,2610.716802011044,95.43185331526607,300.00000000000045,0,1763,0,0,0,0.122418059571387,0.3053106374802119,6616832134.023113,29.208688572182552,13,0.0,0.0,0.0,0.0,16,0,0.4279271198342389,0.5618762367141449,0.9896524956455582,0.08637462226951534,456.54545454545456,0.48
scenario_0013,gate_srpt,1,2.0048089580032427,5.503915440523606,8,141,24,109.63128674148308,0.46606187289977946,234.60667914728748,0.2763096967801179,153.79967840335826,300,900,2.246822197860199,0.16057097290635328,0.2825882686149096,0.6873038985117523,0.7730115774032742,1.002120773935327,0.8394290270936468,reactive_gate,788,491,162,0.24808575803981622,0.5133333333333333,491,21.898685724264396,4033.955708745023,229.1069773966833,300.00000000000045,0,2429,0,0,0,0.30052163397954723,0.2717908076269038,9515679668.053116,0.0,0,0.0,0.0,0.0,0.0,16,0,0.31192241207027893,0.45074311390358807,0.8922024947957136,0.08577182484279079,267.8181818181818,0.48
scenario_0013,gate_srpt,2,2.0048089580032427,5.503915440523606,8,141,24,109.63128674148308,0.46606187289977946,234.60667914728748,0.2763096967801179,153.79967840335826,300,900,2.246822197860199,0.16057097290635328,0.2825882686149096,0.6873038985117523,0.7730115774032742,1.002120773935327,0.8394290270936468,reactive_gate,719,516,81,0.135678391959799,0.37799043062200954,516,22.796790615140935,2705.7429468377977,151.9509047921982,300.00000000000045,0,1355,0,0,0,0.20624514899057306,0.09328973380904315,7790990896.766017,0.0,0,0.0,0.0,0.0,0.0,12,0,0.4100936483127468,0.49706538510197906,0.9443866432109557,0.11828805572231868,281.45454545454544,0.38
scenario_0013,gate_srpt,3,2.0048089580032427,5.503915440523606,8,141,24,109.63128674148308,0.46606187289977946,234.60667914728748,0.2763096967801179,153.79967840335826,300,900,2.246822197860199,0.16057097290635328,0.2825882686149096,0.6873038985117523,0.7730115774032742,1.002120773935327,0.8394290270936468,reactive_gate,866,665,86,0.11451398135818908,0.39195979899497485,665,19.373623196447625,3207.107014933877,193.41230234033137,300.00000000000045,0,1480,0,0,0,0.17711259336544932,0.16315473547074047,7955687104.6031065,0.0,0,0.0,0.0,0.0,0.0,20,0,0.43992282761534585,0.5599606749095424,0.9089147939572003,0.09653524932330942,362.72727272727275,0.41
scenario_0013,gate_srpt,4,2.0048089580032427,5.503915440523606,8,141,24,109.63128674148308,0.46606187289977946,234.60667914728748,0.2763096967801179,153.79967840335826,300,900,2.246822197860199,0.16057097290635328,0.2825882686149096,0.6873038985117523,0.7730115774032742,1.002120773935327,0.8394290270936468,reactive_gate,1200,870,191,0.18001885014137606,0.5404624277456648,870,16.999635403882166,2785.7914233532274,210.65246586951102,300.00000000000045,0,2538,0,0,0,0.29465652723530655,0.14608809812436063,8702409482.013107,0.0,0,0.0,0.0,0.0,0.0,27,0,0.3230902656286806,0.4921172162177683,0.8507859114785677,0.052663411682145035,474.54545454545456,0.64
scenario_0013,gate_srpt,5,2.0048089580032427,5.503915440523606,8,141,24,109.63128674148308,0.46606187289977946,234.60667914728748,0.2763096967801179,153.79967840335826,300,900,2.246822197860199,0.16057097290635328,0.2825882686149096,0.6873038985117523,0.7730115774032742,1.002120773935327,0.8394290270936468,reactive_gate,973,741,105,0.12411347517730496,0.41596638655462187,741,19.65904315706848,2857.1270064912196,177.9415356366872,300.00000000000045,0,1858,0,0,0,0.22447626785951508,0.2740156970746165,8617464261.881063,0.0,0,0.0,0.0,0.0,0.0,16,0,0.37325737781764057,0.4885544283190045,0.8627726741776742,0.06796462465302615,404.1818181818182,0.49
scenario_0014,gate_sampled,1,1.1123779863070884,3.9632472726854915,20,104,25,48.56053515419325,0.05280865825819545,233.1833917478667,0.15199934444301308,94.69805700509913,600,300,1.6935131650470434,0.29705060017471085,0.8911270798959919,0.8828688900851605,1.2268818914041333,1.6466214030319257,0.7029493998252891,reactive_gate,400,342,4,0.011560693641618497,0.04081632653061224,342,191.98268698901688,3043.888575068331,0.0,600.0000000000005,0,154,0,0,0,0.010698019573060588,0.5084688788358658,4956525723.259052,0.0,0,0.0,0.0,0.0,0.0,274,39,0.6023668883690805,0.615794242959706,0.3387434508838384,0.19794489800803014,186.54545454545456,0.12
scenario_0014,gate_sampled,2,1.1123779863070884,3.9632472726854915,20,104,25,48.56053515419325,0.05280865825819545,233.1833917478667,0.15199934444301308,94.69805700509913,600,300,1.6935131650470434,0.29705060017471085,0.8911270798959919,0.8828688900851605,1.2268818914041333,1.6466214030319257,0.7029493998252891,reactive_gate,482,382,16,0.04020100502512563,0.1568627450980392,382,149.23153335505867,2043.7734312148739,0.35593970434693334,600.0000000000005,0,220,0,0,0,0.01638799405118081,0.36806780301986614,3773796459.8021083,0.0,0,0.0,0.0,0.0,0.0,292,48,0.5180678978682679,0.5491974025617923,0.3490171298141673,0.23576595131835135,208.36363636363637,0.14
scenario_0014,gate_sampled,3,1.1123779863070884,3.9632472726854915,20,104,25,48.56053515419325,0.05280865825819545,233.1833917478667,0.15199934444301308,94.69805700509913,600,300,1.6935131650470434,0.29705060017471085,0.8911270798959919,0.8828688900851605,1.2268818914041333,1.6466214030319257,0.7029493998252891,reactive_gate,447,386,5,0.01278772378516624,0.04938271604938271,386,70.55758459352046,1407.7881765682178,9.538418850017782,600.0,0,95,0,0,0,0.008041026013394383,0.4701285426502851,4567751639.3362255,0.0,0,0.0,0.0,0.0,0.0,205,52,0.6571568177437475,0.6692242478707625,0.3283581319897695,0.21049461418727816,210.54545454545456,0.12
scenario_0014,gate_sampled,4,1.1123779863070884,3.9632472726854915,20,104,25,48.56053515419325,0.05280865825819545,233.1833917478667,0.15199934444301308,94.69805700509913,600,300,1.6935131650470434,0.29705060017471085,0.8911270798959919,0.8828688900851605,1.2268818914041333,1.6466214030319257,0.7029493998252891,reactive_gate,479,433,6,0.01366742596810934,0.0594059405940594,433,49.97292499261221,1894.763622202585,2.621522203567361,600.0000000000005,0,119,1,0,0,0.021388714900833113,0.424089352222951,4193201710.226416,0.0,0,0.0,0.0,0.0,0.0,217,64,0.63193340699605,0.6505550313925331,0.3008869614672365,0.1776228671086905,236.1818181818182,0.11
scenario_0014,gate_sampled,5,1.1123779863070884,3.9632472726854915,20,104,25,48.56053515419325,0.05280865825819545,233.1833917478667,0.15199934444301308,94.69805700509913,600,300,1.6935131650470434,0.29705060017471085,0.8911270798959919,0.8828688900851605,1.2268818914041333,1.6466214030319257,0.7029493998252891,reactive_gate,620,514,24,0.04460966542750929,0.19090909090909092,514,84.46092758823625,3649.1746814617995,1.8830062917993422,600.0000000000005,0,339,0,0,0,0.01720009464020447,0.48422206916499866,4572665383.398581,0.0,0,0.0,0.0,0.0,0.0,293,32,0.4594729148547677,0.5073588062903364,0.41246980850492104,0.21246144767975697,280.3636363636364,0.17
scenario_0014,gate_ship,1,1.1123779863070884,3.9632472726854915,20,104,25,48.56053515419325,0.05280865825819545,233.1833917478667,0.15199934444301308,94.69805700509913,600,300,1.6935131650470434,0.29705060017471085,0.8911270798959919,0.8828688900851605,1.2268818914041333,1.6466214030319257,0.7029493998252891,reactive_gate,406,354,4,0.0111731843575419,0.0380952380952381,354,220.20629616878114,2958.946992222895,0.0,600.0000000000005,0,135,0,0,0,0.010175475184221622,0.5324810871436805,5538136910.20145,0.0,0,0.0,0.0,0.0,0.0,270,143,0.6790467424795318,0.6910326094721618,0.33001036871276873,0.19008565722185228,193.0909090909091,0.12
scenario_0014,gate_ship,2,1.1123779863070884,3.9632472726854915,20,104,25,48.56053515419325,0.05280865825819545,233.1833917478667,0.15199934444301308,94.69805700509913,600,300,1.6935131650470434,0.29705060017471085,0.8911270798959919,0.8828688900851605,1.2268818914041333,1.6466214030319257,0.7029493998252891,reactive_gate,521,426,6,0.013888888888888888,0.05825242718446602,426,236.08421177832838,1384.4533765114268,25.88176773172464,600.0,0,126,0,0,0,0.012239626987733841,0.40875850139949377,2687641177.41844,0.0,0,0.0,0.0,0.0,0.0,321,69,0.6285081711712898,0.6349213567199583,0.4252712733229733,0.27163518890227906,232.36363636363637,0.16
scenario_0014,gate_ship,3,1.1123779863070884,3.9632472726854915,20,104,25,48.56053515419325,0.05280865825819545,233.1833917478667,0.15199934444301308,94.69805700509913,600,300,1.6935131650470434,0.29705060017471085,0.8911270798959919,0.8828688900851605,1.2268818914041333,1.6466214030319257,0.7029493998252891,reactive_gate,470,422,4,0.009389671361502348,0.031914893617021274,422,82.32130626269054,1377.2810922132205,20.807347463147494,600.0,0,53,0,0,0,0.004470108017683949,0.42692151704070136,3409885950.182645,0.0,0,0.0,0.0,0.0,0.0,227,83,0.7896561888073992,0.8008746463732946,0.386669699954675,0.2451939649898468,230.1818181818182,0.14
scenario_0014,gate_ship,4,1.1123779863070884,3.9632472726854915,20,104,25,48.56053515419325,0.05280865825819545,233.1833917478667,0.15199934444301308,94.69805700509913,600,300,1.6935131650470434,0.29705060017471085,0.8911270798959919,0.8828688900851605,1.2268818914041333,1.6466214030319257,0.7029493998252891,reactive_gate,498,456,6,0.012987012987012988,0.05825242718446602,456,46.50062486440129,1467.2152196808552,6.270195922919584,600.0,0,97,0,0,0,0.01648438136304821,0.4503371464545359,3612476855.313439,0.0,0,0.0,0.0,0.0,0.0,218,101,0.7458427364198923,0.7689927159146233,0.3281761740967366,0.19764518087280364,248.72727272727275,0.13
scenario_0014,gate_ship,5,1.1123779863070884,3.9632472726854915,20,104,25,48.56053515419325,0.05280865825819545,233.1833917478667,0.15199934444301308,94.69805700509913,600,300,1.6935131650470434,0.29705060017471085,0.8911270798959919,0.8828688900851605,1.2268818914041333,1.6466214030319257,0.7029493998252891,reactive_gate,720,632,7,0.010954616588419406,0.06306306306306306,632,142.91679461313566,1954.0378555529546,46.128457420804885,600.0000000000005,0,176,1,0,0,0.004689803987321568,0.4546806477600742,1705653251.8279054,0.0,0,0.0,0.0,0.0,0.0,312,70,0.6072279174303664,0.6247748735671543,0.5623081543188294,0.2653025201180443,344.72727272727275,0.22
scenario_0014,lease,1,1.1123779863070884,3.9632472726854915,20,104,25,48.56053515419325,0.05280865825819545,233.1833917478667,0.15199934444301308,94.69805700509913,600,300,1.6935131650470434,0.29705060017471085,0.8911270798959919,0.8828688900851605,1.2268818914041333,1.6466214030319257,0.7029493998252891,lease,428,380,1,0.0026246719160104987,0.009345794392523364,380,224.0569177479133,2896.075703673746,8.59816172913553,600.0000000000005,0,87,0,0,0,0.0015662550614057719,0.48634023280344196,3678327261.013526,8640.882888869886,24,726.6640155803102,147.73347092554218,450000.0,837.3342639163378,286,102,0.737644708606886,0.7418358717239706,0.3873438101787102,0.22210688224511732,207.27272727272728,0.29
scenario_0014,lease,2,1.1123779863070884,3.9632472726854915,20,104,25,48.56053515419325,0.05280865825819545,233.1833917478667,0.15199934444301308,94.69805700509913,600,300,1.6935131650470434,0.29705060017471085,0.8911270798959919,0.8828688900851605,1.2268818914041333,1.6466214030319257,0.7029493998252891,lease,517,420,7,0.01639344262295082,0.0673076923076923,420,229.4280933945148,1449.8763764480952,23.642051470994918,600.0,0,121,0,0,0,0.011107276344627014,0.40174129968276523,2363009705.2145977,4818.9351717141635,21,2344.1981516236915,584.7508263335949,600600.0,3893.4571590710066,325,74,0.6264492949060184,0.6361114343578316,0.4210397901838902,0.263154740839834,229.0909090909091,0.36
scenario_0014,lease,3,1.1123779863070884,3.9632472726854915,20,104,25,48.56053515419325,0.05280865825819545,233.1833917478667,0.15199934444301308,94.69805700509913,600,300,1.6935131650470434,0.29705060017471085,0.8911270798959919,0.8828688900851605,1.2268818914041333,1.6466214030319257,0.7029493998252891,lease,461,410,4,0.00966183574879227,0.03296703296703297,410,83.0982590015393,1350.0370948175039,16.223398574934524,600.0,0,58,2,0,0,0.008826075413588179,0.4365070415055473,2301516590.909027,12466.375044124321,55,508.957331678161,188.23605320995648,474600.0,1232.3558769916967,222,69,0.766631847115872,0.7771366449729997,0.3865679561674437,0.23589416302977978,223.63636363636365,0.3
scenario_0014,lease,4,1.1123779863070884,3.9632472726854915,20,104,25,48.56053515419325,0.05280865825819545,233.1833917478667,0.15199934444301308,94.69805700509913,600,300,1.6935131650470434,0.29705060017471085,0.8911270798959919,0.8828688900851605,1.2268818914041333,1.6466214030319257,0.7029493998252891,lease,498,456,6,0.012987012987012988,0.05825242718446602,456,53.254238709523406,1579.1512555168865,1.1217266467472604,600.0,0,92,0,0,0,0.015416347989592042,0.45258382552914816,3185437336.323443,9331.736366749643,42,623.3272064383002,75.8996306270401,571200.0,1653.4208485655447,218,97,0.7323100436726103,0.7549149094630656,0.3256010372927998,0.19552916974310888,248.72727272727275,0.28
scenario_0014,lease,5,1.1123779863070884,3.9632472726854915,20,104,25,48.56053515419325,0.05280865825819545,233.1833917478667,0.15199934444301308,94.69805700509913,600,300,1.6935131650470434,0.29705060017471085,0.8911270798959919,0.8828688900851605,1.2268818914041333,1.6466214030319257,0.7029493998252891,lease,716,626,7,0.011058451816745656,0.06422018348623854,626,147.32392089556004,2164.3042604179964,34.771664630557716,600.0000000000005,0,196,1,0,0,0.005187912688950588,0.4539194046119863,1728697068.8896778,3416.1691390479855,21,1511.901003797469,580.4617056480871,711600.0,3156.064287575035,307,70,0.6105099436194033,0.6279482593406355,0.5563535488765865,0.26668821247838836,341.4545454545455,0.46
scenario_0014,clairvoyant,1,1.1123779863070884,3.9632472726854915,20,104,25,48.56053515419325,0.05280865825819545,233.1833917478667,0.15199934444301308,94.69805700509913,600,300,1.6935131650470434,0.29705060017471085,0.8911270798959919,0.8828688900851605,1.2268818914041333,1.6466214030319257,0.7029493998252891,clairvoyant,446,404,3,0.007371007371007371,0.02654867256637168,404,147.35208969244513,2805.373660238312,5.5545004904082,600.0000000000005,0,91,0,0,0,0.0025333888476553827,0.4806919615733484,2466064637.6636333,113.46538205815213,67,0.0,0.0,0.0,0.0,305,105,0.7952730049234374,0.8089846084566001,0.3945942348711474,0.23303273500950208,220.36363636363637,0.13
scenario_0014,clairvoyant,2,1.1123779863070884,3.9632472726854915,20,104,25,48.56053515419325,0.05280865825819545,233.1833917478667,0.15199934444301308,94.69805700509913,600,300,1.6935131650470434,0.29705060017471085,0.8911270798959919,0.8828688900851605,1.2268818914041333,1.6466214030319257,0.7029493998252891,clairvoyant,530,443,12,0.026373626373626374,0.10256410256410256,443,136.45804552449,1713.491504399911,31.580441615115717,600.0000000000005,0,158,1,0,0,0.010981646955545396,0.38012476433230835,1612587376.5887349,99.91727673777672,59,0.0,0.0,0.0,0.0,329,67,0.6718905228883679,0.6955859288911351,0.4338538948491324,0.27106727658548685,241.63636363636365,0.16
scenario_0014,clairvoyant,3,1.1123779863070884,3.9632472726854915,20,104,25,48.56053515419325,0.05280865825819545,233.1833917478667,0.15199934444301308,94.69805700509913,600,300,1.6935131650470434,0.29705060017471085,0.8911270798959919,0.8828688900851605,1.2268818914041333,1.6466214030319257,0.7029493998252891,clairvoyant,472,422,5,0.0117096018735363,0.041666666666666664,422,70.57701160681768,1433.0029566347316,16.07452964458933,600.0,0,63,0,0,0,0.006523297580978655,0.4411154929334104,1742644405.7648342,257.41400108715123,152,0.0,0.0,0.0,0.0,227,80,0.8074048558772503,0.8181692217759584,0.3778997983715359,0.23906542125394745,230.1818181818182,0.15
scenario_0014,clairvoyant,4,1.1123779863070884,3.9632472726854915,20,104,25,48.56053515419325,0.05280865825819545,233.1833917478667,0.15199934444301308,94.69805700509913,600,300,1.6935131650470434,0.29705060017471085,0.8911270798959919,0.8828688900851605,1.2268818914041333,1.6466214030319257,0.7029493998252891,clairvoyant,506,462,7,0.014925373134328358,0.06666666666666667,462,45.5302399169841,1462.4991844697809,1.2497639902021498,600.0,0,96,0,0,0,0.022644733471547746,0.44101229968920724,2546354910.284238,216.7696851260239,128,0.0,0.0,0.0,0.0,223,108,0.7643051634235788,0.790392350442975,0.322341739520202,0.20706869995345642,252.0,0.12
scenario_0014,clairvoyant,5,1.1123779863070884,3.9632472726854915,20,104,25,48.56053515419325,0.05280865825819545,233.1833917478667,0.15199934444301308,94.69805700509913,600,300,1.6935131650470434,0.29705060017471085,0.8911270798959919,0.8828688900851605,1.2268818914041333,1.6466214030319257,0.7029493998252891,clairvoyant,722,630,12,0.018691588785046728,0.10434782608695652,630,81.97531339936404,2319.1515394276134,45.94893376104389,600.0000000000005,0,222,4,0,0,0.006173345907891515,0.4736696662884165,1138575277.7960556,98.22376357272859,58,0.0,0.0,0.0,0.0,312,61,0.6462299395136261,0.6743586763700268,0.5675278951275576,0.2563620486191003,343.6363636363636,0.21
scenario_0014,gate_srpt,1,1.1123779863070884,3.9632472726854915,20,104,25,48.56053515419325,0.05280865825819545,233.1833917478667,0.15199934444301308,94.69805700509913,600,300,1.6935131650470434,0.29705060017471085,0.8911270798959919,0.8828688900851605,1.2268818914041333,1.6466214030319257,0.7029493998252891,reactive_gate,408,351,5,0.014044943820224719,0.04807692307692308,351,199.83128553035203,3026.4145024270947,0.0,600.0000000000005,0,135,0,0,0,0.012240478701356994,0.5448438715777812,5464262425.536718,0.0,0,0.0,0.0,0.0,0.0,273,133,0.6752776280948364,0.6929755704239268,0.33312465000971253,0.18909169151014754,191.45454545454547,0.12
scenario_0014,gate_srpt,2,1.1123779863070884,3.9632472726854915,20,104,25,48.56053515419325,0.05280865825819545,233.1833917478667,0.15199934444301308,94.69805700509913,600,300,1.6935131650470434,0.29705060017471085,0.8911270798959919,0.8828688900851605,1.2268818914041333,1.6466214030319257,0.7029493998252891,reactive_gate,526,436,7,0.01580135440180587,0.06481481481481481,436,219.3166720862405,1384.3639702323474,26.02241028634078,600.0,0,118,0,0,0,0.010765979231851625,0.3856477715975446,2361550807.412639,0.0,0,0.0,0.0,0.0,0.0,328,69,0.6390938125813165,0.6490034537368461,0.43349694455128207,0.27518029164846425,237.81818181818184,0.17
scenario_0014,gate_srpt,3,1.1123779863070884,3.9632472726854915,20,104,25,48.56053515419325,0.05280865825819545,233.1833917478667,0.15199934444301308,94.69805700509913,600,300,1.6935131650470434,0.29705060017471085,0.8911270798959919,0.8828688900851605,1.2268818914041333,1.6466214030319257,0.7029493998252891,reactive_gate,472,420,4,0.009433962264150943,0.03225806451612903,420,77.42020927257363,1363.5320403699523,14.611804146612181,600.0,0,52,0,0,0,0.004056827709799162,0.4269242321039865,3252129549.2106123,0.0,0,0.0,0.0,0.0,0.0,228,85,0.7894334232041902,0.8006991535601814,0.3887579739057239,0.2457274690962076,229.0909090909091,0.13
scenario_0014,gate_srpt,4,1.1123779863070884,3.9632472726854915,20,104,25,48.56053515419325,0.05280865825819545,233.1833917478667,0.15199934444301308,94.69805700509913,600,300,1.6935131650470434,0.29705060017471085,0.8911270798959919,0.8828688900851605,1.2268818914041333,1.6466214030319257,0.7029493998252891,reactive_gate,499,459,6,0.012903225806451613,0.05825242718446602,459,49.066721615243296,1453.7585471492466,2.9716670292926657,600.0,0,90,0,0,0,0.017765629419372198,0.45042369001932325,3609955968.024013,0.0,0,0.0,0.0,0.0,0.0,217,100,0.741378304410195,0.7643559309944562,0.327868764944315,0.19751134707460322,250.36363636363637,0.12
scenario_0014,gate_srpt,5,1.1123779863070884,3.9632472726854915,20,104,25,48.56053515419325,0.05280865825819545,233.1833917478667,0.15199934444301308,94.69805700509913,600,300,1.6935131650470434,0.29705060017471085,0.8911270798959919,0.8828688900851605,1.2268818914041333,1.6466214030319257,0.7029493998252891,reactive_gate,716,617,10,0.01594896331738437,0.09009009009009009,617,123.03844269492765,1788.5824220530733,47.40325436740637,600.0000000000005,0,183,4,0,0,0.00731517975912435,0.46420460359336824,1592158163.5363677,0.0,0,0.0,0.0,0.0,0.0,309,73,0.6111621428618765,0.6347336262358327,0.5597154730833981,0.26109390826579626,336.54545454545456,0.22
scenario_0015,gate_sampled,1,3.6112892950956597,2.1928675551165773,29,76,19,44.85075142775487,0.4708533609086342,71.51882132247295,0.4594164611151761,77.26642526794055,600,900,23.9162361705592,0.0934468919552337,0.21334524154699305,0.6801098522339893,1.3248061628850467,2.035219673996871,0.9065531080447663,reactive_gate,954,522,44,0.07773851590106007,0.2469879518072289,522,123.38829317238196,4484.027111071474,246.645368529976,600.0000000000005,0,1798,9,0,0,0.03407310537827211,0.5336735452007844,323369253.3630902,0.0,0,0.0,0.0,0.0,0.0,32,0,0.20384055510757557,0.21815506718664254,0.5309139321865873,0.08088822575202693,284.72727272727275,0.6
scenario_0015,gate_sampled,2,3.6112892950956597,2.1928675551165773,29,76,19,44.85075142775487,0.4708533609086342,71.51882132247295,0.4594164611151761,77.26642526794055,600,900,23.9162361705592,0.0934468919552337,0.21334524154699305,0.6801098522339893,1.3248061628850467,2.035219673996871,0.9065531080447663,reactive_gate,984,644,50,0.07204610951008646,0.2774566473988439,644,54.60752370141745,3700.990579771701,215.81432210242636,600.0000000000005,0,1411,6,0,0,0.027526636409903667,0.4636426904793608,370962188.7134394,0.0,0,0.0,0.0,0.0,0.0,24,0,0.2814568806555409,0.30455838278295144,0.5028426816641213,0.07053050643845979,351.2727272727273,0.58
scenario_0015,gate_sampled,3,3.6112892950956597,2.1928675551165773,29,76,19,44.85075142775487,0.4708533609086342,71.51882132247295,0.4594164611151761,77.26642526794055,600,900,23.9162361705592,0.0934468919552337,0.21334524154699305,0.6801098522339893,1.3248061628850467,2.035219673996871,0.9065531080447663,reactive_gate,1160,838,38,0.04337899543378995,0.2159090909090909,838,29.734888935858976,2848.1685514488127,216.75075739886174,600.0000000000005,0,1327,5,0,0,0.02815027222257663,0.5403185946599653,590995438.6886733,0.0,0,0.0,0.0,0.0,0.0,22,0,0.3564925649726487,0.37602287778474064,0.4929861592338058,0.0887491203839587,457.0909090909091,0.51
scenario_0015,gate_sampled,4,3.6112892950956597,2.1928675551165773,29,76,19,44.85075142775487,0.4708533609086342,71.51882132247295,0.4594164611151761,77.26642526794055,600,900,23.9162361705592,0.0934468919552337,0.21334524154699305,0.6801098522339893,1.3248061628850467,2.035219673996871,0.9065531080447663,reactive_gate,993,702,40,0.05390835579514825,0.21052631578947367,702,54.5516701659285,3127.11440324477,192.35284831545843,600.0000000000005,0,1112,12,0,0,0.04142123093285609,0.5026823729851878,450183204.7148898,0.0,0,0.0,0.0,0.0,0.0,26,0,0.33936882734863916,0.3623328337156829,0.47353420552786935,0.08440721013759683,382.90909090909093,0.49
scenario_0015,gate_sampled,5,3.6112892950956597,2.1928675551165773,29,76,19,44.85075142775487,0.4708533609086342,71.51882132247295,0.4594164611151761,77.26642526794055,600,900,23.9162361705592,0.0934468919552337,0.21334524154699305,0.6801098522339893,1.3248061628850467,2.035219673996871,0.9065531080447663,reactive_gate,1258,898,50,0.052742616033755275,0.22959183673469388,898,48.91080978778541,2640.307004175823,232.15463511905017,600.0000000000005,0,1515,8,0,0,0.03970803325060606,0.3642774704895765,466220092.07148594,0.0,0,0.0,0.0,0.0,0.0,18,0,0.30973715537523594,0.3267733678693374,0.529668661341532,0.07726205945332869,489.8181818181818,0.64
scenario_0015,gate_ship,1,3.6112892950956597,2.1928675551165773,29,76,19,44.85075142775487,0.4708533609086342,71.51882132247295,0.4594164611151761,77.26642526794055,600,900,23.9162361705592,0.0934468919552337,0.21334524154699305,0.6801098522339893,1.3248061628850467,2.035219673996871,0.9065531080447663,reactive_gate,978,585,39,0.0625,0.1715686274509804,585,166.83698824511657,4250.333469225123,329.979167126887,600.0000000000005,0,1538,9,0,0,0.032609786979166125,0.4342151441271747,362175738.90295064,0.0,0,0.0,0.0,0.0,0.0,34,0,0.2473451469161745,0.26124643270514053,0.5532278808576482,0.13818322921251738,319.0909090909091,0.81
scenario_0015,gate_ship,2,3.6112892950956597,2.1928675551165773,29,76,19,44.85075142775487,0.4708533609086342,71.51882132247295,0.4594164611151761,77.26642526794055,600,900,23.9162361705592,0.0934468919552337,0.21334524154699305,0.6801098522339893,1.3248061628850467,2.035219673996871,0.9065531080447663,reactive_gate,997,685,37,0.05124653739612189,0.18518518518518517,685,44.570312012052,3911.857463524153,266.7721881891815,600.0000000000005,0,1264,4,0,0,0.02811289301651029,0.41288382243515553,452693667.1758102,0.0,0,0.0,0.0,0.0,0.0,24,0,0.3297733924662291,0.3452762637457397,0.5315067183349855,0.12590936522336577,373.6363636363636,0.64
scenario_0015,gate_ship,3,3.6112892950956597,2.1928675551165773,29,76,19,44.85075142775487,0.4708533609086342,71.51882132247295,0.4594164611151761,77.26642526794055,600,900,23.9162361705592,0.0934468919552337,0.21334524154699305,0.6801098522339893,1.3248061628850467,2.035219673996871,0.9065531080447663,reactive_gate,1166,876,25,0.02774694783573807,0.12562814070351758,876,34.401134459465084,2932.02991301391,251.12121478658278,600.0000000000005,0,1068,3,0,0,0.025965833455603205,0.4456219783333622,592876025.3176082,0.0,0,0.0,0.0,0.0,0.0,19,0,0.4067143870221588,0.416905800241616,0.5314273439791372,0.138716036336977,477.8181818181818,0.57
scenario_0015,gate_ship,4,3.6112892950956597,2.1928675551165773,29,76,19,44.85075142775487,0.4708533609086342,71.51882132247295,0.4594164611151761,77.26642526794055,600,900,23.9162361705592,0.0934468919552337,0.21334524154699305,0.6801098522339893,1.3248061628850467,2.035219673996871,0.9065531080447663,reactive_gate,1007,743,34,0.043758043758043756,0.15263157894736842,743,42.14300138671524,3243.4030065551347,230.2958919115517,600.0000000000005,0,1006,8,0,0,0.038364188087284576,0.5162898200243207,625660521.5281537,0.0,0,0.0,0.0,0.0,0.0,26,0,0.37972120679881394,0.3993223786270591,0.4935475985384348,0.13264406472328405,405.2727272727273,0.52
scenario_0015,gate_ship,5,3.6112892950956597,2.1928675551165773,29,76,19,44.85075142775487,0.4708533609086342,71.51882132247295,0.4594164611151761,77.26642526794055,600,900,23.9162361705592,0.0934468919552337,0.21334524154699305,0.6801098522339893,1.3248061628850467,2.035219673996871,0.9065531080447663,reactive_gate,1258,916,38,0.039832285115303984,0.15789473684210525,916,64.21657362471251,3844.9460442206396,259.5109124849863,600.0000000000005,0,1332,4,0,0,0.03356923888256819,0.3320077601542371,488877918.4099505,0.0,0,0.0,0.0,0.0,0.0,18,0,0.310871862608774,0.3207026600858855,0.5456357416338451,0.12968966881530067,499.6363636363637,0.71
scenario_0015,lease,1,3.6112892950956597,2.1928675551165773,29,76,19,44.85075142775487,0.4708533609086342,71.51882132247295,0.4594164611151761,77.26642526794055,600,900,23.9162361705592,0.0934468919552337,0.21334524154699305,0.6801098522339893,1.3248061628850467,2.035219673996871,0.9065531080447663,lease,933,514,37,0.06715063520871144,0.18232044198895028,514,125.27423740297945,4476.073770131394,229.75703672817446,600.0000000000005,0,1611,9,0,0,0.031241306702603264,0.4212979641903206,303800507.13700813,262.29296631560425,3,0.0,0.0,1711200.0,6.9800131153047005,30,0,0.22676445176317997,0.2384563140202767,0.5221975322053426,0.13138391615435926,280.3636363636364,0.94
scenario_0015,lease,2,3.6112892950956597,2.1928675551165773,29,76,19,44.85075142775487,0.4708533609086342,71.51882132247295,0.4594164611151761,77.26642526794055,600,900,23.9162361705592,0.0934468919552337,0.21334524154699305,0.6801098522339893,1.3248061628850467,2.035219673996871,0.9065531080447663,lease,989,668,35,0.049786628733997154,0.17582417582417584,668,50.31898662308663,3991.8392060403608,270.78485503552537,600.0000000000005,0,1273,6,0,0,0.028307136793922223,0.47382643306244865,403648291.70981854,0.0,0,0.0,0.0,2064000.0,14.747879666118934,24,0,0.31338319310355833,0.3249593290981858,0.5207783921420215,0.10672736930043764,364.3636363636364,1.0
scenario_0015,lease,3,3.6112892950956597,2.1928675551165773,29,76,19,44.85075142775487,0.4708533609086342,71.51882132247295,0.4594164611151761,77.26642526794055,600,900,23.9162361705592,0.0934468919552337,0.21334524154699305,0.6801098522339893,1.3248061628850467,2.035219673996871,0.9065531080447663,lease,1165,877,24,0.026637069922308545,0.12060301507537688,877,39.38355747109836,2843.013134872113,243.6330053263225,600.0000000000005,0,1056,4,0,0,0.024880088721053475,0.4379345540329861,612879558.3273696,268.02102784981844,3,0.0,0.0,2173200.0,3.8655122854988804,19,0,0.3995474661193064,0.40858050745637325,0.5319301450490761,0.14634050828508205,478.3636363636364,0.99
scenario_0015,lease,4,3.6112892950956597,2.1928675551165773,29,76,19,44.85075142775487,0.4708533609086342,71.51882132247295,0.4594164611151761,77.26642526794055,600,900,23.9162361705592,0.0934468919552337,0.21334524154699305,0.6801098522339893,1.3248061628850467,2.035219673996871,0.9065531080447663,lease,1002,734,34,0.044270833333333336,0.15675675675675677,734,49.3302919329758,3688.2372862498287,220.6167530011333,600.0000000000005,0,994,12,0,0,0.04461521737322461,0.49344896794681387,447142063.59916085,594.0171676050963,1,0.0,0.0,2057400.0,0.0,25,0,0.37731668873458374,0.3972376876254953,0.49549603406076687,0.1254513173658243,400.3636363636364,0.91
scenario_0015,lease,5,3.6112892950956597,2.1928675551165773,29,76,19,44.85075142775487,0.4708533609086342,71.51882132247295,0.4594164611151761,77.26642526794055,600,900,23.9162361705592,0.0934468919552337,0.21334524154699305,0.6801098522339893,1.3248061628850467,2.035219673996871,0.9065531080447663,lease,1251,914,36,0.037894736842105266,0.14832535885167464,914,64.09635054944783,3948.119019447063,267.4645083769205,600.0000000000005,0,1296,9,0,0,0.045290541352333014,0.33171753490777184,429247205.6335142,158.883989300557,2,0.0,0.0,2410800.0,5.618034244034334,17,0,0.31269636859610894,0.3195630559109187,0.5457656659410194,0.13705651477479194,498.54545454545456,1.14
scenario_0015,clairvoyant,1,3.6112892950956597,2.1928675551165773,29,76,19,44.85075142775487,0.4708533609086342,71.51882132247295,0.4594164611151761,77.26642526794055,600,900,23.9162361705592,0.0934468919552337,0.21334524154699305,0.6801098522339893,1.3248061628850467,2.035219673996871,0.9065531080447663,clairvoyant,1042,665,47,0.06601123595505617,0.19282511210762332,665,28.352246369722707,3942.212740844191,172.50715460839297,600.0000000000005,0,1822,5,0,0,0.041970527469029045,0.43391633834712395,414353751.6749702,167.41365319391426,7,0.0,0.0,0.0,0.0,39,0,0.36562993426371393,0.3917297614747421,0.5767584604354777,0.13679451952395755,362.72727272727275,0.7
scenario_0015,clairvoyant,2,3.6112892950956597,2.1928675551165773,29,76,19,44.85075142775487,0.4708533609086342,71.51882132247295,0.4594164611151761,77.26642526794055,600,900,23.9162361705592,0.0934468919552337,0.21334524154699305,0.6801098522339893,1.3248061628850467,2.035219673996871,0.9065531080447663,clairvoyant,1022,709,42,0.0559254327563249,0.20618556701030927,709,24.60704263753678,2837.6226174034573,129.42139290941165,600.0000000000005,0,1350,3,0,0,0.0347056479728999,0.31337523667269535,404859112.3480171,71.74870851167765,3,0.0,0.0,0.0,0.0,23,0,0.4090971572368633,0.4316441176731665,0.5411133983825881,0.13754513173999544,386.72727272727275,0.6
scenario_0015,clairvoyant,3,3.6112892950956597,2.1928675551165773,29,76,19,44.85075142775487,0.4708533609086342,71.51882132247295,0.4594164611151761,77.26642526794055,600,900,23.9162361705592,0.0934468919552337,0.21334524154699305,0.6801098522339893,1.3248061628850467,2.035219673996871,0.9065531080447663,clairvoyant,1168,881,33,0.036105032822757115,0.16176470588235295,881,22.779926085489024,2021.19559704301,88.827902876352,600.0000000000005,0,1191,2,0,0,0.024408847540742615,0.46317168687428867,459857718.2213577,167.41365319391434,7,0.0,0.0,0.0,0.0,21,0,0.45832222575870285,0.4772168865371491,0.5148516489675714,0.15116072803792724,480.54545454545456,0.54
scenario_0015,clairvoyant,4,3.6112892950956597,2.1928675551165773,29,76,19,44.85075142775487,0.4708533609086342,71.51882132247295,0.4594164611151761,77.26642526794055,600,900,23.9162361705592,0.0934468919552337,0.21334524154699305,0.6801098522339893,1.3248061628850467,2.035219673996871,0.9065531080447663,clairvoyant,1038,784,36,0.04390243902439024,0.1477832512315271,784,23.90373318475531,2817.0985214636758,106.97320328551342,600.0000000000005,0,1036,4,0,0,0.039429592122129736,0.49618700266344673,320253057.5711544,143.49741702335507,6,0.0,0.0,0.0,0.0,25,0,0.48238877055193286,0.511125199684358,0.5107617768489493,0.13527955066002356,427.6363636363636,0.52
scenario_0015,clairvoyant,5,3.6112892950956597,2.1928675551165773,29,76,19,44.85075142775487,0.4708533609086342,71.51882132247295,0.4594164611151761,77.26642526794055,600,900,23.9162361705592,0.0934468919552337,0.21334524154699305,0.6801098522339893,1.3248061628850467,2.035219673996871,0.9065531080447663,clairvoyant,1285,955,43,0.04308617234468938,0.16964285714285715,955,23.00612557293789,3015.936854114545,146.5690988485384,600.0000000000005,0,1445,2,0,0,0.02446667070531339,0.3650891233013812,373065448.43225974,191.32988936447362,8,0.0,0.0,0.0,0.0,18,0,0.42161466106958656,0.4452778697647751,0.5432623320517286,0.13018772511607984,520.9090909090909,0.68
scenario_0015,gate_srpt,1,3.6112892950956597,2.1928675551165773,29,76,19,44.85075142775487,0.4708533609086342,71.51882132247295,0.4594164611151761,77.26642526794055,600,900,23.9162361705592,0.0934468919552337,0.21334524154699305,0.6801098522339893,1.3248061628850467,2.035219673996871,0.9065531080447663,reactive_gate,1039,670,43,0.06030855539971949,0.1703056768558952,670,29.755239811381443,4540.430559171416,164.3351306853692,600.0000000000005,0,1715,2,0,0,0.02792938326420283,0.4366898819804312,332753512.89441895,0.0,0,0.0,0.0,0.0,0.0,33,0,0.3508979836923501,0.3752379696876903,0.5826864363752468,0.14706809200156853,365.4545454545455,0.7
scenario_0015,gate_srpt,2,3.6112892950956597,2.1928675551165773,29,76,19,44.85075142775487,0.4708533609086342,71.51882132247295,0.4594164611151761,77.26642526794055,600,900,23.9162361705592,0.0934468919552337,0.21334524154699305,0.6801098522339893,1.3248061628850467,2.035219673996871,0.9065531080447663,reactive_gate,1020,722,42,0.0549738219895288,0.19704433497536947,722,24.585445234903545,4131.875377132152,150.65066360700303,600.0000000000005,0,1291,4,0,0,0.02889666357990522,0.3645285727660859,474253895.5493957,0.0,0,0.0,0.0,0.0,0.0,21,0,0.390337087213179,0.41480532615123444,0.5345513546383375,0.12869185026950902,393.8181818181818,0.66
scenario_0015,gate_srpt,3,3.6112892950956597,2.1928675551165773,29,76,19,44.85075142775487,0.4708533609086342,71.51882132247295,0.4594164611151761,77.26642526794055,600,900,23.9162361705592,0.0934468919552337,0.21334524154699305,0.6801098522339893,1.3248061628850467,2.035219673996871,0.9065531080447663,reactive_gate,1182,899,26,0.02810810810810811,0.125,899,23.622209007202855,3043.054752983927,86.15555073539576,600.0000000000005,0,1081,4,0,0,0.03470175877285989,0.4254981951886334,537433352.7663907,0.0,0,0.0,0.0,0.0,0.0,16,0,0.45269257359161147,0.46577829796437864,0.5272848717814753,0.16192116527536432,490.3636363636364,0.57
scenario_0015,gate_srpt,4,3.6112892950956597,2.1928675551165773,29,76,19,44.85075142775487,0.4708533609086342,71.51882132247295,0.4594164611151761,77.26642526794055,600,900,23.9162361705592,0.0934468919552337,0.21334524154699305,0.6801098522339893,1.3248061628850467,2.035219673996871,0.9065531080447663,reactive_gate,1031,779,34,0.041820418204182044,0.14356435643564355,779,24.88855875499212,3164.486664680561,128.7622125068395,600.0000000000005,0,1011,4,0,0,0.036120843461102406,0.46311446713974064,606619485.0967348,0.0,0,0.0,0.0,0.0,0.0,24,0,0.4505353925208433,0.47442152516234243,0.5035663411457636,0.16024344566015056,424.90909090909093,0.53
scenario_0015,gate_srpt,5,3.6112892950956597,2.1928675551165773,29,76,19,44.85075142775487,0.4708533609086342,71.51882132247295,0.4594164611151761,77.26642526794055,600,900,23.9162361705592,0.0934468919552337,0.21334524154699305,0.6801098522339893,1.3248061628850467,2.035219673996871,0.9065531080447663,reactive_gate,1292,963,40,0.03988035892323031,0.15765765765765766,963,22.915196888393893,3215.7553125518666,127.59864415432045,600.0000000000005,0,1397,5,0,0,0.03725737847281429,0.3398326810006392,449059043.77959853,0.0,0,0.0,0.0,0.0,0.0,18,0,0.40514103326788226,0.42347926976772327,0.5574856778394021,0.1390326545378317,525.2727272727273,0.7
scenario_0016,gate_sampled,1,1.4407112527022399,1.6411441547776349,25,158,23,23.969001902432616,0.5523047375280995,25.059044668279267,0.3818350520189742,277.01726846710056,600,900,1.6943468637391321,0.14005228242587853,0.8108357207034368,0.08792502226872997,1.5125159298888693,0.5110766270257987,0.8599477175741215,reactive_gate,383,304,10,0.03184713375796178,0.10465116279069768,304,106.60236718094984,3050.704886156487,0.0,600.0000000000005,0,331,0,0,0,0.05333948251963387,0.605116902641883,5237337293.819924,0.0,0,0.0,0.0,0.0,0.0,82,7,0.45941999645956333,0.47607767888425756,0.21586240811447813,0.18302723278576086,165.8181818181818,0.11
scenario_0016,gate_sampled,2,1.4407112527022399,1.6411441547776349,25,158,23,23.969001902432616,0.5523047375280995,25.059044668279267,0.3818350520189742,277.01726846710056,600,900,1.6943468637391321,0.14005228242587853,0.8108357207034368,0.08792502226872997,1.5125159298888693,0.5110766270257987,0.8599477175741215,reactive_gate,339,233,16,0.0642570281124498,0.18055555555555555,233,102.77965244480947,2991.1958685920113,0.0,600.0000000000005,0,357,0,0,0,0.05552738245565221,0.7186977762120633,5797019430.313178,0.0,0,0.0,0.0,0.0,0.0,52,7,0.3604658605872596,0.3873988826616482,0.16670943435638436,0.14971876959400224,127.0909090909091,0.1
scenario_0016,gate_sampled,3,1.4407112527022399,1.6411441547776349,25,158,23,23.969001902432616,0.5523047375280995,25.059044668279267,0.3818350520189742,277.01726846710056,600,900,1.6943468637391321,0.14005228242587853,0.8108357207034368,0.08792502226872997,1.5125159298888693,0.5110766270257987,0.8599477175741215,reactive_gate,392,298,11,0.03559870550161812,0.11627906976744186,298,49.94433742234423,2763.0854794338106,0.0,600.0000000000005,0,264,0,0,0,0.04494285995714836,0.6856736118682333,5561309730.027497,0.0,0,0.0,0.0,0.0,0.0,52,7,0.4683455279033559,0.4883579752901053,0.19556448171717172,0.15662966567653402,162.54545454545456,0.1
scenario_0016,gate_sampled,4,1.4407112527022399,1.6411441547776349,25,158,23,23.969001902432616,0.5523047375280995,25.059044668279267,0.3818350520189742,277.01726846710056,600,900,1.6943468637391321,0.14005228242587853,0.8108357207034368,0.08792502226872997,1.5125159298888693,0.5110766270257987,0.8599477175741215,reactive_gate,374,291,12,0.039603960396039604,0.13186813186813187,291,58.025699828857796,2848.3189354098276,0.0,600.0000000000005,0,307,0,0,0,0.019124015412116058,0.7364862322050219,5040087973.329137,0.0,0,0.0,0.0,0.0,0.0,51,7,0.4413460103721397,0.4563194930858788,0.18549237691271692,0.11071585094520806,158.72727272727272,0.1
scenario_0016,gate_sampled,5,1.4407112527022399,1.6411441547776349,25,158,23,23.969001902432616,0.5523047375280995,25.059044668279267,0.3818350520189742,277.01726846710056,600,900,1.6943468637391321,0.14005228242587853,0.8108357207034368,0.08792502226872997,1.5125159298888693,0.5110766270257987,0.8599477175741215,reactive_gate,446,336,16,0.045454545454545456,0.19480519480519481,336,45.51782691024539,3756.1228440324508,0.0,600.0000000000005,0,495,0,0,0,0.017822049742511496,0.7381025906239682,6835332071.118427,0.0,0,0.0,0.0,0.0,0.0,48,2,0.35741025166913337,0.3814163631012102,0.1939144602823103,0.11086369361728657,183.27272727272728,0.12
scenario_0016,gate_ship,1,1.4407112527022399,1.6411441547776349,25,158,23,23.969001902432616,0.5523047375280995,25.059044668279267,0.3818350520189742,277.01726846710056,600,900,1.6943468637391321,0.14005228242587853,0.8108357207034368,0.08792502226872997,1.5125159298888693,0.5110766270257987,0.8599477175741215,reactive_gate,412,363,6,0.016260162601626018,0.04716981132075472,363,171.7161352193939,2906.152599376612,2.3409166293422863,600.0000000000005,0,161,0,0,0,0.02963274393098169,0.5849194380279116,5096220924.483186,0.0,0,0.0,0.0,0.0,0.0,91,14,0.7029455528374282,0.716826292598561,0.26832728841491843,0.2371659588917174,198.0,0.13
scenario_0016,gate_ship,2,1.4407112527022399,1.6411441547776349,25,158,23,23.969001902432616,0.5523047375280995,25.059044668279267,0.3818350520189742,277.01726846710056,600,900,1.6943468637391321,0.14005228242587853,0.8108357207034368,0.08792502226872997,1.5125159298888693,0.5110766270257987,0.8599477175741215,reactive_gate,359,267,13,0.04642857142857143,0.11627906976744186,267,152.17080261700744,2768.8210011404644,0.0,600.0,0,308,0,0,0,0.03982381604883754,0.717774706743214,6237995675.258676,0.0,0,0.0,0.0,0.0,0.0,65,20,0.4512775160171802,0.4724389645837378,0.19763013645946648,0.1824208604664808,145.63636363636365,0.11
scenario_0016,gate_ship,3,1.4407112527022399,1.6411441547776349,25,158,23,23.969001902432616,0.5523047375280995,25.059044668279267,0.3818350520189742,277.01726846710056,600,900,1.6943468637391321,0.14005228242587853,0.8108357207034368,0.08792502226872997,1.5125159298888693,0.5110766270257987,0.8599477175741215,reactive_gate,434,359,8,0.021798365122615803,0.07368421052631578,359,67.97267224079178,2219.543765534055,0.0,600.0,0,184,1,0,0,0.04466914666392446,0.6287765456729344,4604792192.035866,0.0,0,0.0,0.0,0.0,0.0,63,15,0.6032381293806488,0.6247883349242863,0.24646323751359756,0.20173519635228912,195.8181818181818,0.12
scenario_0016,gate_ship,4,1.4407112527022399,1.6411441547776349,25,158,23,23.969001902432616,0.5523047375280995,25.059044668279267,0.3818350520189742,277.01726846710056,600,900,1.6943468637391321,0.14005228242587853,0.8108357207034368,0.08792502226872997,1.5125159298888693,0.5110766270257987,0.8599477175741215,reactive_gate,421,369,6,0.016,0.05454545454545454,369,73.7368806268762,2720.0319745072065,0.0,600.0,0,168,0,0,0,0.04513577866296952,0.6614443555087014,4733437242.262401,0.0,0,0.0,0.0,0.0,0.0,60,22,0.6651040056738237,0.6707172957843449,0.24110875745920748,0.1828917372658986,201.27272727272728,0.12
scenario_0016,gate_ship,5,1.4407112527022399,1.6411441547776349,25,158,23,23.969001902432616,0.5523047375280995,25.059044668279267,0.3818350520189742,277.01726846710056,600,900,1.6943468637391321,0.14005228242587853,0.8108357207034368,0.08792502226872997,1.5125159298888693,0.5110766270257987,0.8599477175741215,reactive_gate,526,436,9,0.020224719101123594,0.09195402298850575,436,73.48562373120171,2508.2201078684006,0.0,600.0000000000005,0,260,0,0,0,0.012612428982718832,0.7080263879901304,6579520249.853277,0.0,0,0.0,0.0,0.0,0.0,55,8,0.5494336303997117,0.5628153334685718,0.2534814699481999,0.1821855876091974,237.81818181818184,0.15
scenario_0016,lease,1,1.4407112527022399,1.6411441547776349,25,158,23,23.969001902432616,0.5523047375280995,25.059044668279267,0.3818350520189742,277.01726846710056,600,900,1.6943468637391321,0.14005228242587853,0.8108357207034368,0.08792502226872997,1.5125159298888693,0.5110766270257987,0.8599477175741215,lease,412,361,6,0.01634877384196185,0.047619047619047616,361,187.75624860095104,2926.930344998928,3.724549053481816,600.0,0,161,0,0,0,0.01573251759257338,0.5860283770043568,4351252114.8960495,3997.939387379618,28,111.67222708470808,70.40441405456158,482400.0,802.2350207278787,91,13,0.688363263178097,0.701726633974886,0.27136948263662264,0.23599549558423644,196.9090909090909,0.29
scenario_0016,lease,2,1.4407112527022399,1.6411441547776349,25,158,23,23.969001902432616,0.5523047375280995,25.059044668279267,0.3818350520189742,277.01726846710056,600,900,1.6943468637391321,0.14005228242587853,0.8108357207034368,0.08792502226872997,1.5125159298888693,0.5110766270257987,0.8599477175741215,lease,360,268,13,0.046263345195729534,0.11627906976744186,268,152.57835978068658,2767.86986400004,0.0,600.0,0,307,0,0,0,0.04006878496204213,0.7138945487316611,5199185025.108539,3984.1266566651952,21,401.6287803680391,38.756183140016674,402000.0,4298.143865515626,66,16,0.4585906235432734,0.48031676862652145,0.20232342828282832,0.18385735467530093,146.1818181818182,0.23
scenario_0016,lease,3,1.4407112527022399,1.6411441547776349,25,158,23,23.969001902432616,0.5523047375280995,25.059044668279267,0.3818350520189742,277.01726846710056,600,900,1.6943468637391321,0.14005228242587853,0.8108357207034368,0.08792502226872997,1.5125159298888693,0.5110766270257987,0.8599477175741215,lease,430,352,8,0.022222222222222223,0.07446808510638298,352,66.1735053983491,2196.266724484244,0.0,600.0,0,185,0,0,0,0.03182470415158226,0.6369144341407118,4551882752.213775,6761.735124513329,41,652.2455731818121,595.5173192616094,468600.0,2536.0005803525214,64,14,0.5912272255696751,0.612216806975098,0.24530196296555298,0.1979856351808422,192.0,0.27
scenario_0016,lease,4,1.4407112527022399,1.6411441547776349,25,158,23,23.969001902432616,0.5523047375280995,25.059044668279267,0.3818350520189742,277.01726846710056,600,900,1.6943468637391321,0.14005228242587853,0.8108357207034368,0.08792502226872997,1.5125159298888693,0.5110766270257987,0.8599477175741215,lease,420,367,6,0.0160857908847185,0.05504587155963303,367,78.32936345719338,2720.118917884008,0.0,600.0,0,172,0,0,0,0.022803025869668214,0.6586533118458836,4306524533.276544,3258.9643848289334,21,524.365824015216,271.3618259963723,462600.0,406.02521425664486,59,20,0.6575861580985309,0.6625098319493516,0.24405033221704225,0.18239293244772298,200.1818181818182,0.28
scenario_0016,lease,5,1.4407112527022399,1.6411441547776349,25,158,23,23.969001902432616,0.5523047375280995,25.059044668279267,0.3818350520189742,277.01726846710056,600,900,1.6943468637391321,0.14005228242587853,0.8108357207034368,0.08792502226872997,1.5125159298888693,0.5110766270257987,0.8599477175741215,lease,524,437,9,0.020179372197309416,0.09195402298850575,437,76.0344614543501,2554.759082126927,0.0,600.0,0,275,0,0,0,0.007829588509676598,0.702010644417944,5909495161.145817,5082.233194598612,31,111.67968325444087,106.79395176118214,507600.0,3912.9499929743274,56,5,0.5503758786231665,0.5636926426873915,0.25488147168350167,0.1855669438605597,238.36363636363637,0.32
scenario_0016,clairvoyant,1,1.4407112527022399,1.6411441547776349,25,158,23,23.969001902432616,0.5523047375280995,25.059044668279267,0.3818350520189742,277.01726846710056,600,900,1.6943468637391321,0.14005228242587853,0.8108357207034368,0.08792502226872997,1.5125159298888693,0.5110766270257987,0.8599477175741215,clairvoyant,435,389,6,0.015189873417721518,0.046296296296296294,389,123.69095091022132,2905.47684494948,3.646556464698827,600.0000000000005,0,177,0,0,0,0.02319606266397895,0.5845766440553117,2917063092.285376,118.60428046173959,70,0.0,0.0,0.0,0.0,92,14,0.7622279117171291,0.7783641426270093,0.2758556642450143,0.2335015699681491,212.1818181818182,0.13
scenario_0016,clairvoyant,2,1.4407112527022399,1.6411441547776349,25,158,23,23.969001902432616,0.5523047375280995,25.059044668279267,0.3818350520189742,277.01726846710056,600,900,1.6943468637391321,0.14005228242587853,0.8108357207034368,0.08792502226872997,1.5125159298888693,0.5110766270257987,0.8599477175741215,clairvoyant,346,253,17,0.06296296296296296,0.16470588235294117,253,106.44530884725555,2768.237975142901,0.0,600.0000000000005,0,302,0,0,0,0.05136058656880969,0.7293019260009632,4415237133.384457,77.93995573200047,46,0.0,0.0,0.0,0.0,61,17,0.48466839590094984,0.5170206446267236,0.18454077126133128,0.17201768817985197,138.0,0.1
scenario_0016,clairvoyant,3,1.4407112527022399,1.6411441547776349,25,158,23,23.969001902432616,0.5523047375280995,25.059044668279267,0.3818350520189742,277.01726846710056,600,900,1.6943468637391321,0.14005228242587853,0.8108357207034368,0.08792502226872997,1.5125159298888693,0.5110766270257987,0.8599477175741215,clairvoyant,440,378,10,0.02577319587628866,0.08571428571428572,378,68.42777299152067,2239.309589695409,0.0,600.0,0,206,0,0,0,0.0375637360716629,0.6316100042934639,3369808442.1542873,179.6007675563476,106,0.0,0.0,0.0,0.0,63,13,0.6625230994603042,0.6897467535100354,0.24627128077959076,0.20489587458740346,206.1818181818182,0.12
scenario_0016,clairvoyant,4,1.4407112527022399,1.6411441547776349,25,158,23,23.969001902432616,0.5523047375280995,25.059044668279267,0.3818350520189742,277.01726846710056,600,900,1.6943468637391321,0.14005228242587853,0.8108357207034368,0.08792502226872997,1.5125159298888693,0.5110766270257987,0.8599477175741215,clairvoyant,434,380,6,0.015544041450777202,0.05555555555555555,380,69.648495072777,2719.5537859347974,0.0,600.0,0,181,0,0,0,0.026179796071661682,0.6539248108630232,2797483323.2006145,120.29862732547849,71,0.0,0.0,0.0,0.0,62,19,0.7075556533580738,0.7141954474068503,0.24936132392903396,0.18072978754383073,207.27272727272728,0.12
scenario_0016,clairvoyant,5,1.4407112527022399,1.6411441547776349,25,158,23,23.969001902432616,0.5523047375280995,25.059044668279267,0.3818350520189742,277.01726846710056,600,900,1.6943468637391321,0.14005228242587853,0.8108357207034368,0.08792502226872997,1.5125159298888693,0.5110766270257987,0.8599477175741215,clairvoyant,521,438,11,0.024498886414253896,0.1111111111111111,438,61.19276370886399,2871.634509229549,0.0,600.0000000000005,0,304,0,0,0,0.008084164963975985,0.7244881355821119,4587518043.327523,130.46470850791437,77,0.0,0.0,0.0,0.0,53,7,0.5969236015629055,0.61875760692003,0.24559185703962705,0.1736983892139715,238.9090909090909,0.13
scenario_0016,gate_srpt,1,1.4407112527022399,1.6411441547776349,25,158,23,23.969001902432616,0.5523047375280995,25.059044668279267,0.3818350520189742,277.01726846710056,600,900,1.6943468637391321,0.14005228242587853,0.8108357207034368,0.08792502226872997,1.5125159298888693,0.5110766270257987,0.8599477175741215,reactive_gate,413,363,6,0.016260162601626018,0.04716981132075472,363,184.6981298501414,2904.977741000581,3.924835656990222,600.0000000000005,0,159,0,0,0,0.019112098950762497,0.5853046915550618,4906391697.931573,0.0,0,0.0,0.0,0.0,0.0,89,14,0.7028038394172432,0.7166975853267499,0.2677075004428905,0.2372044233263599,198.0,0.13
scenario_0016,gate_srpt,2,1.4407112527022399,1.6411441547776349,25,158,23,23.969001902432616,0.5523047375280995,25.059044668279267,0.3818350520189742,277.01726846710056,600,900,1.6943468637391321,0.14005228242587853,0.8108357207034368,0.08792502226872997,1.5125159298888693,0.5110766270257987,0.8599477175741215,reactive_gate,356,262,13,0.04727272727272727,0.12048192771084337,262,156.01474936689306,2769.24233642816,0.0,600.0,0,266,0,0,0,0.049526522879449426,0.7124018632666699,6175906489.3796215,0.0,0,0.0,0.0,0.0,0.0,59,20,0.4705925949950287,0.4930393962804084,0.19644119490287493,0.18335238676243332,142.9090909090909,0.11
scenario_0016,gate_srpt,3,1.4407112527022399,1.6411441547776349,25,158,23,23.969001902432616,0.5523047375280995,25.059044668279267,0.3818350520189742,277.01726846710056,600,900,1.6943468637391321,0.14005228242587853,0.8108357207034368,0.08792502226872997,1.5125159298888693,0.5110766270257987,0.8599477175741215,reactive_gate,432,353,8,0.0221606648199446,0.07608695652173914,353,63.17523381158617,2316.842633688034,0.4125243762417161,600.0,0,169,0,0,0,0.03151454201388756,0.6262640511477329,4821209622.6477785,0.0,0,0.0,0.0,0.0,0.0,62,15,0.602091910930757,0.6235751834131145,0.24416789664594668,0.20418716996273292,192.54545454545456,0.12
scenario_0016,gate_srpt,4,1.4407112527022399,1.6411441547776349,25,158,23,23.969001902432616,0.5523047375280995,25.059044668279267,0.3818350520189742,277.01726846710056,600,900,1.6943468637391321,0.14005228242587853,0.8108357207034368,0.08792502226872997,1.5125159298888693,0.5110766270257987,0.8599477175741215,reactive_gate,421,368,6,0.016042780748663103,0.05504587155963303,368,73.50649873289046,2720.0754461956076,0.0,600.0,0,169,0,0,0,0.03619088002284537,0.6636098361381553,4664815356.342534,0.0,0,0.0,0.0,0.0,0.0,60,22,0.6620420537363747,0.6674828140559872,0.24048464522144522,0.18092683186125225,200.72727272727275,0.12
scenario_0016,gate_srpt,5,1.4407112527022399,1.6411441547776349,25,158,23,23.969001902432616,0.5523047375280995,25.059044668279267,0.3818350520189742,277.01726846710056,600,900,1.6943468637391321,0.14005228242587853,0.8108357207034368,0.08792502226872997,1.5125159298888693,0.5110766270257987,0.8599477175741215,reactive_gate,528,441,10,0.022172949002217297,0.10344827586206896,441,72.20362170041676,2682.501287343756,0.0,600.0,0,246,0,0,0,0.01664128394980649,0.7027985156952898,6804606569.245844,0.0,0,0.0,0.0,0.0,0.0,56,8,0.5541287493642851,0.5691258327162942,0.24938845504791507,0.1875379864964564,240.54545454545456,0.14
scenario_0017,gate_sampled,1,1.3170535037162838,4.602064583507082,18,154,8,99.76348047677187,0.31768682111600166,39.752024060171536,0.44696089385694193,186.96936369805087,900,60,1.1064398743330615,0.3530379403817957,1.7584273016001353,0.605991443933816,0.9017302372552415,2.876737292598457,0.6469620596182043,reactive_gate,451,305,18,0.05572755417956656,0.14049586776859505,305,124.23844658119651,5399.648374085441,0.0,900.0000000000005,0,343,0,0,0,0.013541061726865061,0.3467757239290967,6926426325.190587,0.0,0,0.0,0.0,0.0,0.0,576,1,0.27605914584952135,0.2935330330091108,0.23437200376989267,0.3747704615210184,166.36363636363637,0.11
scenario_0017,gate_sampled,2,1.3170535037162838,4.602064583507082,18,154,8,99.76348047677187,0.31768682111600166,39.752024060171536,0.44696089385694193,186.96936369805087,900,60,1.1064398743330615,0.3530379403817957,1.7584273016001353,0.605991443933816,0.9017302372552415,2.876737292598457,0.6469620596182043,reactive_gate,477,352,12,0.03296703296703297,0.11458333333333333,352,140.21237223282515,2773.24828516544,0.0,900.0000000000005,0,197,0,0,0,0.011906473472320463,0.0008119843778605844,6220149745.404746,0.0,0,0.0,0.0,0.0,0.0,699,15,0.3693479563742302,0.38568653421899907,0.27222395654910936,0.4183437588986171,192.0,0.11
scenario_0017,gate_sampled,3,1.3170535037162838,4.602064583507082,18,154,8,99.76348047677187,0.31768682111600166,39.752024060171536,0.44696089385694193,186.96936369805087,900,60,1.1064398743330615,0.3530379403817957,1.7584273016001353,0.605991443933816,0.9017302372552415,2.876737292598457,0.6469620596182043,reactive_gate,390,250,16,0.06015037593984962,0.16129032258064516,250,159.39775683950973,2747.429283710267,0.0,900.0,0,268,0,0,0,0.02678814533534682,0.36050011826678646,6694400177.846224,0.0,0,0.0,0.0,0.0,0.0,467,8,0.3096136679107977,0.3283189140531658,0.19248968773921554,0.35489448554064273,136.36363636363637,0.09
scenario_0017,gate_sampled,4,1.3170535037162838,4.602064583507082,18,154,8,99.76348047677187,0.31768682111600166,39.752024060171536,0.44696089385694193,186.96936369805087,900,60,1.1064398743330615,0.3530379403817957,1.7584273016001353,0.605991443933816,0.9017302372552415,2.876737292598457,0.6469620596182043,reactive_gate,499,402,4,0.009852216748768473,0.038461538461538464,402,132.21911348308038,2708.737989104548,0.0,900.0000000000005,0,144,0,0,0,0.009235723870816606,0.09060221171545925,6176857879.979378,0.0,0,0.0,0.0,0.0,0.0,548,8,0.37820061173017105,0.38044569833361214,0.25047392676048236,0.31878326178710586,219.27272727272728,0.1
scenario_0017,gate_sampled,5,1.3170535037162838,4.602064583507082,18,154,8,99.76348047677187,0.31768682111600166,39.752024060171536,0.44696089385694193,186.96936369805087,900,60,1.1064398743330615,0.3530379403817957,1.7584273016001353,0.605991443933816,0.9017302372552415,2.876737292598457,0.6469620596182043,reactive_gate,496,349,12,0.0332409972299169,0.13095238095238096,349,189.20489707549586,3414.9215231480885,0.0,900.0000000000005,0,323,0,0,0,0.014673559310956456,0.24157677454732734,7375392880.468865,0.0,0,0.0,0.0,0.0,0.0,602,0,0.27880566837908466,0.2923377723136032,0.25388815288569455,0.35017122391076355,190.36363636363637,0.12
scenario_0017,gate_ship,1,1.3170535037162838,4.602064583507082,18,154,8,99.76348047677187,0.31768682111600166,39.752024060171536,0.44696089385694193,186.96936369805087,900,60,1.1064398743330615,0.3530379403817957,1.7584273016001353,0.605991443933816,0.9017302372552415,2.876737292598457,0.6469620596182043,reactive_gate,480,340,6,0.017341040462427744,0.05263157894736842,340,357.18185532008516,2966.4871215500802,0.0,900.0000000000005,0,313,0,0,0,0.004470351523912527,0.3979641977594282,7791958259.587255,0.0,0,0.0,0.0,0.0,0.0,610,5,0.28882751667773365,0.2930690367909516,0.24343867400500738,0.40335093504525055,185.45454545454547,0.12
scenario_0017,gate_ship,2,1.3170535037162838,4.602064583507082,18,154,8,99.76348047677187,0.31768682111600166,39.752024060171536,0.44696089385694193,186.96936369805087,900,60,1.1064398743330615,0.3530379403817957,1.7584273016001353,0.605991443933816,0.9017302372552415,2.876737292598457,0.6469620596182043,reactive_gate,501,388,0,0.0,0.0,388,181.57481045653822,2078.983044820275,0.0,900.0,0,136,0,0,0,0.0,0.06429830308525264,6512519200.446809,0.0,0,0.0,0.0,0.0,0.0,768,43,0.43605092448476307,0.43605092448476307,0.31452895591599755,0.4551544649575575,211.63636363636365,0.12
scenario_0017,gate_ship,3,1.3170535037162838,4.602064583507082,18,154,8,99.76348047677187,0.31768682111600166,39.752024060171536,0.44696089385694193,186.96936369805087,900,60,1.1064398743330615,0.3530379403817957,1.7584273016001353,0.605991443933816,0.9017302372552415,2.876737292598457,0.6469620596182043,reactive_gate,416,286,2,0.006944444444444444,0.02197802197802198,286,254.47420974469833,2567.013926603893,0.0,900.0000000000005,0,235,0,0,0,0.001392258113744116,0.3279792701631258,7693574357.347735,0.0,0,0.0,0.0,0.0,0.0,485,27,0.3545173733003667,0.3574485173762725,0.21056347403882128,0.40203715605538376,156.0,0.1
scenario_0017,gate_ship,4,1.3170535037162838,4.602064583507082,18,154,8,99.76348047677187,0.31768682111600166,39.752024060171536,0.44696089385694193,186.96936369805087,900,60,1.1064398743330615,0.3530379403817957,1.7584273016001353,0.605991443933816,0.9017302372552415,2.876737292598457,0.6469620596182043,reactive_gate,540,463,1,0.0021551724137931034,0.00819672131147541,463,214.66052342245484,1747.1689960034755,0.0,900.0000000000005,0,103,0,0,0,0.0007004720754162156,0.10841759292844023,6129163647.85371,0.0,0,0.0,0.0,0.0,0.0,652,17,0.4582760651940143,0.46034971254783336,0.29046752140349363,0.38902050598764426,252.54545454545456,0.11
scenario_0017,gate_ship,5,1.3170535037162838,4.602064583507082,18,154,8,99.76348047677187,0.31768682111600166,39.752024060171536,0.44696089385694193,186.96936369805087,900,60,1.1064398743330615,0.3530379403817957,1.7584273016001353,0.605991443933816,0.9017302372552415,2.876737292598457,0.6469620596182043,reactive_gate,529,392,3,0.007594936708860759,0.034482758620689655,392,485.0327919111872,2649.6670912670506,0.0,900.0000000000005,0,280,0,0,0,0.0008634364014513124,0.2544423886001977,8712213974.100271,0.0,0,0.0,0.0,0.0,0.0,660,0,0.3185394677957622,0.3225716129577339,0.27750628924933096,0.4240432190825164,213.8181818181818,0.13
scenario_0017,lease,1,1.3170535037162838,4.602064583507082,18,154,8,99.76348047677187,0.31768682111600166,39.752024060171536,0.44696089385694193,186.96936369805087,900,60,1.1064398743330615,0.3530379403817957,1.7584273016001353,0.605991443933816,0.9017302372552415,2.876737292598457,0.6469620596182043,lease,478,334,7,0.020527859237536656,0.061946902654867256,334,398.9598724700472,2840.8492297181833,0.0,900.0000000000005,0,323,0,0,0,0.00394688688306409,0.3693342666116356,7850662850.266259,847.180543474724,1,2510.910987369385,2438.772184844609,450600.0,19754.47630900378,605,3,0.27961727632823824,0.28485971007828664,0.25127716406946965,0.3593171260389862,182.1818181818182,0.22
scenario_0017,lease,2,1.3170535037162838,4.602064583507082,18,154,8,99.76348047677187,0.31768682111600166,39.752024060171536,0.44696089385694193,186.96936369805087,900,60,1.1064398743330615,0.3530379403817957,1.7584273016001353,0.605991443933816,0.9017302372552415,2.876737292598457,0.6469620596182043,lease,494,383,0,0.0,0.0,383,195.72098903813207,2055.8961408825535,0.0,900.0,0,145,0,0,0,0.0,0.0652183734889208,5908395037.491746,1863.118499457407,12,2340.5149730551684,2121.6260873496835,462000.0,11670.827482710698,752,24,0.4326865605011986,0.4326865605011986,0.30895530663832055,0.44776306959501627,208.9090909090909,0.23
scenario_0017,lease,3,1.3170535037162838,4.602064583507082,18,154,8,99.76348047677187,0.31768682111600166,39.752024060171536,0.44696089385694193,186.96936369805087,900,60,1.1064398743330615,0.3530379403817957,1.7584273016001353,0.605991443933816,0.9017302372552415,2.876737292598457,0.6469620596182043,lease,409,279,2,0.0071174377224199285,0.021739130434782608,279,288.96316904117566,2680.889154610611,0.0,900.0000000000005,0,231,0,0,0,0.0007837627269722913,0.33822992873249647,7270285402.010083,1042.5455897034774,4,1734.9875064671683,1381.6528869022122,304200.0,11416.220864954565,470,11,0.33988640421816363,0.3426950998323585,0.20746365212308268,0.38311670928170016,152.1818181818182,0.19
scenario_0017,lease,4,1.3170535037162838,4.602064583507082,18,154,8,99.76348047677187,0.31768682111600166,39.752024060171536,0.44696089385694193,186.96936369805087,900,60,1.1064398743330615,0.3530379403817957,1.7584273016001353,0.605991443933816,0.9017302372552415,2.876737292598457,0.6469620596182043,lease,534,458,1,0.002178649237472767,0.008264462809917356,458,190.4457674658472,1821.7923695672598,0.0,900.0000000000005,0,132,0,0,0,0.00061398133843183,0.10948559686431739,5292116214.93985,657.3432322410131,6,1907.4655120684592,1789.0955336603477,458400.0,14873.492092076456,638,12,0.4532465312641126,0.45529742054585065,0.2901857081930415,0.38526330171264583,249.81818181818184,0.23
scenario_0017,lease,5,1.3170535037162838,4.602064583507082,18,154,8,99.76348047677187,0.31768682111600166,39.752024060171536,0.44696089385694193,186.96936369805087,900,60,1.1064398743330615,0.3530379403817957,1.7584273016001353,0.605991443933816,0.9017302372552415,2.876737292598457,0.6469620596182043,lease,521,383,6,0.015424164524421594,0.06818181818181818,383,461.2635597657859,2538.737594943225,0.0,900.0000000000005,0,284,0,0,0,0.002507275093953433,0.267583401295836,8831958132.21795,36.419480080051585,1,3021.459460008775,2998.0102587341757,387600.0,18706.772320583434,622,0,0.3071646768207665,0.31442753172993754,0.2714097599031627,0.39624897026153383,208.9090909090909,0.23
scenario_0017,clairvoyant,1,1.3170535037162838,4.602064583507082,18,154,8,99.76348047677187,0.31768682111600166,39.752024060171536,0.44696089385694193,186.96936369805087,900,60,1.1064398743330615,0.3530379403817957,1.7584273016001353,0.605991443933816,0.9017302372552415,2.876737292598457,0.6469620596182043,clairvoyant,486,352,22,0.058823529411764705,0.14074074074074075,352,79.68701980285368,2730.1214280930762,0.0,900.0000000000005,0,306,0,0,0,0.04936098292915477,0.414765338855438,6239337565.1794615,11.064398743330514,10,0.0,0.0,0.0,0.0,629,3,0.3678883820004449,0.3949705708065875,0.24560475523036635,0.3751541508565562,192.0,0.11
scenario_0017,clairvoyant,2,1.3170535037162838,4.602064583507082,18,154,8,99.76348047677187,0.31768682111600166,39.752024060171536,0.44696089385694193,186.96936369805087,900,60,1.1064398743330615,0.3530379403817957,1.7584273016001353,0.605991443933816,0.9017302372552415,2.876737292598457,0.6469620596182043,clairvoyant,509,399,8,0.019656019656019656,0.0761904761904762,399,103.37402419069304,1468.306988497619,0.0,900.0000000000005,0,163,0,0,0,0.007796244801444341,0.09331223685660428,4477236663.10993,30.980316481325588,28,0.0,0.0,0.0,0.0,796,35,0.506907155202458,0.5181471108605156,0.3106307286001036,0.4552323114489353,217.63636363636365,0.12
scenario_0017,clairvoyant,3,1.3170535037162838,4.602064583507082,18,154,8,99.76348047677187,0.31768682111600166,39.752024060171536,0.44696089385694193,186.96936369805087,900,60,1.1064398743330615,0.3530379403817957,1.7584273016001353,0.605991443933816,0.9017302372552415,2.876737292598457,0.6469620596182043,clairvoyant,478,376,13,0.033419023136246784,0.10434782608695652,376,87.71330829699491,2703.329525464414,0.0,900.0000000000005,0,231,0,0,0,0.023017953022814425,0.29264384544536354,5235172410.088207,23.235237360994518,21,0.0,0.0,0.0,0.0,620,29,0.4712634889201245,0.49332949380693203,0.2379630444868917,0.39165542668853154,205.0909090909091,0.11
scenario_0017,clairvoyant,4,1.3170535037162838,4.602064583507082,18,154,8,99.76348047677187,0.31768682111600166,39.752024060171536,0.44696089385694193,186.96936369805087,900,60,1.1064398743330615,0.3530379403817957,1.7584273016001353,0.605991443933816,0.9017302372552415,2.876737292598457,0.6469620596182043,clairvoyant,557,477,12,0.024539877300613498,0.09375,477,48.44225982905937,2198.9494230365385,0.0,900.0000000000005,0,139,0,0,0,0.017246411729825,0.13659535909561038,4008819807.1071014,12.170838617663776,11,0.0,0.0,0.0,0.0,681,18,0.5607601259027767,0.5851973681336474,0.2788565252992892,0.3999703603967672,260.1818181818182,0.11
scenario_0017,clairvoyant,5,1.3170535037162838,4.602064583507082,18,154,8,99.76348047677187,0.31768682111600166,39.752024060171536,0.44696089385694193,186.96936369805087,900,60,1.1064398743330615,0.3530379403817957,1.7584273016001353,0.605991443933816,0.9017302372552415,2.876737292598457,0.6469620596182043,clairvoyant,595,481,19,0.038,0.168141592920354,481,76.96572743777779,2739.692715502685,0.0,900.0000000000005,0,299,0,0,0,0.01715464888769386,0.3833772230050918,6296137698.534592,7.745079120331553,7,0.0,0.0,0.0,0.0,744,0,0.4357114530227025,0.4712730070596821,0.28571902550073386,0.3564331483512215,262.3636363636364,0.13
scenario_0017,gate_srpt,1,1.3170535037162838,4.602064583507082,18,154,8,99.76348047677187,0.31768682111600166,39.752024060171536,0.44696089385694193,186.96936369805087,900,60,1.1064398743330615,0.3530379403817957,1.7584273016001353,0.605991443933816,0.9017302372552415,2.876737292598457,0.6469620596182043,reactive_gate,488,348,13,0.036011080332409975,0.1015625,348,314.25988371557116,3015.7673148450745,0.0,900.0000000000005,0,236,0,0,0,0.015573793738173573,0.3528509490592073,8048572736.739244,0.0,0,0.0,0.0,0.0,0.0,608,5,0.30490596773553813,0.3135440215893752,0.26180260857506693,0.3873960062802787,189.8181818181818,0.12
scenario_0017,gate_srpt,2,1.3170535037162838,4.602064583507082,18,154,8,99.76348047677187,0.31768682111600166,39.752024060171536,0.44696089385694193,186.96936369805087,900,60,1.1064398743330615,0.3530379403817957,1.7584273016001353,0.605991443933816,0.9017302372552415,2.876737292598457,0.6469620596182043,reactive_gate,511,401,0,0.0,0.0,401,186.1192560408315,1934.038803928599,0.0,900.0,0,96,0,0,0,0.0,0.12382245587339462,6335205975.939342,0.0,0,0.0,0.0,0.0,0.0,792,43,0.43912664402749124,0.43912664402749124,0.31802849592794036,0.4384964691101494,218.72727272727275,0.12
scenario_0017,gate_srpt,3,1.3170535037162838,4.602064583507082,18,154,8,99.76348047677187,0.31768682111600166,39.752024060171536,0.44696089385694193,186.96936369805087,900,60,1.1064398743330615,0.3530379403817957,1.7584273016001353,0.605991443933816,0.9017302372552415,2.876737292598457,0.6469620596182043,reactive_gate,411,279,8,0.027874564459930314,0.08695652173913043,279,271.0306853700697,2720.8806102672565,0.0,900.0000000000005,0,196,0,0,0,0.009831719963617104,0.37554490186878325,7668595297.217206,0.0,0,0.0,0.0,0.0,0.0,494,27,0.35408967005457653,0.3645776298840024,0.21732376243201246,0.3581184993801467,152.1818181818182,0.1
scenario_0017,gate_srpt,4,1.3170535037162838,4.602064583507082,18,154,8,99.76348047677187,0.31768682111600166,39.752024060171536,0.44696089385694193,186.96936369805087,900,60,1.1064398743330615,0.3530379403817957,1.7584273016001353,0.605991443933816,0.9017302372552415,2.876737292598457,0.6469620596182043,reactive_gate,548,473,2,0.004210526315789474,0.016129032258064516,473,215.6846714083904,1908.0547281675783,0.0,900.0000000000005,0,44,0,0,0,0.001917395417421363,0.11024545433510533,5923982066.699178,0.0,0,0.0,0.0,0.0,0.0,644,16,0.4664663773524432,0.47070698078291995,0.29722947323663995,0.38071572234053164,258.0,0.11
scenario_0017,gate_srpt,5,1.3170535037162838,4.602064583507082,18,154,8,99.76348047677187,0.31768682111600166,39.752024060171536,0.44696089385694193,186.96936369805087,900,60,1.1064398743330615,0.3530379403817957,1.7584273016001353,0.605991443933816,0.9017302372552415,2.876737292598457,0.6469620596182043,reactive_gate,531,396,6,0.014925373134328358,0.06593406593406594,396,429.09725394309305,3242.2248918703513,0.0,900.0000000000005,0,205,0,0,0,0.002110056796271989,0.2706877472019981,9086334128.134382,0.0,0,0.0,0.0,0.0,0.0,637,0,0.3285547145213214,0.3368447410834949,0.27710006294066014,0.43290347390021544,216.0,0.12
scenario_0018,gate_sampled,1,0.7589206871772763,3.7639368558251514,10,170,15,189.33550141685959,0.2803988630416939,108.42454288107189,0.43780853453580615,101.17489650127584,300,900,12.371578977718578,0.24251855837229627,2.4488883884391703,0.6572027696911501,0.7202721267073628,2.226701793159888,0.7574814416277037,reactive_gate,337,298,21,0.06583072100313479,0.2087912087912088,298,63.79448593901884,2688.606618002956,0.0,300.0,0,300,0,0,0,0.05742468001030353,0.001457033765031937,5584196350.715475,0.0,0,0.0,0.0,0.0,0.0,490,46,0.4682613160562959,0.5478582315163537,0.3098260421587672,0.24659906983224694,162.54545454545456,0.07
scenario_0018,gate_sampled,2,0.7589206871772763,3.7639368558251514,10,170,15,189.33550141685959,0.2803988630416939,108.42454288107189,0.43780853453580615,101.17489650127584,300,900,12.371578977718578,0.24251855837229627,2.4488883884391703,0.6572027696911501,0.7202721267073628,2.226701793159888,0.7574814416277037,reactive_gate,309,268,12,0.04285714285714286,0.1935483870967742,268,81.60240514383258,1848.4792795625206,0.0,300.00000000000045,0,191,0,0,0,0.026329579589062468,0.005048979706130314,4531233728.657743,0.0,0,0.0,0.0,0.0,0.0,519,38,0.5486012348474986,0.6016230148966158,0.3352564012626263,0.16802980565234824,146.1818181818182,0.07
scenario_0018,gate_sampled,3,0.7589206871772763,3.7639368558251514,10,170,15,189.33550141685959,0.2803988630416939,108.42454288107189,0.43780853453580615,101.17489650127584,300,900,12.371578977718578,0.24251855837229627,2.4488883884391703,0.6572027696911501,0.7202721267073628,2.226701793159888,0.7574814416277037,reactive_gate,366,286,30,0.0949367088607595,0.2871287128712871,286,87.3125087649812,2413.416463512109,0.0,300.00000000000045,0,374,0,0,0,0.04130085298256574,0.0009744838348044258,5998959494.136442,0.0,0,0.0,0.0,0.0,0.0,532,42,0.42820439442716524,0.5020874681728547,0.3174661063390314,0.2197539851361563,156.0,0.08
scenario_0018,gate_sampled,4,0.7589206871772763,3.7639368558251514,10,170,15,189.33550141685959,0.2803988630416939,108.42454288107189,0.43780853453580615,101.17489650127584,300,900,12.371578977718578,0.24251855837229627,2.4488883884391703,0.6572027696911501,0.7202721267073628,2.226701793159888,0.7574814416277037,reactive_gate,373,326,16,0.04678362573099415,0.2077922077922078,326,20.80096922544726,1871.5383309241452,0.0,300.00000000000045,0,285,0,0,0,0.04396100884581825,0.01151969683627619,4235948792.381746,0.0,0,0.0,0.0,0.0,0.0,423,22,0.44537756540468254,0.49841748901926836,0.26440573293188296,0.15052789150833754,177.8181818181818,0.07
scenario_0018,gate_sampled,5,0.7589206871772763,3.7639368558251514,10,170,15,189.33550141685959,0.2803988630416939,108.42454288107189,0.43780853453580615,101.17489650127584,300,900,12.371578977718578,0.24251855837229627,2.4488883884391703,0.6572027696911501,0.7202721267073628,2.226701793159888,0.7574814416277037,reactive_gate,377,306,19,0.05846153846153846,0.2878787878787879,306,73.28827682171823,2260.6442241472346,0.0,300.00000000000045,0,366,0,0,0,0.02473977591296921,0.0018829385574827908,5904154701.194987,0.0,0,0.0,0.0,0.0,0.0,518,25,0.3644655147169832,0.4210568659611673,0.3420355241064491,0.17726864353664185,166.9090909090909,0.08
scenario_0018,gate_ship,1,0.7589206871772763,3.7639368558251514,10,170,15,189.33550141685959,0.2803988630416939,108.42454288107189,0.43780853453580615,101.17489650127584,300,900,12.371578977718578,0.24251855837229627,2.4488883884391703,0.6572027696911501,0.7202721267073628,2.226701793159888,0.7574814416277037,reactive_gate,419,405,2,0.004914004914004914,0.01098901098901099,405,76.49707984170936,1068.7499191459701,19.280338557612566,132.66557811928033,0,9,0,0,0,0.0030884726401757315,0.001174896194908504,4503556958.209561,0.0,0,0.0,0.0,0.0,0.0,634,266,0.8817508773947688,0.8878981187465569,0.4566029014957265,0.3403432028329049,220.9090909090909,0.1
scenario_0018,gate_ship,2,0.7589206871772763,3.7639368558251514,10,170,15,189.33550141685959,0.2803988630416939,108.42454288107189,0.43780853453580615,101.17489650127584,300,900,12.371578977718578,0.24251855837229627,2.4488883884391703,0.6572027696911501,0.7202721267073628,2.226701793159888,0.7574814416277037,reactive_gate,362,349,1,0.002857142857142857,0.0136986301369863,349,88.39419413548421,1118.1701184441195,10.732627396187462,86.2904928235157,0,19,0,0,0,0.0013766294151136903,0.06600696659593516,3667392975.0827703,0.0,0,0.0,0.0,0.0,0.0,591,206,0.9171722354549838,0.922376565144017,0.42183671973581977,0.2481389182694748,190.36363636363637,0.08
scenario_0018,gate_ship,3,0.7589206871772763,3.7639368558251514,10,170,15,189.33550141685959,0.2803988630416939,108.42454288107189,0.43780853453580615,101.17489650127584,300,900,12.371578977718578,0.24251855837229627,2.4488883884391703,0.6572027696911501,0.7202721267073628,2.226701793159888,0.7574814416277037,reactive_gate,464,441,1,0.0022624434389140274,0.009259259259259259,441,96.67472538538095,1322.7647837092518,20.998822357496145,281.72699059629576,0,10,0,0,0,0.0019628717824287595,0.0003464504327287305,4520588423.668692,0.0,0,0.0,0.0,0.0,0.0,677,262,0.8975083119774645,0.8985324438589335,0.5290210033216783,0.3703504497967956,240.54545454545456,0.11
scenario_0018,gate_ship,4,0.7589206871772763,3.7639368558251514,10,170,15,189.33550141685959,0.2803988630416939,108.42454288107189,0.43780853453580615,101.17489650127584,300,900,12.371578977718578,0.24251855837229627,2.4488883884391703,0.6572027696911501,0.7202721267073628,2.226701793159888,0.7574814416277037,reactive_gate,455,432,1,0.0023094688221709007,0.012195121951219513,432,43.69817811911548,1082.2801453906554,4.53529044452901,176.23567014120908,0,12,0,0,0,0.006651866332960596,0.005093344849560234,4030824125.9729123,0.0,0,0.0,0.0,0.0,0.0,569,252,0.9082924882417427,0.9152793535359098,0.4257109948653199,0.32127673430823905,235.63636363636365,0.09
scenario_0018,gate_ship,5,0.7589206871772763,3.7639368558251514,10,170,15,189.33550141685959,0.2803988630416939,108.42454288107189,0.43780853453580615,101.17489650127584,300,900,12.371578977718578,0.24251855837229627,2.4488883884391703,0.6572027696911501,0.7202721267073628,2.226701793159888,0.7574814416277037,reactive_gate,516,480,1,0.002079002079002079,0.013888888888888888,480,87.17602303210197,1177.3327362641214,34.98076304992307,300.0,0,26,0,0,0,0.00036601975312475183,0.0005737317829736582,4609681042.730189,0.0,0,0.0,0.0,0.0,0.0,648,212,0.7651913375543766,0.7707362023192634,0.5274476144651645,0.3341904100940255,261.8181818181818,0.11
scenario_0018,lease,1,0.7589206871772763,3.7639368558251514,10,170,15,189.33550141685959,0.2803988630416939,108.42454288107189,0.43780853453580615,101.17489650127584,300,900,12.371578977718578,0.24251855837229627,2.4488883884391703,0.6572027696911501,0.7202721267073628,2.226701793159888,0.7574814416277037,lease,414,402,2,0.0049504950495049506,0.01098901098901099,402,90.74658528745044,1169.7249028895208,16.499273096520714,218.5837549220755,0,9,0,0,0,0.006259529841272474,0.00047283777530345174,3149587466.1195703,13497.288623661156,36,8181.955964854585,4175.97994437984,340800.0,1785.3703689009203,623,194,0.8523966154108311,0.8578756391584842,0.44513473818958826,0.3316243223665004,219.27272727272728,0.2
scenario_0018,lease,2,0.7589206871772763,3.7639368558251514,10,170,15,189.33550141685959,0.2803988630416939,108.42454288107189,0.43780853453580615,101.17489650127584,300,900,12.371578977718578,0.24251855837229627,2.4488883884391703,0.6572027696911501,0.7202721267073628,2.226701793159888,0.7574814416277037,lease,357,339,1,0.0029411764705882353,0.014084507042253521,339,98.22450477652956,1118.4697091574174,2.9251949363952514,215.69517908729813,0,19,0,0,0,0.0014036632023687126,0.07188724008336372,3143679051.5905523,11360.801660165707,37,7225.029586265784,3146.2959997169933,404400.0,461.74371926757146,579,143,0.8922156928748917,0.897146992601169,0.4097387990999741,0.22512674170165278,184.9090909090909,0.17
scenario_0018,lease,3,0.7589206871772763,3.7639368558251514,10,170,15,189.33550141685959,0.2803988630416939,108.42454288107189,0.43780853453580615,101.17489650127584,300,900,12.371578977718578,0.24251855837229627,2.4488883884391703,0.6572027696911501,0.7202721267073628,2.226701793159888,0.7574814416277037,lease,458,440,1,0.0022675736961451248,0.009259259259259259,440,111.3746644343073,1248.6014477956105,14.787164266748777,300.0,0,15,0,0,0,0.00014188124930737046,0.0003608676222286807,3288838481.9806185,9626.143175938612,32,6433.617381191904,3125.971276844959,331200.0,2143.9978363615164,674,171,0.8577174812165481,0.8584092000035931,0.5242097691465942,0.3553103522205443,240.0,0.21
scenario_0018,lease,4,0.7589206871772763,3.7639368558251514,10,170,15,189.33550141685959,0.2803988630416939,108.42454288107189,0.43780853453580615,101.17489650127584,300,900,12.371578977718578,0.24251855837229627,2.4488883884391703,0.6572027696911501,0.7202721267073628,2.226701793159888,0.7574814416277037,lease,450,430,1,0.002320185614849188,0.012195121951219513,430,48.485774890118364,1075.2186521086028,5.7385858013883775,199.6099426469964,0,12,0,0,0,0.0071618212877190635,0.005189712378397679,3420526375.258122,9510.10994028384,37,5899.849766394482,2203.867977818184,361800.0,1352.1576707175122,564,198,0.8902700023282804,0.897118233115421,0.41674656122766124,0.3150921211291299,234.54545454545456,0.19
scenario_0018,lease,5,0.7589206871772763,3.7639368558251514,10,170,15,189.33550141685959,0.2803988630416939,108.42454288107189,0.43780853453580615,101.17489650127584,300,900,12.371578977718578,0.24251855837229627,2.4488883884391703,0.6572027696911501,0.7202721267073628,2.226701793159888,0.7574814416277037,lease,505,461,1,0.0021645021645021645,0.014492753623188406,461,97.90058875587874,1096.9228943992237,25.21600267148718,300.0,0,32,0,0,0,0.00042885001445381595,0.0005860445694651434,2904491142.2519703,6775.427735646773,23,6510.820622628444,3606.423283334029,392400.0,2145.773275839604,640,164,0.7598416354308591,0.765347734238329,0.5081639258870759,0.3272957707101925,251.45454545454547,0.22
scenario_0018,clairvoyant,1,0.7589206871772763,3.7639368558251514,10,170,15,189.33550141685959,0.2803988630416939,108.42454288107189,0.43780853453580615,101.17489650127584,300,900,12.371578977718578,0.24251855837229627,2.4488883884391703,0.6572027696911501,0.7202721267073628,2.226701793159888,0.7574814416277037,clairvoyant,423,412,2,0.004830917874396135,0.010752688172043012,412,51.93279667769161,1098.3381385057364,10.889511088351531,300.0,0,11,0,0,0,0.004460553226565138,0.0004781780887234421,2567196638.040758,1707.277898925164,138,0.0,0.0,0.0,0.0,642,266,0.9339866665024517,0.941242983020257,0.4400220631442632,0.3277613884131339,224.72727272727275,0.09
scenario_0018,clairvoyant,2,0.7589206871772763,3.7639368558251514,10,170,15,189.33550141685959,0.2803988630416939,108.42454288107189,0.43780853453580615,101.17489650127584,300,900,12.371578977718578,0.24251855837229627,2.4488883884391703,0.6572027696911501,0.7202721267073628,2.226701793159888,0.7574814416277037,clairvoyant,364,351,1,0.002840909090909091,0.0136986301369863,351,80.07306457536743,1089.493865515356,4.772684511157406,220.87193962295896,0,20,0,0,0,0.0017389552283457812,0.06866336548161679,2299297848.3080215,1595.9336881256959,129,0.0,0.0,0.0,0.0,597,178,0.9167410057157426,0.9220541353656297,0.4165479475783476,0.23725475560475034,191.45454545454547,0.08
scenario_0018,clairvoyant,3,0.7589206871772763,3.7639368558251514,10,170,15,189.33550141685959,0.2803988630416939,108.42454288107189,0.43780853453580615,101.17489650127584,300,900,12.371578977718578,0.24251855837229627,2.4488883884391703,0.6572027696911501,0.7202721267073628,2.226701793159888,0.7574814416277037,clairvoyant,470,451,1,0.0022123893805309734,0.009259259259259259,451,75.74981016729362,1246.7139289583602,13.852539454093767,300.0,0,15,0,0,0,0.00020503978236856586,0.00034350266856081633,1971829394.1769302,1447.47474039307,117,0.0,0.0,0.0,0.0,704,257,0.9371633413071039,0.9385555226363143,0.5123598646594147,0.3734896856476104,246.0,0.1
scenario_0018,clairvoyant,4,0.7589206871772763,3.7639368558251514,10,170,15,189.33550141685959,0.2803988630416939,108.42454288107189,0.43780853453580615,101.17489650127584,300,900,12.371578977718578,0.24251855837229627,2.4488883884391703,0.6572027696911501,0.7202721267073628,2.226701793159888,0.7574814416277037,clairvoyant,458,437,1,0.00228310502283105,0.012048192771084338,437,36.17883870079322,1066.3806293506452,4.114789007891277,236.40773010902376,0,12,0,0,0,0.008465774502801195,0.005201701323541672,1735060728.0853658,1806.2505307469157,146,0.0,0.0,0.0,0.0,588,240,0.9266636117047657,0.9337917933332639,0.424269622992748,0.3143379237445763,238.36363636363637,0.09
scenario_0018,clairvoyant,5,0.7589206871772763,3.7639368558251514,10,170,15,189.33550141685959,0.2803988630416939,108.42454288107189,0.43780853453580615,101.17489650127584,300,900,12.371578977718578,0.24251855837229627,2.4488883884391703,0.6572027696911501,0.7202721267073628,2.226701793159888,0.7574814416277037,clairvoyant,535,505,1,0.001976284584980237,0.013513513513513514,505,57.298326354625715,1053.5658879539774,21.38376722960519,300.0,0,30,0,0,0,0.0005514311696988247,0.025336011197209494,1889116959.7739956,1360.8736875490454,110,0.0,0.0,0.0,0.0,684,182,0.8628589437352508,0.8691115447768106,0.523036297940948,0.35080060917600325,275.45454545454544,0.11
scenario_0018,gate_srpt,1,0.7589206871772763,3.7639368558251514,10,170,15,189.33550141685959,0.2803988630416939,108.42454288107189,0.43780853453580615,101.17489650127584,300,900,12.371578977718578,0.24251855837229627,2.4488883884391703,0.6572027696911501,0.7202721267073628,2.226701793159888,0.7574814416277037,reactive_gate,420,408,2,0.004878048780487805,0.010869565217391304,408,66.85036299102512,1069.9203969763555,15.89666721081942,127.99664211777554,0,9,0,0,0,0.0034758944500124333,0.0011742173152153078,4203088821.136657,0.0,0,0.0,0.0,0.0,0.0,639,272,0.9181996683941176,0.925101869053148,0.4518693257446258,0.34053518059548993,222.54545454545456,0.09
scenario_0018,gate_srpt,2,0.7589206871772763,3.7639368558251514,10,170,15,189.33550141685959,0.2803988630416939,108.42454288107189,0.43780853453580615,101.17489650127584,300,900,12.371578977718578,0.24251855837229627,2.4488883884391703,0.6572027696911501,0.7202721267073628,2.226701793159888,0.7574814416277037,reactive_gate,363,349,1,0.002857142857142857,0.0136986301369863,349,77.81362400668195,1108.2126571118122,6.755928898096828,60.001462097483454,0,19,0,0,0,0.001453720904607174,0.06600093664171364,3768723837.936362,0.0,0,0.0,0.0,0.0,0.0,591,217,0.9309300829449522,0.9363103800048034,0.4200379002654753,0.24816466712265875,190.36363636363637,0.08
scenario_0018,gate_srpt,3,0.7589206871772763,3.7639368558251514,10,170,15,189.33550141685959,0.2803988630416939,108.42454288107189,0.43780853453580615,101.17489650127584,300,900,12.371578977718578,0.24251855837229627,2.4488883884391703,0.6572027696911501,0.7202721267073628,2.226701793159888,0.7574814416277037,reactive_gate,467,444,1,0.0022471910112359553,0.009259259259259259,444,93.35264850900012,1244.8150821720426,13.70397550998416,278.9132710536942,0,9,0,0,0,0.00218587208712394,0.00034644793799369546,4629274918.60596,0.0,0,0.0,0.0,0.0,0.0,686,274,0.9074605538350063,0.9086125287441217,0.5246989527454028,0.3704151847970308,242.1818181818182,0.1
scenario_0018,gate_srpt,4,0.7589206871772763,3.7639368558251514,10,170,15,189.33550141685959,0.2803988630416939,108.42454288107189,0.43780853453580615,101.17489650127584,300,900,12.371578977718578,0.24251855837229627,2.4488883884391703,0.6572027696911501,0.7202721267073628,2.226701793159888,0.7574814416277037,reactive_gate,455,433,1,0.002304147465437788,0.012048192771084338,433,44.46352883602776,1081.822743605246,4.649451141998458,134.538016272827,0,12,0,0,0,0.006573309671997076,0.005097160741167649,4059869423.206603,0.0,0,0.0,0.0,0.0,0.0,574,253,0.9122724031718338,0.9192898831962325,0.42715403890183895,0.3210379100923057,236.1818181818182,0.09
scenario_0018,gate_srpt,5,0.7589206871772763,3.7639368558251514,10,170,15,189.33550141685959,0.2803988630416939,108.42454288107189,0.43780853453580615,101.17489650127584,300,900,12.371578977718578,0.24251855837229627,2.4488883884391703,0.6572027696911501,0.7202721267073628,2.226701793159888,0.7574814416277037,reactive_gate,520,488,1,0.002044989775051125,0.013888888888888888,488,80.07610257433362,1110.9707613591693,21.24453530279572,300.0,0,26,0,0,0,0.000398157322446768,0.048307985714254514,4548544951.641341,0.0,0,0.0,0.0,0.0,0.0,669,203,0.8202978079001934,0.8262419949139628,0.5311222755568507,0.3529245476017342,266.1818181818182,0.11
scenario_0019,gate_sampled,1,3.520501604001455,4.734561981364651,27,60,10,33.638283915902136,0.07205106729078414,156.2304491608833,0.302742466876894,475.94830627633525,900,60,16.04690122583381,0.12041037834351505,0.2305748586768575,0.25170441681043443,0.942014300024155,0.5099082433640161,0.8795896216564849,reactive_gate,1119,628,28,0.042682926829268296,0.14358974358974358,628,134.7481082880829,3143.135039713032,220.34278687181867,900.0000000000005,0,1149,9,0,0,0.008123637409604978,0.2811048544301082,1605829671.8819997,0.0,0,0.0,0.0,0.0,0.0,17,0,0.21347839785158793,0.22155948530539094,0.5731853591542203,0.1635301107043589,342.54545454545456,0.68
scenario_0019,gate_sampled,2,3.520501604001455,4.734561981364651,27,60,10,33.638283915902136,0.07205106729078414,156.2304491608833,0.302742466876894,475.94830627633525,900,60,16.04690122583381,0.12041037834351505,0.2305748586768575,0.25170441681043443,0.942014300024155,0.5099082433640161,0.8795896216564849,reactive_gate,1145,684,22,0.031161473087818695,0.13333333333333333,684,35.233261994783334,3471.6149152640974,177.71593852616851,900.0000000000005,0,1029,6,0,0,0.00485672394599405,0.00759184657623124,493173774.2567331,0.0,0,0.0,0.0,0.0,0.0,15,0,0.2578420620167271,0.26702090564839054,0.6006762661131736,0.2137166069621636,373.0909090909091,0.6
scenario_0019,gate_sampled,3,3.520501604001455,4.734561981364651,27,60,10,33.638283915902136,0.07205106729078414,156.2304491608833,0.302742466876894,475.94830627633525,900,60,16.04690122583381,0.12041037834351505,0.2305748586768575,0.25170441681043443,0.942014300024155,0.5099082433640161,0.8795896216564849,reactive_gate,1615,1077,37,0.03321364452423698,0.1375,1077,60.194383838945214,2745.965047711579,253.33420068742478,900.0000000000005,0,1553,3,0,0,0.008299794244179343,0.19028466134092287,1247668376.3133478,0.0,0,0.0,0.0,0.0,0.0,16,0,0.2361365562492,0.2474981330778351,0.6161563589335904,0.13086686630037306,587.4545454545455,1.03
scenario_0019,gate_sampled,4,3.520501604001455,4.734561981364651,27,60,10,33.638283915902136,0.07205106729078414,156.2304491608833,0.302742466876894,475.94830627633525,900,60,16.04690122583381,0.12041037834351505,0.2305748586768575,0.25170441681043443,0.942014300024155,0.5099082433640161,0.8795896216564849,reactive_gate,1249,852,23,0.026285714285714287,0.10900473933649289,852,70.42555488573385,2667.725786910666,167.13024502385403,900.0000000000005,0,955,9,0,0,0.004062872805122572,0.07345211855386728,818919457.8826287,0.0,0,0.0,0.0,0.0,0.0,9,0,0.2901912596709739,0.30087029802686577,0.5757250780046429,0.1819641915790627,464.72727272727275,0.64
scenario_0019,gate_sampled,5,3.520501604001455,4.734561981364651,27,60,10,33.638283915902136,0.07205106729078414,156.2304491608833,0.302742466876894,475.94830627633525,900,60,16.04690122583381,0.12041037834351505,0.2305748586768575,0.25170441681043443,0.942014300024155,0.5099082433640161,0.8795896216564849,reactive_gate,1372,948,33,0.03363914373088685,0.14347826086956522,948,39.76517039343025,3559.8158758760205,192.849259130482,900.0000000000005,0,1141,5,0,0,0.004845672532542635,0.07372872410755633,818256526.1897504,0.0,0,0.0,0.0,0.0,0.0,10,0,0.30643432529807824,0.32225957214445783,0.607051766343396,0.1758051733481077,517.0909090909091,0.67
scenario_0019,gate_ship,1,3.520501604001455,4.734561981364651,27,60,10,33.638283915902136,0.07205106729078414,156.2304491608833,0.302742466876894,475.94830627633525,900,60,16.04690122583381,0.12041037834351505,0.2305748586768575,0.25170441681043443,0.942014300024155,0.5099082433640161,0.8795896216564849,reactive_gate,1131,657,24,0.03524229074889868,0.11428571428571428,657,92.88367702751566,3817.1768492409888,310.2179204698708,900.0000000000005,0,1060,3,0,0,0.0037146582040322395,0.15747787533230603,1526228636.726211,0.0,0,0.0,0.0,0.0,0.0,14,0,0.24490781111658178,0.25273260858226637,0.5859782498225369,0.2136438279204816,358.3636363636364,0.75
scenario_0019,gate_ship,2,3.520501604001455,4.734561981364651,27,60,10,33.638283915902136,0.07205106729078414,156.2304491608833,0.302742466876894,475.94830627633525,900,60,16.04690122583381,0.12041037834351505,0.2305748586768575,0.25170441681043443,0.942014300024155,0.5099082433640161,0.8795896216564849,reactive_gate,1147,690,20,0.028169014084507043,0.11176470588235295,690,38.033585284331366,3427.823538221442,225.2139923079838,900.0000000000005,0,972,6,0,0,0.004398290465564238,0.007053773660755573,476586364.88033986,0.0,0,0.0,0.0,0.0,0.0,15,0,0.24030517442110472,0.24781085203105405,0.5874976439441902,0.2448885646405948,376.3636363636364,0.62
scenario_0019,gate_ship,3,3.520501604001455,4.734561981364651,27,60,10,33.638283915902136,0.07205106729078414,156.2304491608833,0.302742466876894,475.94830627633525,900,60,16.04690122583381,0.12041037834351505,0.2305748586768575,0.25170441681043443,0.942014300024155,0.5099082433640161,0.8795896216564849,reactive_gate,1603,1032,27,0.025495750708215296,0.11504424778761062,1032,40.57585732664484,3346.3872419326835,354.2614831305827,900.0000000000005,0,1453,11,0,0,0.008380517564937018,0.13466501558687866,1007669069.2847465,0.0,0,0.0,0.0,0.0,0.0,15,0,0.2252504872956419,0.23300783826118057,0.6186763188868745,0.13332588925638844,562.9090909090909,1.02
scenario_0019,gate_ship,4,3.520501604001455,4.734561981364651,27,60,10,33.638283915902136,0.07205106729078414,156.2304491608833,0.302742466876894,475.94830627633525,900,60,16.04690122583381,0.12041037834351505,0.2305748586768575,0.25170441681043443,0.942014300024155,0.5099082433640161,0.8795896216564849,reactive_gate,1266,877,22,0.024471635150166853,0.10091743119266056,877,62.32075454871392,3481.195422474386,264.66239615054474,900.0000000000005,0,934,5,0,0,0.003434480499710806,0.0,708750298.5881813,0.0,0,0.0,0.0,0.0,0.0,9,0,0.29436827615984934,0.3040684319172179,0.5855259734165013,0.19112953255492746,478.3636363636364,0.71
scenario_0019,gate_ship,5,3.520501604001455,4.734561981364651,27,60,10,33.638283915902136,0.07205106729078414,156.2304491608833,0.302742466876894,475.94830627633525,900,60,16.04690122583381,0.12041037834351505,0.2305748586768575,0.25170441681043443,0.942014300024155,0.5099082433640161,0.8795896216564849,reactive_gate,1351,908,21,0.022604951560818085,0.0958904109589041,908,44.393536074663416,3863.582637865751,488.78210921282357,900.0000000000005,0,1080,4,0,0,0.003949788952734732,0.0,882562312.1354047,0.0,0,0.0,0.0,0.0,0.0,9,0,0.2690907797409106,0.2777578140577191,0.6049656378313045,0.2067681773129399,495.2727272727273,0.79
scenario_0019,lease,1,3.520501604001455,4.734561981364651,27,60,10,33.638283915902136,0.07205106729078414,156.2304491608833,0.302742466876894,475.94830627633525,900,60,16.04690122583381,0.12041037834351505,0.2305748586768575,0.25170441681043443,0.942014300024155,0.5099082433640161,0.8795896216564849,lease,1120,648,24,0.03571428571428571,0.11594202898550725,648,111.37777343807124,3786.2258101556185,289.29465978831837,900.0000000000005,0,1069,3,0,0,0.002811435175205167,0.0996006884530508,1527456696.320478,91.6712583530196,1,0.0,0.0,2163000.0,4.910087683474103,14,0,0.2387042894000665,0.24630595383601364,0.5801598075652058,0.22215750995472494,353.4545454545455,1.1
scenario_0019,lease,2,3.520501604001455,4.734561981364651,27,60,10,33.638283915902136,0.07205106729078414,156.2304491608833,0.302742466876894,475.94830627633525,900,60,16.04690122583381,0.12041037834351505,0.2305748586768575,0.25170441681043443,0.942014300024155,0.5099082433640161,0.8795896216564849,lease,1148,707,20,0.027510316368638238,0.11046511627906977,707,54.96557866335297,3601.73740455175,293.18886437815587,900.0000000000005,0,1002,8,0,0,0.0043548496138864105,0.007157577057730412,471664751.21908134,0.0,0,0.0,0.0,2457000.0,2.4235389961495457,16,0,0.24037302933124696,0.24810206564414877,0.5827938023899969,0.23830912818978237,385.6363636363636,1.18
scenario_0019,lease,3,3.520501604001455,4.734561981364651,27,60,10,33.638283915902136,0.07205106729078414,156.2304491608833,0.302742466876894,475.94830627633525,900,60,16.04690122583381,0.12041037834351505,0.2305748586768575,0.25170441681043443,0.942014300024155,0.5099082433640161,0.8795896216564849,lease,1659,1129,32,0.02756244616709733,0.116,1129,35.40355249039021,3349.472811396612,341.46886224481415,900.0000000000005,7,1432,1,0,0,0.006257049919612532,0.13372013468988977,1204837694.133776,0.0,0,0.0,0.0,3415200.0,486.30370909953217,15,0,0.26724042868136644,0.278006942263469,0.642924877946128,0.12930313713272518,615.8181818181819,1.59
scenario_0019,lease,4,3.520501604001455,4.734561981364651,27,60,10,33.638283915902136,0.07205106729078414,156.2304491608833,0.302742466876894,475.94830627633525,900,60,16.04690122583381,0.12041037834351505,0.2305748586768575,0.25170441681043443,0.942014300024155,0.5099082433640161,0.8795896216564849,lease,1290,908,19,0.020496224379719527,0.0867579908675799,908,59.94808316573676,3575.4002184555384,259.6584562102474,900.0000000000005,0,916,8,0,0,0.0040433628962050425,0.0,642005111.3842672,108.80827985670771,0,0.0,0.0,2680200.0,9.715270419955232,9,0,0.3110289109827949,0.3197431091161596,0.5883574482958742,0.1911972292330332,495.2727272727273,1.14
scenario_0019,lease,5,3.520501604001455,4.734561981364651,27,60,10,33.638283915902136,0.07205106729078414,156.2304491608833,0.302742466876894,475.94830627633525,900,60,16.04690122583381,0.12041037834351505,0.2305748586768575,0.25170441681043443,0.942014300024155,0.5099082433640161,0.8795896216564849,lease,1345,918,23,0.024442082890541977,0.10407239819004525,918,54.43682268394696,3718.3442558746074,457.126401155272,900.0000000000005,0,1100,9,0,0,0.00472360265068372,0.0,791497126.7732714,0.0,0,0.0,0.0,2658600.0,13.265640143268683,10,0,0.26532584822001987,0.2747143013108821,0.6077738249350102,0.176796698168751,500.72727272727275,1.18
scenario_0019,clairvoyant,1,3.520501604001455,4.734561981364651,27,60,10,33.638283915902136,0.07205106729078414,156.2304491608833,0.302742466876894,475.94830627633525,900,60,16.04690122583381,0.12041037834351505,0.2305748586768575,0.25170441681043443,0.942014300024155,0.5099082433640161,0.8795896216564849,clairvoyant,1167,722,28,0.037333333333333336,0.11790393013100436,722,23.04240592767792,2475.1120144325114,179.98585493262556,900.0000000000005,0,1222,1,0,0,0.01840318824866234,0.10170215703456675,1150979782.0638704,64.18760490333517,4,0.0,0.0,0.0,0.0,16,0,0.3660394676284696,0.38121955985501954,0.6171177041929264,0.21043016730409933,393.8181818181818,0.71
scenario_0019,clairvoyant,2,3.520501604001455,4.734561981364651,27,60,10,33.638283915902136,0.07205106729078414,156.2304491608833,0.302742466876894,475.94830627633525,900,60,16.04690122583381,0.12041037834351505,0.2305748586768575,0.25170441681043443,0.942014300024155,0.5099082433640161,0.8795896216564849,clairvoyant,1235,843,27,0.03103448275862069,0.12135922330097088,843,19.30825523332078,1938.0933275641783,135.98017290693775,900.0000000000005,0,1046,5,0,0,0.008477026777367419,0.07285737730039905,469377262.03532416,0.0,0,0.0,0.0,0.0,0.0,16,0,0.4142697516827379,0.42997243480349584,0.6311100165376462,0.21181263440074868,459.8181818181818,0.65
scenario_0019,clairvoyant,3,3.520501604001455,4.734561981364651,27,60,10,33.638283915902136,0.07205106729078414,156.2304491608833,0.302742466876894,475.94830627633525,900,60,16.04690122583381,0.12041037834351505,0.2305748586768575,0.25170441681043443,0.942014300024155,0.5099082433640161,0.8795896216564849,clairvoyant,1729,1231,36,0.028413575374901343,0.12363636363636364,1231,16.50640844213376,1938.6940628977,108.24640574650059,900.0000000000005,0,1601,1,0,0,0.019381025621433953,0.0633537529378337,1098150260.4099183,0.0,0,0.0,0.0,0.0,0.0,14,0,0.39633504361888083,0.41328321522171674,0.6503563835266243,0.16262295427255088,671.4545454545455,0.86
scenario_0019,clairvoyant,4,3.520501604001455,4.734561981364651,27,60,10,33.638283915902136,0.07205106729078414,156.2304491608833,0.302742466876894,475.94830627633525,900,60,16.04690122583381,0.12041037834351505,0.2305748586768575,0.25170441681043443,0.942014300024155,0.5099082433640161,0.8795896216564849,clairvoyant,1358,977,24,0.023976023976023976,0.1013215859030837,977,19.28160425153783,2348.51673067929,124.7590388464028,900.0000000000005,0,1015,5,0,0,0.0036465353011029774,0.0,553811925.58343,0.0,0,0.0,0.0,0.0,0.0,10,0,0.4347867447899006,0.4515093118972045,0.597316398831621,0.18276075784908624,532.9090909090909,0.65
scenario_0019,clairvoyant,5,3.520501604001455,4.734561981364651,27,60,10,33.638283915902136,0.07205106729078414,156.2304491608833,0.302742466876894,475.94830627633525,900,60,16.04690122583381,0.12041037834351505,0.2305748586768575,0.25170441681043443,0.942014300024155,0.5099082433640161,0.8795896216564849,clairvoyant,1405,978,34,0.03359683794466403,0.14285714285714285,978,19.188299088596068,2293.8529466384152,148.8615188257994,900.0000000000005,0,1209,3,0,0,0.004438925162057458,0.0,725575163.6527659,48.14070367750139,3,0.0,0.0,0.0,0.0,11,0,0.3919600643130763,0.4127950755436099,0.5998111948497319,0.1642727464899038,533.4545454545455,0.63
scenario_0019,gate_srpt,1,3.520501604001455,4.734561981364651,27,60,10,33.638283915902136,0.07205106729078414,156.2304491608833,0.302742466876894,475.94830627633525,900,60,16.04690122583381,0.12041037834351505,0.2305748586768575,0.25170441681043443,0.942014300024155,0.5099082433640161,0.8795896216564849,reactive_gate,1164,721,26,0.03480589022757698,0.10869565217391304,721,23.611816641117457,2965.4736541773423,203.80184399876694,900.0000000000005,0,1164,6,0,0,0.01927237899560549,0.10356564537663598,1429496108.9871206,0.0,0,0.0,0.0,0.0,0.0,16,0,0.35302510532341824,0.3669744255945563,0.6307075034485405,0.21345958625046785,393.2727272727273,0.7
scenario_0019,gate_srpt,2,3.520501604001455,4.734561981364651,27,60,10,33.638283915902136,0.07205106729078414,156.2304491608833,0.302742466876894,475.94830627633525,900,60,16.04690122583381,0.12041037834351505,0.2305748586768575,0.25170441681043443,0.942014300024155,0.5099082433640161,0.8795896216564849,reactive_gate,1233,824,24,0.02830188679245283,0.11224489795918367,824,18.59121700061496,3120.580421496908,135.8353883822169,900.0000000000005,0,983,5,0,0,0.0032920290930784036,0.00670159681770028,500620384.42867136,0.0,0,0.0,0.0,0.0,0.0,14,0,0.36913023416091706,0.3829619449310956,0.6176084540850096,0.2537806978803025,449.4545454545455,0.67
scenario_0019,gate_srpt,3,3.520501604001455,4.734561981364651,27,60,10,33.638283915902136,0.07205106729078414,156.2304491608833,0.302742466876894,475.94830627633525,900,60,16.04690122583381,0.12041037834351505,0.2305748586768575,0.25170441681043443,0.942014300024155,0.5099082433640161,0.8795896216564849,reactive_gate,1733,1229,37,0.029225908372827805,0.11808118081180811,1229,16.590760006510436,2911.709133030717,92.58814461102719,900.0000000000005,0,1516,0,0,0,0.023890075454542293,0.1882071062109495,980258103.181698,0.0,0,0.0,0.0,0.0,0.0,14,0,0.37519461673972404,0.39218996490383706,0.6665756270971827,0.1970975184676435,670.3636363636364,0.95
scenario_0019,gate_srpt,4,3.520501604001455,4.734561981364651,27,60,10,33.638283915902136,0.07205106729078414,156.2304491608833,0.302742466876894,475.94830627633525,900,60,16.04690122583381,0.12041037834351505,0.2305748586768575,0.25170441681043443,0.942014300024155,0.5099082433640161,0.8795896216564849,reactive_gate,1361,983,22,0.021890547263681594,0.0944206008583691,983,18.54451528326456,3005.5059717088234,149.09173879404088,900.0000000000005,0,942,5,0,0,0.002738635771259171,0.12013821631926645,714061594.0210379,0.0,0,0.0,0.0,0.0,0.0,11,0,0.43047385505482605,0.4450493688048845,0.5998276018302685,0.2319336314555464,536.1818181818182,0.68
scenario_0019,gate_srpt,5,3.520501604001455,4.734561981364651,27,60,10,33.638283915902136,0.07205106729078414,156.2304491608833,0.302742466876894,475.94830627633525,900,60,16.04690122583381,0.12041037834351505,0.2305748586768575,0.25170441681043443,0.942014300024155,0.5099082433640161,0.8795896216564849,reactive_gate,1430,1025,32,0.030274361400189215,0.12156862745098039,1025,19.144514454027785,3928.7499464814214,107.49720419648936,900.0000000000005,0,1079,0,0,0,0.008415779140310074,0.002428099873993678,967630267.6576003,0.0,0,0.0,0.0,0.0,0.0,10,0,0.39923126762366723,0.4182948181244219,0.6278897742045335,0.27932087526085747,559.0909090909091,0.7
scenario_0020,gate_sampled,1,3.4101211311973363,5.807539753612877,31,85,29,150.53327420284106,0.5960555441865677,99.26795993455276,0.5836813917480476,69.45639244291199,600,60,23.270948023114556,0.23137661145199587,2.5470924711734084,0.09985966096524208,0.8555955803578927,2.285876337274817,0.7686233885480042,reactive_gate,1280,906,80,0.08113590263691683,0.20943952802359883,906,232.24254264267626,3910.1497959112908,61.99026734109238,600.0000000000005,0,1526,11,0,0,0.02029519036378781,0.20724117976370088,1994443815.8475413,0.0,0,0.0,0.0,0.0,0.0,1878,70,0.3256154046802605,0.3618201766036047,0.4659278261857617,0.3671175322580013,494.1818181818182,0.37
scenario_0020,gate_sampled,2,3.4101211311973363,5.807539753612877,31,85,29,150.53327420284106,0.5960555441865677,99.26795993455276,0.5836813917480476,69.45639244291199,600,60,23.270948023114556,0.23137661145199587,2.5470924711734084,0.09985966096524208,0.8555955803578927,2.285876337274817,0.7686233885480042,reactive_gate,1288,930,50,0.05102040816326531,0.16996047430830039,930,189.36630946980165,3606.7067598095236,34.329590933104846,600.0000000000005,0,978,7,0,0,0.013436264797653514,0.25714828627635994,2226060992.7321925,0.0,0,0.0,0.0,0.0,0.0,1567,100,0.35521045194694,0.3799747466492412,0.423990430266269,0.3409495366518801,507.2727272727273,0.34
scenario_0020,gate_sampled,3,3.4101211311973363,5.807539753612877,31,85,29,150.53327420284106,0.5960555441865677,99.26795993455276,0.5836813917480476,69.45639244291199,600,60,23.270948023114556,0.23137661145199587,2.5470924711734084,0.09985966096524208,0.8555955803578927,2.285876337274817,0.7686233885480042,reactive_gate,1529,1083,78,0.06718346253229975,0.209366391184573,1083,183.35515674349745,3633.2200135524695,60.970836948302,600.0000000000005,0,1502,6,0,0,0.019439795837279304,0.15195018692431309,1429741049.0715842,0.0,0,0.0,0.0,0.0,0.0,1815,107,0.33286014749801773,0.36085796301738243,0.463800170896308,0.3495477943138701,590.7272727272727,0.43
scenario_0020,gate_sampled,4,3.4101211311973363,5.807539753612877,31,85,29,150.53327420284106,0.5960555441865677,99.26795993455276,0.5836813917480476,69.45639244291199,600,60,23.270948023114556,0.23137661145199587,2.5470924711734084,0.09985966096524208,0.8555955803578927,2.285876337274817,0.7686233885480042,reactive_gate,1366,1031,69,0.06272727272727273,0.19825072886297376,1031,210.05724389315264,3641.171734598346,45.928102956690104,600.0000000000005,0,1358,9,0,0,0.01596349839725905,0.15821501495106166,2163542773.408658,0.0,0,0.0,0.0,0.0,0.0,1822,124,0.3649666309422436,0.40169147483204076,0.4389432642805224,0.33600851981517665,562.3636363636364,0.37
scenario_0020,gate_sampled,5,3.4101211311973363,5.807539753612877,31,85,29,150.53327420284106,0.5960555441865677,99.26795993455276,0.5836813917480476,69.45639244291199,600,60,23.270948023114556,0.23137661145199587,2.5470924711734084,0.09985966096524208,0.8555955803578927,2.285876337274817,0.7686233885480042,reactive_gate,1362,951,72,0.07038123167155426,0.22330097087378642,951,196.9765092647334,3606.3432931416737,72.51155355044598,600.0000000000005,0,1369,0,0,0,0.015318699475138255,0.07943303069098745,2138578324.9942377,0.0,0,0.0,0.0,0.0,0.0,1853,174,0.338048189723366,0.37187008589909115,0.45083370043904725,0.3758446220443297,518.7272727272727,0.38
scenario_0020,gate_ship,1,3.4101211311973363,5.807539753612877,31,85,29,150.53327420284106,0.5960555441865677,99.26795993455276,0.5836813917480476,69.45639244291199,600,60,23.270948023114556,0.23137661145199587,2.5470924711734084,0.09985966096524208,0.8555955803578927,2.285876337274817,0.7686233885480042,reactive_gate,1299,934,55,0.055611729019211326,0.14328358208955225,934,412.5591048684805,3659.428569961959,111.17081204704384,600.0000000000005,0,1480,14,0,0,0.014671501571682278,0.18049245434533423,1472410160.8072307,0.0,0,0.0,0.0,0.0,0.0,1954,107,0.34199222688492986,0.3679582092621592,0.4973099691789692,0.4018793818348274,509.4545454545455,0.42
scenario_0020,gate_ship,2,3.4101211311973363,5.807539753612877,31,85,29,150.53327420284106,0.5960555441865677,99.26795993455276,0.5836813917480476,69.45639244291199,600,60,23.270948023114556,0.23137661145199587,2.5470924711734084,0.09985966096524208,0.8555955803578927,2.285876337274817,0.7686233885480042,reactive_gate,1333,973,35,0.034722222222222224,0.1271186440677966,973,271.9571487849687,2848.740982151054,61.710523125470125,600.0000000000005,0,982,5,0,0,0.011272389900841671,0.2817341146819875,1462869161.4041302,0.0,0,0.0,0.0,0.0,0.0,1617,166,0.3660630112770329,0.384741325356865,0.4427052603767201,0.3818722987008708,530.7272727272727,0.37
scenario_0020,gate_ship,3,3.4101211311973363,5.807539753612877,31,85,29,150.53327420284106,0.5960555441865677,99.26795993455276,0.5836813917480476,69.45639244291199,600,60,23.270948023114556,0.23137661145199587,2.5470924711734084,0.09985966096524208,0.8555955803578927,2.285876337274817,0.7686233885480042,reactive_gate,1569,1151,47,0.03923205342237062,0.1295774647887324,1151,286.7778718219515,3629.5069281822416,93.30567509982005,600.0000000000005,0,1404,6,0,0,0.01370983202596942,0.12419264779428298,1250976866.105924,0.0,0,0.0,0.0,0.0,0.0,1947,157,0.3611060598310542,0.38131996540444113,0.49165740711707645,0.41047824399322813,627.8181818181819,0.48
scenario_0020,gate_ship,4,3.4101211311973363,5.807539753612877,31,85,29,150.53327420284106,0.5960555441865677,99.26795993455276,0.5836813917480476,69.45639244291199,600,60,23.270948023114556,0.23137661145199587,2.5470924711734084,0.09985966096524208,0.8555955803578927,2.285876337274817,0.7686233885480042,reactive_gate,1387,1071,53,0.04715302491103203,0.15294117647058825,1071,269.07206855828554,3612.700454473535,82.16562296163995,600.0000000000005,0,1291,5,0,0,0.012961014852485799,0.16967374157106552,1763642012.9889235,0.0,0,0.0,0.0,0.0,0.0,1897,209,0.401387552598999,0.43130824570505005,0.45941348694137407,0.38826257143529225,584.1818181818182,0.39
scenario_0020,gate_ship,5,3.4101211311973363,5.807539753612877,31,85,29,150.53327420284106,0.5960555441865677,99.26795993455276,0.5836813917480476,69.45639244291199,600,60,23.270948023114556,0.23137661145199587,2.5470924711734084,0.09985966096524208,0.8555955803578927,2.285876337274817,0.7686233885480042,reactive_gate,1372,987,44,0.04267701260911736,0.1390728476821192,987,346.30282289466504,2628.1564227730855,105.0738000137421,600.0000000000005,0,1241,1,0,0,0.010891616303457247,0.08333717230981484,2498711602.931114,0.0,0,0.0,0.0,0.0,0.0,1860,238,0.35590957939737083,0.37637412566125733,0.45646179304626083,0.41446343709353184,538.3636363636364,0.42
scenario_0020,lease,1,3.4101211311973363,5.807539753612877,31,85,29,150.53327420284106,0.5960555441865677,99.26795993455276,0.5836813917480476,69.45639244291199,600,60,23.270948023114556,0.23137661145199587,2.5470924711734084,0.09985966096524208,0.8555955803578927,2.285876337274817,0.7686233885480042,lease,1262,888,61,0.0642781875658588,0.1651376146788991,888,526.6479986063359,3921.8616911077934,46.69867450800127,600.0000000000005,0,1597,3,0,0,0.013171990542713228,0.20294079635026915,1865353271.1977775,585.9645257506058,1,36406.168933991845,32788.40639876288,1152000.0,58106.39590704169,1878,47,0.3181912005939239,0.345658714762864,0.4739074523167991,0.3705268512570226,484.3636363636364,0.68
scenario_0020,lease,2,3.4101211311973363,5.807539753612877,31,85,29,150.53327420284106,0.5960555441865677,99.26795993455276,0.5836813917480476,69.45639244291199,600,60,23.270948023114556,0.23137661145199587,2.5470924711734084,0.09985966096524208,0.8555955803578927,2.285876337274817,0.7686233885480042,lease,1286,904,37,0.039319872476089264,0.14410480349344978,904,274.60653431836937,3445.1801430901937,21.650031054087293,600.0000000000005,0,1079,2,0,0,0.013881691918211566,0.29640795070863585,2329755183.212645,646.3884461472619,3,40019.12268769861,32209.562771298733,963600.0,57872.151014518095,1573,158,0.33442609668232554,0.3525564039049875,0.40308699645754487,0.3434408746727557,493.0909090909091,0.6
scenario_0020,lease,3,3.4101211311973363,5.807539753612877,31,85,29,150.53327420284106,0.5960555441865677,99.26795993455276,0.5836813917480476,69.45639244291199,600,60,23.270948023114556,0.23137661145199587,2.5470924711734084,0.09985966096524208,0.8555955803578927,2.285876337274817,0.7686233885480042,lease,1512,1084,43,0.038154392191659274,0.12138728323699421,1084,331.5714481115191,3612.930796144287,37.60419862858321,600.0000000000005,0,1535,3,0,2,0.009557834084848475,0.12936677078524403,1831646051.816149,277.9067979768033,1,44739.499488948306,37920.445144983445,1110600.0,57167.54968587359,1868,105,0.3328192512256607,0.3510565473920991,0.4575719492777235,0.39093294632717446,591.2727272727273,0.75
scenario_0020,lease,4,3.4101211311973363,5.807539753612877,31,85,29,150.53327420284106,0.5960555441865677,99.26795993455276,0.5836813917480476,69.45639244291199,600,60,23.270948023114556,0.23137661145199587,2.5470924711734084,0.09985966096524208,0.8555955803578927,2.285876337274817,0.7686233885480042,lease,1348,1023,64,0.05887764489420423,0.17630057803468208,1023,291.99178300115045,3627.3170656353013,25.128525681070347,600.0000000000005,0,1404,2,0,0,0.019224345518753103,0.16874945110556477,2665420463.1307864,0.0,0,39503.264773090224,33304.04485762576,975000.0,56784.94087309546,1802,137,0.36860724732547506,0.39997686629601664,0.41725281651711493,0.3602213306562116,558.0,0.66
scenario_0020,lease,5,3.4101211311973363,5.807539753612877,31,85,29,150.53327420284106,0.5960555441865677,99.26795993455276,0.5836813917480476,69.45639244291199,600,60,23.270948023114556,0.23137661145199587,2.5470924711734084,0.09985966096524208,0.8555955803578927,2.285876337274817,0.7686233885480042,lease,1367,973,45,0.04420432220039293,0.14381270903010032,973,340.48353939512117,2664.8235411865003,46.61261570323584,600.0000000000005,0,1293,4,0,0,0.014460155246080637,0.09599301374750024,2530528034.3778954,507.35572302184664,5,31908.13240251124,23231.876892886747,1031400.0,44004.07829120555,1849,190,0.3516150639490447,0.37143317903670675,0.44949263751451657,0.396873290585636,530.7272727272727,0.69
scenario_0020,clairvoyant,1,3.4101211311973363,5.807539753612877,31,85,29,150.53327420284106,0.5960555441865677,99.26795993455276,0.5836813917480476,69.45639244291199,600,60,23.270948023114556,0.23137661145199587,2.5470924711734084,0.09985966096524208,0.8555955803578927,2.285876337274817,0.7686233885480042,clairvoyant,1376,1018,76,0.06946983546617916,0.18980169971671387,1018,117.47383267332202,4051.5753494947544,58.17604179925853,600.0000000000005,0,1521,8,0,0,0.02146478361942929,0.21869098710424545,905642871.6481599,186.16758418491645,8,0.0,0.0,0.0,0.0,2071,51,0.4363619223152591,0.4817870752517621,0.5111932007920396,0.4267433690337968,555.2727272727273,0.39
scenario_0020,clairvoyant,2,3.4101211311973363,5.807539753612877,31,85,29,150.53327420284106,0.5960555441865677,99.26795993455276,0.5836813917480476,69.45639244291199,600,60,23.270948023114556,0.23137661145199587,2.5470924711734084,0.09985966096524208,0.8555955803578927,2.285876337274817,0.7686233885480042,clairvoyant,1372,1033,47,0.04351851851851852,0.15151515151515152,1033,101.50075500864841,3622.9957369070075,82.02613625817695,600.0000000000005,0,998,8,0,0,0.020644532059698628,0.2366009533484198,565809806.4408019,651.5865446472079,28,0.0,0.0,0.0,0.0,1720,131,0.45893188468204466,0.49138287680158477,0.46759930038390524,0.3597234936003805,563.4545454545455,0.4
scenario_0020,clairvoyant,3,3.4101211311973363,5.807539753612877,31,85,29,150.53327420284106,0.5960555441865677,99.26795993455276,0.5836813917480476,69.45639244291199,600,60,23.270948023114556,0.23137661145199587,2.5470924711734084,0.09985966096524208,0.8555955803578927,2.285876337274817,0.7686233885480042,clairvoyant,1639,1226,78,0.0598159509202454,0.19083969465648856,1226,97.74097332202189,3638.5477760495196,79.68328818537688,600.0000000000005,0,1457,3,0,0,0.019339757773156628,0.17983671845659974,599708923.1014047,767.9412847627809,33,0.0,0.0,0.0,0.0,2048,133,0.4504209018961113,0.4901607927870231,0.498824596640516,0.36613363680143285,668.7272727272727,0.49
scenario_0020,clairvoyant,4,3.4101211311973363,5.807539753612877,31,85,29,150.53327420284106,0.5960555441865677,99.26795993455276,0.5836813917480476,69.45639244291199,600,60,23.270948023114556,0.23137661145199587,2.5470924711734084,0.09985966096524208,0.8555955803578927,2.285876337274817,0.7686233885480042,clairvoyant,1432,1121,89,0.07355371900826446,0.22486772486772486,1121,89.97410158547609,3652.6029652741304,70.34628237458077,600.0000000000005,0,1333,2,0,0,0.025213693807995166,0.13471012404716703,703557248.5531647,558.50275255475,24,0.0,0.0,0.0,0.0,2018,125,0.47875240361597443,0.5364925713779609,0.47944523045174664,0.3790387251130309,611.4545454545455,0.42
scenario_0020,clairvoyant,5,3.4101211311973363,5.807539753612877,31,85,29,150.53327420284106,0.5960555441865677,99.26795993455276,0.5836813917480476,69.45639244291199,600,60,23.270948023114556,0.23137661145199587,2.5470924711734084,0.09985966096524208,0.8555955803578927,2.285876337274817,0.7686233885480042,clairvoyant,1462,1107,72,0.061068702290076333,0.18926553672316385,1107,115.83242933909332,3605.007821846367,62.68961812564604,600.0000000000005,0,1254,3,0,0,0.01598887585832736,0.09920192203388642,922320463.6178862,395.60611639294706,17,0.0,0.0,0.0,0.0,2031,162,0.4607190704506102,0.5038702603019711,0.48591786902524003,0.4220422006527827,603.8181818181819,0.42
scenario_0020,gate_srpt,1,3.4101211311973363,5.807539753612877,31,85,29,150.53327420284106,0.5960555441865677,99.26795993455276,0.5836813917480476,69.45639244291199,600,60,23.270948023114556,0.23137661145199587,2.5470924711734084,0.09985966096524208,0.8555955803578927,2.285876337274817,0.7686233885480042,reactive_gate,1327,990,66,0.0625,0.16761363636363635,990,444.6134550320596,3714.429295129887,71.42078594918084,600.0000000000005,0,1254,8,0,0,0.014706563785057575,0.20415841503907306,1324464556.3632324,0.0,0,0.0,0.0,0.0,0.0,1911,64,0.38125296732548625,0.416753165502989,0.5106731539965411,0.44613144318156245,540.0,0.4
scenario_0020,gate_srpt,2,3.4101211311973363,5.807539753612877,31,85,29,150.53327420284106,0.5960555441865677,99.26795993455276,0.5836813917480476,69.45639244291199,600,60,23.270948023114556,0.23137661145199587,2.5470924711734084,0.09985966096524208,0.8555955803578927,2.285876337274817,0.7686233885480042,reactive_gate,1327,964,40,0.0398406374501992,0.1440329218106996,964,273.4666020487477,3382.1052221908812,62.95985987093857,600.0000000000005,0,872,3,0,0,0.009910967646554898,0.27813418660865785,1459900653.4337986,0.0,0,0.0,0.0,0.0,0.0,1604,175,0.37930388652814434,0.40139561893101344,0.44597933331871237,0.38935262624994743,525.8181818181819,0.36
scenario_0020,gate_srpt,3,3.4101211311973363,5.807539753612877,31,85,29,150.53327420284106,0.5960555441865677,99.26795993455276,0.5836813917480476,69.45639244291199,600,60,23.270948023114556,0.23137661145199587,2.5470924711734084,0.09985966096524208,0.8555955803578927,2.285876337274817,0.7686233885480042,reactive_gate,1578,1151,60,0.0495458298926507,0.162534435261708,1151,235.85825596804443,3624.42065619608,102.34465376728325,600.0000000000005,0,1269,7,0,0,0.014840766779704471,0.14224770890576366,1193221699.9200337,0.0,0,0.0,0.0,0.0,0.0,1865,149,0.3791440919957366,0.40618747649417053,0.4918824027098947,0.40471440450370116,627.8181818181819,0.49
scenario_0020,gate_srpt,4,3.4101211311973363,5.807539753612877,31,85,29,150.53327420284106,0.5960555441865677,99.26795993455276,0.5836813917480476,69.45639244291199,600,60,23.270948023114556,0.23137661145199587,2.5470924711734084,0.09985966096524208,0.8555955803578927,2.285876337274817,0.7686233885480042,reactive_gate,1391,1068,67,0.059030837004405284,0.18413597733711048,1068,262.7470281527287,3638.5675062530354,49.519886485073584,600.0000000000005,0,1173,2,0,0,0.012504992827118018,0.15940794791509807,1581742716.057926,0.0,0,0.0,0.0,0.0,0.0,1825,188,0.4160942682654168,0.4546446891043092,0.45908601104093044,0.38152060808446825,582.5454545454546,0.39
scenario_0020,gate_srpt,5,3.4101211311973363,5.807539753612877,31,85,29,150.53327420284106,0.5960555441865677,99.26795993455276,0.5836813917480476,69.45639244291199,600,60,23.270948023114556,0.23137661145199587,2.5470924711734084,0.09985966096524208,0.8555955803578927,2.285876337274817,0.7686233885480042,reactive_gate,1387,996,60,0.056818181818181816,0.18037974683544303,996,332.41518799832704,2896.370854488302,59.43715820584706,600.0000000000005,0,1158,0,0,0,0.015135188152886548,0.1140074315289199,2413935664.6747303,0.0,0,0.0,0.0,0.0,0.0,1824,206,0.3677473041864093,0.3952654375369262,0.4487682001424501,0.39835974003608005,543.2727272727273,0.41
scenario_0021,gate_sampled,1,0.5109025374578466,3.9669100900267935,11,49,20,35.00301306686295,0.43526133164820274,39.76453766805352,0.3473108779750974,71.21391140647043,600,900,3.16652847369518,0.21819290064468147,0.39399497999631033,0.4173744465092062,1.589179792494705,1.3923062821875007,0.7818070993553186,reactive_gate,193,161,5,0.030120481927710843,0.12195121951219512,161,116.87926096131605,1928.7220675516935,0.0,600.0,0,93,0,0,0,0.006709851700078654,0.2884105259776294,2785053114.643079,0.0,0,0.0,0.0,0.0,0.0,29,7,0.6799877070721799,0.7078167869017256,0.3141361803112712,0.1140626507122425,87.81818181818183,0.06
scenario_0021,gate_sampled,2,0.5109025374578466,3.9669100900267935,11,49,20,35.00301306686295,0.43526133164820274,39.76453766805352,0.3473108779750974,71.21391140647043,600,900,3.16652847369518,0.21819290064468147,0.39399497999631033,0.4173744465092062,1.589179792494705,1.3923062821875007,0.7818070993553186,reactive_gate,189,156,11,0.0658682634730539,0.20833333333333334,156,140.4841198733409,2557.072668414882,0.0,600.0000000000005,0,126,0,0,0,0.024489857319310176,0.7143572909501458,2060794718.4477549,0.0,0,0.0,0.0,0.0,0.0,26,4,0.5859979652099834,0.6118909414926619,0.3119445879659062,0.050817336508992325,85.0909090909091,0.06
scenario_0021,gate_sampled,3,0.5109025374578466,3.9669100900267935,11,49,20,35.00301306686295,0.43526133164820274,39.76453766805352,0.3473108779750974,71.21391140647043,600,900,3.16652847369518,0.21819290064468147,0.39399497999631033,0.4173744465092062,1.589179792494705,1.3923062821875007,0.7818070993553186,reactive_gate,184,158,8,0.04819277108433735,0.1568627450980392,158,132.53068453773892,1425.4593973512765,0.0,462.2825087636347,0,60,0,0,0,0.03290059210276899,0.5748147690631649,2641599277.7718997,0.0,0,0.0,0.0,0.0,0.0,9,5,0.7266203089700783,0.8030792536540048,0.3066472824044642,0.09811569395060259,86.18181818181819,0.06
scenario_0021,gate_sampled,4,0.5109025374578466,3.9669100900267935,11,49,20,35.00301306686295,0.43526133164820274,39.76453766805352,0.3473108779750974,71.21391140647043,600,900,3.16652847369518,0.21819290064468147,0.39399497999631033,0.4173744465092062,1.589179792494705,1.3923062821875007,0.7818070993553186,reactive_gate,293,258,16,0.058394160583941604,0.25806451612903225,258,52.331355589231066,1924.153006650627,0.0,600.0000000000005,0,175,0,0,0,0.06994956234337368,0.6240061636313184,2976437094.6709175,0.0,0,0.0,0.0,0.0,0.0,59,5,0.6492944197774796,0.7422286732322276,0.3820988824609734,0.07569565689176308,140.72727272727272,0.08
scenario_0021,gate_sampled,5,0.5109025374578466,3.9669100900267935,11,49,20,35.00301306686295,0.43526133164820274,39.76453766805352,0.3473108779750974,71.21391140647043,600,900,3.16652847369518,0.21819290064468147,0.39399497999631033,0.4173744465092062,1.589179792494705,1.3923062821875007,0.7818070993553186,reactive_gate,322,265,11,0.03985507246376811,0.21739130434782608,265,32.09485656454308,1373.5970670610543,0.0,600.0000000000005,0,144,0,0,0,0.012695918477663593,0.5114408963480154,3742710505.9948316,0.0,0,0.0,0.0,0.0,0.0,16,3,0.5707067412161417,0.6029743500476833,0.37927797122153944,0.08859632341632548,144.54545454545456,0.08
scenario_0021,gate_ship,1,0.5109025374578466,3.9669100900267935,11,49,20,35.00301306686295,0.43526133164820274,39.76453766805352,0.3473108779750974,71.21391140647043,600,900,3.16652847369518,0.21819290064468147,0.39399497999631033,0.4173744465092062,1.589179792494705,1.3923062821875007,0.7818070993553186,reactive_gate,200,175,5,0.027777777777777776,0.10416666666666667,175,137.91903296317196,1917.2492704699825,3.8148898556740507,600.0,0,79,0,0,0,0.005464102662035343,0.2688719015093732,2854942270.8738275,0.0,0,0.0,0.0,0.0,0.0,29,7,0.8161135053519275,0.8526466677701794,0.35493694821172095,0.12585971949019004,95.45454545454545,0.07
scenario_0021,gate_ship,2,0.5109025374578466,3.9669100900267935,11,49,20,35.00301306686295,0.43526133164820274,39.76453766805352,0.3473108779750974,71.21391140647043,600,900,3.16652847369518,0.21819290064468147,0.39399497999631033,0.4173744465092062,1.589179792494705,1.3923062821875007,0.7818070993553186,reactive_gate,195,165,10,0.05714285714285714,0.17647058823529413,165,144.51349271916206,1745.247227088665,0.0,600.0,0,90,0,0,0,0.026744171642912925,0.690869294543346,2329176099.1394324,0.0,0,0.0,0.0,0.0,0.0,24,5,0.7254827670989772,0.7587865211825753,0.32039889385109843,0.06982872155334142,90.0,0.07
scenario_0021,gate_ship,3,0.5109025374578466,3.9669100900267935,11,49,20,35.00301306686295,0.43526133164820274,39.76453766805352,0.3473108779750974,71.21391140647043,600,900,3.16652847369518,0.21819290064468147,0.39399497999631033,0.4173744465092062,1.589179792494705,1.3923062821875007,0.7818070993553186,reactive_gate,184,161,8,0.047337278106508875,0.14814814814814814,161,133.66070097072406,1405.5735403586423,0.0,462.2825087636347,0,60,0,0,0,0.03421784925730938,0.5708918306409801,2723756138.250795,0.0,0,0.0,0.0,0.0,0.0,10,5,0.7565187311024252,0.8362517732469206,0.3084928081632173,0.09968849497790067,87.81818181818183,0.06
scenario_0021,gate_ship,4,0.5109025374578466,3.9669100900267935,11,49,20,35.00301306686295,0.43526133164820274,39.76453766805352,0.3473108779750974,71.21391140647043,600,900,3.16652847369518,0.21819290064468147,0.39399497999631033,0.4173744465092062,1.589179792494705,1.3923062821875007,0.7818070993553186,reactive_gate,305,276,13,0.04498269896193772,0.203125,276,71.92730468566697,1398.6254638794117,2.091660633630768,600.0,0,139,0,0,0,0.07908551208164777,0.5867885944996843,2991390727.181696,0.0,0,0.0,0.0,0.0,0.0,59,5,0.7581366203355059,0.8413960411064145,0.43539085142803324,0.09199238309439353,150.54545454545456,0.1
scenario_0021,gate_ship,5,0.5109025374578466,3.9669100900267935,11,49,20,35.00301306686295,0.43526133164820274,39.76453766805352,0.3473108779750974,71.21391140647043,600,900,3.16652847369518,0.21819290064468147,0.39399497999631033,0.4173744465092062,1.589179792494705,1.3923062821875007,0.7818070993553186,reactive_gate,346,295,10,0.03278688524590164,0.17647058823529413,295,60.68263384058491,1067.4842981355887,0.0,600.0,0,101,0,0,0,0.010355116510044006,0.48816131405889235,4457760393.792722,0.0,0,0.0,0.0,0.0,0.0,17,4,0.701309352936824,0.7291901672847824,0.44264676473946934,0.1065159100251322,160.9090909090909,0.1
scenario_0021,lease,1,0.5109025374578466,3.9669100900267935,11,49,20,35.00301306686295,0.43526133164820274,39.76453766805352,0.3473108779750974,71.21391140647043,600,900,3.16652847369518,0.21819290064468147,0.39399497999631033,0.4173744465092062,1.589179792494705,1.3923062821875007,0.7818070993553186,lease,198,174,5,0.027932960893854747,0.10416666666666667,174,133.80616098841938,1910.1064677283946,2.4312774418289185,600.0,0,81,0,0,0,0.006134489354992063,0.2749040010559017,2615847158.206106,6477.006805729422,36,11.840811009221738,0.0,193200.0,7.605316521961186,29,7,0.8129481930359467,0.8495492699819923,0.35173630440771353,0.12179062732704307,94.9090909090909,0.16
scenario_0021,lease,2,0.5109025374578466,3.9669100900267935,11,49,20,35.00301306686295,0.43526133164820274,39.76453766805352,0.3473108779750974,71.21391140647043,600,900,3.16652847369518,0.21819290064468147,0.39399497999631033,0.4173744465092062,1.589179792494705,1.3923062821875007,0.7818070993553186,lease,198,171,10,0.055248618784530384,0.17647058823529413,171,145.93366498702198,2095.0760078619505,0.0,600.0000000000005,0,93,0,0,0,0.016395130683246932,0.6867080509772223,2380143881.386859,3536.4051828583333,26,12.986452530195947,0.8323949741807155,324600.0,11.913131421471235,26,5,0.7166523652107484,0.7540040377236977,0.33277592919286103,0.0711094051455536,93.27272727272728,0.16
scenario_0021,lease,3,0.5109025374578466,3.9669100900267935,11,49,20,35.00301306686295,0.43526133164820274,39.76453766805352,0.3473108779750974,71.21391140647043,600,900,3.16652847369518,0.21819290064468147,0.39399497999631033,0.4173744465092062,1.589179792494705,1.3923062821875007,0.7818070993553186,lease,184,161,8,0.047337278106508875,0.14814814814814814,161,131.9453956087218,1405.5735403586423,0.0,462.2825087636347,0,60,0,0,0,0.03611730989229223,0.5719543807728196,2632199184.3420863,4136.686352413501,21,10.08478870386125,0.0,142800.0,4.326350694817847,10,5,0.7652492686000665,0.8459496085090522,0.30770521612982976,0.09923264462287025,87.81818181818183,0.14
scenario_0021,lease,4,0.5109025374578466,3.9669100900267935,11,49,20,35.00301306686295,0.43526133164820274,39.76453766805352,0.3473108779750974,71.21391140647043,600,900,3.16652847369518,0.21819290064468147,0.39399497999631033,0.4173744465092062,1.589179792494705,1.3923062821875007,0.7818070993553186,lease,305,275,13,0.04513888888888889,0.2,275,81.13576308854681,2014.9712883775342,0.0,600.0,0,141,0,0,0,0.056177841077080716,0.5877134908249462,2443395191.74527,4764.241952004771,25,21.28341163120126,3.8527589974091825,448200.0,8.833247462829604,58,6,0.7515639005130337,0.833589434673477,0.4316997173071037,0.0915604353973202,150.0,0.22
scenario_0021,lease,5,0.5109025374578466,3.9669100900267935,11,49,20,35.00301306686295,0.43526133164820274,39.76453766805352,0.3473108779750974,71.21391140647043,600,900,3.16652847369518,0.21819290064468147,0.39399497999631033,0.4173744465092062,1.589179792494705,1.3923062821875007,0.7818070993553186,lease,342,291,10,0.03322259136212625,0.17647058823529413,291,60.7005783581335,1120.1533479633408,0.0,600.0,0,101,0,0,0,0.013359527726581394,0.4840382396879426,4418736250.633645,6271.512502832009,32,12.6105920709891,0.9106873728414939,408600.0,6.478503310869655,18,4,0.6915929197740064,0.7179074640688893,0.4342961100927692,0.10126993540813191,158.72727272727272,0.23
scenario_0021,clairvoyant,1,0.5109025374578466,3.9669100900267935,11,49,20,35.00301306686295,0.43526133164820274,39.76453766805352,0.3473108779750974,71.21391140647043,600,900,3.16652847369518,0.21819290064468147,0.39399497999631033,0.4173744465092062,1.589179792494705,1.3923062821875007,0.7818070993553186,clairvoyant,200,175,5,0.027777777777777776,0.10638297872340426,175,138.4757998188561,1907.829615066823,5.108775714277162,600.0,0,79,0,0,0,0.003757467352315164,0.27167229165913853,1389988480.4110293,202.65782231649342,64,0.0,0.0,0.0,0.0,29,7,0.8012245774592635,0.8368129362184318,0.35202277907866547,0.12393876451324132,95.45454545454545,0.07
scenario_0021,clairvoyant,2,0.5109025374578466,3.9669100900267935,11,49,20,35.00301306686295,0.43526133164820274,39.76453766805352,0.3473108779750974,71.21391140647043,600,900,3.16652847369518,0.21819290064468147,0.39399497999631033,0.4173744465092062,1.589179792494705,1.3923062821875007,0.7818070993553186,clairvoyant,197,168,10,0.056179775280898875,0.17647058823529413,168,145.0654788517386,1585.9997155752922,0.0,600.0000000000005,0,91,0,0,0,0.01184508632654517,0.7023759855189784,2173782855.092293,126.66113894780847,40,0.0,0.0,0.0,0.0,24,5,0.7324889606212792,0.7720652503202599,0.3201624032457442,0.06810161842171827,91.63636363636364,0.06
scenario_0021,clairvoyant,3,0.5109025374578466,3.9669100900267935,11,49,20,35.00301306686295,0.43526133164820274,39.76453766805352,0.3473108779750974,71.21391140647043,600,900,3.16652847369518,0.21819290064468147,0.39399497999631033,0.4173744465092062,1.589179792494705,1.3923062821875007,0.7818070993553186,clairvoyant,184,162,8,0.047058823529411764,0.14814814814814814,162,130.47609597205974,1394.5905128610852,0.0,462.2825087636347,0,60,0,0,0,0.04366121484193624,0.5740346646994697,2861848081.4319553,202.65782231649382,64,0.0,0.0,0.0,0.0,10,5,0.7639705137961864,0.8445382831648321,0.3060449498481317,0.0983450570961527,88.36363636363637,0.05
scenario_0021,clairvoyant,4,0.5109025374578466,3.9669100900267935,11,49,20,35.00301306686295,0.43526133164820274,39.76453766805352,0.3473108779750974,71.21391140647043,600,900,3.16652847369518,0.21819290064468147,0.39399497999631033,0.4173744465092062,1.589179792494705,1.3923062821875007,0.7818070993553186,clairvoyant,306,276,13,0.04498269896193772,0.203125,276,73.96485390555245,1674.1194724344014,0.0,600.0,0,141,0,0,0,0.04569379609085846,0.589129407179385,2080833291.897781,174.15906605323676,55,0.0,0.0,0.0,0.0,60,6,0.7530608876063865,0.8353432053610831,0.4303695107661699,0.09090179757090464,150.54545454545456,0.09
scenario_0021,clairvoyant,5,0.5109025374578466,3.9669100900267935,11,49,20,35.00301306686295,0.43526133164820274,39.76453766805352,0.3473108779750974,71.21391140647043,600,900,3.16652847369518,0.21819290064468147,0.39399497999631033,0.4173744465092062,1.589179792494705,1.3923062821875007,0.7818070993553186,clairvoyant,343,294,9,0.0297029702970297,0.1568627450980392,294,63.77171718384693,941.689638548147,1.0358666274382482,600.0,0,104,0,0,0,0.008213149983873342,0.5231476703644894,2302738779.532388,177.32559452693056,56,0.0,0.0,0.0,0.0,19,6,0.7094481237388776,0.7406768581586198,0.44083805077582355,0.10239402212360428,160.36363636363637,0.09
scenario_0021,gate_srpt,1,0.5109025374578466,3.9669100900267935,11,49,20,35.00301306686295,0.43526133164820274,39.76453766805352,0.3473108779750974,71.21391140647043,600,900,3.16652847369518,0.21819290064468147,0.39399497999631033,0.4173744465092062,1.589179792494705,1.3923062821875007,0.7818070993553186,reactive_gate,200,175,5,0.027777777777777776,0.10416666666666667,175,137.91903296317196,1917.2492704699825,2.8695891049610722,600.0,0,79,0,0,0,0.00548641608722698,0.2688719015093732,2845302313.917543,0.0,0,0.0,0.0,0.0,0.0,29,7,0.8164300946854014,0.8530294614102348,0.3548802580819854,0.12585971949019004,95.45454545454545,0.07
scenario_0021,gate_srpt,2,0.5109025374578466,3.9669100900267935,11,49,20,35.00301306686295,0.43526133164820274,39.76453766805352,0.3473108779750974,71.21391140647043,600,900,3.16652847369518,0.21819290064468147,0.39399497999631033,0.4173744465092062,1.589179792494705,1.3923062821875007,0.7818070993553186,reactive_gate,195,165,10,0.05714285714285714,0.17647058823529413,165,144.51349271916206,1745.247227088665,0.0,600.0,0,90,0,0,0,0.026744171642912925,0.690869294543346,2329176099.1394324,0.0,0,0.0,0.0,0.0,0.0,24,5,0.7254827670989772,0.7587865211825753,0.32039889385109843,0.06982872155334142,90.0,0.07
scenario_0021,gate_srpt,3,0.5109025374578466,3.9669100900267935,11,49,20,35.00301306686295,0.43526133164820274,39.76453766805352,0.3473108779750974,71.21391140647043,600,900,3.16652847369518,0.21819290064468147,0.39399497999631033,0.4173744465092062,1.589179792494705,1.3923062821875007,0.7818070993553186,reactive_gate,184,161,8,0.047337278106508875,0.14814814814814814,161,133.66070097072406,1405.5735403586423,0.0,462.2825087636347,0,60,0,0,0,0.03421784925730938,0.5708918306409801,2723756138.250795,0.0,0,0.0,0.0,0.0,0.0,10,5,0.7565187311024252,0.8362517732469206,0.3084928081632173,0.09968849497790067,87.81818181818183,0.06
scenario_0021,gate_srpt,4,0.5109025374578466,3.9669100900267935,11,49,20,35.00301306686295,0.43526133164820274,39.76453766805352,0.3473108779750974,71.21391140647043,600,900,3.16652847369518,0.21819290064468147,0.39399497999631033,0.4173744465092062,1.589179792494705,1.3923062821875007,0.7818070993553186,reactive_gate,305,276,13,0.04498269896193772,0.203125,276,71.67907456583225,1380.5345275603424,0.9226795725540843,600.0,0,139,0,0,0,0.08115538429013226,0.5867860098878033,2934398445.97566,0.0,0,0.0,0.0,0.0,0.0,59,5,0.7588394066705584,0.8422658511808893,0.4349912940477032,0.09199359207505609,150.54545454545456,0.1
scenario_0021,gate_srpt,5,0.5109025374578466,3.9669100900267935,11,49,20,35.00301306686295,0.43526133164820274,39.76453766805352,0.3473108779750974,71.21391140647043,600,900,3.16652847369518,0.21819290064468147,0.39399497999631033,0.4173744465092062,1.589179792494705,1.3923062821875007,0.7818070993553186,reactive_gate,344,295,10,0.03278688524590164,0.18,295,60.68263384058491,1038.994175164451,0.6083340171223431,600.0,0,96,0,0,0,0.009862240798712802,0.4790135160249889,4444800162.510185,0.0,0,0.0,0.0,0.0,0.0,18,5,0.6914467055703608,0.7181519814509387,0.4555700799663299,0.10338608163125174,160.9090909090909,0.1
scenario_0022,gate_sampled,1,0.8501365254760336,1.822321820921275,26,144,17,22.64469855025049,0.17884695235637801,117.32143150110292,0.4349173870814367,302.62534558130545,900,300,8.607250576009825,0.18206493239198968,1.0003232543898262,0.6157907176107047,1.0093433142409272,0.5679253338283048,0.8179350676080104,reactive_gate,283,257,1,0.003875968992248062,0.014285714285714285,257,185.45321735049583,1723.1410180913997,0.0,900.0000000000005,0,33,0,0,0,0.0050779329635331875,0.4128821491335882,5039786490.5464735,0.0,0,0.0,0.0,0.0,0.0,91,12,0.6385027364690844,0.6441532031635011,0.1719858708485247,0.21465035739950017,140.1818181818182,0.08
scenario_0022,gate_sampled,2,0.8501365254760336,1.822321820921275,26,144,17,22.64469855025049,0.17884695235637801,117.32143150110292,0.4349173870814367,302.62534558130545,900,300,8.607250576009825,0.18206493239198968,1.0003232543898262,0.6157907176107047,1.0093433142409272,0.5679253338283048,0.8179350676080104,reactive_gate,308,272,0,0.0,0.0,272,145.98319440108617,1658.1826831892952,3.342605896634738,900.0,0,20,0,0,0,0.0,0.2673374169955917,3366713954.064643,0.0,0,0.0,0.0,0.0,0.0,89,25,0.6958651428595412,0.6958651428595412,0.21895444493256033,0.21648654822630362,148.36363636363637,0.09
scenario_0022,gate_sampled,3,0.8501365254760336,1.822321820921275,26,144,17,22.64469855025049,0.17884695235637801,117.32143150110292,0.4349173870814367,302.62534558130545,900,300,8.607250576009825,0.18206493239198968,1.0003232543898262,0.6157907176107047,1.0093433142409272,0.5679253338283048,0.8179350676080104,reactive_gate,299,265,2,0.00749063670411985,0.01694915254237288,265,77.52072731594717,1339.7442909002955,0.0,900.0,0,28,0,0,0,0.0053024186963282535,0.43945222457981087,4205838842.671241,0.0,0,0.0,0.0,0.0,0.0,56,19,0.6673478857547622,0.6712547375835245,0.1578208383290499,0.19908429575208292,144.54545454545456,0.07
scenario_0022,gate_sampled,4,0.8501365254760336,1.822321820921275,26,144,17,22.64469855025049,0.17884695235637801,117.32143150110292,0.4349173870814367,302.62534558130545,900,300,8.607250576009825,0.18206493239198968,1.0003232543898262,0.6157907176107047,1.0093433142409272,0.5679253338283048,0.8179350676080104,reactive_gate,327,300,1,0.0033222591362126247,0.015873015873015872,300,32.5156095110583,1299.2952567746822,0.0,609.9953076896263,0,17,0,0,0,0.004205384662229287,0.35321855575546124,4081139011.998964,0.0,0,0.0,0.0,0.0,0.0,66,28,0.771074926583961,0.7781490084792267,0.15428130435269857,0.19223859898637183,163.63636363636365,0.08
scenario_0022,gate_sampled,5,0.8501365254760336,1.822321820921275,26,144,17,22.64469855025049,0.17884695235637801,117.32143150110292,0.4349173870814367,302.62534558130545,900,300,8.607250576009825,0.18206493239198968,1.0003232543898262,0.6157907176107047,1.0093433142409272,0.5679253338283048,0.8179350676080104,reactive_gate,393,340,2,0.005847953216374269,0.0425531914893617,340,58.827609347747284,2644.107263833524,0.0,900.0,0,55,0,0,0,0.00028320281087651185,0.44129985046526243,5760536887.619457,0.0,0,0.0,0.0,0.0,0.0,48,11,0.5005345221234616,0.504725204798758,0.16340869090809476,0.2223685006841542,185.45454545454547,0.09
scenario_0022,gate_ship,1,0.8501365254760336,1.822321820921275,26,144,17,22.64469855025049,0.17884695235637801,117.32143150110292,0.4349173870814367,302.62534558130545,900,300,8.607250576009825,0.18206493239198968,1.0003232543898262,0.6157907176107047,1.0093433142409272,0.5679253338283048,0.8179350676080104,reactive_gate,320,304,1,0.003278688524590164,0.012987012987012988,304,126.80386319472223,1285.3500351965831,0.0,383.2226358175658,0,21,0,0,0,0.003728102794645056,0.38967953837314645,3791557405.717655,0.0,0,0.0,0.0,0.0,0.0,105,37,0.9057725176282628,0.913788203624973,0.20204889966230352,0.24881216916518933,165.8181818181818,0.09
scenario_0022,gate_ship,2,0.8501365254760336,1.822321820921275,26,144,17,22.64469855025049,0.17884695235637801,117.32143150110292,0.4349173870814367,302.62534558130545,900,300,8.607250576009825,0.18206493239198968,1.0003232543898262,0.6157907176107047,1.0093433142409272,0.5679253338283048,0.8179350676080104,reactive_gate,327,300,0,0.0,0.0,300,162.48892411471707,1230.5806721344889,18.62925180730795,243.63323549118104,0,11,0,0,0,0.0,0.2331077960732984,3047540806.6972594,0.0,0,0.0,0.0,0.0,0.0,95,33,0.8365179889685118,0.8365179889685118,0.2422440504701851,0.26321657714398017,163.63636363636365,0.1
scenario_0022,gate_ship,3,0.8501365254760336,1.822321820921275,26,144,17,22.64469855025049,0.17884695235637801,117.32143150110292,0.4349173870814367,302.62534558130545,900,300,8.607250576009825,0.18206493239198968,1.0003232543898262,0.6157907176107047,1.0093433142409272,0.5679253338283048,0.8179350676080104,reactive_gate,321,298,2,0.006666666666666667,0.015384615384615385,298,75.6401273559336,1185.3188610247382,0.0,80.08275142614002,0,25,0,0,0,0.004369757566886525,0.42811121668109003,3807892690.9667315,0.0,0,0.0,0.0,0.0,0.0,64,31,0.8845358331280325,0.892340953480273,0.17917775870888372,0.22880154830046243,162.54545454545456,0.09
scenario_0022,gate_ship,4,0.8501365254760336,1.822321820921275,26,144,17,22.64469855025049,0.17884695235637801,117.32143150110292,0.4349173870814367,302.62534558130545,900,300,8.607250576009825,0.18206493239198968,1.0003232543898262,0.6157907176107047,1.0093433142409272,0.5679253338283048,0.8179350676080104,reactive_gate,333,313,1,0.0031847133757961785,0.014925373134328358,313,34.42814023004303,1296.2508464008981,0.0,98.91057916953196,0,18,0,0,0,0.003908418479102857,0.3521478353452132,3918350355.876936,0.0,0,0.0,0.0,0.0,0.0,72,42,0.8777226877244187,0.8857751894466611,0.16569602757107565,0.20742101672665533,170.72727272727275,0.08
scenario_0022,gate_ship,5,0.8501365254760336,1.822321820921275,26,144,17,22.64469855025049,0.17884695235637801,117.32143150110292,0.4349173870814367,302.62534558130545,900,300,8.607250576009825,0.18206493239198968,1.0003232543898262,0.6157907176107047,1.0093433142409272,0.5679253338283048,0.8179350676080104,reactive_gate,474,436,2,0.0045662100456621,0.03389830508474576,436,91.0500413928138,1432.851301097446,2.57481636693914,278.7390610103612,0,24,0,0,0,0.00013600708084476274,0.366682903514636,5074717081.9187565,0.0,0,0.0,0.0,0.0,0.0,67,18,0.7877285073846326,0.796756395585892,0.21858657672882673,0.31842529404409725,237.81818181818184,0.12
scenario_0022,lease,1,0.8501365254760336,1.822321820921275,26,144,17,22.64469855025049,0.17884695235637801,117.32143150110292,0.4349173870814367,302.62534558130545,900,300,8.607250576009825,0.18206493239198968,1.0003232543898262,0.6157907176107047,1.0093433142409272,0.5679253338283048,0.8179350676080104,lease,320,303,1,0.003289473684210526,0.012987012987012988,303,136.36902999191125,1287.2734816163509,0.0,409.18017956050426,0,21,0,0,0,0.0036131514306090447,0.3891499134726624,3237278927.9463587,7895.259703745233,25,327.6168354854383,107.44539955729033,373800.0,681.7516320324133,104,24,0.8902997544973218,0.8981785133866785,0.2022529162009643,0.24932835180564608,165.27272727272728,0.21
scenario_0022,lease,2,0.8501365254760336,1.822321820921275,26,144,17,22.64469855025049,0.17884695235637801,117.32143150110292,0.4349173870814367,302.62534558130545,900,300,8.607250576009825,0.18206493239198968,1.0003232543898262,0.6157907176107047,1.0093433142409272,0.5679253338283048,0.8179350676080104,lease,329,302,0,0.0,0.0,302,158.62066254216688,1290.6482326170183,8.259649534759498,251.16009891506746,0,12,0,0,0,0.0,0.2536930735882382,1953808306.6086745,6087.519275090347,39,412.02654187369785,34.55899217804199,498600.0,404.336613065948,96,29,0.8460241675062481,0.8460241675062481,0.24341871958490227,0.2560998633975827,164.72727272727275,0.24
scenario_0022,lease,3,0.8501365254760336,1.822321820921275,26,144,17,22.64469855025049,0.17884695235637801,117.32143150110292,0.4349173870814367,302.62534558130545,900,300,8.607250576009825,0.18206493239198968,1.0003232543898262,0.6157907176107047,1.0093433142409272,0.5679253338283048,0.8179350676080104,lease,317,295,2,0.006734006734006734,0.015625,295,83.36964813344184,1177.0408047696583,0.0,194.04881875832234,0,25,0,0,0,0.0036308402527745363,0.4291972641093025,2976335562.9235816,5181.614851059296,24,836.5737734245313,71.19408671517158,344400.0,105.1353051465419,63,23,0.8608570199186898,0.8681811379762117,0.17845723906471023,0.22781975420325257,160.9090909090909,0.19
scenario_0022,lease,4,0.8501365254760336,1.822321820921275,26,144,17,22.64469855025049,0.17884695235637801,117.32143150110292,0.4349173870814367,302.62534558130545,900,300,8.607250576009825,0.18206493239198968,1.0003232543898262,0.6157907176107047,1.0093433142409272,0.5679253338283048,0.8179350676080104,lease,333,313,1,0.0031847133757961785,0.014925373134328358,313,33.54663867539057,1287.6435958248878,0.0,90.60695363036848,0,18,0,0,0,0.00409542047518335,0.35336601284943164,3575491442.6661777,9071.767932479956,20,189.3163232125803,30.17489413810381,376200.0,192.19735504914945,72,36,0.8742526305822775,0.8822732969178948,0.1650507522612715,0.20623403512695182,170.72727272727275,0.19
scenario_0022,lease,5,0.8501365254760336,1.822321820921275,26,144,17,22.64469855025049,0.17884695235637801,117.32143150110292,0.4349173870814367,302.62534558130545,900,300,8.607250576009825,0.18206493239198968,1.0003232543898262,0.6157907176107047,1.0093433142409272,0.5679253338283048,0.8179350676080104,lease,477,442,2,0.0045045045045045045,0.03389830508474576,442,102.00314802488265,1460.134407977039,0.0,253.3770274123881,0,24,0,0,0,0.0001479365384620956,0.36654142438758636,3860264788.7950997,4289.182796070132,26,733.9921224519826,125.70111568009179,420000.0,790.6887094954981,66,17,0.7863230374284877,0.7953081197127511,0.21676748168818363,0.3190335977307335,241.0909090909091,0.27
scenario_0022,clairvoyant,1,0.8501365254760336,1.822321820921275,26,144,17,22.64469855025049,0.17884695235637801,117.32143150110292,0.4349173870814367,302.62534558130545,900,300,8.607250576009825,0.18206493239198968,1.0003232543898262,0.6157907176107047,1.0093433142409272,0.5679253338283048,0.8179350676080104,clairvoyant,322,308,1,0.003236245954692557,0.012987012987012988,308,112.76791335423331,1274.3129313881489,2.4038936024769972,450.2851304665055,0,21,0,0,0,0.004392503555822042,0.39036332251003963,1806059597.2854729,748.8308001128562,87,0.0,0.0,0.0,0.0,110,32,0.9013667071634366,0.9093434036870068,0.20232296890004584,0.24726377886650402,168.0,0.09
scenario_0022,clairvoyant,2,0.8501365254760336,1.822321820921275,26,144,17,22.64469855025049,0.17884695235637801,117.32143150110292,0.4349173870814367,302.62534558130545,900,300,8.607250576009825,0.18206493239198968,1.0003232543898262,0.6157907176107047,1.0093433142409272,0.5679253338283048,0.8179350676080104,clairvoyant,335,307,0,0.0,0.0,307,139.82772924083974,1253.2092841419842,8.787025967286809,468.5566249334215,0,11,0,0,0,0.0,0.2381895820817654,1098975556.12221,834.9033058729547,97,0.0,0.0,0.0,0.0,97,28,0.8732966090109735,0.8732966090109735,0.24205846880292076,0.2550187415334893,167.45454545454547,0.1
scenario_0022,clairvoyant,3,0.8501365254760336,1.822321820921275,26,144,17,22.64469855025049,0.17884695235637801,117.32143150110292,0.4349173870814367,302.62534558130545,900,300,8.607250576009825,0.18206493239198968,1.0003232543898262,0.6157907176107047,1.0093433142409272,0.5679253338283048,0.8179350676080104,clairvoyant,319,297,2,0.006688963210702341,0.015384615384615385,297,74.762397557432,1165.3751056938336,0.0,170.75649925694688,0,25,0,0,0,0.0030453130119150237,0.43296791243919847,1767735732.7433152,938.1903127850735,109,0.0,0.0,0.0,0.0,65,30,0.8776747418769868,0.8857977189145374,0.17691317535811768,0.22389594379839556,162.0,0.08
scenario_0022,clairvoyant,4,0.8501365254760336,1.822321820921275,26,144,17,22.64469855025049,0.17884695235637801,117.32143150110292,0.4349173870814367,302.62534558130545,900,300,8.607250576009825,0.18206493239198968,1.0003232543898262,0.6157907176107047,1.0093433142409272,0.5679253338283048,0.8179350676080104,clairvoyant,333,314,1,0.0031746031746031746,0.014925373134328358,314,30.356945226539892,1272.2552606410782,0.0,117.29102431279352,0,18,0,0,0,0.005600019133281705,0.35753784927642784,1405903671.1073961,1015.6555679691605,118,0.0,0.0,0.0,0.0,73,39,0.8824104328727989,0.8905059414312649,0.16398376675034368,0.202230315259779,171.27272727272728,0.08
scenario_0022,clairvoyant,5,0.8501365254760336,1.822321820921275,26,144,17,22.64469855025049,0.17884695235637801,117.32143150110292,0.4349173870814367,302.62534558130545,900,300,8.607250576009825,0.18206493239198968,1.0003232543898262,0.6157907176107047,1.0093433142409272,0.5679253338283048,0.8179350676080104,clairvoyant,483,454,2,0.0043859649122807015,0.03225806451612903,454,80.32795808647063,1436.2136359652748,1.7881543565710099,900.0,0,26,0,0,0,0.000153754268840982,0.3657043067738792,2318872217.3362117,731.6162989608365,85,0.0,0.0,0.0,0.0,64,18,0.8251532489758735,0.83491743709606,0.21863783393849742,0.32020263016627604,247.63636363636365,0.11
scenario_0022,gate_srpt,1,0.8501365254760336,1.822321820921275,26,144,17,22.64469855025049,0.17884695235637801,117.32143150110292,0.4349173870814367,302.62534558130545,900,300,8.607250576009825,0.18206493239198968,1.0003232543898262,0.6157907176107047,1.0093433142409272,0.5679253338283048,0.8179350676080104,reactive_gate,323,305,1,0.0032679738562091504,0.01282051282051282,305,112.85268896315665,1282.79966112732,3.051160158606221,504.8151829417084,0,21,0,0,0,0.0034113819225215177,0.3859170276449086,3724582722.4915833,0.0,0,0.0,0.0,0.0,0.0,106,40,0.9035592141499766,0.911555313390242,0.20543977619887238,0.25293643225529616,166.36363636363637,0.09
scenario_0022,gate_srpt,2,0.8501365254760336,1.822321820921275,26,144,17,22.64469855025049,0.17884695235637801,117.32143150110292,0.4349173870814367,302.62534558130545,900,300,8.607250576009825,0.18206493239198968,1.0003232543898262,0.6157907176107047,1.0093433142409272,0.5679253338283048,0.8179350676080104,reactive_gate,330,302,0,0.0,0.0,302,154.047768311563,1213.7914494182148,10.985552645939421,242.2513527405181,0,12,0,0,0,0.0,0.2526747808477304,2750817215.8991666,0.0,0,0.0,0.0,0.0,0.0,96,32,0.849141945283333,0.849141945283333,0.24407270096925868,0.25762518130096745,164.72727272727275,0.1
scenario_0022,gate_srpt,3,0.8501365254760336,1.822321820921275,26,144,17,22.64469855025049,0.17884695235637801,117.32143150110292,0.4349173870814367,302.62534558130545,900,300,8.607250576009825,0.18206493239198968,1.0003232543898262,0.6157907176107047,1.0093433142409272,0.5679253338283048,0.8179350676080104,reactive_gate,321,298,2,0.006666666666666667,0.015384615384615385,298,75.44933392544522,1184.7047665140772,0.0,80.08275142614002,0,25,0,0,0,0.004320859102839336,0.42820248406655137,3845514319.222804,0.0,0,0.0,0.0,0.0,0.0,64,33,0.8837085956642817,0.8914872968562636,0.1790427651465344,0.22874269031664848,162.54545454545456,0.08
scenario_0022,gate_srpt,4,0.8501365254760336,1.822321820921275,26,144,17,22.64469855025049,0.17884695235637801,117.32143150110292,0.4349173870814367,302.62534558130545,900,300,8.607250576009825,0.18206493239198968,1.0003232543898262,0.6157907176107047,1.0093433142409272,0.5679253338283048,0.8179350676080104,reactive_gate,333,312,1,0.003194888178913738,0.014925373134328358,312,33.9873894527168,1296.9784200847075,0.0,91.73876549528086,0,18,0,0,0,0.0039022827826300055,0.35209893046735224,3947445507.774972,0.0,0,0.0,0.0,0.0,0.0,73,41,0.8777055450350358,0.8857578894848986,0.16594281088996474,0.20746884070052715,170.1818181818182,0.08
scenario_0022,gate_srpt,5,0.8501365254760336,1.822321820921275,26,144,17,22.64469855025049,0.17884695235637801,117.32143150110292,0.4349173870814367,302.62534558130545,900,300,8.607250576009825,0.18206493239198968,1.0003232543898262,0.6157907176107047,1.0093433142409272,0.5679253338283048,0.8179350676080104,reactive_gate,473,439,2,0.0045351473922902496,0.03389830508474576,439,92.22485139526088,1425.896660422477,3.279288853387375,237.24017145858397,0,24,0,0,0,0.0001259475218658892,0.3686260498087859,5125993009.74372,0.0,0,0.0,0.0,0.0,0.0,67,17,0.7904328959728422,0.7995154058696657,0.2198741996518439,0.31604436265829033,239.45454545454547,0.12
scenario_0023,gate_sampled,1,2.683252081389016,2.1176561147557997,17,175,25,65.4400143910757,0.4722265658195285,106.85638947480813,0.2760126661020992,93.192099900126,900,60,3.2722222532050784,0.09676648049179958,0.44381603347375753,0.8464506466302258,1.2391436857735545,1.390041108221815,0.9032335195082004,reactive_gate,698,540,7,0.012797074954296161,0.031055900621118012,540,304.5449009519589,2452.3578554655105,61.297326034897694,900.0000000000005,0,272,1,0,0,0.0044042695285975205,0.4910231105298126,686541043.107893,0.0,0,0.0,0.0,0.0,0.0,106,7,0.47642986280448424,0.4827366460607135,0.8148831929513842,0.20039269515707167,294.54545454545456,0.31
scenario_0023,gate_sampled,2,2.683252081389016,2.1176561147557997,17,175,25,65.4400143910757,0.4722265658195285,106.85638947480813,0.2760126661020992,93.192099900126,900,60,3.2722222532050784,0.09676648049179958,0.44381603347375753,0.8464506466302258,1.2391436857735545,1.390041108221815,0.9032335195082004,reactive_gate,840,628,11,0.017214397496087636,0.058823529411764705,628,148.74281670276787,3088.649516091375,84.08422517366485,900.0000000000005,0,373,0,0,0,0.008579486148376352,0.4278201699736786,930642355.4876754,0.0,0,0.0,0.0,0.0,0.0,126,2,0.3973455390869871,0.4018019015087547,0.8179583984109572,0.194988170022669,342.54545454545456,0.41
scenario_0023,gate_sampled,3,2.683252081389016,2.1176561147557997,17,175,25,65.4400143910757,0.4722265658195285,106.85638947480813,0.2760126661020992,93.192099900126,900,60,3.2722222532050784,0.09676648049179958,0.44381603347375753,0.8464506466302258,1.2391436857735545,1.390041108221815,0.9032335195082004,reactive_gate,791,657,9,0.013513513513513514,0.05555555555555555,657,82.22646299085955,3193.255904077592,52.21215848159354,900.0000000000005,0,270,3,0,0,0.0077167843481165295,0.5456501785222283,1196380705.2366664,0.0,0,0.0,0.0,0.0,0.0,118,7,0.5014473058589488,0.5083559908336007,0.7263386447735272,0.2001196607050769,358.3636363636364,0.29
scenario_0023,gate_sampled,4,2.683252081389016,2.1176561147557997,17,175,25,65.4400143910757,0.4722265658195285,106.85638947480813,0.2760126661020992,93.192099900126,900,60,3.2722222532050784,0.09676648049179958,0.44381603347375753,0.8464506466302258,1.2391436857735545,1.390041108221815,0.9032335195082004,reactive_gate,920,728,10,0.013550135501355014,0.05202312138728324,728,74.99217243974908,2878.515087720586,69.84944472839078,900.0000000000005,0,375,5,0,0,0.021230285262185022,0.556728355685228,1051256151.2172049,0.0,0,0.0,0.0,0.0,0.0,142,5,0.44365090574731864,0.45121229531972956,0.7847350067149627,0.1780080697293375,397.0909090909091,0.35
scenario_0023,gate_sampled,5,2.683252081389016,2.1176561147557997,17,175,25,65.4400143910757,0.4722265658195285,106.85638947480813,0.2760126661020992,93.192099900126,900,60,3.2722222532050784,0.09676648049179958,0.44381603347375753,0.8464506466302258,1.2391436857735545,1.390041108221815,0.9032335195082004,reactive_gate,995,787,8,0.010062893081761006,0.04,787,104.79848282262083,2797.337618699204,99.48920988101459,900.0000000000005,0,377,3,0,0,0.010515881329695978,0.4858384246497159,1171289238.081924,0.0,0,0.0,0.0,0.0,0.0,113,4,0.36818029492497684,0.3726209937986919,0.7811369575239576,0.17474111670399115,429.2727272727273,0.43
scenario_0023,gate_ship,1,2.683252081389016,2.1176561147557997,17,175,25,65.4400143910757,0.4722265658195285,106.85638947480813,0.2760126661020992,93.192099900126,900,60,3.2722222532050784,0.09676648049179958,0.44381603347375753,0.8464506466302258,1.2391436857735545,1.390041108221815,0.9032335195082004,reactive_gate,688,534,6,0.011111111111111112,0.025477707006369428,534,351.8614571783495,2900.688181221722,338.3977674530355,900.0000000000005,0,252,2,0,0,0.003307855611917406,0.4992352344172158,550806834.8637078,0.0,0,0.0,0.0,0.0,0.0,107,7,0.47162313850844073,0.4764372576897392,0.8176918878452701,0.21287037066841466,291.2727272727273,0.35
scenario_0023,gate_ship,2,2.683252081389016,2.1176561147557997,17,175,25,65.4400143910757,0.4722265658195285,106.85638947480813,0.2760126661020992,93.192099900126,900,60,3.2722222532050784,0.09676648049179958,0.44381603347375753,0.8464506466302258,1.2391436857735545,1.390041108221815,0.9032335195082004,reactive_gate,850,653,7,0.010606060606060607,0.03636363636363636,653,154.59931160753786,2842.23092128389,211.9458571279704,900.0000000000005,0,358,0,0,0,0.006129119401182036,0.40614702101861533,1119839430.2649164,0.0,0,0.0,0.0,0.0,0.0,127,4,0.42827918924560165,0.43150902937294144,0.8290263351044381,0.21179841445026268,356.1818181818182,0.48
scenario_0023,gate_ship,3,2.683252081389016,2.1176561147557997,17,175,25,65.4400143910757,0.4722265658195285,106.85638947480813,0.2760126661020992,93.192099900126,900,60,3.2722222532050784,0.09676648049179958,0.44381603347375753,0.8464506466302258,1.2391436857735545,1.390041108221815,0.9032335195082004,reactive_gate,804,655,8,0.012066365007541479,0.05194805194805195,655,86.99236195058893,3015.744312809148,72.87859953679113,900.0000000000005,0,278,1,0,0,0.0062432819734859046,0.5642647012836054,1135623649.1686063,0.0,0,0.0,0.0,0.0,0.0,117,7,0.5176289904782377,0.5229123731123719,0.7545792037113214,0.2078936421009353,357.2727272727273,0.31
scenario_0023,gate_ship,4,2.683252081389016,2.1176561147557997,17,175,25,65.4400143910757,0.4722265658195285,106.85638947480813,0.2760126661020992,93.192099900126,900,60,3.2722222532050784,0.09676648049179958,0.44381603347375753,0.8464506466302258,1.2391436857735545,1.390041108221815,0.9032335195082004,reactive_gate,931,746,8,0.010610079575596816,0.040697674418604654,746,85.99765066819214,2699.3612636535745,324.0534070332556,900.0000000000005,0,364,6,0,0,0.01907137514624842,0.5291919882433251,1018027804.6800253,0.0,0,0.0,0.0,0.0,0.0,137,5,0.4281484702202718,0.4316683612802416,0.8055829104582781,0.2028306673166778,406.90909090909093,0.41
scenario_0023,gate_ship,5,2.683252081389016,2.1176561147557997,17,175,25,65.4400143910757,0.4722265658195285,106.85638947480813,0.2760126661020992,93.192099900126,900,60,3.2722222532050784,0.09676648049179958,0.44381603347375753,0.8464506466302258,1.2391436857735545,1.390041108221815,0.9032335195082004,reactive_gate,1036,825,6,0.007220216606498195,0.02702702702702703,825,82.39681695871786,3133.8766757129342,178.88064610475794,900.0000000000005,0,330,6,0,0,0.010105487014881233,0.5220882962588378,1285915062.909885,0.0,0,0.0,0.0,0.0,0.0,111,5,0.38305870568069056,0.38563215724294553,0.7895128279400339,0.17472627923066988,450.0,0.48
scenario_0023,lease,1,2.683252081389016,2.1176561147557997,17,175,25,65.4400143910757,0.4722265658195285,106.85638947480813,0.2760126661020992,93.192099900126,900,60,3.2722222532050784,0.09676648049179958,0.44381603347375753,0.8464506466302258,1.2391436857735545,1.390041108221815,0.9032335195082004,lease,697,536,6,0.01107011070110701,0.02531645569620253,536,292.23356771734734,2876.9614291029056,172.96418035879262,900.0000000000005,0,278,3,0,0,0.003571707972150507,0.5047081986484233,605210363.778648,1156.9852292235987,9,34.45649294816167,24.347064960151783,1025400.0,1873.2072874665814,109,7,0.47229819615082314,0.4769082084451476,0.8248475372427138,0.2085659373305076,292.3636363636364,0.61
scenario_0023,lease,2,2.683252081389016,2.1176561147557997,17,175,25,65.4400143910757,0.4722265658195285,106.85638947480813,0.2760126661020992,93.192099900126,900,60,3.2722222532050784,0.09676648049179958,0.44381603347375753,0.8464506466302258,1.2391436857735545,1.390041108221815,0.9032335195082004,lease,848,636,9,0.013953488372093023,0.05128205128205128,636,149.9667064690433,2820.2442491589413,158.7823397498454,900.0000000000005,0,370,1,0,0,0.007890640572074963,0.41365883652382496,784128947.4584764,487.59517707833425,5,101.87491260267376,83.96414319387532,1231200.0,1239.9008286376122,122,3,0.4162369102653224,0.42088380906380685,0.8216928924806131,0.21313207942422235,346.90909090909093,0.75
scenario_0023,lease,3,2.683252081389016,2.1176561147557997,17,175,25,65.4400143910757,0.4722265658195285,106.85638947480813,0.2760126661020992,93.192099900126,900,60,3.2722222532050784,0.09676648049179958,0.44381603347375753,0.8464506466302258,1.2391436857735545,1.390041108221815,0.9032335195082004,lease,806,664,9,0.01337295690936107,0.056962025316455694,664,75.90393530151692,2966.21240096816,62.786631481864354,900.0000000000005,0,283,7,0,0,0.008313539397316893,0.5682790145703133,853148923.2427639,1533.159098061835,9,27.641728436046748,14.159492097296607,1214400.0,2567.247462652191,118,7,0.5174533744568695,0.524339660549519,0.7536535132509102,0.2080076700534745,362.1818181818182,0.61
scenario_0023,lease,4,2.683252081389016,2.1176561147557997,17,175,25,65.4400143910757,0.4722265658195285,106.85638947480813,0.2760126661020992,93.192099900126,900,60,3.2722222532050784,0.09676648049179958,0.44381603347375753,0.8464506466302258,1.2391436857735545,1.390041108221815,0.9032335195082004,lease,929,744,8,0.010638297872340425,0.04046242774566474,744,93.89447367850278,2601.818609793944,134.23589014894534,900.0000000000005,0,389,0,0,0,0.018201608372886324,0.5365275625146726,831722419.1991363,1296.4320484631212,6,310.75346716392744,301.3950255315235,1326600.0,714.0523476038936,139,5,0.4508719431790491,0.4550148765876027,0.8093685535483036,0.19568305282316292,405.8181818181818,0.69
scenario_0023,lease,5,2.683252081389016,2.1176561147557997,17,175,25,65.4400143910757,0.4722265658195285,106.85638947480813,0.2760126661020992,93.192099900126,900,60,3.2722222532050784,0.09676648049179958,0.44381603347375753,0.8464506466302258,1.2391436857735545,1.390041108221815,0.9032335195082004,lease,1024,822,5,0.006045949214026602,0.02027027027027027,822,92.17948511696932,2977.6707865712137,185.44378390044065,900.0000000000005,0,334,1,0,0,0.009490313734330635,0.513643574062522,922186238.3439494,2278.7560005169544,7,33.5700433685048,29.48669802094514,1553400.0,1270.2600072127652,114,4,0.37526004307248895,0.3766715721263518,0.7982464054991849,0.17177138143914109,448.3636363636364,0.82
scenario_0023,clairvoyant,1,2.683252081389016,2.1176561147557997,17,175,25,65.4400143910757,0.4722265658195285,106.85638947480813,0.2760126661020992,93.192099900126,900,60,3.2722222532050784,0.09676648049179958,0.44381603347375753,0.8464506466302258,1.2391436857735545,1.390041108221815,0.9032335195082004,clairvoyant,719,561,8,0.014059753954305799,0.0375,561,188.7814984955428,2635.925733037568,164.15377744530792,900.0000000000005,0,372,4,0,0,0.005638331370674288,0.5279407043469515,378221819.5075348,81.8055563301267,25,0.0,0.0,0.0,0.0,116,7,0.5892748792766381,0.5973155282076991,0.8420736221719457,0.20909457246534138,306.0,0.33
scenario_0023,clairvoyant,2,2.683252081389016,2.1176561147557997,17,175,25,65.4400143910757,0.4722265658195285,106.85638947480813,0.2760126661020992,93.192099900126,900,60,3.2722222532050784,0.09676648049179958,0.44381603347375753,0.8464506466302258,1.2391436857735545,1.390041108221815,0.9032335195082004,clairvoyant,873,675,14,0.020319303338171262,0.0755813953488372,675,49.77559042575456,2719.029445657819,183.70301977709795,900.0000000000005,0,433,3,0,0,0.01188481685597236,0.46699350641546067,493997761.3658078,62.172222810896756,19,0.0,0.0,0.0,0.0,122,3,0.5434591684389802,0.557416043495406,0.8326282446790683,0.19889570305980403,368.1818181818182,0.41
scenario_0023,clairvoyant,3,2.683252081389016,2.1176561147557997,17,175,25,65.4400143910757,0.4722265658195285,106.85638947480813,0.2760126661020992,93.192099900126,900,60,3.2722222532050784,0.09676648049179958,0.44381603347375753,0.8464506466302258,1.2391436857735545,1.390041108221815,0.9032335195082004,clairvoyant,837,699,13,0.018258426966292134,0.08125,699,37.26858173180062,3082.6712903481057,80.05634571184221,900.0000000000005,0,354,2,0,0,0.006163499673356321,0.5679082603960128,726810941.7731977,121.07222336858706,37,0.0,0.0,0.0,0.0,116,7,0.6045384435967748,0.616222728711466,0.7555547897032162,0.19842216095765663,381.2727272727273,0.31
scenario_0023,clairvoyant,4,2.683252081389016,2.1176561147557997,17,175,25,65.4400143910757,0.4722265658195285,106.85638947480813,0.2760126661020992,93.192099900126,900,60,3.2722222532050784,0.09676648049179958,0.44381603347375753,0.8464506466302258,1.2391436857735545,1.390041108221815,0.9032335195082004,clairvoyant,997,808,11,0.013431013431013432,0.061452513966480445,808,29.34870821741106,2777.3571862816325,140.94716603812847,900.0000000000005,0,444,4,0,0,0.009301968941221045,0.5154512164404967,599075197.3581043,121.07222336858831,37,0.0,0.0,0.0,0.0,152,5,0.569057545448918,0.57822790357532,0.8123125270959978,0.1894343663192213,440.72727272727275,0.39
scenario_0023,clairvoyant,5,2.683252081389016,2.1176561147557997,17,175,25,65.4400143910757,0.4722265658195285,106.85638947480813,0.2760126661020992,93.192099900126,900,60,3.2722222532050784,0.09676648049179958,0.44381603347375753,0.8464506466302258,1.2391436857735545,1.390041108221815,0.9032335195082004,clairvoyant,1073,885,7,0.007847533632286996,0.030303030303030304,885,26.882259856152814,2846.550824654286,184.84149006908308,900.0000000000005,0,392,1,0,0,0.009573408989991936,0.5191725439510758,692205256.2134373,111.2555566089735,34,0.0,0.0,0.0,0.0,122,4,0.5410046245875901,0.5476063633948667,0.8250658195187166,0.17890616540437285,482.72727272727275,0.44
scenario_0023,gate_srpt,1,2.683252081389016,2.1176561147557997,17,175,25,65.4400143910757,0.4722265658195285,106.85638947480813,0.2760126661020992,93.192099900126,900,60,3.2722222532050784,0.09676648049179958,0.44381603347375753,0.8464506466302258,1.2391436857735545,1.390041108221815,0.9032335195082004,reactive_gate,711,558,7,0.012389380530973451,0.029239766081871343,558,241.29051075470488,2985.4762492493282,157.4140310242806,900.0000000000005,0,247,1,0,0,0.004033071510863357,0.5192982770318019,567521340.2905467,0.0,0,0.0,0.0,0.0,0.0,103,7,0.5569923418902527,0.5646020909464832,0.8262377283582432,0.2249026731496639,304.3636363636364,0.33
scenario_0023,gate_srpt,2,2.683252081389016,2.1176561147557997,17,175,25,65.4400143910757,0.4722265658195285,106.85638947480813,0.2760126661020992,93.192099900126,900,60,3.2722222532050784,0.09676648049179958,0.44381603347375753,0.8464506466302258,1.2391436857735545,1.390041108221815,0.9032335195082004,reactive_gate,877,691,8,0.011444921316165951,0.045454545454545456,691,73.87744201552823,2720.5657630152987,204.8731426481631,900.0000000000005,0,281,2,0,0,0.0063270457306707035,0.41681013569789227,832393701.459545,0.0,0,0.0,0.0,0.0,0.0,110,4,0.5224057936606349,0.5315616047769222,0.8393893444322562,0.22985029278948346,376.90909090909093,0.42
scenario_0023,gate_srpt,3,2.683252081389016,2.1176561147557997,17,175,25,65.4400143910757,0.4722265658195285,106.85638947480813,0.2760126661020992,93.192099900126,900,60,3.2722222532050784,0.09676648049179958,0.44381603347375753,0.8464506466302258,1.2391436857735545,1.390041108221815,0.9032335195082004,reactive_gate,814,682,10,0.014450867052023121,0.06060606060606061,682,39.548623346016484,2947.64446669717,76.79469994660438,900.0,0,214,2,0,0,0.006953737233492162,0.5572555726609456,1095110028.9877932,0.0,0,0.0,0.0,0.0,0.0,114,7,0.5770665343514503,0.587618332966714,0.7439394704777794,0.2207753129456044,372.0,0.3
scenario_0023,gate_srpt,4,2.683252081389016,2.1176561147557997,17,175,25,65.4400143910757,0.4722265658195285,106.85638947480813,0.2760126661020992,93.192099900126,900,60,3.2722222532050784,0.09676648049179958,0.44381603347375753,0.8464506466302258,1.2391436857735545,1.390041108221815,0.9032335195082004,reactive_gate,975,791,6,0.0075282308657465494,0.0335195530726257,791,30.62902814623476,2584.141552612363,109.04786872647844,900.0000000000005,0,319,4,0,0,0.007847766806259277,0.5239820990657593,876483092.5563543,0.0,0,0.0,0.0,0.0,0.0,140,5,0.5364124225297512,0.5421386597756322,0.8179724178626385,0.2121738807044967,431.4545454545455,0.37
scenario_0023,gate_srpt,5,2.683252081389016,2.1176561147557997,17,175,25,65.4400143910757,0.4722265658195285,106.85638947480813,0.2760126661020992,93.192099900126,900,60,3.2722222532050784,0.09676648049179958,0.44381603347375753,0.8464506466302258,1.2391436857735545,1.390041108221815,0.9032335195082004,reactive_gate,1075,892,8,0.008888888888888889,0.03592814371257485,892,26.567084830794784,2867.7616778973206,173.9954767963497,900.0000000000005,0,292,3,0,0,0.01665733621355876,0.516039212057894,1073476456.7041044,0.0,0,0.0,0.0,0.0,0.0,102,5,0.5018144874048213,0.5077398275035255,0.8164558555045173,0.19368571216281455,486.54545454545456,0.43
scenario_0024,gate_sampled,1,0.7742227408366643,5.355679322411584,31,134,31,33.44963719591115,0.3177532930169646,56.47530518086045,0.04158568053334433,125.75533935858455,600,60,29.119087653171043,0.09221914735831943,2.279195243830939,0.7697820399444425,0.8576743068376433,0.5817926842304104,0.9077808526416806,reactive_gate,621,588,0,0.0,0.0,588,81.12917243783522,1282.0632926404664,12.659716323679017,600.0,0,23,0,0,0,0.0,0.2106556477984361,3456947999.9892545,0.0,0,0.0,0.0,0.0,0.0,256,162,0.8836576125412723,0.8836576125412723,0.2507424950998822,0.23835916176059738,320.72727272727275,0.14
scenario_0024,gate_sampled,2,0.7742227408366643,5.355679322411584,31,134,31,33.44963719591115,0.3177532930169646,56.47530518086045,0.04158568053334433,125.75533935858455,600,60,29.119087653171043,0.09221914735831943,2.279195243830939,0.7697820399444425,0.8576743068376433,0.5817926842304104,0.9077808526416806,reactive_gate,391,369,0,0.0,0.0,369,76.75275636660535,1294.250015384292,0.0,61.64920862499275,0,14,0,0,0,0.0,0.1370267217862898,3820528023.008978,0.0,0,0.0,0.0,0.0,0.0,158,98,0.8869450720633191,0.8869450720633191,0.15136472274231147,0.13460985668337813,201.27272727272728,0.09
scenario_0024,gate_sampled,3,0.7742227408366643,5.355679322411584,31,134,31,33.44963719591115,0.3177532930169646,56.47530518086045,0.04158568053334433,125.75533935858455,600,60,29.119087653171043,0.09221914735831943,2.279195243830939,0.7697820399444425,0.8576743068376433,0.5817926842304104,0.9077808526416806,reactive_gate,447,422,1,0.002364066193853428,0.010101010101010102,422,74.25009105053005,905.0082704302274,1.6167232400245501,15.786771925311768,0,12,0,0,0,0.0004843054730103504,0.15499573819825582,4043461805.7079525,0.0,0,0.0,0.0,0.0,0.0,170,119,0.9193118806572944,0.9250218923383956,0.16584185726161532,0.1648700668900872,230.1818181818182,0.1
scenario_0024,gate_sampled,4,0.7742227408366643,5.355679322411584,31,134,31,33.44963719591115,0.3177532930169646,56.47530518086045,0.04158568053334433,125.75533935858455,600,60,29.119087653171043,0.09221914735831943,2.279195243830939,0.7697820399444425,0.8576743068376433,0.5817926842304104,0.9077808526416806,reactive_gate,438,415,0,0.0,0.0,415,44.56721935138103,1175.5927828643073,2.402364889212794,277.7966690846242,0,14,0,0,0,0.0,0.22113357062143757,4392462161.668812,0.0,0,0.0,0.0,0.0,0.0,133,90,0.8968391867094475,0.8968391867094475,0.14168065694789084,0.1645163924646511,226.36363636363637,0.08
scenario_0024,gate_sampled,5,0.7742227408366643,5.355679322411584,31,134,31,33.44963719591115,0.3177532930169646,56.47530518086045,0.04158568053334433,125.75533935858455,600,60,29.119087653171043,0.09221914735831943,2.279195243830939,0.7697820399444425,0.8576743068376433,0.5817926842304104,0.9077808526416806,reactive_gate,498,475,0,0.0,0.0,475,57.856391040631024,1092.8896375685408,0.0,364.1513808544114,0,12,0,0,0,0.0,0.18827857773067244,5266285832.926429,0.0,0,0.0,0.0,0.0,0.0,158,108,0.9299335752763773,0.9299335752763773,0.17024766978929076,0.1820935075245011,259.0909090909091,0.1
scenario_0024,gate_ship,1,0.7742227408366643,5.355679322411584,31,134,31,33.44963719591115,0.3177532930169646,56.47530518086045,0.04158568053334433,125.75533935858455,600,60,29.119087653171043,0.09221914735831943,2.279195243830939,0.7697820399444425,0.8576743068376433,0.5817926842304104,0.9077808526416806,reactive_gate,616,585,0,0.0,0.0,585,77.47850810848286,1145.3471854582567,14.32609367351937,512.8056477044593,0,18,0,0,0,0.0,0.19161916267068754,3349568606.7705197,0.0,0,0.0,0.0,0.0,0.0,257,168,0.9004364778348062,0.9004364778348062,0.2500231385881144,0.25115961802939624,319.0909090909091,0.14
scenario_0024,gate_ship,2,0.7742227408366643,5.355679322411584,31,134,31,33.44963719591115,0.3177532930169646,56.47530518086045,0.04158568053334433,125.75533935858455,600,60,29.119087653171043,0.09221914735831943,2.279195243830939,0.7697820399444425,0.8576743068376433,0.5817926842304104,0.9077808526416806,reactive_gate,390,365,0,0.0,0.0,365,82.2435229579678,1249.2182817040937,0.0,20.706510277285815,0,14,0,0,0,0.0,0.13142842555681672,3771377424.038835,0.0,0,0.0,0.0,0.0,0.0,159,99,0.8884469226993212,0.8884469226993212,0.1508065067966681,0.14174951449465864,199.0909090909091,0.09
scenario_0024,gate_ship,3,0.7742227408366643,5.355679322411584,31,134,31,33.44963719591115,0.3177532930169646,56.47530518086045,0.04158568053334433,125.75533935858455,600,60,29.119087653171043,0.09221914735831943,2.279195243830939,0.7697820399444425,0.8576743068376433,0.5817926842304104,0.9077808526416806,reactive_gate,444,413,1,0.0024154589371980675,0.010101010101010102,413,83.851406155527,915.392044407087,2.3900690532160023,18.68690470085494,0,12,0,0,0,0.0004703723633275889,0.14928931814432056,4130824907.9028273,0.0,0,0.0,0.0,0.0,0.0,171,121,0.9208018707671942,0.9265211370452513,0.1655266234136234,0.17257423474279318,225.27272727272728,0.1
scenario_0024,gate_ship,4,0.7742227408366643,5.355679322411584,31,134,31,33.44963719591115,0.3177532930169646,56.47530518086045,0.04158568053334433,125.75533935858455,600,60,29.119087653171043,0.09221914735831943,2.279195243830939,0.7697820399444425,0.8576743068376433,0.5817926842304104,0.9077808526416806,reactive_gate,439,414,0,0.0,0.0,414,46.323878339516114,1177.136314182006,7.495369528820691,203.33264166165463,0,14,0,0,0,0.0,0.21376124617637227,4336229492.538724,0.0,0,0.0,0.0,0.0,0.0,133,89,0.9110091295226358,0.9110091295226358,0.14250586986281344,0.17201110099096317,225.81818181818184,0.09
scenario_0024,gate_ship,5,0.7742227408366643,5.355679322411584,31,134,31,33.44963719591115,0.3177532930169646,56.47530518086045,0.04158568053334433,125.75533935858455,600,60,29.119087653171043,0.09221914735831943,2.279195243830939,0.7697820399444425,0.8576743068376433,0.5817926842304104,0.9077808526416806,reactive_gate,496,474,0,0.0,0.0,474,61.0078697474878,1092.9421260547297,0.0,3.7615242859765203,0,12,0,0,0,0.0,0.18158267042454676,5077566930.289184,0.0,0,0.0,0.0,0.0,0.0,158,108,0.9457027373261991,0.9457027373261991,0.16935021844583137,0.19075131681800195,258.54545454545456,0.1
scenario_0024,lease,1,0.7742227408366643,5.355679322411584,31,134,31,33.44963719591115,0.3177532930169646,56.47530518086045,0.04158568053334433,125.75533935858455,600,60,29.119087653171043,0.09221914735831943,2.279195243830939,0.7697820399444425,0.8576743068376433,0.5817926842304104,0.9077808526416806,lease,617,585,0,0.0,0.0,585,74.98606675430801,1175.7902503534644,8.047592362507352,600.0,0,19,1,0,0,0.001003270466969944,0.20555739088104955,2911358871.083791,11520.04125053849,37,4100.917865588182,93.54878451532932,564600.0,1176.5678032183346,255,164,0.9004426608482791,0.9004426608482791,0.24915528292018616,0.24509789738003518,319.0909090909091,0.32
scenario_0024,lease,2,0.7742227408366643,5.355679322411584,31,134,31,33.44963719591115,0.3177532930169646,56.47530518086045,0.04158568053334433,125.75533935858455,600,60,29.119087653171043,0.09221914735831943,2.279195243830939,0.7697820399444425,0.8576743068376433,0.5817926842304104,0.9077808526416806,lease,388,364,0,0.0,0.0,364,84.75663919411159,1239.6363580083134,0.0,81.72809705631789,0,12,0,0,0,0.0,0.12783608752895534,3080597275.3366213,13185.451335874684,41,1852.6381491165253,0.0,428400.0,642.2468082910116,158,100,0.8875769043275812,0.8875769043275812,0.15098758292394585,0.14264310101527922,198.54545454545456,0.22
scenario_0024,lease,3,0.7742227408366643,5.355679322411584,31,134,31,33.44963719591115,0.3177532930169646,56.47530518086045,0.04158568053334433,125.75533935858455,600,60,29.119087653171043,0.09221914735831943,2.279195243830939,0.7697820399444425,0.8576743068376433,0.5817926842304104,0.9077808526416806,lease,444,416,1,0.002398081534772182,0.010101010101010102,416,79.90557217516857,914.0986962272084,2.838977104337833,23.245267162554228,0,12,0,0,0,0.00048600820678866265,0.15155803687658656,3018514849.636506,11679.019120383899,35,3273.273897170513,0.0,335400.0,758.6562353048722,171,121,0.9198954119307821,0.925609048029731,0.16545231533699276,0.16947589562466364,226.9090909090909,0.22
scenario_0024,lease,4,0.7742227408366643,5.355679322411584,31,134,31,33.44963719591115,0.3177532930169646,56.47530518086045,0.04158568053334433,125.75533935858455,600,60,29.119087653171043,0.09221914735831943,2.279195243830939,0.7697820399444425,0.8576743068376433,0.5817926842304104,0.9077808526416806,lease,439,416,0,0.0,0.0,416,46.68061288363083,1175.3031091490798,3.3209417904381877,226.25859582867452,0,14,2,0,0,0.01308106554532291,0.21975147748285018,3686456188.565805,7862.528914671572,21,2078.2029881504754,31.166560308396583,383400.0,772.6895950797079,135,92,0.9097263048781947,0.9097263048781947,0.14297613909567136,0.16583696332944436,226.9090909090909,0.2
scenario_0024,lease,5,0.7742227408366643,5.355679322411584,31,134,31,33.44963719591115,0.3177532930169646,56.47530518086045,0.04158568053334433,125.75533935858455,600,60,29.119087653171043,0.09221914735831943,2.279195243830939,0.7697820399444425,0.8576743068376433,0.5817926842304104,0.9077808526416806,lease,496,474,0,0.0,0.0,474,61.842934410114594,1098.3027014194192,0.0,67.12846037958661,0,12,0,0,0,0.0,0.18166698346031313,4089989409.7802653,7292.734206389029,24,2024.6009804040589,0.0,408000.0,767.2965540357925,158,108,0.9394984890256356,0.9394984890256356,0.16894469309095925,0.1906565875692482,258.54545454545456,0.23
scenario_0024,clairvoyant,1,0.7742227408366643,5.355679322411584,31,134,31,33.44963719591115,0.3177532930169646,56.47530518086045,0.04158568053334433,125.75533935858455,600,60,29.119087653171043,0.09221914735831943,2.279195243830939,0.7697820399444425,0.8576743068376433,0.5817926842304104,0.9077808526416806,clairvoyant,627,595,0,0.0,0.0,595,63.312905689635045,1187.0998216661849,5.625921087490351,595.0073703747034,0,18,0,0,0,0.0,0.21216268409381467,2215072399.6348085,5270.554865223958,181,0.0,0.0,0.0,0.0,259,169,0.9104946104075325,0.9104946104075325,0.24367042819844434,0.234901515328728,324.54545454545456,0.14
scenario_0024,clairvoyant,2,0.7742227408366643,5.355679322411584,31,134,31,33.44963719591115,0.3177532930169646,56.47530518086045,0.04158568053334433,125.75533935858455,600,60,29.119087653171043,0.09221914735831943,2.279195243830939,0.7697820399444425,0.8576743068376433,0.5817926842304104,0.9077808526416806,clairvoyant,395,370,0,0.0,0.0,370,70.46210581716707,1259.7479798345391,0.0,17.097129451607543,0,12,0,0,0,0.0,0.13865698938059057,1988292970.4589994,4804.649462773221,165,0.0,0.0,0.0,0.0,157,99,0.888034963004013,0.888034963004013,0.14992912758895824,0.12902252165048103,201.8181818181818,0.09
scenario_0024,clairvoyant,3,0.7742227408366643,5.355679322411584,31,134,31,33.44963719591115,0.3177532930169646,56.47530518086045,0.04158568053334433,125.75533935858455,600,60,29.119087653171043,0.09221914735831943,2.279195243830939,0.7697820399444425,0.8576743068376433,0.5817926842304104,0.9077808526416806,clairvoyant,452,424,1,0.002352941176470588,0.010101010101010102,424,67.31265631187819,863.9298791955225,3.3044542313642444,20.953160864538404,0,12,0,0,0,0.0005911596753274016,0.1627987642901332,1538795248.548789,5212.316689917616,179,0.0,0.0,0.0,0.0,171,121,0.9191756145969339,0.9248847799049894,0.16409193155082671,0.1551417644636712,231.27272727272728,0.1
scenario_0024,clairvoyant,4,0.7742227408366643,5.355679322411584,31,134,31,33.44963719591115,0.3177532930169646,56.47530518086045,0.04158568053334433,125.75533935858455,600,60,29.119087653171043,0.09221914735831943,2.279195243830939,0.7697820399444425,0.8576743068376433,0.5817926842304104,0.9077808526416806,clairvoyant,441,421,0,0.0,0.0,421,40.91423461379463,1147.7817557782953,6.035949508232684,194.37778311669445,0,14,0,0,0,0.0,0.2264260843713041,2531453854.653495,4193.148622056635,144,0.0,0.0,0.0,0.0,137,92,0.9262167037326368,0.9262167037326368,0.143321101734884,0.15918454232283158,229.63636363636365,0.09
scenario_0024,clairvoyant,5,0.7742227408366643,5.355679322411584,31,134,31,33.44963719591115,0.3177532930169646,56.47530518086045,0.04158568053334433,125.75533935858455,600,60,29.119087653171043,0.09221914735831943,2.279195243830939,0.7697820399444425,0.8576743068376433,0.5817926842304104,0.9077808526416806,clairvoyant,503,477,0,0.0,0.0,477,51.04798341846663,1064.2060738656605,0.0,109.41383517976192,0,12,0,0,0,0.0,0.1946874122770011,2222340964.67939,6027.651144206411,207,0.0,0.0,0.0,0.0,157,107,0.9328709041063221,0.9328709041063221,0.16749224083473277,0.17433085946888827,260.1818181818182,0.1
scenario_0024,gate_srpt,1,0.7742227408366643,5.355679322411584,31,134,31,33.44963719591115,0.3177532930169646,56.47530518086045,0.04158568053334433,125.75533935858455,600,60,29.119087653171043,0.09221914735831943,2.279195243830939,0.7697820399444425,0.8576743068376433,0.5817926842304104,0.9077808526416806,reactive_gate,620,588,0,0.0,0.0,588,75.36919863093158,1180.804723271435,11.105023443997357,482.74044582197166,0,18,2,0,0,0.001353957925716452,0.1915446619302388,3396064976.90087,0.0,0,0.0,0.0,0.0,0.0,257,167,0.9038875655630567,0.9038875655630567,0.2508336351062319,0.2512783280354901,320.72727272727275,0.14
scenario_0024,gate_srpt,2,0.7742227408366643,5.355679322411584,31,134,31,33.44963719591115,0.3177532930169646,56.47530518086045,0.04158568053334433,125.75533935858455,600,60,29.119087653171043,0.09221914735831943,2.279195243830939,0.7697820399444425,0.8576743068376433,0.5817926842304104,0.9077808526416806,reactive_gate,390,365,0,0.0,0.0,365,82.2435229579678,1249.2182817040937,0.0,20.706510277285815,0,14,0,0,0,0.0,0.13142842555681672,3771377424.038835,0.0,0,0.0,0.0,0.0,0.0,159,99,0.8884469226993212,0.8884469226993212,0.1508065067966681,0.14174951449465864,199.0909090909091,0.09
scenario_0024,gate_srpt,3,0.7742227408366643,5.355679322411584,31,134,31,33.44963719591115,0.3177532930169646,56.47530518086045,0.04158568053334433,125.75533935858455,600,60,29.119087653171043,0.09221914735831943,2.279195243830939,0.7697820399444425,0.8576743068376433,0.5817926842304104,0.9077808526416806,reactive_gate,444,416,1,0.002398081534772182,0.010101010101010102,416,85.15219260321555,914.0986962272084,3.935556554025085,28.30052153386896,0,12,0,0,0,0.0004533438212243689,0.14930269152941558,4088237647.845796,0.0,0,0.0,0.0,0.0,0.0,171,121,0.9205584578814686,0.9262762122782479,0.1662583393989523,0.172575251615676,226.9090909090909,0.1
scenario_0024,gate_srpt,4,0.7742227408366643,5.355679322411584,31,134,31,33.44963719591115,0.3177532930169646,56.47530518086045,0.04158568053334433,125.75533935858455,600,60,29.119087653171043,0.09221914735831943,2.279195243830939,0.7697820399444425,0.8576743068376433,0.5817926842304104,0.9077808526416806,reactive_gate,439,418,0,0.0,0.0,418,46.323878339516114,1174.723761718623,3.466914683516911,176.81393055054377,0,14,0,0,0,0.0,0.213452366830993,4335000019.754517,0.0,0,0.0,0.0,0.0,0.0,134,90,0.9224927376892319,0.9224927376892319,0.1425833280572474,0.1723349529524675,228.0,0.09
scenario_0024,gate_srpt,5,0.7742227408366643,5.355679322411584,31,134,31,33.44963719591115,0.3177532930169646,56.47530518086045,0.04158568053334433,125.75533935858455,600,60,29.119087653171043,0.09221914735831943,2.279195243830939,0.7697820399444425,0.8576743068376433,0.5817926842304104,0.9077808526416806,reactive_gate,496,474,0,0.0,0.0,474,61.0078697474878,1092.9421260547297,0.0,3.7615242859765203,0,12,0,0,0,0.0,0.18158267042454676,5077566930.289184,0.0,0,0.0,0.0,0.0,0.0,158,108,0.9457027373261991,0.9457027373261991,0.16935021844583137,0.19075131681800195,258.54545454545456,0.1
scenario_0025,gate_sampled,1,1.2463371422343235,1.5606708895935997,14,174,23,81.63171575238053,0.27489528854755557,57.02415688934257,0.5127042999723793,134.16780807763325,900,900,5.726209331883119,0.33387042549882345,0.6054123911618761,0.477719591863123,1.2046044637632876,2.997557238431919,0.6661295745011766,reactive_gate,429,371,4,0.010666666666666666,0.042105263157894736,371,140.94816575317054,2200.6081616850206,7.612948770651303,900.0,0,57,0,0,0,0.014729770391901006,0.35797932635290153,3471607062.6316004,0.0,0,0.0,0.0,0.0,0.0,256,18,0.6364919233121252,0.641834618489638,0.5242202281468532,0.21560076051243734,202.36363636363637,0.14
scenario_0025,gate_sampled,2,1.2463371422343235,1.5606708895935997,14,174,23,81.63171575238053,0.27489528854755557,57.02415688934257,0.5127042999723793,134.16780807763325,900,900,5.726209331883119,0.33387042549882345,0.6054123911618761,0.477719591863123,1.2046044637632876,2.997557238431919,0.6661295745011766,reactive_gate,369,298,8,0.026143790849673203,0.11940298507462686,298,155.41953341902445,1970.3435270486434,9.904802078090245,900.0,0,84,1,0,0,0.016296175173049852,0.31138404674819725,3153448634.02222,0.0,0,0.0,0.0,0.0,0.0,294,38,0.5793658939551831,0.5948552145351267,0.505941552905428,0.20706386830855028,162.54545454545456,0.12
scenario_0025,gate_sampled,3,1.2463371422343235,1.5606708895935997,14,174,23,81.63171575238053,0.27489528854755557,57.02415688934257,0.5127042999723793,134.16780807763325,900,900,5.726209331883119,0.33387042549882345,0.6054123911618761,0.477719591863123,1.2046044637632876,2.997557238431919,0.6661295745011766,reactive_gate,381,323,2,0.006153846153846154,0.012195121951219513,323,98.47539368562047,2597.457474798931,0.0,900.0,0,57,0,0,0,0.009773014923189657,0.4874874599706625,5037852185.696031,0.0,0,0.0,0.0,0.0,0.0,212,41,0.6280006011252234,0.6296873032261863,0.4136084886317387,0.15597832267759074,176.1818181818182,0.11
scenario_0025,gate_sampled,4,1.2463371422343235,1.5606708895935997,14,174,23,81.63171575238053,0.27489528854755557,57.02415688934257,0.5127042999723793,134.16780807763325,900,900,5.726209331883119,0.33387042549882345,0.6054123911618761,0.477719591863123,1.2046044637632876,2.997557238431919,0.6661295745011766,reactive_gate,473,427,2,0.004662004662004662,0.010869565217391304,427,64.23110295849119,1776.8270603150802,0.0,900.0,0,47,0,0,0,0.0053669897998525045,0.3358401803090021,3900109282.6297984,0.0,0,0.0,0.0,0.0,0.0,209,45,0.7291984088097225,0.7296955804715778,0.4737688153143153,0.16608091575896272,232.9090909090909,0.12
scenario_0025,gate_sampled,5,1.2463371422343235,1.5606708895935997,14,174,23,81.63171575238053,0.27489528854755557,57.02415688934257,0.5127042999723793,134.16780807763325,900,900,5.726209331883119,0.33387042549882345,0.6054123911618761,0.477719591863123,1.2046044637632876,2.997557238431919,0.6661295745011766,reactive_gate,464,380,11,0.028132992327365727,0.1388888888888889,380,65.48482529587471,2758.0767506640605,6.911501589901946,900.0000000000005,0,156,0,0,0,0.0164091114111898,0.4895486954703434,5250433185.672647,0.0,0,0.0,0.0,0.0,0.0,173,9,0.4853297340338311,0.5161681764799639,0.4382105143097643,0.16231609518370158,207.27272727272728,0.13
scenario_0025,gate_ship,1,1.2463371422343235,1.5606708895935997,14,174,23,81.63171575238053,0.27489528854755557,57.02415688934257,0.5127042999723793,134.16780807763325,900,900,5.726209331883119,0.33387042549882345,0.6054123911618761,0.477719591863123,1.2046044637632876,2.997557238431919,0.6661295745011766,reactive_gate,449,410,3,0.007263922518159807,0.027522935779816515,410,210.06689625161562,1593.886015394521,48.27674025488203,900.0,0,24,3,0,0,0.0011137912754115454,0.2942831257092475,1454414843.1003034,0.0,0,0.0,0.0,0.0,0.0,273,54,0.8231618730949655,0.8314728429154535,0.7032231560430311,0.26721661084993004,223.63636363636365,0.17
scenario_0025,gate_ship,2,1.2463371422343235,1.5606708895935997,14,174,23,81.63171575238053,0.27489528854755557,57.02415688934257,0.5127042999723793,134.16780807763325,900,900,5.726209331883119,0.33387042549882345,0.6054123911618761,0.477719591863123,1.2046044637632876,2.997557238431919,0.6661295745011766,reactive_gate,379,329,4,0.012012012012012012,0.05063291139240506,329,240.34107459201232,1667.3983914190128,41.20632038642124,586.9923807471441,0,39,2,0,0,0.009791325789423275,0.34641049917200095,1681434080.8044333,0.0,0,0.0,0.0,0.0,0.0,322,64,0.717508558804844,0.7179508144914664,0.6486125801883302,0.22771096846952738,179.45454545454547,0.16
scenario_0025,gate_ship,3,1.2463371422343235,1.5606708895935997,14,174,23,81.63171575238053,0.27489528854755557,57.02415688934257,0.5127042999723793,134.16780807763325,900,900,5.726209331883119,0.33387042549882345,0.6054123911618761,0.477719591863123,1.2046044637632876,2.997557238431919,0.6661295745011766,reactive_gate,413,372,2,0.0053475935828877,0.010526315789473684,372,108.05082192713462,1807.9376241039351,4.896188846523532,274.62618857847974,0,33,0,0,0,0.00560323435780338,0.43058884019354554,4501520631.130769,0.0,0,0.0,0.0,0.0,0.0,229,70,0.8091840265623105,0.8131642408423613,0.48364168894531395,0.19957679431186434,202.9090909090909,0.13
scenario_0025,gate_ship,4,1.2463371422343235,1.5606708895935997,14,174,23,81.63171575238053,0.27489528854755557,57.02415688934257,0.5127042999723793,134.16780807763325,900,900,5.726209331883119,0.33387042549882345,0.6054123911618761,0.477719591863123,1.2046044637632876,2.997557238431919,0.6661295745011766,reactive_gate,503,473,2,0.004210526315789474,0.009345794392523364,473,69.95731229037438,1148.6621531568799,5.699498392994464,127.37374813436509,0,38,0,0,0,0.005811120658406032,0.36745745008603625,3131467845.454288,0.0,0,0.0,0.0,0.0,0.0,234,84,0.9002816504255361,0.9031705977554872,0.5413164743959744,0.19143290234504093,258.0,0.14
scenario_0025,gate_ship,5,1.2463371422343235,1.5606708895935997,14,174,23,81.63171575238053,0.27489528854755557,57.02415688934257,0.5127042999723793,134.16780807763325,900,900,5.726209331883119,0.33387042549882345,0.6054123911618761,0.477719591863123,1.2046044637632876,2.997557238431919,0.6661295745011766,reactive_gate,538,477,2,0.0041753653444676405,0.025,477,102.70430519453657,1624.3740339077974,39.19416115547103,900.0,0,45,3,0,0,0.0024598740948559806,0.47598540097269776,3342224142.1730638,0.0,0,0.0,0.0,0.0,0.0,212,36,0.6608183205450475,0.6686386556994269,0.6216327663725164,0.22602711950416793,260.1818181818182,0.17
scenario_0025,lease,1,1.2463371422343235,1.5606708895935997,14,174,23,81.63171575238053,0.27489528854755557,57.02415688934257,0.5127042999723793,134.16780807763325,900,900,5.726209331883119,0.33387042549882345,0.6054123911618761,0.477719591863123,1.2046044637632876,2.997557238431919,0.6661295745011766,lease,455,414,3,0.007194244604316547,0.027777777777777776,414,200.04879196699073,1557.0499742733464,38.88408878917726,503.39859690988396,0,24,0,0,0,0.0005268538259127947,0.3061801049706693,1231129693.244984,3361.281474983152,29,766.4407463938394,237.51599627843916,473400.0,883.5977660456856,279,53,0.8305014661819335,0.8390161171921602,0.689145735935361,0.2646979925340498,225.81818181818184,0.36
scenario_0025,lease,2,1.2463371422343235,1.5606708895935997,14,174,23,81.63171575238053,0.27489528854755557,57.02415688934257,0.5127042999723793,134.16780807763325,900,900,5.726209331883119,0.33387042549882345,0.6054123911618761,0.477719591863123,1.2046044637632876,2.997557238431919,0.6661295745011766,lease,381,333,4,0.011869436201780416,0.05063291139240506,333,249.13177313923666,1539.700244348558,43.313729428452326,761.6519645552489,0,40,1,0,0,0.007050827129638959,0.3572846075394342,1342740366.968601,4753.453180219761,39,771.9646444986348,212.17537843587434,519600.0,993.2199857202429,325,64,0.72251158662103,0.7231784641103386,0.6451042503561254,0.22639207240106124,181.63636363636365,0.33
scenario_0025,lease,3,1.2463371422343235,1.5606708895935997,14,174,23,81.63171575238053,0.27489528854755557,57.02415688934257,0.5127042999723793,134.16780807763325,900,900,5.726209331883119,0.33387042549882345,0.6054123911618761,0.477719591863123,1.2046044637632876,2.997557238431919,0.6661295745011766,lease,411,372,2,0.0053475935828877,0.010526315789473684,372,107.87679554434203,1801.0740935362091,2.1680765398542254,307.5151266176572,0,33,0,0,0,0.004260174339562008,0.4321605291312146,3516734428.4547744,9058.131675402896,26,372.3636792971725,66.91823862690126,465600.0,258.12384948776867,228,59,0.8056451298096841,0.8095811185343665,0.47970119385244386,0.19836636265545474,202.9090909090909,0.3
scenario_0025,lease,4,1.2463371422343235,1.5606708895935997,14,174,23,81.63171575238053,0.27489528854755557,57.02415688934257,0.5127042999723793,134.16780807763325,900,900,5.726209331883119,0.33387042549882345,0.6054123911618761,0.477719591863123,1.2046044637632876,2.997557238431919,0.6661295745011766,lease,500,471,2,0.004228329809725159,0.009345794392523364,471,72.24546476575779,1148.92172560025,5.327583920609257,150.2267822856429,0,37,0,0,0,0.007467371298233078,0.365334712013292,2762090103.304815,14120.712230999783,67,390.57813084028777,158.90393013843686,607200.0,61.60489518031693,232,71,0.8921592159402703,0.8948941450981319,0.5404581198523698,0.1831293459760831,256.90909090909093,0.33
scenario_0025,lease,5,1.2463371422343235,1.5606708895935997,14,174,23,81.63171575238053,0.27489528854755557,57.02415688934257,0.5127042999723793,134.16780807763325,900,900,5.726209331883119,0.33387042549882345,0.6054123911618761,0.477719591863123,1.2046044637632876,2.997557238431919,0.6661295745011766,lease,535,474,2,0.004201680672268907,0.02531645569620253,474,97.70797883981709,1565.790512331735,30.59332886590032,900.0,0,41,1,0,0,0.002408762009709508,0.4721911845130532,3011877727.674303,8878.689405789413,20,245.96180808532665,104.71642039638891,661200.0,2070.044580306865,206,28,0.6699095526267227,0.6778374763264472,0.6116157902884153,0.2299997170173936,258.54545454545456,0.37
scenario_0025,clairvoyant,1,1.2463371422343235,1.5606708895935997,14,174,23,81.63171575238053,0.27489528854755557,57.02415688934257,0.5127042999723793,134.16780807763325,900,900,5.726209331883119,0.33387042549882345,0.6054123911618761,0.477719591863123,1.2046044637632876,2.997557238431919,0.6661295745011766,clairvoyant,454,415,3,0.007177033492822967,0.027777777777777776,415,169.7821547201561,1615.5715901624972,50.05564452313865,900.0,0,25,6,0,0,0.0023789946905290607,0.3088033578107895,982213001.1458565,481.00158387818,84,0.0,0.0,0.0,0.0,279,57,0.8537227553724274,0.8627641912543674,0.6928130538258038,0.26072594379692093,226.36363636363637,0.16
scenario_0025,clairvoyant,2,1.2463371422343235,1.5606708895935997,14,174,23,81.63171575238053,0.27489528854755557,57.02415688934257,0.5127042999723793,134.16780807763325,900,900,5.726209331883119,0.33387042549882345,0.6054123911618761,0.477719591863123,1.2046044637632876,2.997557238431919,0.6661295745011766,clairvoyant,380,335,4,0.011799410029498525,0.05128205128205128,335,192.6379155638515,1743.5580525596254,40.5016846964733,900.0,0,54,0,0,0,0.008108123329372685,0.3441523081928413,927233182.952753,458.096746550651,80,0.0,0.0,0.0,0.0,329,63,0.7883732563976587,0.7912248906046222,0.6359918973341474,0.23025295129080062,182.72727272727275,0.15
scenario_0025,clairvoyant,3,1.2463371422343235,1.5606708895935997,14,174,23,81.63171575238053,0.27489528854755557,57.02415688934257,0.5127042999723793,134.16780807763325,900,900,5.726209331883119,0.33387042549882345,0.6054123911618761,0.477719591863123,1.2046044637632876,2.997557238431919,0.6661295745011766,clairvoyant,413,373,2,0.005333333333333333,0.01020408163265306,373,98.3966815916101,1785.4199326370065,1.7597667274806472,900.0,0,37,0,0,0,0.005219324526799158,0.44242172896854204,2324687440.5746675,492.45400254194493,86,0.0,0.0,0.0,0.0,227,65,0.8349753888578703,0.8393007509025233,0.4723979982424983,0.1969454556026077,203.45454545454547,0.12
scenario_0025,clairvoyant,4,1.2463371422343235,1.5606708895935997,14,174,23,81.63171575238053,0.27489528854755557,57.02415688934257,0.5127042999723793,134.16780807763325,900,900,5.726209331883119,0.33387042549882345,0.6054123911618761,0.477719591863123,1.2046044637632876,2.997557238431919,0.6661295745011766,clairvoyant,502,474,2,0.004201680672268907,0.009345794392523364,474,63.79521103861953,1146.1273590158069,6.909487124964627,201.12762277944148,0,37,0,0,0,0.012492261398949472,0.3609104508741725,1494964101.3942118,910.4672837694126,159,0.0,0.0,0.0,0.0,234,80,0.9027458237574126,0.9057626191832,0.5421892411662411,0.1870842075012388,258.54545454545456,0.14
scenario_0025,clairvoyant,5,1.2463371422343235,1.5606708895935997,14,174,23,81.63171575238053,0.27489528854755557,57.02415688934257,0.5127042999723793,134.16780807763325,900,900,5.726209331883119,0.33387042549882345,0.6054123911618761,0.477719591863123,1.2046044637632876,2.997557238431919,0.6661295745011766,clairvoyant,543,497,3,0.006,0.03529411764705882,497,70.70036580420674,2021.8711181100157,28.747774826743864,900.0000000000005,0,77,0,0,0,0.0015280743958040507,0.47038350314379096,1737216537.3493154,389.38223456805207,68,0.0,0.0,0.0,0.0,212,32,0.753195569975702,0.7621191088841179,0.6309935688385688,0.22594926366682905,271.0909090909091,0.17
scenario_0025,gate_srpt,1,1.2463371422343235,1.5606708895935997,14,174,23,81.63171575238053,0.27489528854755557,57.02415688934257,0.5127042999723793,134.16780807763325,900,900,5.726209331883119,0.33387042549882345,0.6054123911618761,0.477719591863123,1.2046044637632876,2.997557238431919,0.6661295745011766,reactive_gate,454,417,3,0.007142857142857143,0.027777777777777776,417,199.6067409535617,1633.5053952551511,51.23565359423191,481.32464849216194,0,25,2,0,0,0.001761636795394334,0.3149730843528208,1383631749.7835941,0.0,0,0.0,0.0,0.0,0.0,278,63,0.865124188927029,0.8743256407973217,0.7028694803021054,0.26654795361569295,227.45454545454547,0.17
scenario_0025,gate_srpt,2,1.2463371422343235,1.5606708895935997,14,174,23,81.63171575238053,0.27489528854755557,57.02415688934257,0.5127042999723793,134.16780807763325,900,900,5.726209331883119,0.33387042549882345,0.6054123911618761,0.477719591863123,1.2046044637632876,2.997557238431919,0.6661295745011766,reactive_gate,379,330,3,0.009009009009009009,0.0379746835443038,330,226.3471744655115,1735.3685864954266,55.63150364957565,495.9525049465283,0,36,0,0,0,0.007490097390973716,0.34175792213029216,1542101448.9581125,0.0,0,0.0,0.0,0.0,0.0,318,66,0.7400820136312948,0.7428699616821995,0.6557493966265217,0.23096559755268023,180.0,0.15
scenario_0025,gate_srpt,3,1.2463371422343235,1.5606708895935997,14,174,23,81.63171575238053,0.27489528854755557,57.02415688934257,0.5127042999723793,134.16780807763325,900,900,5.726209331883119,0.33387042549882345,0.6054123911618761,0.477719591863123,1.2046044637632876,2.997557238431919,0.6661295745011766,reactive_gate,412,371,2,0.005361930294906166,0.010526315789473684,371,107.33112136829368,1821.9904018229884,3.1472739646731602,279.8326483910878,0,33,0,0,0,0.005940323583289088,0.4315843219997713,4584910610.836843,0.0,0,0.0,0.0,0.0,0.0,228,70,0.8080702040573822,0.8120370971973266,0.4807568571844822,0.19872848599036183,202.36363636363637,0.13
scenario_0025,gate_srpt,4,1.2463371422343235,1.5606708895935997,14,174,23,81.63171575238053,0.27489528854755557,57.02415688934257,0.5127042999723793,134.16780807763325,900,900,5.726209331883119,0.33387042549882345,0.6054123911618761,0.477719591863123,1.2046044637632876,2.997557238431919,0.6661295745011766,reactive_gate,503,470,2,0.00423728813559322,0.009433962264150943,470,69.86864392566508,1151.6283060212797,5.138697832711839,126.75288194002496,0,38,0,0,0,0.008120427292832022,0.3699961868341998,3072678402.8021183,0.0,0,0.0,0.0,0.0,0.0,234,85,0.8909013088196447,0.8936888875995375,0.5418464514328265,0.18910669324273818,256.3636363636364,0.14
scenario_0025,gate_srpt,5,1.2463371422343235,1.5606708895935997,14,174,23,81.63171575238053,0.27489528854755557,57.02415688934257,0.5127042999723793,134.16780807763325,900,900,5.726209331883119,0.33387042549882345,0.6054123911618761,0.477719591863123,1.2046044637632876,2.997557238431919,0.6661295745011766,reactive_gate,536,477,2,0.0041753653444676405,0.024691358024691357,477,92.70424410519536,1612.6670613164194,40.09248468726172,900.0,0,41,0,0,0,0.0007855128778454436,0.47837450257739716,3155157695.0679955,0.0,0,0.0,0.0,0.0,0.0,207,36,0.6899614641677189,0.6981266885957392,0.6238581076146076,0.2243408305608171,260.1818181818182,0.17
scenario_0026,gate_sampled,1,1.0914039137414966,4.799367005426861,29,178,17,46.90123276961847,0.32735638945711243,108.62827723383414,0.26990057948306223,260.7568517551894,900,900,21.559073910815034,0.3162688169042189,1.0480553869228395,0.45050812554545305,0.8669587923603376,2.8992186101849566,0.6837311830957811,reactive_gate,432,332,12,0.03488372093023256,0.1188118811881188,332,63.22443317880584,4457.294394236426,0.0,900.0000000000005,0,281,0,0,0,0.0159978938416846,0.21434715887931696,5657584622.044443,0.0,0,0.0,0.0,0.0,0.0,465,23,0.39859676434193,0.4227541439990166,0.1960186561191044,0.22289626750909647,181.0909090909091,0.12
scenario_0026,gate_sampled,2,1.0914039137414966,4.799367005426861,29,178,17,46.90123276961847,0.32735638945711243,108.62827723383414,0.26990057948306223,260.7568517551894,900,900,21.559073910815034,0.3162688169042189,1.0480553869228395,0.45050812554545305,0.8669587923603376,2.8992186101849566,0.6837311830957811,reactive_gate,425,318,13,0.03927492447129909,0.1375,318,105.26033680792807,2906.8785031033544,0.0,900.0000000000005,0,192,0,0,0,0.032987657198275955,0.2680885632831652,4629599311.268014,0.0,0,0.0,0.0,0.0,0.0,510,15,0.37329470257863695,0.3928294069186304,0.20067295149327047,0.22016610133818557,173.45454545454547,0.12
scenario_0026,gate_sampled,3,1.0914039137414966,4.799367005426861,29,178,17,46.90123276961847,0.32735638945711243,108.62827723383414,0.26990057948306223,260.7568517551894,900,900,21.559073910815034,0.3162688169042189,1.0480553869228395,0.45050812554545305,0.8669587923603376,2.8992186101849566,0.6837311830957811,reactive_gate,385,296,2,0.006711409395973154,0.03076923076923077,296,76.82903492398759,1956.4933498336338,0.0,900.0000000000005,0,83,0,0,0,0.0015963960325177285,0.15025135011439308,4632544851.060684,0.0,0,0.0,0.0,0.0,0.0,372,58,0.4691865639991496,0.4747064059285513,0.16648266114058358,0.25831408264665623,161.45454545454547,0.1
scenario_0026,gate_sampled,4,1.0914039137414966,4.799367005426861,29,178,17,46.90123276961847,0.32735638945711243,108.62827723383414,0.26990057948306223,260.7568517551894,900,900,21.559073910815034,0.3162688169042189,1.0480553869228395,0.45050812554545305,0.8669587923603376,2.8992186101849566,0.6837311830957811,reactive_gate,491,371,10,0.026246719160104987,0.09803921568627451,371,35.596806252763145,2734.5800353234517,0.0,900.0000000000005,0,199,0,0,0,0.014314698631809201,0.10695088162826301,5168907573.432662,0.0,0,0.0,0.0,0.0,0.0,412,18,0.3937185951316319,0.4115339161783121,0.16834064289669465,0.24359287508056865,202.36363636363637,0.12
scenario_0026,gate_sampled,5,1.0914039137414966,4.799367005426861,29,178,17,46.90123276961847,0.32735638945711243,108.62827723383414,0.26990057948306223,260.7568517551894,900,900,21.559073910815034,0.3162688169042189,1.0480553869228395,0.45050812554545305,0.8669587923603376,2.8992186101849566,0.6837311830957811,reactive_gate,542,390,34,0.08018867924528301,0.3402061855670103,390,39.763431080752525,3826.714530462735,0.0,900.0000000000005,0,477,0,0,0,0.018806985839057485,0.1924243823951798,6862740300.145676,0.0,0,0.0,0.0,0.0,0.0,510,1,0.3193192095324291,0.3667077500089949,0.18551762060704302,0.2547880397884209,212.72727272727275,0.15
scenario_0026,gate_ship,1,1.0914039137414966,4.799367005426861,29,178,17,46.90123276961847,0.32735638945711243,108.62827723383414,0.26990057948306223,260.7568517551894,900,900,21.559073910815034,0.3162688169042189,1.0480553869228395,0.45050812554545305,0.8669587923603376,2.8992186101849566,0.6837311830957811,reactive_gate,571,530,1,0.0018832391713747645,0.0070921985815602835,530,289.20580165090973,1632.1391440853179,7.860273927787064,900.0,0,12,1,0,0,0.002290537072844309,0.12004428880451395,3103425918.49185,0.0,0,0.0,0.0,0.0,0.0,686,33,0.7774632750168146,0.7811831949929716,0.33098754879922127,0.4493765003201818,289.0909090909091,0.17
scenario_0026,gate_ship,2,1.0914039137414966,4.799367005426861,29,178,17,46.90123276961847,0.32735638945711243,108.62827723383414,0.26990057948306223,260.7568517551894,900,900,21.559073910815034,0.3162688169042189,1.0480553869228395,0.45050812554545305,0.8669587923603376,2.8992186101849566,0.6837311830957811,reactive_gate,508,438,3,0.006802721088435374,0.01020408163265306,438,264.03893025683806,1346.2248635844517,20.584919019680143,716.7630981237262,0,12,4,0,0,0.021225242093633724,0.20529358134000936,3075168067.70001,0.0,0,0.0,0.0,0.0,0.0,704,89,0.6877994940201255,0.6918013753060518,0.2994152236556547,0.40951970392339787,238.9090909090909,0.15
scenario_0026,gate_ship,3,1.0914039137414966,4.799367005426861,29,178,17,46.90123276961847,0.32735638945711243,108.62827723383414,0.26990057948306223,260.7568517551894,900,900,21.559073910815034,0.3162688169042189,1.0480553869228395,0.45050812554545305,0.8669587923603376,2.8992186101849566,0.6837311830957811,reactive_gate,458,406,0,0.0,0.0,406,109.76688280625422,1238.666093614344,3.146648650041487,419.33409430788197,0,6,0,0,0,0.0,0.10839123334148618,3725914710.435355,0.0,0,0.0,0.0,0.0,0.0,500,158,0.7571899830606149,0.7571899830606149,0.22770250536978986,0.3781068677508354,221.45454545454547,0.13
scenario_0026,gate_ship,4,1.0914039137414966,4.799367005426861,29,178,17,46.90123276961847,0.32735638945711243,108.62827723383414,0.26990057948306223,260.7568517551894,900,900,21.559073910815034,0.3162688169042189,1.0480553869228395,0.45050812554545305,0.8669587923603376,2.8992186101849566,0.6837311830957811,reactive_gate,567,500,1,0.001996007984031936,0.0072992700729927005,500,135.50667092008416,1581.7717523697165,8.713038328029864,900.0,0,26,0,0,0,0.0028415156891848825,0.08418448308676704,4444914578.59994,0.0,0,0.0,0.0,0.0,0.0,540,118,0.6840276646569159,0.6870016979815112,0.24630735008573804,0.40265570233651626,272.72727272727275,0.15
scenario_0026,gate_ship,5,1.0914039137414966,4.799367005426861,29,178,17,46.90123276961847,0.32735638945711243,108.62827723383414,0.26990057948306223,260.7568517551894,900,900,21.559073910815034,0.3162688169042189,1.0480553869228395,0.45050812554545305,0.8669587923603376,2.8992186101849566,0.6837311830957811,reactive_gate,702,614,2,0.003246753246753247,0.008928571428571428,614,325.6667082587947,2182.1876018219255,26.859076093931108,900.0000000000005,0,110,0,0,0,0.00177999711216353,0.12096114163304866,4037688132.076307,0.0,0,0.0,0.0,0.0,0.0,688,14,0.5620460540769554,0.5649061538028273,0.3268755176990953,0.5086172795337212,334.90909090909093,0.2
scenario_0026,lease,1,1.0914039137414966,4.799367005426861,29,178,17,46.90123276961847,0.32735638945711243,108.62827723383414,0.26990057948306223,260.7568517551894,900,900,21.559073910815034,0.3162688169042189,1.0480553869228395,0.45050812554545305,0.8669587923603376,2.8992186101849566,0.6837311830957811,lease,560,517,1,0.0019305019305019305,0.007194244604316547,517,304.95008712472554,1685.3864016278424,9.257890561903675,900.0000000000005,0,12,0,0,0,0.0012339042687119215,0.12450156716822988,2899730639.8601522,478.04180860330393,0,4397.045859912753,3776.793152575332,658800.0,5672.057472432657,661,36,0.7454186290621568,0.748985225373459,0.3236281585438827,0.4304943207213483,282.0,0.35
scenario_0026,lease,2,1.0914039137414966,4.799367005426861,29,178,17,46.90123276961847,0.32735638945711243,108.62827723383414,0.26990057948306223,260.7568517551894,900,900,21.559073910815034,0.3162688169042189,1.0480553869228395,0.45050812554545305,0.8669587923603376,2.8992186101849566,0.6837311830957811,lease,499,426,3,0.006993006993006993,0.010416666666666666,426,276.28540285840063,1425.955564840157,22.866114195719057,852.968799692052,0,12,0,0,0,0.01673885281018226,0.21053838989800192,3001349802.4421988,1103.06423450561,11,4682.412942730995,3321.839897906421,570600.0,3017.305169790559,682,88,0.6571587977120323,0.6607007189460066,0.29629479995355856,0.39646602932715197,232.36363636363637,0.31
scenario_0026,lease,3,1.0914039137414966,4.799367005426861,29,178,17,46.90123276961847,0.32735638945711243,108.62827723383414,0.26990057948306223,260.7568517551894,900,900,21.559073910815034,0.3162688169042189,1.0480553869228395,0.45050812554545305,0.8669587923603376,2.8992186101849566,0.6837311830957811,lease,454,401,0,0.0,0.0,401,106.47049072808841,1252.5899508347002,1.077562671818414,531.326722706518,0,6,0,0,0,0.0,0.11038698690706573,3259108751.803986,2123.6724449767926,10,3714.699197653325,1607.2801928984986,513000.0,765.329569764866,497,147,0.7449428316091162,0.7449428316091162,0.22512798287918978,0.37016185283585507,218.72727272727275,0.27
scenario_0026,lease,4,1.0914039137414966,4.799367005426861,29,178,17,46.90123276961847,0.32735638945711243,108.62827723383414,0.26990057948306223,260.7568517551894,900,900,21.559073910815034,0.3162688169042189,1.0480553869228395,0.45050812554545305,0.8669587923603376,2.8992186101849566,0.6837311830957811,lease,560,490,1,0.002036659877800407,0.007352941176470588,490,122.26777599544766,1406.8907088584433,2.617382560191257,900.0,0,27,0,0,0,0.000658887699418695,0.0715465523702437,4099447802.938656,2578.1211692915836,15,5540.525661118156,3863.6786606135743,570600.0,3569.4995819309916,529,107,0.6638607319928193,0.6667470830014837,0.23983429984861881,0.380044268340292,267.2727272727273,0.31
scenario_0026,lease,5,1.0914039137414966,4.799367005426861,29,178,17,46.90123276961847,0.32735638945711243,108.62827723383414,0.26990057948306223,260.7568517551894,900,900,21.559073910815034,0.3162688169042189,1.0480553869228395,0.45050812554545305,0.8669587923603376,2.8992186101849566,0.6837311830957811,lease,689,594,3,0.005025125628140704,0.017857142857142856,594,329.4306207492217,2607.6105771867,19.606805749058655,900.0000000000005,0,119,1,0,0,0.003291004213324146,0.12305556241719325,4152251974.2883215,131.45766185428022,0,6041.678311260454,5812.826304880564,664200.0,10140.913679846992,662,13,0.5481384293619772,0.5530414849199494,0.30806246682787203,0.4991029410741387,324.0,0.41
scenario_0026,clairvoyant,1,1.0914039137414966,4.799367005426861,29,178,17,46.90123276961847,0.32735638945711243,108.62827723383414,0.26990057948306223,260.7568517551894,900,900,21.559073910815034,0.3162688169042189,1.0480553869228395,0.45050812554545305,0.8669587923603376,2.8992186101849566,0.6837311830957811,clairvoyant,574,527,3,0.005660377358490566,0.02158273381294964,527,122.29884555307217,2127.905653374803,13.504005617952755,900.0000000000005,0,57,0,0,0,0.0013187599004080505,0.13435404553677863,1898004138.5705078,258.7088869297802,12,0.0,0.0,0.0,0.0,669,25,0.806804258937359,0.8184970742842773,0.32054041426198326,0.44430672724023257,287.45454545454544,0.16
scenario_0026,clairvoyant,2,1.0914039137414966,4.799367005426861,29,178,17,46.90123276961847,0.32735638945711243,108.62827723383414,0.26990057948306223,260.7568517551894,900,900,21.559073910815034,0.3162688169042189,1.0480553869228395,0.45050812554545305,0.8669587923603376,2.8992186101849566,0.6837311830957811,clairvoyant,509,443,3,0.006726457399103139,0.009900990099009901,443,178.37046695474078,1441.2332158522395,14.283379167765002,900.0000000000005,0,41,0,0,0,0.013345420186366138,0.21048953209251584,1661236380.0230215,776.1266607893419,36,0.0,0.0,0.0,0.0,714,81,0.7470496518346821,0.7526073479127517,0.3050927484839554,0.39611777534478765,241.63636363636365,0.15
scenario_0026,clairvoyant,3,1.0914039137414966,4.799367005426861,29,178,17,46.90123276961847,0.32735638945711243,108.62827723383414,0.26990057948306223,260.7568517551894,900,900,21.559073910815034,0.3162688169042189,1.0480553869228395,0.45050812554545305,0.8669587923603376,2.8992186101849566,0.6837311830957811,clairvoyant,451,406,0,0.0,0.0,406,92.05688910572007,1239.0558044664765,0.0,900.0,0,12,0,0,0,0.0,0.11053574597287685,1995448267.450421,2263.702760635577,105,0.0,0.0,0.0,0.0,508,149,0.8113227338225408,0.8113227338225408,0.22585993702498014,0.3697397821887925,221.45454545454547,0.12
scenario_0026,clairvoyant,4,1.0914039137414966,4.799367005426861,29,178,17,46.90123276961847,0.32735638945711243,108.62827723383414,0.26990057948306223,260.7568517551894,900,900,21.559073910815034,0.3162688169042189,1.0480553869228395,0.45050812554545305,0.8669587923603376,2.8992186101849566,0.6837311830957811,clairvoyant,572,508,3,0.005870841487279843,0.014388489208633094,508,79.64773199286901,1813.5028390177058,3.8239197124758992,900.0,0,81,0,0,0,0.00639751130927568,0.0991849855390279,2657052318.963355,1185.7490650948291,55,0.0,0.0,0.0,0.0,568,114,0.7595648586427648,0.7665066748310182,0.247454440079397,0.40522383274460827,277.0909090909091,0.15
scenario_0026,clairvoyant,5,1.0914039137414966,4.799367005426861,29,178,17,46.90123276961847,0.32735638945711243,108.62827723383414,0.26990057948306223,260.7568517551894,900,900,21.559073910815034,0.3162688169042189,1.0480553869228395,0.45050812554545305,0.8669587923603376,2.8992186101849566,0.6837311830957811,clairvoyant,760,673,18,0.02604920405209841,0.1328125,673,95.10931152177739,3086.6799208224325,8.07718706005597,900.0000000000005,0,217,0,0,0,0.006616819900839041,0.12439560284148056,2967644093.642847,237.1498130189653,11,0.0,0.0,0.0,0.0,714,9,0.6669889390656876,0.7124144631733259,0.31720988221293395,0.5384258951887642,367.0909090909091,0.2
scenario_0026,gate_srpt,1,1.0914039137414966,4.799367005426861,29,178,17,46.90123276961847,0.32735638945711243,108.62827723383414,0.26990057948306223,260.7568517551894,900,900,21.559073910815034,0.3162688169042189,1.0480553869228395,0.45050812554545305,0.8669587923603376,2.8992186101849566,0.6837311830957811,reactive_gate,566,523,1,0.0019083969465648854,0.007142857142857143,523,293.68019889692505,1687.9356163099465,9.955694092034442,900.0,0,11,1,0,0,0.0032396982053869814,0.12213776515066707,3142832831.606212,0.0,0,0.0,0.0,0.0,0.0,677,36,0.7691216353218506,0.7728016431463572,0.33094325044431944,0.44035151500492903,285.2727272727273,0.17
scenario_0026,gate_srpt,2,1.0914039137414966,4.799367005426861,29,178,17,46.90123276961847,0.32735638945711243,108.62827723383414,0.26990057948306223,260.7568517551894,900,900,21.559073910815034,0.3162688169042189,1.0480553869228395,0.45050812554545305,0.8669587923603376,2.8992186101849566,0.6837311830957811,reactive_gate,507,438,3,0.006802721088435374,0.01,438,276.05601062847984,1426.410156909343,22.773396050232396,877.3458957094626,0,12,3,0,0,0.020054888299535046,0.20468904410839125,2972670307.9190927,0.0,0,0.0,0.0,0.0,0.0,701,91,0.688779594568489,0.6927788308945422,0.298676769849244,0.4111894901931739,238.9090909090909,0.15
scenario_0026,gate_srpt,3,1.0914039137414966,4.799367005426861,29,178,17,46.90123276961847,0.32735638945711243,108.62827723383414,0.26990057948306223,260.7568517551894,900,900,21.559073910815034,0.3162688169042189,1.0480553869228395,0.45050812554545305,0.8669587923603376,2.8992186101849566,0.6837311830957811,reactive_gate,457,405,0,0.0,0.0,405,108.48517779293252,1238.824363266379,1.2400375590547759,449.8121770063717,0,6,0,0,0,0.0,0.10786326184625307,3739923387.573327,0.0,0,0.0,0.0,0.0,0.0,502,158,0.7543716802046113,0.7543716802046113,0.22698860448650965,0.3802802878121265,220.9090909090909,0.12
scenario_0026,gate_srpt,4,1.0914039137414966,4.799367005426861,29,178,17,46.90123276961847,0.32735638945711243,108.62827723383414,0.26990057948306223,260.7568517551894,900,900,21.559073910815034,0.3162688169042189,1.0480553869228395,0.45050812554545305,0.8669587923603376,2.8992186101849566,0.6837311830957811,reactive_gate,569,504,1,0.0019801980198019802,0.0072992700729927005,504,145.26733760590218,1607.680139032523,4.439453004249317,900.0,0,24,0,0,0,0.0027706207309418605,0.06720701186799279,4371657958.828049,0.0,0,0.0,0.0,0.0,0.0,541,118,0.6899460198411543,0.6929457851448114,0.24802043842045568,0.40776875006915914,274.90909090909093,0.14
scenario_0026,gate_srpt,5,1.0914039137414966,4.799367005426861,29,178,17,46.90123276961847,0.32735638945711243,108.62827723383414,0.26990057948306223,260.7568517551894,900,900,21.559073910815034,0.3162688169042189,1.0480553869228395,0.45050812554545305,0.8669587923603376,2.8992186101849566,0.6837311830957811,reactive_gate,704,618,4,0.006430868167202572,0.02654867256637168,618,325.6667082587947,2616.434642973627,17.208873604458105,900.0000000000005,0,63,0,0,0,0.001988911814593009,0.1189983090773329,4080873458.739666,0.0,0,0.0,0.0,0.0,0.0,669,14,0.5741550868559447,0.5820207996409362,0.32107545610168886,0.5189561350920467,337.0909090909091,0.2
scenario_0027,gate_sampled,1,1.4431862990063087,3.3428761931412323,8,155,19,92.92877528759752,0.11708798222397836,29.11107916481925,0.2287705817121764,211.2353360764596,600,300,18.294134761080215,0.25009707002214376,0.6161034378479154,0.5724632156289972,1.161192091873607,1.044134682383708,0.7499029299778562,reactive_gate,462,306,18,0.05555555555555555,0.14678899082568808,306,318.8779226320336,3813.2001543125903,96.45064730131196,600.0000000000005,0,433,0,0,0,0.004092727375938156,0.42292471015203065,5342247170.919485,0.0,0,0.0,0.0,0.0,0.0,92,4,0.24901185146035015,0.26347827045564864,0.8988964225022663,0.15176820646268296,166.9090909090909,0.18
scenario_0027,gate_sampled,2,1.4431862990063087,3.3428761931412323,8,155,19,92.92877528759752,0.11708798222397836,29.11107916481925,0.2287705817121764,211.2353360764596,600,300,18.294134761080215,0.25009707002214376,0.6161034378479154,0.5724632156289972,1.161192091873607,1.044134682383708,0.7499029299778562,reactive_gate,428,322,13,0.03880597014925373,0.15294117647058825,322,246.2999500735716,3456.837644522757,55.90798820591526,600.0000000000005,0,279,0,0,0,0.008390208755526344,0.26202208291583196,4238486901.68661,0.0,0,0.0,0.0,0.0,0.0,112,3,0.3902760904156886,0.40732193273923945,0.9243035957734396,0.22152800330862205,175.63636363636365,0.16
scenario_0027,gate_sampled,3,1.4431862990063087,3.3428761931412323,8,155,19,92.92877528759752,0.11708798222397836,29.11107916481925,0.2287705817121764,211.2353360764596,600,300,18.294134761080215,0.25009707002214376,0.6161034378479154,0.5724632156289972,1.161192091873607,1.044134682383708,0.7499029299778562,reactive_gate,443,346,20,0.0546448087431694,0.1619047619047619,346,130.31802151674776,3417.630626693296,37.59832797482807,600.0000000000005,0,293,0,0,0,0.050667532915645325,0.5079013651543319,4702962357.118044,0.0,0,0.0,0.0,0.0,0.0,108,6,0.45493773409065213,0.4897618649817585,0.8521207011946388,0.18637451953210765,188.72727272727275,0.16
scenario_0027,gate_sampled,4,1.4431862990063087,3.3428761931412323,8,155,19,92.92877528759752,0.11708798222397836,29.11107916481925,0.2287705817121764,211.2353360764596,600,300,18.294134761080215,0.25009707002214376,0.6161034378479154,0.5724632156289972,1.161192091873607,1.044134682383708,0.7499029299778562,reactive_gate,529,405,18,0.0425531914893617,0.15254237288135594,405,155.64887914664268,2650.9247703178075,66.17505794194521,600.0000000000005,0,303,0,0,0,0.006934768815941943,0.3310415453715442,4398601771.716396,0.0,0,0.0,0.0,0.0,0.0,95,6,0.3551329583674343,0.37904676508480306,0.9074087102353666,0.1700300776115258,220.9090909090909,0.17
scenario_0027,gate_sampled,5,1.4431862990063087,3.3428761931412323,8,155,19,92.92877528759752,0.11708798222397836,29.11107916481925,0.2287705817121764,211.2353360764596,600,300,18.294134761080215,0.25009707002214376,0.6161034378479154,0.5724632156289972,1.161192091873607,1.044134682383708,0.7499029299778562,reactive_gate,553,416,28,0.06306306306306306,0.24528301886792453,416,89.92090251590122,3740.2629306758017,66.73462566402006,600.0000000000005,0,526,0,0,0,0.027558096758327835,0.5919014450079984,5226966812.137608,0.0,0,0.0,0.0,0.0,0.0,68,1,0.33258687004854737,0.3656645137849392,0.8521684191757318,0.18180607161660484,226.9090909090909,0.19
scenario_0027,gate_ship,1,1.4431862990063087,3.3428761931412323,8,155,19,92.92877528759752,0.11708798222397836,29.11107916481925,0.2287705817121764,211.2353360764596,600,300,18.294134761080215,0.25009707002214376,0.6161034378479154,0.5724632156289972,1.161192091873607,1.044134682383708,0.7499029299778562,reactive_gate,439,268,36,0.11842105263157894,0.3119266055045872,268,464.2988071613064,4419.668508120046,577.0618774875899,600.0000000000005,0,612,0,0,0,0.009598897701784218,0.3230294386848204,3619073894.929584,0.0,0,0.0,0.0,0.0,0.0,73,18,0.24207964858746978,0.2738303572233146,0.877343531986532,0.21132269641349705,146.1818181818182,0.23
scenario_0027,gate_ship,2,1.4431862990063087,3.3428761931412323,8,155,19,92.92877528759752,0.11708798222397836,29.11107916481925,0.2287705817121764,211.2353360764596,600,300,18.294134761080215,0.25009707002214376,0.6161034378479154,0.5724632156289972,1.161192091873607,1.044134682383708,0.7499029299778562,reactive_gate,396,257,17,0.06204379562043796,0.265625,257,429.2815583422848,2146.0429718850783,510.9980589221699,600.0000000000005,0,325,0,0,0,0.0017969275486343214,0.24945788344988745,3873859089.381511,0.0,0,0.0,0.0,0.0,0.0,97,26,0.29352916560288,0.3187521898513462,0.9356399417330356,0.26202161012656877,140.1818181818182,0.18
scenario_0027,gate_ship,3,1.4431862990063087,3.3428761931412323,8,155,19,92.92877528759752,0.11708798222397836,29.11107916481925,0.2287705817121764,211.2353360764596,600,300,18.294134761080215,0.25009707002214376,0.6161034378479154,0.5724632156289972,1.161192091873607,1.044134682383708,0.7499029299778562,reactive_gate,477,395,5,0.0125,0.03669724770642202,395,215.0035676709531,3126.960186318283,353.3130621012071,600.0000000000005,0,202,0,0,0,0.017580012866622197,0.4712390875043786,4486685865.233389,0.0,0,0.0,0.0,0.0,0.0,106,9,0.4701704774154747,0.47498550372005005,0.8878367668026418,0.24306329740111773,215.45454545454547,0.19
scenario_0027,gate_ship,4,1.4431862990063087,3.3428761931412323,8,155,19,92.92877528759752,0.11708798222397836,29.11107916481925,0.2287705817121764,211.2353360764596,600,300,18.294134761080215,0.25009707002214376,0.6161034378479154,0.5724632156289972,1.161192091873607,1.044134682383708,0.7499029299778562,reactive_gate,512,355,24,0.0633245382585752,0.2696629213483146,355,191.872176551562,2751.934553402387,458.3627871707333,600.0000000000005,0,418,0,0,0,0.0,0.22726881433559146,3602035128.033621,0.0,0,0.0,0.0,0.0,0.0,75,32,0.27760724846780316,0.308740771660454,0.91231496500259,0.18428918842024428,193.63636363636365,0.2
scenario_0027,gate_ship,5,1.4431862990063087,3.3428761931412323,8,155,19,92.92877528759752,0.11708798222397836,29.11107916481925,0.2287705817121764,211.2353360764596,600,300,18.294134761080215,0.25009707002214376,0.6161034378479154,0.5724632156289972,1.161192091873607,1.044134682383708,0.7499029299778562,reactive_gate,556,407,12,0.028639618138424822,0.13253012048192772,407,177.72241502140832,3469.82756300735,526.4530650224408,600.0000000000005,0,478,0,0,0,0.0025549753609277115,0.5816252002721822,4387829710.373263,0.0,0,0.0,0.0,0.0,0.0,66,1,0.2922640071369871,0.3048549506697733,0.9139169334935898,0.20669309872549838,222.0,0.22
scenario_0027,lease,1,1.4431862990063087,3.3428761931412323,8,155,19,92.92877528759752,0.11708798222397836,29.11107916481925,0.2287705817121764,211.2353360764596,600,300,18.294134761080215,0.25009707002214376,0.6161034378479154,0.5724632156289972,1.161192091873607,1.044134682383708,0.7499029299778562,lease,484,347,4,0.011396011396011397,0.02654867256637168,347,510.00938630117184,3289.516069516148,536.1066421628376,600.0000000000005,0,351,0,0,0,0.0006065744853639869,0.3376057559448954,3165428026.897722,667.0385809968702,2,93.85011913797939,87.81488460994638,554400.0,2540.432869270289,100,4,0.31968983853325045,0.3245892996601968,0.9389694629548693,0.21745343550092044,189.27272727272728,0.38
scenario_0027,lease,2,1.4431862990063087,3.3428761931412323,8,155,19,92.92877528759752,0.11708798222397836,29.11107916481925,0.2287705817121764,211.2353360764596,600,300,18.294134761080215,0.25009707002214376,0.6161034378479154,0.5724632156289972,1.161192091873607,1.044134682383708,0.7499029299778562,lease,432,339,3,0.008771929824561403,0.033707865168539325,339,440.16949603654757,2507.8045469288345,198.18502031360904,600.0,0,171,0,0,0,0.0057934362802268555,0.34809062161588455,2794211574.2668266,617.5080092064757,3,449.84143175731356,143.8272728299014,562200.0,1401.2767019081962,114,8,0.47636724904743644,0.48140989639432513,0.9374885329335017,0.270170394755301,184.9090909090909,0.36
scenario_0027,lease,3,1.4431862990063087,3.3428761931412323,8,155,19,92.92877528759752,0.11708798222397836,29.11107916481925,0.2287705817121764,211.2353360764596,600,300,18.294134761080215,0.25009707002214376,0.6161034378479154,0.5724632156289972,1.161192091873607,1.044134682383708,0.7499029299778562,lease,469,390,4,0.01015228426395939,0.02830188679245283,390,167.29669359823947,3232.1846963083162,116.1388463256549,600.0000000000005,0,201,0,0,0,0.017473701414333735,0.46974607860231193,3629980259.6567826,2462.864741706625,6,61.09021107375008,34.70996516795276,567600.0,600.2657312701958,107,6,0.507955378489822,0.5112018673406028,0.897986531452344,0.23670630622757308,212.72727272727275,0.36
scenario_0027,lease,4,1.4431862990063087,3.3428761931412323,8,155,19,92.92877528759752,0.11708798222397836,29.11107916481925,0.2287705817121764,211.2353360764596,600,300,18.294134761080215,0.25009707002214376,0.6161034378479154,0.5724632156289972,1.161192091873607,1.044134682383708,0.7499029299778562,lease,538,429,2,0.004640371229698376,0.01694915254237288,429,152.90631715183486,2725.7440720453847,351.188765288796,600.0000000000005,0,220,0,0,0,0.002916725942942369,0.3333427232688602,3230267015.308887,2514.1225168914575,15,345.8172462886938,310.89550494840205,675600.0,749.3730528560466,94,14,0.4030226249350825,0.4053059117408746,0.8947933713497151,0.21195301821630763,234.0,0.37
scenario_0027,lease,5,1.4431862990063087,3.3428761931412323,8,155,19,92.92877528759752,0.11708798222397836,29.11107916481925,0.2287705817121764,211.2353360764596,600,300,18.294134761080215,0.25009707002214376,0.6161034378479154,0.5724632156289972,1.161192091873607,1.044134682383708,0.7499029299778562,lease,578,450,15,0.03225806451612903,0.14423076923076922,450,104.28297824351148,3260.673450090641,135.45416119798418,600.0000000000005,0,437,0,0,0,0.023951799972076616,0.5785596524311911,4092411216.7389207,551.5431517009753,3,84.91022700129236,83.66319432104115,778800.0,3690.5013407363504,73,1,0.3745486092054333,0.38980794757247494,0.9126070178629242,0.21592107734072738,245.45454545454547,0.4
scenario_0027,clairvoyant,1,1.4431862990063087,3.3428761931412323,8,155,19,92.92877528759752,0.11708798222397836,29.11107916481925,0.2287705817121764,211.2353360764596,600,300,18.294134761080215,0.25009707002214376,0.6161034378479154,0.5724632156289972,1.161192091873607,1.044134682383708,0.7499029299778562,clairvoyant,519,406,17,0.04018912529550828,0.10638297872340426,406,165.74780290748328,3235.175910784777,131.58371436581487,600.0000000000005,0,339,0,0,0,0.009529450971037296,0.27357606253197936,3389760490.458217,329.2944256994437,18,0.0,0.0,0.0,0.0,116,5,0.568182672791895,0.5958550661205225,0.9471702390248641,0.2829018334687541,221.45454545454547,0.21
scenario_0027,clairvoyant,2,1.4431862990063087,3.3428761931412323,8,155,19,92.92877528759752,0.11708798222397836,29.11107916481925,0.2287705817121764,211.2353360764596,600,300,18.294134761080215,0.25009707002214376,0.6161034378479154,0.5724632156289972,1.161192091873607,1.044134682383708,0.7499029299778562,clairvoyant,461,371,8,0.021108179419525065,0.07920792079207921,371,179.6512252305847,2793.195854017179,111.98704889721135,600.0000000000005,0,184,0,0,0,0.01070921355051,0.3636084297795548,2260215860.882565,457.353369027006,25,0.0,0.0,0.0,0.0,120,15,0.6315001420034204,0.6505447010997486,0.9478283781889407,0.2997287365505062,202.36363636363637,0.18
scenario_0027,clairvoyant,3,1.4431862990063087,3.3428761931412323,8,155,19,92.92877528759752,0.11708798222397836,29.11107916481925,0.2287705817121764,211.2353360764596,600,300,18.294134761080215,0.25009707002214376,0.6161034378479154,0.5724632156289972,1.161192091873607,1.044134682383708,0.7499029299778562,clairvoyant,487,403,19,0.045023696682464455,0.14655172413793102,403,95.41894969373016,3102.473937789967,86.31228054272022,600.0000000000005,0,230,0,0,0,0.03598574804699912,0.48111170203309106,3296569595.021462,512.2357733102464,28,0.0,0.0,0.0,0.0,103,7,0.6251562467647694,0.6668548233621618,0.8720099167314167,0.25024521439695907,219.8181818181818,0.17
scenario_0027,clairvoyant,4,1.4431862990063087,3.3428761931412323,8,155,19,92.92877528759752,0.11708798222397836,29.11107916481925,0.2287705817121764,211.2353360764596,600,300,18.294134761080215,0.25009707002214376,0.6161034378479154,0.5724632156289972,1.161192091873607,1.044134682383708,0.7499029299778562,clairvoyant,543,442,16,0.034934497816593885,0.11678832116788321,442,50.035381215092,2826.6653800722156,107.77110576841572,600.0000000000005,0,271,0,0,0,0.024915659922468827,0.3699346818972173,3180080795.0628,439.05923426592574,24,0.0,0.0,0.0,0.0,96,7,0.5808439846426784,0.6063503699027687,0.8761926121552059,0.21447500880071738,241.0909090909091,0.18
scenario_0027,clairvoyant,5,1.4431862990063087,3.3428761931412323,8,155,19,92.92877528759752,0.11708798222397836,29.11107916481925,0.2287705817121764,211.2353360764596,600,300,18.294134761080215,0.25009707002214376,0.6161034378479154,0.5724632156289972,1.161192091873607,1.044134682383708,0.7499029299778562,clairvoyant,605,486,24,0.047058823529411764,0.19658119658119658,486,39.171576415395066,2978.363177438332,125.85429373559363,600.0000000000005,0,410,0,0,0,0.013248761448736933,0.5901789294493249,3671791158.512039,274.41202141620283,15,0.0,0.0,0.0,0.0,75,1,0.4949212082925277,0.535501174694701,0.9208383334871147,0.20274473337991544,265.0909090909091,0.2
scenario_0027,gate_srpt,1,1.4431862990063087,3.3428761931412323,8,155,19,92.92877528759752,0.11708798222397836,29.11107916481925,0.2287705817121764,211.2353360764596,600,300,18.294134761080215,0.25009707002214376,0.6161034378479154,0.5724632156289972,1.161192091873607,1.044134682383708,0.7499029299778562,reactive_gate,483,366,9,0.024,0.05343511450381679,366,228.4100534494603,3127.421930589043,234.4690270301051,600.0000000000005,0,298,0,0,0,0.03816694066993936,0.31671432555629586,5076163791.022056,0.0,0,0.0,0.0,0.0,0.0,97,5,0.5142282388412777,0.5182030068929723,0.8806113734945611,0.2279916335628967,199.63636363636365,0.2
scenario_0027,gate_srpt,2,1.4431862990063087,3.3428761931412323,8,155,19,92.92877528759752,0.11708798222397836,29.11107916481925,0.2287705817121764,211.2353360764596,600,300,18.294134761080215,0.25009707002214376,0.6161034378479154,0.5724632156289972,1.161192091873607,1.044134682383708,0.7499029299778562,reactive_gate,450,362,5,0.013623978201634877,0.05319148936170213,362,282.3094457608503,2822.8045395823124,185.0949328215747,600.0,0,129,0,0,0,0.013254002136740217,0.326146895454832,4367389514.2391405,0.0,0,0.0,0.0,0.0,0.0,105,12,0.5885140677154626,0.598874017941741,0.9347988110350299,0.3190061055287971,197.45454545454547,0.18
scenario_0027,gate_srpt,3,1.4431862990063087,3.3428761931412323,8,155,19,92.92877528759752,0.11708798222397836,29.11107916481925,0.2287705817121764,211.2353360764596,600,300,18.294134761080215,0.25009707002214376,0.6161034378479154,0.5724632156289972,1.161192091873607,1.044134682383708,0.7499029299778562,reactive_gate,482,399,9,0.022058823529411766,0.07964601769911504,399,143.47985381902117,3079.675866457297,122.7469916843529,600.0,0,149,0,0,0,0.020300350780047792,0.4474170346448959,5000358376.836227,0.0,0,0.0,0.0,0.0,0.0,91,6,0.6080886081195118,0.629346703510163,0.8935536151418026,0.25713301205095174,217.63636363636365,0.18
scenario_0027,gate_srpt,4,1.4431862990063087,3.3428761931412323,8,155,19,92.92877528759752,0.11708798222397836,29.11107916481925,0.2287705817121764,211.2353360764596,600,300,18.294134761080215,0.25009707002214376,0.6161034378479154,0.5724632156289972,1.161192091873607,1.044134682383708,0.7499029299778562,reactive_gate,539,441,11,0.024336283185840708,0.08270676691729323,441,49.26010846383451,3182.4708102334066,229.94033272526488,600.0000000000005,0,199,0,0,0,0.00893816742221213,0.37702708977923344,4111891620.162092,0.0,0,0.0,0.0,0.0,0.0,90,8,0.5467249578267779,0.5642813998325251,0.8786746962493526,0.22599678513072669,240.54545454545456,0.18
scenario_0027,gate_srpt,5,1.4431862990063087,3.3428761931412323,8,155,19,92.92877528759752,0.11708798222397836,29.11107916481925,0.2287705817121764,211.2353360764596,600,300,18.294134761080215,0.25009707002214376,0.6161034378479154,0.5724632156289972,1.161192091873607,1.044134682383708,0.7499029299778562,reactive_gate,616,494,14,0.027559055118110236,0.11428571428571428,494,36.03581004065063,3301.9804522065488,181.26339703728607,600.0000000000005,0,355,0,0,0,0.009487261271708047,0.5725317151988638,5211802811.34414,0.0,0,0.0,0.0,0.0,0.0,60,1,0.46626509357712176,0.49022698792127467,0.900120462898213,0.21669196661998263,269.45454545454544,0.21
scenario_0028,gate_sampled,1,1.436674427640402,1.9641234446914548,27,169,13,21.6633709539405,0.34414081272216196,28.922261691496633,0.3581275069807861,447.41369755488967,300,60,23.589666353538842,0.06160359887640083,0.25907188772790885,0.45748433014095663,0.877858802448409,1.0077117884707603,0.9383964011235991,reactive_gate,451,368,14,0.03664921465968586,0.12871287128712872,368,120.45557895182765,2923.8892343315883,45.52581495945322,300.00000000000045,0,446,5,0,0,0.015506158556643114,0.10431422729399116,1082907070.1597018,0.0,0,0.0,0.0,0.0,0.0,14,0,0.5936275272615112,0.6252414573970062,0.36552951355674507,0.23217899674776213,200.72727272727275,0.19
scenario_0028,gate_sampled,2,1.436674427640402,1.9641234446914548,27,169,13,21.6633709539405,0.34414081272216196,28.922261691496633,0.3581275069807861,447.41369755488967,300,60,23.589666353538842,0.06160359887640083,0.25907188772790885,0.45748433014095663,0.877858802448409,1.0077117884707603,0.9383964011235991,reactive_gate,461,365,10,0.02666666666666667,0.1,365,192.56891582708113,2586.0862969373384,74.4150253545147,300.00000000000045,0,421,5,0,0,0.014367651726779484,0.09917706878143628,575131821.1599348,0.0,0,0.0,0.0,0.0,0.0,18,0,0.5739127230178777,0.5965950039074127,0.41290076564073785,0.23656980445555323,199.0909090909091,0.22
scenario_0028,gate_sampled,3,1.436674427640402,1.9641234446914548,27,169,13,21.6633709539405,0.34414081272216196,28.922261691496633,0.3581275069807861,447.41369755488967,300,60,23.589666353538842,0.06160359887640083,0.25907188772790885,0.45748433014095663,0.877858802448409,1.0077117884707603,0.9383964011235991,reactive_gate,494,410,7,0.016786570743405275,0.07446808510638298,410,77.45412480347028,1608.9026884360296,39.26796335219165,300.00000000000045,0,355,8,0,0,0.01211201595286866,0.14139213116189023,1242436655.4090087,0.0,0,0.0,0.0,0.0,0.0,13,0,0.5817162550220548,0.5992300283830223,0.34742989108079847,0.22193825066061001,223.63636363636365,0.19
scenario_0028,gate_sampled,4,1.436674427640402,1.9641234446914548,27,169,13,21.6633709539405,0.34414081272216196,28.922261691496633,0.3581275069807861,447.41369755488967,300,60,23.589666353538842,0.06160359887640083,0.25907188772790885,0.45748433014095663,0.877858802448409,1.0077117884707603,0.9383964011235991,reactive_gate,531,459,5,0.010775862068965518,0.04504504504504504,459,45.711209705457804,2837.552973884194,59.81239046769924,300.00000000000045,0,361,1,0,0,0.00533452716208892,0.0,898123078.7461157,0.0,0,0.0,0.0,0.0,0.0,22,0,0.648725065234872,0.6627211689860811,0.3734682992484196,0.26123759152244824,250.36363636363637,0.21
scenario_0028,gate_sampled,5,1.436674427640402,1.9641234446914548,27,169,13,21.6633709539405,0.34414081272216196,28.922261691496633,0.3581275069807861,447.41369755488967,300,60,23.589666353538842,0.06160359887640083,0.25907188772790885,0.45748433014095663,0.877858802448409,1.0077117884707603,0.9383964011235991,reactive_gate,671,571,24,0.040336134453781515,0.19658119658119658,571,21.960658705656442,2906.141158869623,43.30016137223734,300.00000000000045,0,691,9,0,0,0.016665725320824512,0.2305258763242817,660426593.8890809,0.0,0,0.0,0.0,0.0,0.0,15,0,0.5870338523976236,0.6531903413801767,0.41873839914098254,0.2263750820239283,311.45454545454544,0.26
scenario_0028,gate_ship,1,1.436674427640402,1.9641234446914548,27,169,13,21.6633709539405,0.34414081272216196,28.922261691496633,0.3581275069807861,447.41369755488967,300,60,23.589666353538842,0.06160359887640083,0.25907188772790885,0.45748433014095663,0.877858802448409,1.0077117884707603,0.9383964011235991,reactive_gate,457,381,2,0.005221932114882507,0.020202020202020204,381,166.9533698163341,2022.1760364550012,47.52453928432999,300.00000000000045,0,374,7,0,0,0.008003093198008519,0.08792800044943172,1302811666.0340092,0.0,0,0.0,0.0,0.0,0.0,14,0,0.6333965695930167,0.6378156347043866,0.36443187642809866,0.2877413007636298,207.8181818181818,0.2
scenario_0028,gate_ship,2,1.436674427640402,1.9641234446914548,27,169,13,21.6633709539405,0.34414081272216196,28.922261691496633,0.3581275069807861,447.41369755488967,300,60,23.589666353538842,0.06160359887640083,0.25907188772790885,0.45748433014095663,0.877858802448409,1.0077117884707603,0.9383964011235991,reactive_gate,470,380,5,0.012987012987012988,0.04950495049504951,380,221.46424521683025,2077.003706924712,76.063179886795,300.00000000000045,0,368,4,0,0,0.008718401294629556,0.14088456434378127,540106175.526399,0.0,0,0.0,0.0,0.0,0.0,18,0,0.6004773543787649,0.6143058457102549,0.42330301000268594,0.27200439891497946,207.27272727272728,0.22
scenario_0028,gate_ship,3,1.436674427640402,1.9641234446914548,27,169,13,21.6633709539405,0.34414081272216196,28.922261691496633,0.3581275069807861,447.41369755488967,300,60,23.589666353538842,0.06160359887640083,0.25907188772790885,0.45748433014095663,0.877858802448409,1.0077117884707603,0.9383964011235991,reactive_gate,505,434,3,0.006864988558352402,0.02912621359223301,434,146.74266766308813,1426.0228556529992,34.964155839885976,300.00000000000045,0,241,5,0,0,0.006350079085235244,0.0897939342472713,1090853561.7215865,0.0,0,0.0,0.0,0.0,0.0,13,0,0.6678610851358509,0.6749630170147399,0.38228218700298333,0.2876965731721726,236.72727272727275,0.2
scenario_0028,gate_ship,4,1.436674427640402,1.9641234446914548,27,169,13,21.6633709539405,0.34414081272216196,28.922261691496633,0.3581275069807861,447.41369755488967,300,60,23.589666353538842,0.06160359887640083,0.25907188772790885,0.45748433014095663,0.877858802448409,1.0077117884707603,0.9383964011235991,reactive_gate,521,453,0,0.0,0.0,453,44.40764470451086,2331.187143055707,57.64399256011315,300.0,0,345,5,0,0,0.003848028508213472,0.0,939872233.3814405,0.0,0,0.0,0.0,0.0,0.0,21,0,0.6524748824268937,0.6524748824268937,0.3701340564308805,0.2835028013271388,247.0909090909091,0.21
scenario_0028,gate_ship,5,1.436674427640402,1.9641234446914548,27,169,13,21.6633709539405,0.34414081272216196,28.922261691496633,0.3581275069807861,447.41369755488967,300,60,23.589666353538842,0.06160359887640083,0.25907188772790885,0.45748433014095663,0.877858802448409,1.0077117884707603,0.9383964011235991,reactive_gate,672,585,5,0.00847457627118644,0.045871559633027525,585,22.67739623296393,2504.136050498554,46.51594351891806,300.00000000000045,0,613,5,0,0,0.00413386868225561,0.2822664286876784,648215483.9217069,0.0,0,0.0,0.0,0.0,0.0,15,0,0.6260179792810687,0.6369636549540294,0.42254987189079785,0.23931727020089186,319.0909090909091,0.27
scenario_0028,lease,1,1.436674427640402,1.9641234446914548,27,169,13,21.6633709539405,0.34414081272216196,28.922261691496633,0.3581275069807861,447.41369755488967,300,60,23.589666353538842,0.06160359887640083,0.25907188772790885,0.45748433014095663,0.877858802448409,1.0077117884707603,0.9383964011235991,lease,463,390,3,0.007633587786259542,0.030303030303030304,390,187.14370662276087,1849.4473996892575,48.440046955163936,300.00000000000045,0,351,6,0,0,0.009077366898225338,0.08812381015124773,1485490804.820894,2738.909397423109,8,0.3349462158867027,0.3349462158867027,835200.0,3.506975510827033,14,0,0.6403509701393404,0.6451461284161771,0.3592611269293121,0.2870030386156822,212.72727272727275,0.43
scenario_0028,lease,2,1.436674427640402,1.9641234446914548,27,169,13,21.6633709539405,0.34414081272216196,28.922261691496633,0.3581275069807861,447.41369755488967,300,60,23.589666353538842,0.06160359887640083,0.25907188772790885,0.45748433014095663,0.877858802448409,1.0077117884707603,0.9383964011235991,lease,465,377,5,0.013089005235602094,0.04854368932038835,377,236.19452512306248,2084.3878710667523,66.00979678066521,300.00000000000045,0,375,10,0,0,0.013785876615701551,0.14526900798391162,506920906.8845256,435.6101650592441,2,0.0,0.0,956400.0,5.4712469937010155,17,0,0.6010999998055094,0.6149918007381956,0.4182584557996873,0.26159771567315265,205.63636363636365,0.47
scenario_0028,lease,3,1.436674427640402,1.9641234446914548,27,169,13,21.6633709539405,0.34414081272216196,28.922261691496633,0.3581275069807861,447.41369755488967,300,60,23.589666353538842,0.06160359887640083,0.25907188772790885,0.45748433014095663,0.877858802448409,1.0077117884707603,0.9383964011235991,lease,498,424,3,0.00702576112412178,0.030612244897959183,424,124.78835994211352,1605.6041586832832,44.13854781877251,300.00000000000045,0,261,3,0,0,0.006045290723053568,0.06333784081623375,930564793.2403117,1468.7050947458163,7,0.0,0.0,823200.0,7.978908417886487,13,0,0.6435587433530332,0.6502846182782698,0.3665896977490959,0.2825680413055588,231.27272727272728,0.43
scenario_0028,lease,4,1.436674427640402,1.9641234446914548,27,169,13,21.6633709539405,0.34414081272216196,28.922261691496633,0.3581275069807861,447.41369755488967,300,60,23.589666353538842,0.06160359887640083,0.25907188772790885,0.45748433014095663,0.877858802448409,1.0077117884707603,0.9383964011235991,lease,521,446,0,0.0,0.0,446,38.30130969184779,2574.4618209378236,69.16159109217368,300.00000000000045,0,357,3,0,0,0.001702358706682369,0.0,618615611.6941648,60.92234436720605,1,0.0,0.0,1000200.0,3.5234633142222265,19,0,0.6438594320197586,0.6438594320197586,0.36883269629821486,0.28118091146361035,243.27272727272728,0.44
scenario_0028,lease,5,1.436674427640402,1.9641234446914548,27,169,13,21.6633709539405,0.34414081272216196,28.922261691496633,0.3581275069807861,447.41369755488967,300,60,23.589666353538842,0.06160359887640083,0.25907188772790885,0.45748433014095663,0.877858802448409,1.0077117884707603,0.9383964011235991,lease,656,562,8,0.014035087719298246,0.07272727272727272,562,22.86300796950991,2525.9215899362603,66.621583203882,300.00000000000045,0,651,12,0,0,0.008813783866094488,0.25029253643822785,451575603.0965663,668.2108003407583,6,0.0,0.0,1218000.0,1.6847504941601983,14,0,0.5915304175272665,0.6089127573863528,0.41492752011328865,0.19989620534404462,306.54545454545456,0.53
scenario_0028,clairvoyant,1,1.436674427640402,1.9641234446914548,27,169,13,21.6633709539405,0.34414081272216196,28.922261691496633,0.3581275069807861,447.41369755488967,300,60,23.589666353538842,0.06160359887640083,0.25907188772790885,0.45748433014095663,0.877858802448409,1.0077117884707603,0.9383964011235991,clairvoyant,460,386,15,0.03740648379052369,0.13761467889908258,386,142.13500186639544,1620.187293129995,35.9910450258294,300.00000000000045,0,389,2,0,0,0.018530642406476557,0.09339522796562638,1074434761.6815867,566.1519924849309,24,0.0,0.0,0.0,0.0,15,0,0.683386916316704,0.7295040796694315,0.37134236337736337,0.2661153355332803,210.54545454545456,0.19
scenario_0028,clairvoyant,2,1.436674427640402,1.9641234446914548,27,169,13,21.6633709539405,0.34414081272216196,28.922261691496633,0.3581275069807861,447.41369755488967,300,60,23.589666353538842,0.06160359887640083,0.25907188772790885,0.45748433014095663,0.877858802448409,1.0077117884707603,0.9383964011235991,clairvoyant,457,373,16,0.04113110539845758,0.14035087719298245,373,174.33780350208235,1709.94292790418,62.40608374440076,300.00000000000045,0,397,4,0,0,0.02383174685107409,0.14923356989358033,358696382.28252006,165.1276644747718,7,0.0,0.0,0.0,0.0,18,0,0.6760223742885701,0.7216687591975215,0.41777537749527566,0.2533127440678166,203.45454545454547,0.22
scenario_0028,clairvoyant,3,1.436674427640402,1.9641234446914548,27,169,13,21.6633709539405,0.34414081272216196,28.922261691496633,0.3581275069807861,447.41369755488967,300,60,23.589666353538842,0.06160359887640083,0.25907188772790885,0.45748433014095663,0.877858802448409,1.0077117884707603,0.9383964011235991,clairvoyant,496,426,7,0.016166281755196306,0.057692307692307696,426,105.95468522149923,1593.992841565163,40.69881456533176,300.00000000000045,0,283,9,0,0,0.024688234683072095,0.0974446452806043,816144185.5376161,636.9209915455488,27,0.0,0.0,0.0,0.0,12,0,0.6826836662806391,0.6903214815418668,0.3697176676163343,0.26098598187421,232.36363636363637,0.19
scenario_0028,clairvoyant,4,1.436674427640402,1.9641234446914548,27,169,13,21.6633709539405,0.34414081272216196,28.922261691496633,0.3581275069807861,447.41369755488967,300,60,23.589666353538842,0.06160359887640083,0.25907188772790885,0.45748433014095663,0.877858802448409,1.0077117884707603,0.9383964011235991,clairvoyant,522,452,5,0.010940919037199124,0.043478260869565216,452,39.22758293721813,2018.9577770546796,56.22867159790059,300.00000000000045,0,342,2,0,0,0.006954256562659916,0.059206558830558365,494762936.9363111,235.8966635353886,10,0.0,0.0,0.0,0.0,20,0,0.6946888762464168,0.7089892055257244,0.36971400070265814,0.28742520354132767,246.54545454545456,0.21
scenario_0028,clairvoyant,5,1.436674427640402,1.9641234446914548,27,169,13,21.6633709539405,0.34414081272216196,28.922261691496633,0.3581275069807861,447.41369755488967,300,60,23.589666353538842,0.06160359887640083,0.25907188772790885,0.45748433014095663,0.877858802448409,1.0077117884707603,0.9383964011235991,clairvoyant,666,572,28,0.04666666666666667,0.20634920634920634,572,22.203578673672382,2458.2429588464915,50.13686503456306,300.00000000000045,0,605,5,0,0,0.021924264854907914,0.2657957230591044,476602438.33087337,259.4863298889271,11,0.0,0.0,0.0,0.0,15,0,0.6616476325064379,0.7398816740268881,0.421374422278339,0.23809387424221412,312.0,0.24
scenario_0028,gate_srpt,1,1.436674427640402,1.9641234446914548,27,169,13,21.6633709539405,0.34414081272216196,28.922261691496633,0.3581275069807861,447.41369755488967,300,60,23.589666353538842,0.06160359887640083,0.25907188772790885,0.45748433014095663,0.877858802448409,1.0077117884707603,0.9383964011235991,reactive_gate,463,397,4,0.00997506234413965,0.03773584905660377,397,191.94533818180253,2292.735910791416,27.792279845182684,300.00000000000045,0,274,4,0,0,0.006753191694454471,0.09058419331239574,1194472929.6362526,0.0,0,0.0,0.0,0.0,0.0,15,0,0.6719680632016254,0.6793287192840514,0.3799929850882999,0.2770817622885882,216.54545454545456,0.19
scenario_0028,gate_srpt,2,1.436674427640402,1.9641234446914548,27,169,13,21.6633709539405,0.34414081272216196,28.922261691496633,0.3581275069807861,447.41369755488967,300,60,23.589666353538842,0.06160359887640083,0.25907188772790885,0.45748433014095663,0.877858802448409,1.0077117884707603,0.9383964011235991,reactive_gate,471,377,5,0.013089005235602094,0.050505050505050504,377,236.8379084974763,2725.715445483836,66.88046685268539,300.00000000000045,0,368,8,0,0,0.01182778168008712,0.14183377130807417,532519450.8193934,0.0,0,0.0,0.0,0.0,0.0,17,0,0.6181004464943675,0.6277158959579607,0.41496373069249,0.2764647408588161,205.63636363636365,0.23
scenario_0028,gate_srpt,3,1.436674427640402,1.9641234446914548,27,169,13,21.6633709539405,0.34414081272216196,28.922261691496633,0.3581275069807861,447.41369755488967,300,60,23.589666353538842,0.06160359887640083,0.25907188772790885,0.45748433014095663,0.877858802448409,1.0077117884707603,0.9383964011235991,reactive_gate,496,417,4,0.009501187648456057,0.04081632653061224,417,103.86499743330194,1558.9132830449603,40.48386466255782,300.00000000000045,0,226,4,0,0,0.009094777977208991,0.09243341540751601,1237969748.45315,0.0,0,0.0,0.0,0.0,0.0,13,0,0.6563788410479494,0.6646260353325742,0.36922734937935864,0.278464740699489,227.45454545454547,0.19
scenario_0028,gate_srpt,4,1.436674427640402,1.9641234446914548,27,169,13,21.6633709539405,0.34414081272216196,28.922261691496633,0.3581275069807861,447.41369755488967,300,60,23.589666353538842,0.06160359887640083,0.25907188772790885,0.45748433014095663,0.877858802448409,1.0077117884707603,0.9383964011235991,reactive_gate,525,455,2,0.00437636761487965,0.017857142857142856,455,45.36439776921566,2582.8981544064627,48.173979678118684,300.00000000000045,0,317,7,0,0,0.0033826183228063108,0.030388259327466766,748086676.9188426,0.0,0,0.0,0.0,0.0,0.0,17,0,0.666486164194933,0.6724553282674482,0.3801558462425777,0.2905181830707698,248.1818181818182,0.22
scenario_0028,gate_srpt,5,1.436674427640402,1.9641234446914548,27,169,13,21.6633709539405,0.34414081272216196,28.922261691496633,0.3581275069807861,447.41369755488967,300,60,23.589666353538842,0.06160359887640083,0.25907188772790885,0.45748433014095663,0.877858802448409,1.0077117884707603,0.9383964011235991,reactive_gate,662,567,19,0.032423208191126277,0.15384615384615385,567,22.029881403417676,2885.9485218993627,70.18681338588648,300.00000000000045,0,635,10,0,0,0.017492283017098886,0.2925009152334713,428853964.03753525,0.0,0,0.0,0.0,0.0,0.0,14,0,0.6030862453086088,0.6473486271028573,0.4076112415513156,0.20550469729135218,309.2727272727273,0.25
scenario_0029,gate_sampled,1,3.70711862387578,5.7826719439989756,22,100,23,47.79142022302117,0.08476002537815557,52.41592263948314,0.13414727854773606,374.49594853108755,600,60,1.3448106714180632,0.12118020003070583,0.22609964965837198,0.4659217809759671,0.7516914092061756,0.9583693710005105,0.8788197999692942,reactive_gate,1135,612,29,0.0452418096723869,0.14009661835748793,612,225.25869025520592,3770.8882992422377,305.2487547073873,600.0000000000005,0,1385,6,0,0,0.006312222695634994,0.12533816461845648,1447118154.933571,0.0,0,0.0,0.0,0.0,0.0,22,0,0.19543794037433973,0.2035811878899372,0.7372185985937464,0.0749006503157188,333.8181818181818,1.71
scenario_0029,gate_sampled,2,3.70711862387578,5.7826719439989756,22,100,23,47.79142022302117,0.08476002537815557,52.41592263948314,0.13414727854773606,374.49594853108755,600,60,1.3448106714180632,0.12118020003070583,0.22609964965837198,0.4659217809759671,0.7516914092061756,0.9583693710005105,0.8788197999692942,reactive_gate,1444,865,78,0.08271474019088017,0.30612244897959184,865,228.16054900919926,4363.980933773684,312.43441548476636,600.0000000000005,0,2298,5,0,0,0.015546091008272794,0.0,1873481071.2916467,0.0,0,0.0,0.0,0.0,0.0,18,0,0.1889599093387215,0.20785477488026816,0.7721930929340021,0.0575135219356143,471.8181818181818,2.21
scenario_0029,gate_sampled,3,3.70711862387578,5.7826719439989756,22,100,23,47.79142022302117,0.08476002537815557,52.41592263948314,0.13414727854773606,374.49594853108755,600,60,1.3448106714180632,0.12118020003070583,0.22609964965837198,0.4659217809759671,0.7516914092061756,0.9583693710005105,0.8788197999692942,reactive_gate,1660,1074,58,0.05123674911660778,0.19202898550724637,1074,134.15900095902998,3598.882143240147,297.5098295493079,600.0000000000005,0,1806,7,0,0,0.013626367864754529,0.0,1632384657.360116,0.0,0,0.0,0.0,0.0,0.0,21,0,0.2156340173343079,0.22894552855102376,0.7825610810788538,0.06081844333690672,585.8181818181819,1.98
scenario_0029,gate_sampled,4,3.70711862387578,5.7826719439989756,22,100,23,47.79142022302117,0.08476002537815557,52.41592263948314,0.13414727854773606,374.49594853108755,600,60,1.3448106714180632,0.12118020003070583,0.22609964965837198,0.4659217809759671,0.7516914092061756,0.9583693710005105,0.8788197999692942,reactive_gate,1341,854,38,0.042600896860986545,0.15702479338842976,854,169.50103766909388,3813.6165644323323,278.4610551033629,600.0000000000005,0,1293,2,0,0,0.008792604974569197,0.0013520584556060216,1524369689.106203,0.0,0,0.0,0.0,0.0,0.0,19,0,0.22316483919826965,0.2343194877434452,0.7279623537296038,0.08114505110910071,465.8181818181818,1.63
scenario_0029,gate_sampled,5,3.70711862387578,5.7826719439989756,22,100,23,47.79142022302117,0.08476002537815557,52.41592263948314,0.13414727854773606,374.49594853108755,600,60,1.3448106714180632,0.12118020003070583,0.22609964965837198,0.4659217809759671,0.7516914092061756,0.9583693710005105,0.8788197999692942,reactive_gate,1544,1029,49,0.045454545454545456,0.18631178707224336,1029,133.71767287718058,2797.7646798282185,323.39290159644975,600.0000000000005,0,1564,6,0,0,0.007526210809126559,0.0,1689953559.4337282,0.0,0,0.0,0.0,0.0,0.0,13,0,0.23461954495125212,0.2492659537160468,0.7913501921046127,0.07417390109012871,561.2727272727273,1.83
scenario_0029,gate_ship,1,3.70711862387578,5.7826719439989756,22,100,23,47.79142022302117,0.08476002537815557,52.41592263948314,0.13414727854773606,374.49594853108755,600,60,1.3448106714180632,0.12118020003070583,0.22609964965837198,0.4659217809759671,0.7516914092061756,0.9583693710005105,0.8788197999692942,reactive_gate,1150,618,31,0.04776579352850539,0.1497584541062802,618,204.38607587974457,3834.416780672423,307.192199918943,600.0000000000005,0,1500,8,0,0,0.004563344318277379,0.10918054474154988,738854198.1249163,0.0,0,0.0,0.0,0.0,0.0,16,0,0.19841811242781465,0.2061512934091103,0.6856209014974924,0.10212111131456275,337.0909090909091,1.88
scenario_0029,gate_ship,2,3.70711862387578,5.7826719439989756,22,100,23,47.79142022302117,0.08476002537815557,52.41592263948314,0.13414727854773606,374.49594853108755,600,60,1.3448106714180632,0.12118020003070583,0.22609964965837198,0.4659217809759671,0.7516914092061756,0.9583693710005105,0.8788197999692942,reactive_gate,1527,952,67,0.06575073601570167,0.26720647773279355,952,126.99953383569505,4406.035887807817,421.93906758024605,600.0000000000005,0,2491,5,0,0,0.0034006025937518745,0.0,1039904772.7222621,0.0,0,0.0,0.0,0.0,0.0,20,0,0.21309686692001037,0.23183642561409593,0.7128967228667797,0.07675179310638292,519.2727272727273,5.35
scenario_0029,gate_ship,3,3.70711862387578,5.7826719439989756,22,100,23,47.79142022302117,0.08476002537815557,52.41592263948314,0.13414727854773606,374.49594853108755,600,60,1.3448106714180632,0.12118020003070583,0.22609964965837198,0.4659217809759671,0.7516914092061756,0.9583693710005105,0.8788197999692942,reactive_gate,1763,1211,46,0.03659506762132061,0.15331010452961671,1211,75.58277758442955,3859.7780371065473,420.9484645213434,600.0000000000005,0,1901,5,0,0,0.006179602448993659,0.0,1138646044.4068573,0.0,0,0.0,0.0,0.0,0.0,24,0,0.25797133623895896,0.27009035694068023,0.7621637224459044,0.08054747648409216,660.5454545454546,2.77
scenario_0029,gate_ship,4,3.70711862387578,5.7826719439989756,22,100,23,47.79142022302117,0.08476002537815557,52.41592263948314,0.13414727854773606,374.49594853108755,600,60,1.3448106714180632,0.12118020003070583,0.22609964965837198,0.4659217809759671,0.7516914092061756,0.9583693710005105,0.8788197999692942,reactive_gate,1381,885,31,0.03384279475982533,0.13135593220338984,885,155.1423427017994,4422.17380630271,310.40426133230704,600.0000000000005,0,1325,2,0,0,0.003715194285030988,0.0,837474587.4280229,0.0,0,0.0,0.0,0.0,0.0,15,0,0.2230778541533763,0.23249849223752939,0.6909650128587742,0.10063978327292775,482.72727272727275,2.05
scenario_0029,gate_ship,5,3.70711862387578,5.7826719439989756,22,100,23,47.79142022302117,0.08476002537815557,52.41592263948314,0.13414727854773606,374.49594853108755,600,60,1.3448106714180632,0.12118020003070583,0.22609964965837198,0.4659217809759671,0.7516914092061756,0.9583693710005105,0.8788197999692942,reactive_gate,1553,1007,38,0.03636363636363636,0.15079365079365079,1007,85.72336746844258,3807.1513931114355,411.7497984568975,600.0000000000005,0,1654,8,0,0,0.00364798608319506,0.1524305986120722,849983531.215728,0.0,0,0.0,0.0,0.0,0.0,12,0,0.24350264915686617,0.255163388328287,0.7227480457106025,0.0791410038069518,549.2727272727273,3.43
scenario_0029,lease,1,3.70711862387578,5.7826719439989756,22,100,23,47.79142022302117,0.08476002537815557,52.41592263948314,0.13414727854773606,374.49594853108755,600,60,1.3448106714180632,0.12118020003070583,0.22609964965837198,0.4659217809759671,0.7516914092061756,0.9583693710005105,0.8788197999692942,lease,1189,684,25,0.03526093088857546,0.11059907834101383,684,181.78009919571969,3743.4010353451586,370.02754433164245,600.0000000000005,0,1424,7,0,0,0.006804106535498564,0.11133200169035765,843891194.1460823,281.3078326233561,1,0.0,0.0,2166000.0,4.139485599463114,22,0,0.2148251636025395,0.2219652306487455,0.7268317390601823,0.09252103215029818,373.0909090909091,2.85
scenario_0029,lease,2,3.70711862387578,5.7826719439989756,22,100,23,47.79142022302117,0.08476002537815557,52.41592263948314,0.13414727854773606,374.49594853108755,600,60,1.3448106714180632,0.12118020003070583,0.22609964965837198,0.4659217809759671,0.7516914092061756,0.9583693710005105,0.8788197999692942,lease,1528,976,59,0.057004830917874394,0.21875,976,127.18003998163226,4551.390461039566,441.9291079457055,600.0000000000005,0,2331,4,0,0,0.004914177551872253,0.0,1252647827.1055195,0.0,0,0.3005490050309163,0.3005490050309163,3075600.0,2.3312882815339435,18,0,0.2486031141807213,0.26734310856750704,0.7534921779684961,0.07932589916224252,532.3636363636364,5.09
scenario_0029,lease,3,3.70711862387578,5.7826719439989756,22,100,23,47.79142022302117,0.08476002537815557,52.41592263948314,0.13414727854773606,374.49594853108755,600,60,1.3448106714180632,0.12118020003070583,0.22609964965837198,0.4659217809759671,0.7516914092061756,0.9583693710005105,0.8788197999692942,lease,1795,1249,51,0.03923076923076923,0.15878378378378377,1249,77.0653765447687,3957.6866402586434,390.18475139032756,600.0000000000005,0,1877,2,0,0,0.009656299619528838,0.0,1557180593.8855863,0.0,0,0.0,0.0,3357000.0,3.2804691302853826,22,0,0.2721278172090186,0.28678551931120316,0.7954611237579761,0.08323801591077772,681.2727272727273,3.25
scenario_0029,lease,4,3.70711862387578,5.7826719439989756,22,100,23,47.79142022302117,0.08476002537815557,52.41592263948314,0.13414727854773606,374.49594853108755,600,60,1.3448106714180632,0.12118020003070583,0.22609964965837198,0.4659217809759671,0.7516914092061756,0.9583693710005105,0.8788197999692942,lease,1418,918,23,0.024442082890541977,0.0970464135021097,918,90.12324302579009,3863.6016284580232,421.1942808175752,600.0000000000005,0,1293,5,0,0,0.0074609716851986845,0.0011725078666699061,1062737146.9427196,1123.2280040895946,3,0.0,0.0,2568600.0,3.6325507635092436,17,0,0.24023376903152424,0.24623760562790045,0.7056846868480846,0.10259892593586913,500.72727272727275,2.68
scenario_0029,lease,5,3.70711862387578,5.7826719439989756,22,100,23,47.79142022302117,0.08476002537815557,52.41592263948314,0.13414727854773606,374.49594853108755,600,60,1.3448106714180632,0.12118020003070583,0.22609964965837198,0.4659217809759671,0.7516914092061756,0.9583693710005105,0.8788197999692942,lease,1525,976,39,0.03842364532019704,0.16115702479338842,976,132.0737550527756,3591.2451444701674,491.6935927135328,600.0000000000005,0,1655,4,0,0,0.002900394001784158,0.16082691972133978,838491600.8787196,0.0,0,0.0,0.0,2659800.0,6.035985085794437,12,0,0.20076641737934323,0.2104791589374936,0.7200760452779544,0.07230703179393375,532.3636363636364,3.81
scenario_0029,clairvoyant,1,3.70711862387578,5.7826719439989756,22,100,23,47.79142022302117,0.08476002537815557,52.41592263948314,0.13414727854773606,374.49594853108755,600,60,1.3448106714180632,0.12118020003070583,0.22609964965837198,0.4659217809759671,0.7516914092061756,0.9583693710005105,0.8788197999692942,clairvoyant,1296,828,34,0.03944315545243619,0.125,828,23.429844782118153,3032.7917389085983,212.75717213183688,600.0000000000005,0,1651,4,0,0,0.01599333618416911,0.10100987207611463,1027242431.4373827,10.758485371344449,8,0.0,0.0,0.0,0.0,25,0,0.37859635983155904,0.39325684909220304,0.804392361523157,0.10483376982786705,451.6363636363637,0.91
scenario_0029,clairvoyant,2,3.70711862387578,5.7826719439989756,22,100,23,47.79142022302117,0.08476002537815557,52.41592263948314,0.13414727854773606,374.49594853108755,600,60,1.3448106714180632,0.12118020003070583,0.22609964965837198,0.4659217809759671,0.7516914092061756,0.9583693710005105,0.8788197999692942,clairvoyant,1698,1185,72,0.057279236276849645,0.23208191126279865,1185,16.770243294417924,2978.723919186179,262.0257256092666,600.0000000000005,0,2613,0,0,0,0.026736552989774856,0.003961785418368174,1269636748.5288079,0.0,0,0.0,0.0,0.0,0.0,24,0,0.36769433825704534,0.40010913564816475,0.8727970893609758,0.0949460084083895,646.3636363636364,1.45
scenario_0029,clairvoyant,3,3.70711862387578,5.7826719439989756,22,100,23,47.79142022302117,0.08476002537815557,52.41592263948314,0.13414727854773606,374.49594853108755,600,60,1.3448106714180632,0.12118020003070583,0.22609964965837198,0.4659217809759671,0.7516914092061756,0.9583693710005105,0.8788197999692942,clairvoyant,1901,1371,64,0.0445993031358885,0.1782477341389728,1371,17.275291014070717,3095.75560708995,197.18220593947373,600.0000000000005,0,2188,2,0,0,0.030433767881860994,0.10718475090839427,1274338030.0465367,1.3448106714180597,1,0.0,0.0,0.0,0.0,23,0,0.39294623549713736,0.42164487072923096,0.8160783684455276,0.08092238611149474,747.8181818181819,1.23
scenario_0029,clairvoyant,4,3.70711862387578,5.7826719439989756,22,100,23,47.79142022302117,0.08476002537815557,52.41592263948314,0.13414727854773606,374.49594853108755,600,60,1.3448106714180632,0.12118020003070583,0.22609964965837198,0.4659217809759671,0.7516914092061756,0.9583693710005105,0.8788197999692942,clairvoyant,1563,1103,47,0.0408695652173913,0.16428571428571428,1103,18.634123374851697,2676.464644732193,201.80733910932312,600.0000000000005,0,1501,3,0,0,0.027627374417694434,0.004904611533944727,978669054.6045203,13.448106714180597,10,0.0,0.0,0.0,0.0,24,0,0.4090556391418367,0.43245827516709956,0.7816202874461398,0.11343193332091975,601.6363636363636,1.0
scenario_0029,clairvoyant,5,3.70711862387578,5.7826719439989756,22,100,23,47.79142022302117,0.08476002537815557,52.41592263948314,0.13414727854773606,374.49594853108755,600,60,1.3448106714180632,0.12118020003070583,0.22609964965837198,0.4659217809759671,0.7516914092061756,0.9583693710005105,0.8788197999692942,clairvoyant,1685,1218,49,0.03867403314917127,0.15555555555555556,1218,18.110220939926194,2418.661659046433,174.8627593986138,600.0000000000005,0,1697,2,0,0,0.02247929970479541,0.07113643877034014,1074951715.0177462,6.724053357090327,5,0.0,0.0,0.0,0.0,17,0,0.42135313015474435,0.4465342660568279,0.8383662815509407,0.10387776568561476,664.3636363636364,1.05
scenario_0029,gate_srpt,1,3.70711862387578,5.7826719439989756,22,100,23,47.79142022302117,0.08476002537815557,52.41592263948314,0.13414727854773606,374.49594853108755,600,60,1.3448106714180632,0.12118020003070583,0.22609964965837198,0.4659217809759671,0.7516914092061756,0.9583693710005105,0.8788197999692942,reactive_gate,1281,818,41,0.047729918509895226,0.1444866920152091,818,22.054988539134,3163.5285917562665,158.56649939766427,600.0000000000005,0,1657,5,0,0,0.02630610448599819,0.1129420857225829,1010030315.3156878,0.0,0,0.0,0.0,0.0,0.0,25,0,0.3712171440666939,0.3895827071757747,0.8161514142238233,0.09342436805638604,446.1818181818182,0.96
scenario_0029,gate_srpt,2,3.70711862387578,5.7826719439989756,22,100,23,47.79142022302117,0.08476002537815557,52.41592263948314,0.13414727854773606,374.49594853108755,600,60,1.3448106714180632,0.12118020003070583,0.22609964965837198,0.4659217809759671,0.7516914092061756,0.9583693710005105,0.8788197999692942,reactive_gate,1694,1187,79,0.06240126382306477,0.23934426229508196,1187,17.259204964318542,3796.2088819165087,278.83576743932565,600.0000000000005,0,2482,2,0,0,0.024774532476442387,0.0026196750590056998,1393679620.8069918,0.0,0,0.0,0.0,0.0,0.0,18,0,0.35712694671963907,0.3925598143839289,0.8598548279708508,0.12888340620758887,647.4545454545455,1.42
scenario_0029,gate_srpt,3,3.70711862387578,5.7826719439989756,22,100,23,47.79142022302117,0.08476002537815557,52.41592263948314,0.13414727854773606,374.49594853108755,600,60,1.3448106714180632,0.12118020003070583,0.22609964965837198,0.4659217809759671,0.7516914092061756,0.9583693710005105,0.8788197999692942,reactive_gate,1906,1373,56,0.03918824352694192,0.16049382716049382,1373,17.48415624395693,3456.2141602689608,181.90348826878346,600.0000000000005,0,2143,0,0,0,0.029508090422559828,0.19780015388183206,1332379195.5541723,0.0,0,0.0,0.0,0.0,0.0,24,0,0.3786836620268427,0.4022212458412005,0.825266862429658,0.07765220271439495,748.909090909091,1.25
scenario_0029,gate_srpt,4,3.70711862387578,5.7826719439989756,22,100,23,47.79142022302117,0.08476002537815557,52.41592263948314,0.13414727854773606,374.49594853108755,600,60,1.3448106714180632,0.12118020003070583,0.22609964965837198,0.4659217809759671,0.7516914092061756,0.9583693710005105,0.8788197999692942,reactive_gate,1569,1125,47,0.04010238907849829,0.15625,1125,17.716285905497898,3285.3264631913407,166.7270561988828,600.0000000000005,0,1457,2,0,0,0.04283401666750264,0.013682574100474866,1173313635.0429769,0.0,0,0.0,0.0,0.0,0.0,23,0,0.41158005137437226,0.4351052655195866,0.8115715494072426,0.13225869317271657,613.6363636363636,0.98
scenario_0029,gate_srpt,5,3.70711862387578,5.7826719439989756,22,100,23,47.79142022302117,0.08476002537815557,52.41592263948314,0.13414727854773606,374.49594853108755,600,60,1.3448106714180632,0.12118020003070583,0.22609964965837198,0.4659217809759671,0.7516914092061756,0.9583693710005105,0.8788197999692942,reactive_gate,1689,1204,41,0.03293172690763052,0.13745704467353953,1204,16.996511099986947,3181.9673219452575,173.4597271360671,600.0000000000005,0,1717,4,0,0,0.012023471239927867,0.15363813031721685,1090025954.6132028,0.0,0,0.0,0.0,0.0,0.0,16,0,0.39645701140606887,0.41720871883486743,0.8371716360398861,0.10017924494709159,656.7272727272727,1.08
scenario_0030,gate_sampled,1,1.2312867801108816,5.062678340862686,24,170,28,61.67797010686135,0.1816859818730338,58.21680722737507,0.5810532139659815,590.8867888792738,600,60,8.529209919967277,0.2705537959325323,0.5454553777620279,0.8051054105035116,1.5847184802707435,1.572891479526018,0.7294462040674676,reactive_gate,568,450,28,0.058577405857740586,0.14772727272727273,450,233.8573867168359,3513.592935655529,30.748494462639954,600.0000000000005,0,452,6,0,0,0.0460766314998411,0.6359757669506744,3667562532.378198,0.0,0,0.0,0.0,0.0,0.0,160,17,0.5371301069512524,0.5614170147615798,0.425559242035742,0.2204589897379512,245.45454545454547,0.22
scenario_0030,gate_sampled,2,1.2312867801108816,5.062678340862686,24,170,28,61.67797010686135,0.1816859818730338,58.21680722737507,0.5810532139659815,590.8867888792738,600,60,8.529209919967277,0.2705537959325323,0.5454553777620279,0.8051054105035116,1.5847184802707435,1.572891479526018,0.7294462040674676,reactive_gate,471,385,15,0.0375,0.14563106796116504,385,190.76332259969968,2172.265449568383,27.154355322229865,600.0,0,194,0,0,0,0.05101662388939296,0.5608249665962892,2675232074.1420846,0.0,0,0.0,0.0,0.0,0.0,128,32,0.6128500343100066,0.6366551322584337,0.37276512102326687,0.19948912143344324,210.0,0.16
scenario_0030,gate_sampled,3,1.2312867801108816,5.062678340862686,24,170,28,61.67797010686135,0.1816859818730338,58.21680722737507,0.5810532139659815,590.8867888792738,600,60,8.529209919967277,0.2705537959325323,0.5454553777620279,0.8051054105035116,1.5847184802707435,1.572891479526018,0.7294462040674676,reactive_gate,559,470,20,0.04081632653061224,0.14728682170542637,470,74.06114012152057,2273.4073299785355,13.371202020234067,600.0000000000005,0,198,1,0,0,0.03384273920121547,0.606237836371155,3461334465.9716783,0.0,0,0.0,0.0,0.0,0.0,136,25,0.6332545854517424,0.6621913911495594,0.3728716130832902,0.21594711951919934,256.3636363636364,0.17
scenario_0030,gate_sampled,4,1.2312867801108816,5.062678340862686,24,170,28,61.67797010686135,0.1816859818730338,58.21680722737507,0.5810532139659815,590.8867888792738,600,60,8.529209919967277,0.2705537959325323,0.5454553777620279,0.8051054105035116,1.5847184802707435,1.572891479526018,0.7294462040674676,reactive_gate,511,454,18,0.038135593220338986,0.14285714285714285,454,77.44003130697797,1332.974621430515,6.275152122294269,600.0,0,183,1,0,0,0.021804179086831056,0.6156781662119754,3393808319.6146126,0.0,0,0.0,0.0,0.0,0.0,127,29,0.7363857637630096,0.7787061030496453,0.3099536929929639,0.18257745515773618,247.63636363636365,0.15
scenario_0030,gate_sampled,5,1.2312867801108816,5.062678340862686,24,170,28,61.67797010686135,0.1816859818730338,58.21680722737507,0.5810532139659815,590.8867888792738,600,60,8.529209919967277,0.2705537959325323,0.5454553777620279,0.8051054105035116,1.5847184802707435,1.572891479526018,0.7294462040674676,reactive_gate,692,604,27,0.042789223454833596,0.17647058823529413,604,54.11095691982564,2749.6329016470318,18.633301960072203,600.0000000000005,0,280,0,0,0,0.03932795931106437,0.6689332698544284,3329646730.8654165,0.0,0,0.0,0.0,0.0,0.0,148,15,0.6274369798815264,0.6688226554246562,0.408850760338427,0.1772269347009015,329.4545454545455,0.19
scenario_0030,gate_ship,1,1.2312867801108816,5.062678340862686,24,170,28,61.67797010686135,0.1816859818730338,58.21680722737507,0.5810532139659815,590.8867888792738,600,60,8.529209919967277,0.2705537959325323,0.5454553777620279,0.8051054105035116,1.5847184802707435,1.572891479526018,0.7294462040674676,reactive_gate,578,462,26,0.05327868852459016,0.1348314606741573,462,345.95704381863186,3337.112730650417,33.92590940894955,600.0000000000005,0,439,4,0,0,0.046769688024451916,0.6327177780472103,2806618946.653777,0.0,0,0.0,0.0,0.0,0.0,162,14,0.5696966764087966,0.5912202989576165,0.4530656675704696,0.23382043621279025,252.0,0.22
scenario_0030,gate_ship,2,1.2312867801108816,5.062678340862686,24,170,28,61.67797010686135,0.1816859818730338,58.21680722737507,0.5810532139659815,590.8867888792738,600,60,8.529209919967277,0.2705537959325323,0.5454553777620279,0.8051054105035116,1.5847184802707435,1.572891479526018,0.7294462040674676,reactive_gate,481,399,17,0.040865384615384616,0.15454545454545454,399,222.29314822076196,2058.5443703660735,32.077899737007165,600.0,0,172,1,0,0,0.049852997455358296,0.5578115572264298,2315176871.7452135,0.0,0,0.0,0.0,0.0,0.0,131,32,0.6593916682115254,0.6878028658063632,0.39162974302318054,0.21025918250986425,217.63636363636365,0.18
scenario_0030,gate_ship,3,1.2312867801108816,5.062678340862686,24,170,28,61.67797010686135,0.1816859818730338,58.21680722737507,0.5810532139659815,590.8867888792738,600,60,8.529209919967277,0.2705537959325323,0.5454553777620279,0.8051054105035116,1.5847184802707435,1.572891479526018,0.7294462040674676,reactive_gate,577,497,16,0.031189083820662766,0.11194029850746269,497,87.66613387223697,2220.2838113210246,12.105032904523195,600.0,0,176,1,0,0,0.02885503691466098,0.5993551737871536,3362071958.702563,0.0,0,0.0,0.0,0.0,0.0,137,25,0.6741076392037334,0.6975479293747313,0.38729809970430806,0.2290469876048664,271.0909090909091,0.18
scenario_0030,gate_ship,4,1.2312867801108816,5.062678340862686,24,170,28,61.67797010686135,0.1816859818730338,58.21680722737507,0.5810532139659815,590.8867888792738,600,60,8.529209919967277,0.2705537959325323,0.5454553777620279,0.8051054105035116,1.5847184802707435,1.572891479526018,0.7294462040674676,reactive_gate,517,459,18,0.03773584905660377,0.14173228346456693,459,75.38146716154188,1333.511859378404,7.473931614878399,600.0,0,176,0,0,0,0.01932533014599809,0.6105764586087723,3146399369.605699,0.0,0,0.0,0.0,0.0,0.0,130,44,0.7678091348691096,0.8126826448634775,0.32230448134928347,0.18714187101495547,250.36363636363637,0.16
scenario_0030,gate_ship,5,1.2312867801108816,5.062678340862686,24,170,28,61.67797010686135,0.1816859818730338,58.21680722737507,0.5810532139659815,590.8867888792738,600,60,8.529209919967277,0.2705537959325323,0.5454553777620279,0.8051054105035116,1.5847184802707435,1.572891479526018,0.7294462040674676,reactive_gate,702,618,26,0.040372670807453416,0.17518248175182483,618,68.73259941609774,2684.9844321710825,31.103973445313546,600.0000000000005,0,241,1,0,0,0.02962640036100583,0.6613107393377665,2241808309.099057,0.0,0,0.0,0.0,0.0,0.0,145,15,0.6513233003404862,0.6917609997854071,0.44703525270871103,0.1871880598474273,337.0909090909091,0.22
scenario_0030,lease,1,1.2312867801108816,5.062678340862686,24,170,28,61.67797010686135,0.1816859818730338,58.21680722737507,0.5810532139659815,590.8867888792738,600,60,8.529209919967277,0.2705537959325323,0.5454553777620279,0.8051054105035116,1.5847184802707435,1.572891479526018,0.7294462040674676,lease,578,462,26,0.05327868852459016,0.13559322033898305,462,350.51753785854135,3368.136562361855,26.943465590928422,600.0000000000005,0,446,0,0,0,0.04270047566857362,0.6261618343752937,2668858510.9938846,1448.8787722204852,15,572.2774037623174,414.083963959979,635400.0,1231.4158969618952,165,14,0.5668158443320123,0.5883780793376057,0.45724775631582926,0.23509468039441253,252.0,0.45
scenario_0030,lease,2,1.2312867801108816,5.062678340862686,24,170,28,61.67797010686135,0.1816859818730338,58.21680722737507,0.5810532139659815,590.8867888792738,600,60,8.529209919967277,0.2705537959325323,0.5454553777620279,0.8051054105035116,1.5847184802707435,1.572891479526018,0.7294462040674676,lease,478,394,17,0.0413625304136253,0.1574074074074074,394,222.36005195719946,2124.1801294820016,28.357754791455427,600.0,0,177,4,0,0,0.04068135245684038,0.5698419391616019,2242824943.3228474,3656.8920603327274,34,813.5705343464151,507.95032375728397,504600.0,391.1974948583895,131,31,0.6480950904228555,0.6754944911267123,0.38953036964193216,0.20335528861552085,214.9090909090909,0.38
scenario_0030,lease,3,1.2312867801108816,5.062678340862686,24,170,28,61.67797010686135,0.1816859818730338,58.21680722737507,0.5810532139659815,590.8867888792738,600,60,8.529209919967277,0.2705537959325323,0.5454553777620279,0.8051054105035116,1.5847184802707435,1.572891479526018,0.7294462040674676,lease,577,500,15,0.02912621359223301,0.10526315789473684,500,92.41695492690928,2248.6557657419503,14.273155396289967,600.0,0,169,0,0,0,0.031762585423102875,0.589330229399846,3289457354.7122374,5611.345621410661,21,105.66556846073729,78.95599695291912,658800.0,83.56402269166102,140,19,0.6734064485362072,0.6937097686746259,0.3943292915317707,0.22948819022630382,272.72727272727275,0.41
scenario_0030,lease,4,1.2312867801108816,5.062678340862686,24,170,28,61.67797010686135,0.1816859818730338,58.21680722737507,0.5810532139659815,590.8867888792738,600,60,8.529209919967277,0.2705537959325323,0.5454553777620279,0.8051054105035116,1.5847184802707435,1.572891479526018,0.7294462040674676,lease,513,456,18,0.0379746835443038,0.14285714285714285,456,77.80886954971947,1332.570146038997,5.304285814269192,600.0,0,178,0,0,0,0.013363286510160272,0.614359189505959,2582470829.1580033,6469.85492228142,38,420.12376919540134,223.5835007255041,568200.0,686.4066719984784,128,38,0.7623536683302602,0.8068677157590781,0.32273803902810155,0.1839600558610254,248.72727272727275,0.35
scenario_0030,lease,5,1.2312867801108816,5.062678340862686,24,170,28,61.67797010686135,0.1816859818730338,58.21680722737507,0.5810532139659815,590.8867888792738,600,60,8.529209919967277,0.2705537959325323,0.5454553777620279,0.8051054105035116,1.5847184802707435,1.572891479526018,0.7294462040674676,lease,697,611,24,0.03779527559055118,0.16296296296296298,611,65.86006943425832,2790.5472195343527,22.395929690136377,600.0000000000005,0,262,1,0,0,0.03390622363383676,0.6858022517121242,2624210644.8823566,2971.2277739414135,13,471.69277029386217,260.6141522956973,837000.0,816.9483112380539,139,15,0.6451031090891515,0.684224592394836,0.42507952078746875,0.18053339839523294,333.2727272727273,0.46
scenario_0030,clairvoyant,1,1.2312867801108816,5.062678340862686,24,170,28,61.67797010686135,0.1816859818730338,58.21680722737507,0.5810532139659815,590.8867888792738,600,60,8.529209919967277,0.2705537959325323,0.5454553777620279,0.8051054105035116,1.5847184802707435,1.572891479526018,0.7294462040674676,clairvoyant,577,461,33,0.06680161943319839,0.17032967032967034,461,190.25050122477614,3098.470842988108,33.36342974978251,600.0000000000005,0,486,3,0,0,0.0641765079031307,0.6236115000626317,2136536637.2632759,281.46392735892044,33,0.0,0.0,0.0,0.0,166,14,0.6138110950174387,0.6550130384103152,0.4543737367235388,0.23150018304512493,251.45454545454547,0.21
scenario_0030,clairvoyant,2,1.2312867801108816,5.062678340862686,24,170,28,61.67797010686135,0.1816859818730338,58.21680722737507,0.5810532139659815,590.8867888792738,600,60,8.529209919967277,0.2705537959325323,0.5454553777620279,0.8051054105035116,1.5847184802707435,1.572891479526018,0.7294462040674676,clairvoyant,458,373,22,0.05569620253164557,0.19642857142857142,373,186.62551234785496,2360.5191097032944,25.48040817717231,600.0,0,235,2,0,0,0.060032488892588255,0.5763310703544352,2146251719.263688,699.3952134373163,82,0.0,0.0,0.0,0.0,125,31,0.6726855940657848,0.7164975716110432,0.3658751930712035,0.2019667838449832,203.45454545454547,0.17
scenario_0030,clairvoyant,3,1.2312867801108816,5.062678340862686,24,170,28,61.67797010686135,0.1816859818730338,58.21680722737507,0.5810532139659815,590.8867888792738,600,60,8.529209919967277,0.2705537959325323,0.5454553777620279,0.8051054105035116,1.5847184802707435,1.572891479526018,0.7294462040674676,clairvoyant,591,507,21,0.03977272727272727,0.1386861313868613,507,58.327695895359284,2198.6934897560163,10.48526345335961,600.0000000000005,0,197,0,0,0,0.028864086325727442,0.5852893682475822,1907557688.9724803,614.1031142376416,72,0.0,0.0,0.0,0.0,134,23,0.6910639005617893,0.7251793271867772,0.39017715530842617,0.22974473625231165,276.54545454545456,0.18
scenario_0030,clairvoyant,4,1.2312867801108816,5.062678340862686,24,170,28,61.67797010686135,0.1816859818730338,58.21680722737507,0.5810532139659815,590.8867888792738,600,60,8.529209919967277,0.2705537959325323,0.5454553777620279,0.8051054105035116,1.5847184802707435,1.572891479526018,0.7294462040674676,clairvoyant,514,457,18,0.037894736842105266,0.14173228346456693,457,71.28107213490057,1327.4085979784525,6.383743867970989,600.0,0,182,2,0,0,0.017343211651056276,0.6154240772119011,1818238743.7667162,835.8625721567936,98,0.0,0.0,0.0,0.0,127,42,0.7673611059657972,0.8118644626460765,0.31832188778004405,0.18304190856690522,249.27272727272728,0.15
scenario_0030,clairvoyant,5,1.2312867801108816,5.062678340862686,24,170,28,61.67797010686135,0.1816859818730338,58.21680722737507,0.5810532139659815,590.8867888792738,600,60,8.529209919967277,0.2705537959325323,0.5454553777620279,0.8051054105035116,1.5847184802707435,1.572891479526018,0.7294462040674676,clairvoyant,702,621,29,0.04461538461538461,0.1793103448275862,621,57.74137047165095,2721.411072274178,36.3924023355612,600.0000000000005,0,290,4,0,0,0.0429685550330833,0.6687106107645598,1165356108.2032874,494.6941753581026,58,0.0,0.0,0.0,0.0,149,13,0.6809486861505293,0.7339758416529705,0.4480400758978676,0.17775499704702763,338.72727272727275,0.21
scenario_0030,gate_srpt,1,1.2312867801108816,5.062678340862686,24,170,28,61.67797010686135,0.1816859818730338,58.21680722737507,0.5810532139659815,590.8867888792738,600,60,8.529209919967277,0.2705537959325323,0.5454553777620279,0.8051054105035116,1.5847184802707435,1.572891479526018,0.7294462040674676,reactive_gate,579,468,29,0.05835010060362173,0.14835164835164835,468,339.81546500563684,3465.4356647198956,20.630852023991146,600.0000000000005,0,380,1,0,0,0.041259892517291424,0.6309394839131274,3338150975.7223563,0.0,0,0.0,0.0,0.0,0.0,160,14,0.5789110120342169,0.6069962618669188,0.44836478833743415,0.24154737005123225,255.27272727272728,0.21
scenario_0030,gate_srpt,2,1.2312867801108816,5.062678340862686,24,170,28,61.67797010686135,0.1816859818730338,58.21680722737507,0.5810532139659815,590.8867888792738,600,60,8.529209919967277,0.2705537959325323,0.5454553777620279,0.8051054105035116,1.5847184802707435,1.572891479526018,0.7294462040674676,reactive_gate,477,394,15,0.03667481662591687,0.14285714285714285,394,214.6343092299362,2084.9628366502716,30.447645176022068,600.0,0,178,0,0,0,0.04661167877693929,0.565873041723941,2383205693.332569,0.0,0,0.0,0.0,0.0,0.0,130,32,0.6500045957101659,0.6802727606210968,0.3889189534231201,0.209772782794805,214.9090909090909,0.17
scenario_0030,gate_srpt,3,1.2312867801108816,5.062678340862686,24,170,28,61.67797010686135,0.1816859818730338,58.21680722737507,0.5810532139659815,590.8867888792738,600,60,8.529209919967277,0.2705537959325323,0.5454553777620279,0.8051054105035116,1.5847184802707435,1.572891479526018,0.7294462040674676,reactive_gate,578,496,16,0.03125,0.11194029850746269,496,79.1277757868969,2269.3752385229727,11.164500090161447,600.0,0,161,1,0,0,0.02713408822993095,0.6021365597909681,3326482458.3876524,0.0,0,0.0,0.0,0.0,0.0,136,24,0.6740601536680307,0.6975415534206619,0.39335584878971336,0.22297175612857906,270.54545454545456,0.18
scenario_0030,gate_srpt,4,1.2312867801108816,5.062678340862686,24,170,28,61.67797010686135,0.1816859818730338,58.21680722737507,0.5810532139659815,590.8867888792738,600,60,8.529209919967277,0.2705537959325323,0.5454553777620279,0.8051054105035116,1.5847184802707435,1.572891479526018,0.7294462040674676,reactive_gate,516,456,18,0.0379746835443038,0.14173228346456693,456,74.1690723225231,1333.125359995038,8.015781771125866,600.0,0,180,0,0,0,0.018269136490715408,0.6141139298046074,3179152513.600039,0.0,0,0.0,0.0,0.0,0.0,128,43,0.770559355943475,0.8154125971376573,0.3216687391840413,0.18715416399054838,248.72727272727275,0.15
scenario_0030,gate_srpt,5,1.2312867801108816,5.062678340862686,24,170,28,61.67797010686135,0.1816859818730338,58.21680722737507,0.5810532139659815,590.8867888792738,600,60,8.529209919967277,0.2705537959325323,0.5454553777620279,0.8051054105035116,1.5847184802707435,1.572891479526018,0.7294462040674676,reactive_gate,701,618,25,0.038880248833592534,0.1678832116788321,618,66.43341715577992,1869.065622299566,15.195866603246486,600.0000000000005,0,258,0,0,0,0.03497119489523813,0.6785128398841689,2608006679.697978,0.0,0,0.0,0.0,0.0,0.0,146,15,0.6602529330575895,0.6982446551090348,0.4378505916860917,0.18638256811645598,337.0909090909091,0.21
scenario_0031,gate_sampled,1,0.6682829473259818,3.1434424522987108,25,74,19,54.16192886747714,0.09557777738819725,146.49195797220273,0.10995503823377566,429.61844519838263,300,60,1.351196846727157,0.1919033278041103,0.3169763380794921,0.29072754746268775,0.7294593166220976,1.3586890846471062,0.8080966721958898,reactive_gate,300,276,2,0.007194244604316547,0.027777777777777776,276,179.39249604150427,1786.4513518203735,28.550853999857747,300.00000000000045,0,85,3,0,0,0.01001289077195887,0.22616308123421125,1955210900.2765422,0.0,0,0.0,0.0,0.0,0.0,19,5,0.7981906842225465,0.8071560777988833,0.2572612287593888,0.13549403021211412,150.54545454545456,0.11
scenario_0031,gate_sampled,2,0.6682829473259818,3.1434424522987108,25,74,19,54.16192886747714,0.09557777738819725,146.49195797220273,0.10995503823377566,429.61844519838263,300,60,1.351196846727157,0.1919033278041103,0.3169763380794921,0.29072754746268775,0.7294593166220976,1.3586890846471062,0.8080966721958898,reactive_gate,299,262,4,0.015037593984962405,0.0625,262,202.07329546256642,1459.3921052059875,75.10734691563742,300.0,0,48,3,0,0,0.004750742668954939,0.13627268641193416,1164534914.812185,0.0,0,0.0,0.0,0.0,0.0,37,0,0.7853936290088099,0.8105355814777866,0.30294466465423464,0.11909528959357779,142.9090909090909,0.13
scenario_0031,gate_sampled,3,0.6682829473259818,3.1434424522987108,25,74,19,54.16192886747714,0.09557777738819725,146.49195797220273,0.10995503823377566,429.61844519838263,300,60,1.351196846727157,0.1919033278041103,0.3169763380794921,0.29072754746268775,0.7294593166220976,1.3586890846471062,0.8080966721958898,reactive_gate,302,282,2,0.007042253521126761,0.013513513513513514,282,121.72411088168519,959.1703236321279,10.438826671848865,191.80822832543527,0,6,1,0,0,0.006550090518489779,0.13294945427764868,2045672959.2483938,0.0,0,0.0,0.0,0.0,0.0,16,2,0.9306105703634827,0.9411056538274561,0.2575131625848226,0.12892782795774535,153.8181818181818,0.1
scenario_0031,gate_sampled,4,0.6682829473259818,3.1434424522987108,25,74,19,54.16192886747714,0.09557777738819725,146.49195797220273,0.10995503823377566,429.61844519838263,300,60,1.351196846727157,0.1919033278041103,0.3169763380794921,0.29072754746268775,0.7294593166220976,1.3586890846471062,0.8080966721958898,reactive_gate,331,318,0,0.0,0.0,318,58.13904433962114,875.0565431821723,0.0,18.820410690848803,0,6,0,0,0,0.0,0.0,2578582464.2885604,0.0,0,0.0,0.0,0.0,0.0,21,0,0.9400682442651012,0.9400682442651012,0.22145368455581457,0.09114996003359703,173.45454545454547,0.1
scenario_0031,gate_sampled,5,0.6682829473259818,3.1434424522987108,25,74,19,54.16192886747714,0.09557777738819725,146.49195797220273,0.10995503823377566,429.61844519838263,300,60,1.351196846727157,0.1919033278041103,0.3169763380794921,0.29072754746268775,0.7294593166220976,1.3586890846471062,0.8080966721958898,reactive_gate,445,406,4,0.00975609756097561,0.06666666666666667,406,113.99069588014572,1421.5586744513532,61.595832801447614,300.0,0,80,7,0,0,0.010719125173961466,0.10691530217219213,1175574443.9864209,0.0,0,0.0,0.0,0.0,0.0,26,3,0.799476467806263,0.8169643895158588,0.37357467591038596,0.16375754887987332,221.45454545454547,0.17
scenario_0031,gate_ship,1,0.6682829473259818,3.1434424522987108,25,74,19,54.16192886747714,0.09557777738819725,146.49195797220273,0.10995503823377566,429.61844519838263,300,60,1.351196846727157,0.1919033278041103,0.3169763380794921,0.29072754746268775,0.7294593166220976,1.3586890846471062,0.8080966721958898,reactive_gate,307,281,1,0.0035460992907801418,0.014492753623188406,281,170.89379595606306,1471.6956225472038,29.82905739049526,300.0,0,69,2,0,0,0.002492896494327772,0.22781540454528482,1536083285.7639117,0.0,0,0.0,0.0,0.0,0.0,19,5,0.8463970026469639,0.8540222008690086,0.27828542969437975,0.1344778206545186,153.27272727272728,0.11
scenario_0031,gate_ship,2,0.6682829473259818,3.1434424522987108,25,74,19,54.16192886747714,0.09557777738819725,146.49195797220273,0.10995503823377566,429.61844519838263,300,60,1.351196846727157,0.1919033278041103,0.3169763380794921,0.29072754746268775,0.7294593166220976,1.3586890846471062,0.8080966721958898,reactive_gate,303,269,3,0.011029411764705883,0.046875,269,196.1494697068115,1450.4210423493678,76.14118559754027,300.0,0,24,5,0,0,0.0054698983789299915,0.1297077347628516,1196924605.6974244,0.0,0,0.0,0.0,0.0,0.0,37,0,0.8319863965198296,0.850997025946591,0.3027285529267029,0.12706404456325854,146.72727272727272,0.13
scenario_0031,gate_ship,3,0.6682829473259818,3.1434424522987108,25,74,19,54.16192886747714,0.09557777738819725,146.49195797220273,0.10995503823377566,429.61844519838263,300,60,1.351196846727157,0.1919033278041103,0.3169763380794921,0.29072754746268775,0.7294593166220976,1.3586890846471062,0.8080966721958898,reactive_gate,301,279,2,0.0071174377224199285,0.013513513513513514,279,121.65695288223651,966.0579492076738,12.917103873261535,87.44527308253873,0,6,0,0,0,0.002078480468359189,0.13279597200871912,1981721361.3471184,0.0,0,0.0,0.0,0.0,0.0,16,2,0.9218411668653103,0.9321791497248199,0.2582964986169386,0.1293016346887225,152.1818181818182,0.11
scenario_0031,gate_ship,4,0.6682829473259818,3.1434424522987108,25,74,19,54.16192886747714,0.09557777738819725,146.49195797220273,0.10995503823377566,429.61844519838263,300,60,1.351196846727157,0.1919033278041103,0.3169763380794921,0.29072754746268775,0.7294593166220976,1.3586890846471062,0.8080966721958898,reactive_gate,331,316,0,0.0,0.0,316,54.74142314610265,875.4697418514579,0.0,18.820410690848803,0,6,0,0,0,0.0,0.0,2414456966.0932593,0.0,0,0.0,0.0,0.0,0.0,21,0,0.9391856553327544,0.9391856553327544,0.22264106521367522,0.09047206980222892,172.36363636363637,0.11
scenario_0031,gate_ship,5,0.6682829473259818,3.1434424522987108,25,74,19,54.16192886747714,0.09557777738819725,146.49195797220273,0.10995503823377566,429.61844519838263,300,60,1.351196846727157,0.1919033278041103,0.3169763380794921,0.29072754746268775,0.7294593166220976,1.3586890846471062,0.8080966721958898,reactive_gate,450,414,2,0.004807692307692308,0.03225806451612903,414,144.57710606064325,1467.3599108705257,86.15635322419523,300.0,0,51,6,0,0,0.0062481535331324846,0.10358269470135138,1146547914.0258982,0.0,0,0.0,0.0,0.0,0.0,26,4,0.8204348166871709,0.8287591375748423,0.3809981573970474,0.17019243814327653,225.81818181818184,0.18
scenario_0031,lease,1,0.6682829473259818,3.1434424522987108,25,74,19,54.16192886747714,0.09557777738819725,146.49195797220273,0.10995503823377566,429.61844519838263,300,60,1.351196846727157,0.1919033278041103,0.3169763380794921,0.29072754746268775,0.7294593166220976,1.3586890846471062,0.8080966721958898,lease,300,277,1,0.0035971223021582736,0.014285714285714285,277,189.255452114342,1490.2796589113564,27.733084510526812,300.0,0,71,4,0,0,0.0033375596399222484,0.226790698952097,1931333285.716583,4855.152495339645,20,1.5560522941877934,0.0,402600.0,7.309956418719594,19,5,0.8305612042386563,0.8380437376101757,0.2714279496322196,0.13536960249916138,151.0909090909091,0.26
scenario_0031,lease,2,0.6682829473259818,3.1434424522987108,25,74,19,54.16192886747714,0.09557777738819725,146.49195797220273,0.10995503823377566,429.61844519838263,300,60,1.351196846727157,0.1919033278041103,0.3169763380794921,0.29072754746268775,0.7294593166220976,1.3586890846471062,0.8080966721958898,lease,305,268,3,0.01107011070110701,0.046875,268,201.9094890401484,1397.1928415512543,79.8695079406945,300.0,0,28,4,0,0,0.005209902388648675,0.12897729361089802,867254283.3987396,3877.111576811572,22,0.0,0.0,568800.0,4.450743793155425,37,0,0.8396758214544541,0.8589126441658057,0.3080269184667185,0.12825183678981866,146.1818181818182,0.3
scenario_0031,lease,3,0.6682829473259818,3.1434424522987108,25,74,19,54.16192886747714,0.09557777738819725,146.49195797220273,0.10995503823377566,429.61844519838263,300,60,1.351196846727157,0.1919033278041103,0.3169763380794921,0.29072754746268775,0.7294593166220976,1.3586890846471062,0.8080966721958898,lease,301,282,2,0.007042253521126761,0.013513513513513514,282,122.19602471080361,959.7728406436433,12.03193245006371,285.8000227102948,0,6,1,0,0,0.0024008429184866884,0.1329696736638732,1849857139.720244,7031.231870925808,45,0.6416779134642638,0.0,380400.0,3.0029981498028064,16,2,0.9276992197542036,0.9381512801364376,0.258018679020979,0.129010359846172,153.8181818181818,0.26
scenario_0031,lease,4,0.6682829473259818,3.1434424522987108,25,74,19,54.16192886747714,0.09557777738819725,146.49195797220273,0.10995503823377566,429.61844519838263,300,60,1.351196846727157,0.1919033278041103,0.3169763380794921,0.29072754746268775,0.7294593166220976,1.3586890846471062,0.8080966721958898,lease,331,318,0,0.0,0.0,318,59.57660764855427,873.9350497993886,0.0,18.820410690848803,0,6,0,0,0,0.0,0.0,2132264103.2317631,7172.701695158411,27,0.0,0.0,663600.0,8.92077995329484,21,0,0.9403799431997546,0.9403799431997546,0.22263855077441078,0.09121461060042607,173.45454545454547,0.26
scenario_0031,lease,5,0.6682829473259818,3.1434424522987108,25,74,19,54.16192886747714,0.09557777738819725,146.49195797220273,0.10995503823377566,429.61844519838263,300,60,1.351196846727157,0.1919033278041103,0.3169763380794921,0.29072754746268775,0.7294593166220976,1.3586890846471062,0.8080966721958898,lease,455,417,3,0.007142857142857143,0.04838709677419355,417,132.77789107939498,1734.8247016610258,73.5563035338883,300.0,0,59,3,0,0,0.005912707833842649,0.10325548826276618,1019749294.805145,6786.043964517581,36,1.5831552635706885,0.31191930286695424,687000.0,7.3631725961718075,26,4,0.8346452576522922,0.8505545244283463,0.3846388617223518,0.17047511173601215,227.45454545454547,0.4
scenario_0031,clairvoyant,1,0.6682829473259818,3.1434424522987108,25,74,19,54.16192886747714,0.09557777738819725,146.49195797220273,0.10995503823377566,429.61844519838263,300,60,1.351196846727157,0.1919033278041103,0.3169763380794921,0.29072754746268775,0.7294593166220976,1.3586890846471062,0.8080966721958898,clairvoyant,312,285,1,0.0034965034965034965,0.014084507042253521,285,157.55174909912785,1430.439909056573,21.248181427408298,300.0,0,69,1,0,0,0.0012707832330257917,0.22301465660559966,1292593102.1997943,85.12540134381163,63,0.0,0.0,0.0,0.0,19,5,0.8504583357980564,0.858120122607048,0.27479984114737116,0.13811683949740744,155.45454545454547,0.12
scenario_0031,clairvoyant,2,0.6682829473259818,3.1434424522987108,25,74,19,54.16192886747714,0.09557777738819725,146.49195797220273,0.10995503823377566,429.61844519838263,300,60,1.351196846727157,0.1919033278041103,0.3169763380794921,0.29072754746268775,0.7294593166220976,1.3586890846471062,0.8080966721958898,clairvoyant,304,267,4,0.014760147601476014,0.06153846153846154,267,188.31299797311794,1711.122236951157,69.82554755450364,300.0,0,65,0,0,0,0.0031550945999667197,0.12717329261306914,449964272.2797496,75.66702341671953,56,0.0,0.0,0.0,0.0,39,0,0.8479666848325685,0.8682969138312645,0.3073750624087024,0.1306161353367826,145.63636363636365,0.13
scenario_0031,clairvoyant,3,0.6682829473259818,3.1434424522987108,25,74,19,54.16192886747714,0.09557777738819725,146.49195797220273,0.10995503823377566,429.61844519838263,300,60,1.351196846727157,0.1919033278041103,0.3169763380794921,0.29072754746268775,0.7294593166220976,1.3586890846471062,0.8080966721958898,clairvoyant,302,285,2,0.006968641114982578,0.013513513513513514,285,120.30575603550938,957.6607105144573,7.781504508230954,75.5804412118614,0,6,0,0,0,0.002605565600470356,0.13283368646052515,1824184895.583486,128.36370043908437,95,0.0,0.0,0.0,0.0,16,2,0.9331551452194252,0.9437472817233092,0.2565712333488734,0.12906917852599975,155.45454545454547,0.1
scenario_0031,clairvoyant,4,0.6682829473259818,3.1434424522987108,25,74,19,54.16192886747714,0.09557777738819725,146.49195797220273,0.10995503823377566,429.61844519838263,300,60,1.351196846727157,0.1919033278041103,0.3169763380794921,0.29072754746268775,0.7294593166220976,1.3586890846471062,0.8080966721958898,clairvoyant,331,318,0,0.0,0.0,318,56.57836626693995,873.9350497993886,0.0,16.74501277522586,0,6,0,0,0,0.0,0.0,1370749240.9469469,105.39335404472217,78,0.0,0.0,0.0,0.0,21,0,0.9400786628442599,0.9400786628442599,0.22128082433307436,0.09070313171722212,173.45454545454547,0.1
scenario_0031,clairvoyant,5,0.6682829473259818,3.1434424522987108,25,74,19,54.16192886747714,0.09557777738819725,146.49195797220273,0.10995503823377566,429.61844519838263,300,60,1.351196846727157,0.1919033278041103,0.3169763380794921,0.29072754746268775,0.7294593166220976,1.3586890846471062,0.8080966721958898,clairvoyant,455,419,4,0.009456264775413711,0.04918032786885246,419,124.63365344545991,1611.014152575526,55.68034879589183,300.00000000000045,0,73,6,0,0,0.014439845039491651,0.10035399894976368,706730989.9467105,99.98856665780676,74,0.0,0.0,0.0,0.0,23,4,0.8623404599235646,0.8723698696102341,0.3796113518052318,0.17842559819624204,228.54545454545456,0.17
scenario_0031,gate_srpt,1,0.6682829473259818,3.1434424522987108,25,74,19,54.16192886747714,0.09557777738819725,146.49195797220273,0.10995503823377566,429.61844519838263,300,60,1.351196846727157,0.1919033278041103,0.3169763380794921,0.29072754746268775,0.7294593166220976,1.3586890846471062,0.8080966721958898,reactive_gate,304,278,1,0.0035842293906810036,0.014084507042253521,278,185.4754587602729,1510.962391294195,23.97744048268517,300.0,0,70,2,0,0,0.0007946576609829154,0.22810362601482834,1610269893.6654167,0.0,0,0.0,0.0,0.0,0.0,19,5,0.8414097587472367,0.8489900268440584,0.27240149351722354,0.13430936166899693,151.63636363636365,0.11
scenario_0031,gate_srpt,2,0.6682829473259818,3.1434424522987108,25,74,19,54.16192886747714,0.09557777738819725,146.49195797220273,0.10995503823377566,429.61844519838263,300,60,1.351196846727157,0.1919033278041103,0.3169763380794921,0.29072754746268775,0.7294593166220976,1.3586890846471062,0.8080966721958898,reactive_gate,301,262,4,0.015037593984962405,0.0625,262,178.6229224755284,1590.2399553444106,56.789190005283956,300.0,0,63,3,0,0,0.017028505466266712,0.125209397103951,1186021460.4617736,0.0,0,0.0,0.0,0.0,0.0,34,0,0.8628290373855162,0.8845546380494288,0.3024026076974877,0.1349822774596506,142.9090909090909,0.13
scenario_0031,gate_srpt,3,0.6682829473259818,3.1434424522987108,25,74,19,54.16192886747714,0.09557777738819725,146.49195797220273,0.10995503823377566,429.61844519838263,300,60,1.351196846727157,0.1919033278041103,0.3169763380794921,0.29072754746268775,0.7294593166220976,1.3586890846471062,0.8080966721958898,reactive_gate,301,283,2,0.007017543859649123,0.013513513513513514,283,121.79126888113387,964.5385922542335,6.600584073577739,176.71983555182214,0,6,0,0,0,0.0021676943821059154,0.1322623115015648,1981938205.8638048,0.0,0,0.0,0.0,0.0,0.0,16,2,0.9421542662177405,0.9528861926719344,0.2591928081455581,0.12985190985127174,154.36363636363637,0.11
scenario_0031,gate_srpt,4,0.6682829473259818,3.1434424522987108,25,74,19,54.16192886747714,0.09557777738819725,146.49195797220273,0.10995503823377566,429.61844519838263,300,60,1.351196846727157,0.1919033278041103,0.3169763380794921,0.29072754746268775,0.7294593166220976,1.3586890846471062,0.8080966721958898,reactive_gate,331,316,0,0.0,0.0,316,54.74142314610265,875.4697418514579,0.0,18.820410690848803,0,6,0,0,0,0.0,0.0,2414456966.0932593,0.0,0,0.0,0.0,0.0,0.0,21,0,0.9391856553327544,0.9391856553327544,0.22264106521367522,0.09047206980222892,172.36363636363637,0.11
scenario_0031,gate_srpt,5,0.6682829473259818,3.1434424522987108,25,74,19,54.16192886747714,0.09557777738819725,146.49195797220273,0.10995503823377566,429.61844519838263,300,60,1.351196846727157,0.1919033278041103,0.3169763380794921,0.29072754746268775,0.7294593166220976,1.3586890846471062,0.8080966721958898,reactive_gate,454,417,2,0.00477326968973747,0.03278688524590164,417,131.17806471508493,1639.472437169147,41.02031250005835,300.0,0,77,1,0,0,0.0030027126751149854,0.10174907056185234,1125605789.598061,0.0,0,0.0,0.0,0.0,0.0,25,5,0.8505101220320621,0.8594333595523599,0.3754409804532505,0.1760124290883392,227.45454545454547,0.17
scenario_0032,gate_sampled,1,0.9101067669978621,3.9924887768198802,26,59,28,91.09881152007335,0.21812847096030297,199.3429967846439,0.26468490268970174,194.1708464562828,600,900,2.5744286797923124,0.06142915363537122,0.4274240344360571,0.6756662163678397,0.9212366948111802,0.5338046432654715,0.9385708463646287,reactive_gate,378,317,0,0.0,0.0,317,133.58863256823315,1927.3895221041253,1.783371157403137,600.0000000000005,0,148,0,0,0,0.0,0.29924134375958183,2779347255.1777945,0.0,0,0.0,0.0,0.0,0.0,27,8,0.6061575739682146,0.6061575739682146,0.25958568486392525,0.10245638176378163,172.9090909090909,0.12
scenario_0032,gate_sampled,2,0.9101067669978621,3.9924887768198802,26,59,28,91.09881152007335,0.21812847096030297,199.3429967846439,0.26468490268970174,194.1708464562828,600,900,2.5744286797923124,0.06142915363537122,0.4274240344360571,0.6756662163678397,0.9212366948111802,0.5338046432654715,0.9385708463646287,reactive_gate,326,285,0,0.0,0.0,285,163.45022873657035,1358.7434808516393,1.0730047619231349,600.0000000000005,0,114,0,0,0,0.0,0.24511001817002895,3226766485.252708,0.0,0,0.0,0.0,0.0,0.0,28,6,0.6781033747741988,0.6781033747741988,0.23752046011396014,0.12087831347784064,155.45454545454547,0.11
scenario_0032,gate_sampled,3,0.9101067669978621,3.9924887768198802,26,59,28,91.09881152007335,0.21812847096030297,199.3429967846439,0.26468490268970174,194.1708464562828,600,900,2.5744286797923124,0.06142915363537122,0.4274240344360571,0.6756662163678397,0.9212366948111802,0.5338046432654715,0.9385708463646287,reactive_gate,403,353,0,0.0,0.0,353,106.75973261750005,1797.1479748577751,17.177677442557535,600.0,0,69,0,0,0,0.0,0.27220025136007103,2940400757.8012643,0.0,0,0.0,0.0,0.0,0.0,15,4,0.6449094069274552,0.6449094069274552,0.26997625094385674,0.1182078657656912,192.54545454545456,0.13
scenario_0032,gate_sampled,4,0.9101067669978621,3.9924887768198802,26,59,28,91.09881152007335,0.21812847096030297,199.3429967846439,0.26468490268970174,194.1708464562828,600,900,2.5744286797923124,0.06142915363537122,0.4274240344360571,0.6756662163678397,0.9212366948111802,0.5338046432654715,0.9385708463646287,reactive_gate,509,453,1,0.0022026431718061676,0.011494252873563218,453,26.209609488140813,1386.4693244129503,12.536091251573112,600.0000000000005,0,113,0,0,0,9.782842253415599e-05,0.3513814551559168,2351919820.4949617,0.0,0,0.0,0.0,0.0,0.0,37,3,0.6812891750460454,0.6856564133476226,0.2854247849152272,0.11697005762296184,247.0909090909091,0.14
scenario_0032,gate_sampled,5,0.9101067669978621,3.9924887768198802,26,59,28,91.09881152007335,0.21812847096030297,199.3429967846439,0.26468490268970174,194.1708464562828,600,900,2.5744286797923124,0.06142915363537122,0.4274240344360571,0.6756662163678397,0.9212366948111802,0.5338046432654715,0.9385708463646287,reactive_gate,748,616,5,0.008051529790660225,0.053763440860215055,616,19.685392567061058,2401.325159038174,59.30788864152779,600.0000000000005,0,503,1,0,0,0.0013896114869016243,0.18038279060579776,2358428363.0195503,0.0,0,0.0,0.0,0.0,0.0,31,3,0.4668413596611272,0.476567221320734,0.39422700096876057,0.13075825021224413,336.0,0.22
scenario_0032,gate_ship,1,0.9101067669978621,3.9924887768198802,26,59,28,91.09881152007335,0.21812847096030297,199.3429967846439,0.26468490268970174,194.1708464562828,600,900,2.5744286797923124,0.06142915363537122,0.4274240344360571,0.6756662163678397,0.9212366948111802,0.5338046432654715,0.9385708463646287,reactive_gate,363,316,0,0.0,0.0,316,279.3258067434543,2010.477749734595,24.42497094334574,600.0000000000005,0,88,2,0,0,0.0013566427478333798,0.3243961369195368,2840053529.6229143,0.0,0,0.0,0.0,0.0,0.0,26,8,0.700533595588625,0.700533595588625,0.28261273268433845,0.10017218310694603,172.36363636363637,0.13
scenario_0032,gate_ship,2,0.9101067669978621,3.9924887768198802,26,59,28,91.09881152007335,0.21812847096030297,199.3429967846439,0.26468490268970174,194.1708464562828,600,900,2.5744286797923124,0.06142915363537122,0.4274240344360571,0.6756662163678397,0.9212366948111802,0.5338046432654715,0.9385708463646287,reactive_gate,347,318,0,0.0,0.0,318,209.09038399807696,1390.646182179314,26.4682978198299,600.0000000000005,0,36,1,0,0,0.001297265653494318,0.22047224138133928,2119810452.861945,0.0,0,0.0,0.0,0.0,0.0,34,10,0.8492727123900251,0.8492727123900251,0.299814368669436,0.14026423108629688,173.45454545454547,0.13
scenario_0032,gate_ship,3,0.9101067669978621,3.9924887768198802,26,59,28,91.09881152007335,0.21812847096030297,199.3429967846439,0.26468490268970174,194.1708464562828,600,900,2.5744286797923124,0.06142915363537122,0.4274240344360571,0.6756662163678397,0.9212366948111802,0.5338046432654715,0.9385708463646287,reactive_gate,418,375,0,0.0,0.0,375,111.82253867206146,1530.6177409464876,43.76416331167678,600.0,0,28,1,0,0,0.0004704382885475237,0.3094351084812565,2062824324.8092864,0.0,0,0.0,0.0,0.0,0.0,15,4,0.7673358109370259,0.7673358109370259,0.30731163583816473,0.12906447883245964,204.54545454545456,0.15
scenario_0032,gate_ship,4,0.9101067669978621,3.9924887768198802,26,59,28,91.09881152007335,0.21812847096030297,199.3429967846439,0.26468490268970174,194.1708464562828,600,900,2.5744286797923124,0.06142915363537122,0.4274240344360571,0.6756662163678397,0.9212366948111802,0.5338046432654715,0.9385708463646287,reactive_gate,509,468,1,0.0021321961620469083,0.010101010101010102,468,41.91020598390742,1359.3972504391954,28.986661912742747,600.0000000000005,0,47,0,0,0,7.053932741914042e-05,0.30920834691023036,1985144354.5566237,0.0,0,0.0,0.0,0.0,0.0,36,3,0.7903936743726968,0.7954603004904706,0.3099621443826829,0.1454499748999445,255.27272727272728,0.16
scenario_0032,gate_ship,5,0.9101067669978621,3.9924887768198802,26,59,28,91.09881152007335,0.21812847096030297,199.3429967846439,0.26468490268970174,194.1708464562828,600,900,2.5744286797923124,0.06142915363537122,0.4274240344360571,0.6756662163678397,0.9212366948111802,0.5338046432654715,0.9385708463646287,reactive_gate,789,681,3,0.0043859649122807015,0.017857142857142856,681,42.77832265130746,2054.3425926152904,165.43055100718635,600.0000000000005,0,259,3,0,0,0.0024525035759248035,0.2515351653041094,1381398937.3482542,0.0,0,0.0,0.0,0.0,0.0,32,4,0.5779879097135532,0.5848744430711987,0.43921342442173217,0.1632213026312625,371.4545454545455,0.3
scenario_0032,lease,1,0.9101067669978621,3.9924887768198802,26,59,28,91.09881152007335,0.21812847096030297,199.3429967846439,0.26468490268970174,194.1708464562828,600,900,2.5744286797923124,0.06142915363537122,0.4274240344360571,0.6756662163678397,0.9212366948111802,0.5338046432654715,0.9385708463646287,lease,354,309,0,0.0,0.0,309,218.99324082080057,2282.581770297408,0.507044395659757,600.0000000000005,0,113,0,0,0,0.0,0.32888358073616986,3595383022.2877994,1416.4166114932916,14,4.7202216412765665,0.0,472200.0,18.08141188282366,26,8,0.674914395645301,0.674914395645301,0.25358719276343317,0.0979855867519404,168.54545454545456,0.28
scenario_0032,lease,2,0.9101067669978621,3.9924887768198802,26,59,28,91.09881152007335,0.21812847096030297,199.3429967846439,0.26468490268970174,194.1708464562828,600,900,2.5744286797923124,0.06142915363537122,0.4274240344360571,0.6756662163678397,0.9212366948111802,0.5338046432654715,0.9385708463646287,lease,341,308,0,0.0,0.0,308,216.82653837255089,1394.9927582149398,26.350358606853266,600.0000000000005,0,53,2,0,0,0.0013695708529867674,0.22421743940100727,1873493499.960072,6075.530513906617,35,25.324914965938888,0.4591710448585218,592800.0,30.422895357074367,32,10,0.8124592424708785,0.8124592424708785,0.2942489599246907,0.137206867560729,168.0,0.3
scenario_0032,lease,3,0.9101067669978621,3.9924887768198802,26,59,28,91.09881152007335,0.21812847096030297,199.3429967846439,0.26468490268970174,194.1708464562828,600,900,2.5744286797923124,0.06142915363537122,0.4274240344360571,0.6756662163678397,0.9212366948111802,0.5338046432654715,0.9385708463646287,lease,412,366,0,0.0,0.0,366,114.62435485567005,1377.5349430140582,35.31611972428169,600.0,0,33,0,0,0,0.0,0.3098108598977112,2196539565.231045,4573.938702523557,30,2.0231680194593764,0.0,550800.0,35.47819623810415,15,4,0.7294333755212716,0.7294333755212716,0.3011330498949057,0.12889594047946534,199.63636363636365,0.32
scenario_0032,lease,4,0.9101067669978621,3.9924887768198802,26,59,28,91.09881152007335,0.21812847096030297,199.3429967846439,0.26468490268970174,194.1708464562828,600,900,2.5744286797923124,0.06142915363537122,0.4274240344360571,0.6756662163678397,0.9212366948111802,0.5338046432654715,0.9385708463646287,lease,509,463,1,0.0021551724137931034,0.010638297872340425,463,36.142716399865094,1732.008061452335,34.83721327129983,600.0000000000005,0,68,1,0,0,0.0012626899985517096,0.3167961145762105,1608849246.3941119,4610.419749995522,30,1.0739286765883662,0.0,769200.0,18.872144866999406,36,3,0.7568792693546613,0.7617310595428322,0.3069358335873528,0.13993659852043921,252.54545454545456,0.35
scenario_0032,lease,5,0.9101067669978621,3.9924887768198802,26,59,28,91.09881152007335,0.21812847096030297,199.3429967846439,0.26468490268970174,194.1708464562828,600,900,2.5744286797923124,0.06142915363537122,0.4274240344360571,0.6756662163678397,0.9212366948111802,0.5338046432654715,0.9385708463646287,lease,795,688,3,0.004341534008683068,0.017699115044247787,688,34.2179076366624,1924.1327918306029,159.76204127417196,600.0000000000005,0,264,4,0,0,0.0022543460492217174,0.25355255250453884,1194561863.3402436,3638.1990032106905,18,2.8121184911994987,0.0,1221000.0,642.2209240990919,32,4,0.5909507512800383,0.5980103980623606,0.4386710222665512,0.16114780823359368,375.2727272727273,0.59
scenario_0032,clairvoyant,1,0.9101067669978621,3.9924887768198802,26,59,28,91.09881152007335,0.21812847096030297,199.3429967846439,0.26468490268970174,194.1708464562828,600,900,2.5744286797923124,0.06142915363537122,0.4274240344360571,0.6756662163678397,0.9212366948111802,0.5338046432654715,0.9385708463646287,clairvoyant,364,322,0,0.0,0.0,322,195.70993387944782,2439.217157371181,7.667720744742881,600.0000000000005,0,107,0,0,0,0.0,0.30797786602056826,1994552198.7800508,59.21185963522299,23,0.0,0.0,0.0,0.0,29,8,0.7468238752312295,0.7468238752312295,0.27303861510071126,0.10863888413483513,175.63636363636365,0.12
scenario_0032,clairvoyant,2,0.9101067669978621,3.9924887768198802,26,59,28,91.09881152007335,0.21812847096030297,199.3429967846439,0.26468490268970174,194.1708464562828,600,900,2.5744286797923124,0.06142915363537122,0.4274240344360571,0.6756662163678397,0.9212366948111802,0.5338046432654715,0.9385708463646287,clairvoyant,350,321,0,0.0,0.0,321,198.76074071039784,1508.549457700037,26.600262028110027,600.0000000000005,0,43,1,0,0,0.0021780765434718944,0.21824420039388867,1039699987.1605772,154.46572078753786,60,0.0,0.0,0.0,0.0,35,10,0.8586656453121818,0.8586656453121818,0.2931621700261989,0.1421992409841322,175.0909090909091,0.13
scenario_0032,clairvoyant,3,0.9101067669978621,3.9924887768198802,26,59,28,91.09881152007335,0.21812847096030297,199.3429967846439,0.26468490268970174,194.1708464562828,600,900,2.5744286797923124,0.06142915363537122,0.4274240344360571,0.6756662163678397,0.9212366948111802,0.5338046432654715,0.9385708463646287,clairvoyant,415,374,0,0.0,0.0,374,98.64107205112191,1415.6782675288566,38.52852109302563,600.0,0,33,1,0,0,0.000377830242531985,0.3046947862962422,1273537188.82518,236.847438540893,92,0.0,0.0,0.0,0.0,15,4,0.7712871127669758,0.7712871127669758,0.3032493360478553,0.13231899596247754,204.0,0.14
scenario_0032,clairvoyant,4,0.9101067669978621,3.9924887768198802,26,59,28,91.09881152007335,0.21812847096030297,199.3429967846439,0.26468490268970174,194.1708464562828,600,900,2.5744286797923124,0.06142915363537122,0.4274240344360571,0.6756662163678397,0.9212366948111802,0.5338046432654715,0.9385708463646287,clairvoyant,518,469,1,0.002127659574468085,0.010309278350515464,469,40.72032135595691,1303.699652885099,29.87684972531157,600.0,0,55,1,0,0,0.00044577112340253344,0.31451818949965976,905177506.1982259,154.46572078753923,60,0.0,0.0,0.0,0.0,36,3,0.7905731208790778,0.7956408972949693,0.3203305867028271,0.1415602250603635,255.81818181818184,0.15
scenario_0032,clairvoyant,5,0.9101067669978621,3.9924887768198802,26,59,28,91.09881152007335,0.21812847096030297,199.3429967846439,0.26468490268970174,194.1708464562828,600,900,2.5744286797923124,0.06142915363537122,0.4274240344360571,0.6756662163678397,0.9212366948111802,0.5338046432654715,0.9385708463646287,clairvoyant,786,682,3,0.004379562043795621,0.02564102564102564,682,24.961184954335295,1991.4987975821255,81.25316542347201,600.0000000000005,0,320,1,0,0,0.000699683677417777,0.25758400357728534,942855975.2168128,79.80728907356217,31,0.0,0.0,0.0,0.0,31,4,0.6303866581297165,0.6382013687676882,0.44479668438328057,0.1573542021529412,372.0,0.3
scenario_0032,gate_srpt,1,0.9101067669978621,3.9924887768198802,26,59,28,91.09881152007335,0.21812847096030297,199.3429967846439,0.26468490268970174,194.1708464562828,600,900,2.5744286797923124,0.06142915363537122,0.4274240344360571,0.6756662163678397,0.9212366948111802,0.5338046432654715,0.9385708463646287,reactive_gate,355,309,0,0.0,0.0,309,267.84861328678926,1951.8386923842127,30.318485223860694,600.0000000000005,0,82,1,0,0,0.0014846390926570683,0.3117938508761197,3193006218.5322075,0.0,0,0.0,0.0,0.0,0.0,26,8,0.7103498604800841,0.7103498604800841,0.2746606666342916,0.10729229274933948,168.54545454545456,0.12
scenario_0032,gate_srpt,2,0.9101067669978621,3.9924887768198802,26,59,28,91.09881152007335,0.21812847096030297,199.3429967846439,0.26468490268970174,194.1708464562828,600,900,2.5744286797923124,0.06142915363537122,0.4274240344360571,0.6756662163678397,0.9212366948111802,0.5338046432654715,0.9385708463646287,reactive_gate,352,321,0,0.0,0.0,321,208.46332397594506,1238.4717099027325,16.101211033806084,600.0000000000005,0,36,0,0,0,0.0,0.21493174184181854,2001121065.8880079,0.0,0,0.0,0.0,0.0,0.0,34,10,0.8525180039274788,0.8525180039274788,0.30236703031797263,0.14566635558259644,175.0909090909091,0.13
scenario_0032,gate_srpt,3,0.9101067669978621,3.9924887768198802,26,59,28,91.09881152007335,0.21812847096030297,199.3429967846439,0.26468490268970174,194.1708464562828,600,900,2.5744286797923124,0.06142915363537122,0.4274240344360571,0.6756662163678397,0.9212366948111802,0.5338046432654715,0.9385708463646287,reactive_gate,417,373,0,0.0,0.0,373,105.55109213764854,1636.333373494333,34.223696788388224,600.0,0,31,2,0,0,2.9000087152893496e-06,0.30319874552100246,2078649822.5837862,0.0,0,0.0,0.0,0.0,0.0,15,4,0.7573320076871706,0.7573320076871706,0.3052674644024067,0.1333628029040465,203.45454545454547,0.15
scenario_0032,gate_srpt,4,0.9101067669978621,3.9924887768198802,26,59,28,91.09881152007335,0.21812847096030297,199.3429967846439,0.26468490268970174,194.1708464562828,600,900,2.5744286797923124,0.06142915363537122,0.4274240344360571,0.6756662163678397,0.9212366948111802,0.5338046432654715,0.9385708463646287,reactive_gate,512,469,1,0.002127659574468085,0.010416666666666666,469,37.94663300609227,1286.5430432697274,24.568953040559016,600.0000000000005,0,47,1,0,0,0.0008694369198390183,0.30635737957408377,1779664317.3374891,0.0,0,0.0,0.0,0.0,0.0,35,3,0.7954535173898514,0.8005525783987606,0.31682163148745845,0.1477018559974102,255.81818181818184,0.15
scenario_0032,gate_srpt,5,0.9101067669978621,3.9924887768198802,26,59,28,91.09881152007335,0.21812847096030297,199.3429967846439,0.26468490268970174,194.1708464562828,600,900,2.5744286797923124,0.06142915363537122,0.4274240344360571,0.6756662163678397,0.9212366948111802,0.5338046432654715,0.9385708463646287,reactive_gate,787,677,4,0.005873715124816446,0.026785714285714284,677,24.213623488994017,2232.2861668774985,104.67347672104786,600.0000000000005,0,306,0,0,0,0.0006786611067293611,0.2506731194974371,1369803598.1208677,0.0,0,0.0,0.0,0.0,0.0,33,5,0.597121170699914,0.6067629375965518,0.4341850043606678,0.16476307097657042,369.2727272727273,0.28
scenario_0033,gate_sampled,1,1.9759797318801013,4.7547680280528075,27,52,16,24.347283098278933,0.34000301946938705,54.40223146142143,0.39523686268005664,78.36633854103086,900,300,11.357432214572698,0.3697025934625866,1.994148890990579,0.6931689099784735,0.966814708749008,2.2604242112119732,0.6302974065374134,reactive_gate,662,470,31,0.06187624750499002,0.17857142857142858,470,130.65585808281185,5433.892143669891,0.0,900.0000000000005,0,519,0,0,0,0.02882827137984746,0.1299340538795231,5749534870.521169,0.0,0,0.0,0.0,0.0,0.0,923,59,0.30736042063450375,0.33244735059598773,0.27586247135169356,0.26114888163041455,256.3636363636364,0.17
scenario_0033,gate_sampled,2,1.9759797318801013,4.7547680280528075,27,52,16,24.347283098278933,0.34000301946938705,54.40223146142143,0.39523686268005664,78.36633854103086,900,300,11.357432214572698,0.3697025934625866,1.994148890990579,0.6931689099784735,0.966814708749008,2.2604242112119732,0.6302974065374134,reactive_gate,712,484,26,0.050980392156862744,0.18055555555555555,484,68.42053700097915,2704.621257547011,0.0,900.0000000000005,0,421,0,0,0,0.014195197007085604,0.20997547614767684,6695236524.490556,0.0,0,0.0,0.0,0.0,0.0,773,48,0.3187972729766055,0.3412881251889083,0.24095794124770978,0.23273085700552992,264.0,0.15
scenario_0033,gate_sampled,3,1.9759797318801013,4.7547680280528075,27,52,16,24.347283098278933,0.34000301946938705,54.40223146142143,0.39523686268005664,78.36633854103086,900,300,11.357432214572698,0.3697025934625866,1.994148890990579,0.6931689099784735,0.966814708749008,2.2604242112119732,0.6302974065374134,reactive_gate,593,397,29,0.06807511737089202,0.1937984496124031,397,91.26682332968903,2794.7891403738954,0.0,900.0000000000005,0,366,0,0,0,0.03086376930380665,0.30199410111663183,7253333411.880745,0.0,0,0.0,0.0,0.0,0.0,601,46,0.33572229385016034,0.3637208121707539,0.1987953345851679,0.31261475491067636,216.54545454545456,0.13
scenario_0033,gate_sampled,4,1.9759797318801013,4.7547680280528075,27,52,16,24.347283098278933,0.34000301946938705,54.40223146142143,0.39523686268005664,78.36633854103086,900,300,11.357432214572698,0.3697025934625866,1.994148890990579,0.6931689099784735,0.966814708749008,2.2604242112119732,0.6302974065374134,reactive_gate,622,457,23,0.04791666666666667,0.152317880794702,457,54.9364198886733,2233.6810843174126,0.0,900.0000000000005,0,324,0,0,0,0.016955186825687564,0.39544667041336895,7011249197.4876795,0.0,0,0.0,0.0,0.0,0.0,616,29,0.3536480199006994,0.3819106360398756,0.2009268328992681,0.22189978574407623,249.27272727272728,0.12
scenario_0033,gate_sampled,5,1.9759797318801013,4.7547680280528075,27,52,16,24.347283098278933,0.34000301946938705,54.40223146142143,0.39523686268005664,78.36633854103086,900,300,11.357432214572698,0.3697025934625866,1.994148890990579,0.6931689099784735,0.966814708749008,2.2604242112119732,0.6302974065374134,reactive_gate,772,489,47,0.08768656716417911,0.2670807453416149,489,74.30687989598096,3232.964024770002,0.0,900.0000000000005,0,627,0,0,0,0.03970513082967492,0.28915244771131915,7336724389.581603,0.0,0,0.0,0.0,0.0,0.0,768,45,0.26994685710753846,0.3004496265858765,0.2336293710634359,0.2502858454576689,266.72727272727275,0.16
scenario_0033,gate_ship,1,1.9759797318801013,4.7547680280528075,27,52,16,24.347283098278933,0.34000301946938705,54.40223146142143,0.39523686268005664,78.36633854103086,900,300,11.357432214572698,0.3697025934625866,1.994148890990579,0.6931689099784735,0.966814708749008,2.2604242112119732,0.6302974065374134,reactive_gate,738,580,14,0.02356902356902357,0.07526881720430108,580,295.9404326989263,2796.4766711944494,8.89129919122741,900.0000000000005,0,305,0,0,0,0.005514424843172718,0.19028494905091076,4331983789.586903,0.0,0,0.0,0.0,0.0,0.0,1068,92,0.4352625202175168,0.4509818875748086,0.34465143012988386,0.399022444115698,316.3636363636364,0.19
scenario_0033,gate_ship,2,1.9759797318801013,4.7547680280528075,27,52,16,24.347283098278933,0.34000301946938705,54.40223146142143,0.39523686268005664,78.36633854103086,900,300,11.357432214572698,0.3697025934625866,1.994148890990579,0.6931689099784735,0.966814708749008,2.2604242112119732,0.6302974065374134,reactive_gate,789,606,10,0.016233766233766232,0.05952380952380952,606,167.82856376824043,1800.178841395917,5.002441411746802,900.0000000000005,0,224,0,0,0,0.00776561288931644,0.1993659121843351,5325029322.636287,0.0,0,0.0,0.0,0.0,0.0,932,140,0.4593098620668463,0.46930914482274017,0.3141859526868879,0.3847246778246642,330.54545454545456,0.19
scenario_0033,gate_ship,3,1.9759797318801013,4.7547680280528075,27,52,16,24.347283098278933,0.34000301946938705,54.40223146142143,0.39523686268005664,78.36633854103086,900,300,11.357432214572698,0.3697025934625866,1.994148890990579,0.6931689099784735,0.966814708749008,2.2604242112119732,0.6302974065374134,reactive_gate,683,534,11,0.02018348623853211,0.0728476821192053,534,250.57002011019358,2714.875288426391,0.0,900.0000000000005,0,190,1,0,0,0.0051530290767635625,0.20756148977832264,5792700986.720659,0.0,0,0.0,0.0,0.0,0.0,756,113,0.4790450862591007,0.49418630597711527,0.28422446583354916,0.4513650818664691,291.2727272727273,0.16
scenario_0033,gate_ship,4,1.9759797318801013,4.7547680280528075,27,52,16,24.347283098278933,0.34000301946938705,54.40223146142143,0.39523686268005664,78.36633854103086,900,300,11.357432214572698,0.3697025934625866,1.994148890990579,0.6931689099784735,0.966814708749008,2.2604242112119732,0.6302974065374134,reactive_gate,715,583,9,0.015202702702702704,0.05625,583,106.65340556037245,1992.0237317361477,0.0,900.0000000000005,0,188,0,0,0,0.006039715522424532,0.3624568753012026,5867130584.02451,0.0,0,0.0,0.0,0.0,0.0,748,91,0.5032273708886524,0.5159743658449881,0.24990769688576173,0.3442031737758061,318.0,0.14
scenario_0033,gate_ship,5,1.9759797318801013,4.7547680280528075,27,52,16,24.347283098278933,0.34000301946938705,54.40223146142143,0.39523686268005664,78.36633854103086,900,300,11.357432214572698,0.3697025934625866,1.994148890990579,0.6931689099784735,0.966814708749008,2.2604242112119732,0.6302974065374134,reactive_gate,853,609,25,0.03943217665615142,0.13690476190476192,609,182.95473578806514,3035.918637482871,0.0,900.0000000000005,0,500,0,0,0,0.017066130934371933,0.35001176390077515,7035859769.780105,0.0,0,0.0,0.0,0.0,0.0,877,100,0.3475011733227485,0.3669756843630919,0.2761886178523123,0.3568512135189036,332.1818181818182,0.18
scenario_0033,lease,1,1.9759797318801013,4.7547680280528075,27,52,16,24.347283098278933,0.34000301946938705,54.40223146142143,0.39523686268005664,78.36633854103086,900,300,11.357432214572698,0.3697025934625866,1.994148890990579,0.6931689099784735,0.966814708749008,2.2604242112119732,0.6302974065374134,lease,722,559,12,0.021015761821366025,0.06741573033707865,559,347.9706337571213,2816.5562178583878,5.137711090501411,900.0000000000005,0,345,0,0,0,0.0033706134463105824,0.19037317977022658,4155224321.0715895,336.5449872310787,1,10854.272867018979,9245.349288952959,792600.0,23889.186958114886,1025,69,0.40465717808365226,0.4185708919432621,0.33778280724864984,0.3794860953242055,304.90909090909093,0.37
scenario_0033,lease,2,1.9759797318801013,4.7547680280528075,27,52,16,24.347283098278933,0.34000301946938705,54.40223146142143,0.39523686268005664,78.36633854103086,900,300,11.357432214572698,0.3697025934625866,1.994148890990579,0.6931689099784735,0.966814708749008,2.2604242112119732,0.6302974065374134,lease,760,565,14,0.024179620034542316,0.08695652173913043,565,164.43576930397603,2275.666877522352,2.135122618701377,900.0000000000005,0,295,1,0,0,0.0077973190465769875,0.19538548361185648,5479210524.913946,2968.926684126383,11,12307.2265110861,9078.817826697039,643800.0,18763.80096407658,901,128,0.43305184598495877,0.44754583819025573,0.3050075465888707,0.36042046866158656,308.1818181818182,0.36
scenario_0033,lease,3,1.9759797318801013,4.7547680280528075,27,52,16,24.347283098278933,0.34000301946938705,54.40223146142143,0.39523686268005664,78.36633854103086,900,300,11.357432214572698,0.3697025934625866,1.994148890990579,0.6931689099784735,0.966814708749008,2.2604242112119732,0.6302974065374134,lease,667,515,12,0.022770398481973434,0.08163265306122448,515,256.10915975096214,2576.628530118608,6.331827986985017,900.0000000000005,0,221,1,0,0,0.005253624419537056,0.22080252799887448,4851770747.9522915,1273.4975452445506,10,6679.762293249823,5132.2906054564355,508800.0,11809.702756966899,733,93,0.4584117971830981,0.4743147886624454,0.2748257727008931,0.4159262190235084,280.90909090909093,0.32
scenario_0033,lease,4,1.9759797318801013,4.7547680280528075,27,52,16,24.347283098278933,0.34000301946938705,54.40223146142143,0.39523686268005664,78.36633854103086,900,300,11.357432214572698,0.3697025934625866,1.994148890990579,0.6931689099784735,0.966814708749008,2.2604242112119732,0.6302974065374134,lease,690,547,10,0.017953321364452424,0.06329113924050633,547,103.64392432472141,1919.2726634849414,0.0,900.0000000000005,0,214,0,0,0,0.006697322734207741,0.3795210597801236,5441333772.388266,953.6929454645528,8,8924.906877298316,7303.709470121517,525000.0,19957.636536134127,701,103,0.4648872731276906,0.4798866362220403,0.23415485624766183,0.3055144878686866,298.3636363636364,0.27
scenario_0033,lease,5,1.9759797318801013,4.7547680280528075,27,52,16,24.347283098278933,0.34000301946938705,54.40223146142143,0.39523686268005664,78.36633854103086,900,300,11.357432214572698,0.3697025934625866,1.994148890990579,0.6931689099784735,0.966814708749008,2.2604242112119732,0.6302974065374134,lease,873,640,20,0.030303030303030304,0.11046511627906977,640,223.31802123889656,2841.8696853578963,0.0,900.0000000000005,0,449,0,0,0,0.013049888397713235,0.2981979768231858,6053241222.648552,2193.2964719980428,11,9614.941555615856,6879.4232435298645,688200.0,28661.63964025687,896,93,0.35857861331905,0.3741205241338329,0.28313895020480206,0.3778679006306901,349.0909090909091,0.36
scenario_0033,clairvoyant,1,1.9759797318801013,4.7547680280528075,27,52,16,24.347283098278933,0.34000301946938705,54.40223146142143,0.39523686268005664,78.36633854103086,900,300,11.357432214572698,0.3697025934625866,1.994148890990579,0.6931689099784735,0.966814708749008,2.2604242112119732,0.6302974065374134,clairvoyant,778,620,23,0.03576982892690513,0.10714285714285714,620,118.96501175274648,2796.954620226276,10.525349493662093,900.0000000000005,0,343,1,0,0,0.013368464104981933,0.23719656935210176,3141042953.9751763,193.07634764773613,17,0.0,0.0,0.0,0.0,1108,69,0.5152764521144977,0.54737474256028,0.35700127361698664,0.4006303585737482,338.1818181818182,0.19
scenario_0033,clairvoyant,2,1.9759797318801013,4.7547680280528075,27,52,16,24.347283098278933,0.34000301946938705,54.40223146142143,0.39523686268005664,78.36633854103086,900,300,11.357432214572698,0.3697025934625866,1.994148890990579,0.6931689099784735,0.966814708749008,2.2604242112119732,0.6302974065374134,clairvoyant,823,644,19,0.02865761689291101,0.11242603550295859,644,87.40076874479746,1862.221624531554,1.586692776563703,900.0000000000005,0,302,0,0,0,0.013122311994190798,0.24620161270681376,4123480347.2393427,658.7310684452178,58,0.0,0.0,0.0,0.0,984,138,0.5109707635349047,0.5345623277925688,0.3153376394860284,0.3663695288346798,351.2727272727273,0.18
scenario_0033,clairvoyant,3,1.9759797318801013,4.7547680280528075,27,52,16,24.347283098278933,0.34000301946938705,54.40223146142143,0.39523686268005664,78.36633854103086,900,300,11.357432214572698,0.3697025934625866,1.994148890990579,0.6931689099784735,0.966814708749008,2.2604242112119732,0.6302974065374134,clairvoyant,709,570,18,0.030612244897959183,0.1069182389937107,570,100.58743592831934,2323.29225779472,0.0,900.0000000000005,0,224,0,0,0,0.006101500105248371,0.22336276943607436,3791276227.416891,567.8716107286349,50,0.0,0.0,0.0,0.0,756,117,0.5455279696225069,0.5751062109957276,0.2727340557665928,0.43997349959194026,310.90909090909093,0.16
scenario_0033,clairvoyant,4,1.9759797318801013,4.7547680280528075,27,52,16,24.347283098278933,0.34000301946938705,54.40223146142143,0.39523686268005664,78.36633854103086,900,300,11.357432214572698,0.3697025934625866,1.994148890990579,0.6931689099784735,0.966814708749008,2.2604242112119732,0.6302974065374134,clairvoyant,723,583,18,0.029950083194675542,0.10843373493975904,583,60.75001237196284,1428.549640995099,0.0,900.0000000000005,0,238,0,0,0,0.00852766854200027,0.4115320891210488,5019993763.1632,374.79526308089885,33,0.0,0.0,0.0,0.0,765,93,0.5543615617430913,0.586852446142676,0.24920935523564228,0.3121725409533513,318.0,0.14
scenario_0033,clairvoyant,5,1.9759797318801013,4.7547680280528075,27,52,16,24.347283098278933,0.34000301946938705,54.40223146142143,0.39523686268005664,78.36633854103086,900,300,11.357432214572698,0.3697025934625866,1.994148890990579,0.6931689099784735,0.966814708749008,2.2604242112119732,0.6302974065374134,clairvoyant,860,621,33,0.05045871559633028,0.16759776536312848,621,91.19946808189161,2794.1194105179165,0.0,900.0000000000005,0,551,0,0,0,0.020244667962070747,0.37218638229599893,5454039154.443777,272.5783731497451,24,0.0,0.0,0.0,0.0,893,89,0.41300798259218274,0.44440902450065056,0.27326768356883174,0.34947483171760646,338.72727272727275,0.17
scenario_0033,gate_srpt,1,1.9759797318801013,4.7547680280528075,27,52,16,24.347283098278933,0.34000301946938705,54.40223146142143,0.39523686268005664,78.36633854103086,900,300,11.357432214572698,0.3697025934625866,1.994148890990579,0.6931689099784735,0.966814708749008,2.2604242112119732,0.6302974065374134,reactive_gate,755,597,16,0.026101141924959218,0.0851063829787234,597,299.3514767989718,2748.0332484595046,13.475313432522888,900.0000000000005,0,275,2,0,0,0.0070440739336628325,0.19949271544778116,3890742427.4022255,0.0,0,0.0,0.0,0.0,0.0,1085,77,0.44945268598599086,0.4692720969726979,0.36292881656066844,0.389849624216202,325.6363636363636,0.2
scenario_0033,gate_srpt,2,1.9759797318801013,4.7547680280528075,27,52,16,24.347283098278933,0.34000301946938705,54.40223146142143,0.39523686268005664,78.36633854103086,900,300,11.357432214572698,0.3697025934625866,1.994148890990579,0.6931689099784735,0.966814708749008,2.2604242112119732,0.6302974065374134,reactive_gate,778,589,11,0.018333333333333333,0.06666666666666667,589,158.2430408653861,1709.3062353737932,7.131423172270899,900.0000000000005,0,222,0,0,0,0.006177843587400067,0.22989734280060106,5276970520.654976,0.0,0,0.0,0.0,0.0,0.0,895,135,0.4592189101879581,0.4706383645150954,0.3127514854959855,0.37496561712516246,321.2727272727273,0.18
scenario_0033,gate_srpt,3,1.9759797318801013,4.7547680280528075,27,52,16,24.347283098278933,0.34000301946938705,54.40223146142143,0.39523686268005664,78.36633854103086,900,300,11.357432214572698,0.3697025934625866,1.994148890990579,0.6931689099784735,0.966814708749008,2.2604242112119732,0.6302974065374134,reactive_gate,680,533,14,0.025594149908592323,0.08552631578947369,533,236.3980823293623,2089.272370577059,5.3576565192796775,900.0000000000005,0,189,2,0,0,0.004601597583042638,0.208300356366743,5639548294.580418,0.0,0,0.0,0.0,0.0,0.0,732,118,0.48777482923049575,0.5078359756429517,0.2862384232639788,0.4503210557436182,290.72727272727275,0.16
scenario_0033,gate_srpt,4,1.9759797318801013,4.7547680280528075,27,52,16,24.347283098278933,0.34000301946938705,54.40223146142143,0.39523686268005664,78.36633854103086,900,300,11.357432214572698,0.3697025934625866,1.994148890990579,0.6931689099784735,0.966814708749008,2.2604242112119732,0.6302974065374134,reactive_gate,711,577,16,0.026981450252951095,0.0963855421686747,577,87.69490075234626,1867.5971133920546,0.0,900.0000000000005,0,202,0,0,0,0.008883268647883363,0.3854930401695358,5844438465.737936,0.0,0,0.0,0.0,0.0,0.0,738,100,0.5143132692808176,0.539328760260156,0.24800662282847472,0.3248715990710657,314.72727272727275,0.14
scenario_0033,gate_srpt,5,1.9759797318801013,4.7547680280528075,27,52,16,24.347283098278933,0.34000301946938705,54.40223146142143,0.39523686268005664,78.36633854103086,900,300,11.357432214572698,0.3697025934625866,1.994148890990579,0.6931689099784735,0.966814708749008,2.2604242112119732,0.6302974065374134,reactive_gate,816,564,38,0.06312292358803986,0.20348837209302326,564,185.8916289274198,2816.598660359133,0.0,900.0000000000005,0,494,0,0,0,0.030794348790858864,0.3683009579720965,7471080486.949435,0.0,0,0.0,0.0,0.0,0.0,831,145,0.32991705784701303,0.3575724253606141,0.2635258432808618,0.3282100345266768,307.6363636363636,0.17
scenario_0034,gate_sampled,1,2.1914122090813186,5.408631368163581,15,88,22,156.45773683817683,0.10443661326907565,51.9011198484219,0.0803709517073115,115.2702534983958,900,300,10.504596069208787,0.28410671405617,0.3913124202540152,0.4171298345905057,0.9758162011889984,1.5145845346613482,0.7158932859438301,reactive_gate,809,498,40,0.07434944237918216,0.20833333333333334,498,341.71358270192354,3356.009273456476,104.76565616360715,900.0000000000005,0,684,0,0,0,0.014919707148234632,0.1724221774380258,2384310954.749919,0.0,0,0.0,0.0,0.0,0.0,107,3,0.2424576746405795,0.2631255909444527,0.9012992930285765,0.1543366347560861,271.6363636363636,0.39
scenario_0034,gate_sampled,2,2.1914122090813186,5.408631368163581,15,88,22,156.45773683817683,0.10443661326907565,51.9011198484219,0.0803709517073115,115.2702534983958,900,300,10.504596069208787,0.28410671405617,0.3913124202540152,0.4171298345905057,0.9758162011889984,1.5145845346613482,0.7158932859438301,reactive_gate,827,548,29,0.05025996533795494,0.17391304347826086,548,207.93978392758436,2823.778098942329,91.1840222068702,900.0000000000005,0,500,3,0,0,0.005779906094611302,0.3428152133578071,1238231118.0364175,0.0,0,0.0,0.0,0.0,0.0,113,2,0.2945824847863207,0.30970808790456106,0.8454094960459294,0.16872343942869542,298.90909090909093,0.39
scenario_0034,gate_sampled,3,2.1914122090813186,5.408631368163581,15,88,22,156.45773683817683,0.10443661326907565,51.9011198484219,0.0803709517073115,115.2702534983958,900,300,10.504596069208787,0.28410671405617,0.3913124202540152,0.4171298345905057,0.9758162011889984,1.5145845346613482,0.7158932859438301,reactive_gate,693,526,17,0.03130755064456722,0.12408759124087591,526,120.42282499716572,2954.9115968929877,47.00726215993299,900.0000000000005,0,276,0,0,0,0.00876462316518268,0.3699609143169371,1873410274.8712811,0.0,0,0.0,0.0,0.0,0.0,72,5,0.42687343094499053,0.44629174808815086,0.7736931533626866,0.2361363746467105,286.90909090909093,0.26
scenario_0034,gate_sampled,4,2.1914122090813186,5.408631368163581,15,88,22,156.45773683817683,0.10443661326907565,51.9011198484219,0.0803709517073115,115.2702534983958,900,300,10.504596069208787,0.28410671405617,0.3913124202540152,0.4171298345905057,0.9758162011889984,1.5145845346613482,0.7158932859438301,reactive_gate,932,661,32,0.046176046176046176,0.16230366492146597,661,184.73019727878818,2685.5746500229466,85.73825673764213,900.0000000000005,0,492,1,0,0,0.003805468618913097,0.25522655169938224,1792554220.18664,0.0,0,0.0,0.0,0.0,0.0,123,2,0.28391230172228304,0.3025664692496753,0.8642888204351205,0.1464213409066166,360.54545454545456,0.42
scenario_0034,gate_sampled,5,2.1914122090813186,5.408631368163581,15,88,22,156.45773683817683,0.10443661326907565,51.9011198484219,0.0803709517073115,115.2702534983958,900,300,10.504596069208787,0.28410671405617,0.3913124202540152,0.4171298345905057,0.9758162011889984,1.5145845346613482,0.7158932859438301,reactive_gate,1043,789,26,0.03190184049079755,0.16883116883116883,789,117.02317778185443,2734.2817188331487,129.00519912456798,900.0000000000005,0,489,0,0,0,0.005901767389230008,0.30641099106739483,1793201411.7420948,0.0,0,0.0,0.0,0.0,0.0,100,0,0.31975612971382833,0.3387367813509896,0.9024567204696539,0.13885390655483223,430.3636363636364,0.5
scenario_0034,gate_ship,1,2.1914122090813186,5.408631368163581,15,88,22,156.45773683817683,0.10443661326907565,51.9011198484219,0.0803709517073115,115.2702534983958,900,300,10.504596069208787,0.28410671405617,0.3913124202540152,0.4171298345905057,0.9758162011889984,1.5145845346613482,0.7158932859438301,reactive_gate,828,513,35,0.06386861313868614,0.19886363636363635,513,421.9299333724739,3696.9072314322752,646.6377384375833,900.0000000000005,0,736,0,0,0,0.0014071497867887274,0.20153052069720595,1237947186.658789,0.0,0,0.0,0.0,0.0,0.0,78,3,0.21668697021346073,0.23297454612667937,0.8219770778641112,0.2026736750118645,279.8181818181818,0.94
scenario_0034,gate_ship,2,2.1914122090813186,5.408631368163581,15,88,22,156.45773683817683,0.10443661326907565,51.9011198484219,0.0803709517073115,115.2702534983958,900,300,10.504596069208787,0.28410671405617,0.3913124202540152,0.4171298345905057,0.9758162011889984,1.5145845346613482,0.7158932859438301,reactive_gate,807,536,14,0.025454545454545455,0.09210526315789473,536,265.8683798094212,3118.6874284489213,320.1328854896575,900.0000000000005,0,434,2,0,0,0.005570656201120833,0.383371344547644,1182601089.3512995,0.0,0,0.0,0.0,0.0,0.0,108,5,0.30723003980532737,0.3172639425956277,0.8467109835275836,0.20929941119400924,292.3636363636364,0.47
scenario_0034,gate_ship,3,2.1914122090813186,5.408631368163581,15,88,22,156.45773683817683,0.10443661326907565,51.9011198484219,0.0803709517073115,115.2702534983958,900,300,10.504596069208787,0.28410671405617,0.3913124202540152,0.4171298345905057,0.9758162011889984,1.5145845346613482,0.7158932859438301,reactive_gate,722,567,10,0.01733102253032929,0.07042253521126761,567,165.38726993042428,2536.6457507319897,143.9878259743039,900.0000000000005,0,174,3,0,0,0.008332490635856737,0.3790612942994704,1245616511.752018,0.0,0,0.0,0.0,0.0,0.0,72,7,0.469651162014882,0.4801942683490697,0.8289129052318053,0.26719317401921033,309.2727272727273,0.33
scenario_0034,gate_ship,4,2.1914122090813186,5.408631368163581,15,88,22,156.45773683817683,0.10443661326907565,51.9011198484219,0.0803709517073115,115.2702534983958,900,300,10.504596069208787,0.28410671405617,0.3913124202540152,0.4171298345905057,0.9758162011889984,1.5145845346613482,0.7158932859438301,reactive_gate,941,671,23,0.03314121037463977,0.12169312169312169,671,198.23495827599208,2650.3657817572825,464.101196177443,900.0000000000005,0,424,1,0,0,0.0006828564983749035,0.21436982599255108,1216128824.7562087,0.0,0,0.0,0.0,0.0,0.0,84,4,0.27367139044147076,0.28755624692584114,0.8314241474229475,0.16876339127218176,366.0,0.67
scenario_0034,gate_ship,5,2.1914122090813186,5.408631368163581,15,88,22,156.45773683817683,0.10443661326907565,51.9011198484219,0.0803709517073115,115.2702534983958,900,300,10.504596069208787,0.28410671405617,0.3913124202540152,0.4171298345905057,0.9758162011889984,1.5145845346613482,0.7158932859438301,reactive_gate,1038,799,10,0.012360939431396786,0.06578947368421052,799,122.02265501953934,3206.4324437859545,345.6347007502823,900.0000000000005,0,410,1,0,0,0.002907074465486789,0.43053215830453745,1472686238.0440798,0.0,0,0.0,0.0,0.0,0.0,90,4,0.3245935510266892,0.33153271995342487,0.9023562416904084,0.14638685843959495,435.8181818181818,0.68
scenario_0034,lease,1,2.1914122090813186,5.408631368163581,15,88,22,156.45773683817683,0.10443661326907565,51.9011198484219,0.0803709517073115,115.2702534983958,900,300,10.504596069208787,0.28410671405617,0.3913124202540152,0.4171298345905057,0.9758162011889984,1.5145845346613482,0.7158932859438301,lease,772,462,33,0.06666666666666667,0.1774193548387097,462,542.7458445622249,3875.6261842321996,699.1331798242862,900.0000000000005,0,704,1,0,0,0.009755185191468643,0.17486296909054222,1406470999.2344477,769.8771142180466,5,9.224771980144169,7.023278040411697,1035600.0,654.9535681859807,90,5,0.2315558800250196,0.24762918515701435,0.8585059336441336,0.18792139551053083,252.0,0.86
scenario_0034,lease,2,2.1914122090813186,5.408631368163581,15,88,22,156.45773683817683,0.10443661326907565,51.9011198484219,0.0803709517073115,115.2702534983958,900,300,10.504596069208787,0.28410671405617,0.3913124202540152,0.4171298345905057,0.9758162011889984,1.5145845346613482,0.7158932859438301,lease,790,517,12,0.022684310018903593,0.08,517,283.86045723693314,2974.0471114510115,414.9161146305144,900.0000000000005,0,418,1,0,0,0.00677828875293531,0.3667835768229421,793551681.028521,0.0,0,11.775988528479843,10.501486255402824,1070400.0,1551.6328011885769,101,2,0.3088948178401677,0.3151892057919003,0.8264372456228957,0.20874533435999948,282.0,0.67
scenario_0034,lease,3,2.1914122090813186,5.408631368163581,15,88,22,156.45773683817683,0.10443661326907565,51.9011198484219,0.0803709517073115,115.2702534983958,900,300,10.504596069208787,0.28410671405617,0.3913124202540152,0.4171298345905057,0.9758162011889984,1.5145845346613482,0.7158932859438301,lease,710,557,12,0.0210896309314587,0.08391608391608392,557,150.84132375283616,2526.4712955232753,103.24970906189314,900.0000000000005,0,186,0,0,0,0.007257845130861127,0.3587085623185573,1099262626.2672312,2172.4092335406112,16,6.455487892487781,2.2284258479062373,1035600.0,1247.5293202199314,76,6,0.46249602100396076,0.47591349029819596,0.8264463969049469,0.26065259027927795,303.8181818181818,0.6
scenario_0034,lease,4,2.1914122090813186,5.408631368163581,15,88,22,156.45773683817683,0.10443661326907565,51.9011198484219,0.0803709517073115,115.2702534983958,900,300,10.504596069208787,0.28410671405617,0.3913124202540152,0.4171298345905057,0.9758162011889984,1.5145845346613482,0.7158932859438301,lease,969,704,21,0.028965517241379312,0.10880829015544041,704,177.16073450719114,3224.717213477439,358.46288706458387,900.0000000000005,0,411,1,0,0,0.0012924766042676902,0.20651616344271684,981948090.8086126,2828.572699490577,12,25.928181209688546,6.76969933770124,1321800.0,633.705756588902,104,3,0.2959745286836124,0.309363633684972,0.8464266518863852,0.18561026720336724,384.0,0.94
scenario_0034,lease,5,2.1914122090813186,5.408631368163581,15,88,22,156.45773683817683,0.10443661326907565,51.9011198484219,0.0803709517073115,115.2702534983958,900,300,10.504596069208787,0.28410671405617,0.3913124202540152,0.4171298345905057,0.9758162011889984,1.5145845346613482,0.7158932859438301,lease,1051,804,12,0.014705882352941176,0.07947019867549669,804,115.08538605351328,3132.5949330827643,273.204152610876,900.0000000000005,0,413,0,0,0,0.0021499295786850787,0.41873649733626506,1137523963.1049302,1662.4861522226133,5,14.682499634560557,3.151955305114825,1627800.0,641.2483015734123,95,4,0.3422769000988314,0.34956271060775956,0.9052237879349047,0.16273359577051702,438.54545454545456,0.96
scenario_0034,clairvoyant,1,2.1914122090813186,5.408631368163581,15,88,22,156.45773683817683,0.10443661326907565,51.9011198484219,0.0803709517073115,115.2702534983958,900,300,10.504596069208787,0.28410671405617,0.3913124202540152,0.4171298345905057,0.9758162011889984,1.5145845346613482,0.7158932859438301,clairvoyant,870,606,38,0.059006211180124224,0.16964285714285715,606,113.58059229369837,3464.8615864193466,224.67306580011416,900.0000000000005,0,694,0,0,0,0.02496304270497717,0.19849936394448128,1316379419.8535695,136.55974889971367,13,0.0,0.0,0.0,0.0,118,3,0.47280960074070283,0.5103443927822678,0.9160747857895193,0.22803700410963332,330.54545454545456,0.41
scenario_0034,clairvoyant,2,2.1914122090813186,5.408631368163581,15,88,22,156.45773683817683,0.10443661326907565,51.9011198484219,0.0803709517073115,115.2702534983958,900,300,10.504596069208787,0.28410671405617,0.3913124202540152,0.4171298345905057,0.9758162011889984,1.5145845346613482,0.7158932859438301,clairvoyant,906,670,32,0.045584045584045586,0.15897435897435896,670,39.414950954958385,2655.8576360202924,140.6764658295005,900.0000000000005,0,486,2,0,0,0.016926290068888877,0.41420598298077127,792022627.5797507,31.513788207626476,3,0.0,0.0,0.0,0.0,124,2,0.504642903405073,0.5342472977005364,0.8924876029612363,0.20772220852515885,365.4545454545455,0.37
scenario_0034,clairvoyant,3,2.1914122090813186,5.408631368163581,15,88,22,156.45773683817683,0.10443661326907565,51.9011198484219,0.0803709517073115,115.2702534983958,900,300,10.504596069208787,0.28410671405617,0.3913124202540152,0.4171298345905057,0.9758162011889984,1.5145845346613482,0.7158932859438301,clairvoyant,734,604,12,0.01948051948051948,0.07453416149068323,604,94.2637825923639,2178.160644558653,89.69163582097941,900.0000000000005,0,208,0,0,0,0.003754184610122771,0.37191932824408674,971424304.08343,388.670054560725,37,0.0,0.0,0.0,0.0,74,6,0.63611344177087,0.655421371698383,0.8277225593153761,0.2637944968034616,329.4545454545455,0.3
scenario_0034,clairvoyant,4,2.1914122090813186,5.408631368163581,15,88,22,156.45773683817683,0.10443661326907565,51.9011198484219,0.0803709517073115,115.2702534983958,900,300,10.504596069208787,0.28410671405617,0.3913124202540152,0.4171298345905057,0.9758162011889984,1.5145845346613482,0.7158932859438301,clairvoyant,1051,809,31,0.036904761904761905,0.14285714285714285,809,25.92115426935652,2874.3178872617955,175.04323801473677,900.0000000000005,0,482,1,0,0,0.009330726262236527,0.2579371625955785,1060076885.679328,210.0919213841762,20,0.0,0.0,0.0,0.0,128,5,0.5097535073668787,0.5422190075751774,0.880095741996892,0.17384245244698027,441.2727272727273,0.4
scenario_0034,clairvoyant,5,2.1914122090813186,5.408631368163581,15,88,22,156.45773683817683,0.10443661326907565,51.9011198484219,0.0803709517073115,115.2702534983958,900,300,10.504596069208787,0.28410671405617,0.3913124202540152,0.4171298345905057,0.9758162011889984,1.5145845346613482,0.7158932859438301,clairvoyant,1102,870,22,0.02466367713004484,0.11351351351351352,870,24.40893066058743,2213.5935857849026,163.1055557283507,900.0000000000005,0,464,1,0,0,0.011561584879071262,0.20007705361547404,954003038.6645025,115.55055676129678,11,0.0,0.0,0.0,0.0,108,2,0.5107229765304789,0.5327192614303454,0.9389112060606062,0.1855888722365787,474.54545454545456,0.45
scenario_0034,gate_srpt,1,2.1914122090813186,5.408631368163581,15,88,22,156.45773683817683,0.10443661326907565,51.9011198484219,0.0803709517073115,115.2702534983958,900,300,10.504596069208787,0.28410671405617,0.3913124202540152,0.4171298345905057,0.9758162011889984,1.5145845346613482,0.7158932859438301,reactive_gate,863,606,24,0.0380952380952381,0.10810810810810811,606,135.1858023899731,3454.2410929631756,257.92674392290417,900.0000000000005,0,571,1,0,0,0.0144744120602425,0.15076759280507837,2839446313.0118318,0.0,0,0.0,0.0,0.0,0.0,119,3,0.44836987298406533,0.46964519724838516,0.9283151009583009,0.22270659815175356,330.54545454545456,0.43
scenario_0034,gate_srpt,2,2.1914122090813186,5.408631368163581,15,88,22,156.45773683817683,0.10443661326907565,51.9011198484219,0.0803709517073115,115.2702534983958,900,300,10.504596069208787,0.28410671405617,0.3913124202540152,0.4171298345905057,0.9758162011889984,1.5145845346613482,0.7158932859438301,reactive_gate,897,672,22,0.03170028818443804,0.11282051282051282,672,39.72077205931214,2137.6676071533698,126.9887823782189,900.0000000000005,0,398,1,0,0,0.01600294314761969,0.4103574202893008,1491168975.2132611,0.0,0,0.0,0.0,0.0,0.0,94,2,0.5005258090676675,0.5247575482934513,0.8952430496891998,0.24159285167374012,366.54545454545456,0.37
scenario_0034,gate_srpt,3,2.1914122090813186,5.408631368163581,15,88,22,156.45773683817683,0.10443661326907565,51.9011198484219,0.0803709517073115,115.2702534983958,900,300,10.504596069208787,0.28410671405617,0.3913124202540152,0.4171298345905057,0.9758162011889984,1.5145845346613482,0.7158932859438301,reactive_gate,729,598,12,0.019672131147540985,0.07547169811320754,598,84.81502115032617,2160.9793625249013,116.14546496909816,900.0000000000005,0,148,1,0,0,0.008451587136699844,0.3569322622483665,1208772748.2182648,0.0,0,0.0,0.0,0.0,0.0,62,6,0.6160684078657229,0.6356387550668746,0.8284703288828457,0.2660087898269297,326.1818181818182,0.31
scenario_0034,gate_srpt,4,2.1914122090813186,5.408631368163581,15,88,22,156.45773683817683,0.10443661326907565,51.9011198484219,0.0803709517073115,115.2702534983958,900,300,10.504596069208787,0.28410671405617,0.3913124202540152,0.4171298345905057,0.9758162011889984,1.5145845346613482,0.7158932859438301,reactive_gate,1027,789,22,0.027127003699136867,0.102803738317757,789,24.987013479392317,2936.116827618981,156.53104220547317,900.0000000000005,0,397,0,0,0,0.020136545940575533,0.24274957955285847,1770927587.7211325,0.0,0,0.0,0.0,0.0,0.0,118,7,0.5009723014874284,0.5228112452319916,0.8777688925666925,0.2009134050893132,430.3636363636364,0.39
scenario_0034,gate_srpt,5,2.1914122090813186,5.408631368163581,15,88,22,156.45773683817683,0.10443661326907565,51.9011198484219,0.0803709517073115,115.2702534983958,900,300,10.504596069208787,0.28410671405617,0.3913124202540152,0.4171298345905057,0.9758162011889984,1.5145845346613482,0.7158932859438301,reactive_gate,1100,871,14,0.015819209039548022,0.08,871,23.687251080876194,2370.357616566382,205.4962866865186,900.0000000000005,0,386,0,0,0,0.007224007783127053,0.44373709937350064,1589718276.4642627,0.0,0,0.0,0.0,0.0,0.0,91,1,0.4747965071948447,0.48780310809177024,0.9109059194768195,0.17017226870100363,475.0909090909091,0.45
scenario_0035,gate_sampled,1,2.265276504833988,3.382796350450585,25,159,23,197.80690104659848,0.1964605435693343,48.00457165915188,0.2570543839346581,293.15181005913325,600,60,2.022646403749046,0.1738090208333911,2.8993324651147914,0.03371265726196636,0.7973932177017696,2.0199138571330817,0.8261909791666089,reactive_gate,994,784,16,0.02,0.05976095617529881,784,158.12207843405577,2786.2458003148663,16.85300485033323,600.0000000000005,0,530,0,0,0,0.002847574652288176,0.16174126330117672,2855343343.1015735,0.0,0,0.0,0.0,0.0,0.0,1385,76,0.433023628612808,0.4438489250534976,0.47826933273245276,0.3701662984192976,427.6363636363636,0.27
scenario_0035,gate_sampled,2,2.265276504833988,3.382796350450585,25,159,23,197.80690104659848,0.1964605435693343,48.00457165915188,0.2570543839346581,293.15181005913325,600,60,2.022646403749046,0.1738090208333911,2.8993324651147914,0.03371265726196636,0.7973932177017696,2.0199138571330817,0.8261909791666089,reactive_gate,908,778,2,0.002564102564102564,0.011299435028248588,778,182.6771697808947,1862.9528309780728,29.45398684121916,600.0000000000005,0,188,1,0,0,0.001636295822637587,0.09746840961281364,2762489628.1899304,0.0,0,0.0,0.0,0.0,0.0,1170,132,0.49448775239864007,0.49503806604888606,0.39417516735042735,0.3211427752833691,424.3636363636364,0.22
scenario_0035,gate_sampled,3,2.265276504833988,3.382796350450585,25,159,23,197.80690104659848,0.1964605435693343,48.00457165915188,0.2570543839346581,293.15181005913325,600,60,2.022646403749046,0.1738090208333911,2.8993324651147914,0.03371265726196636,0.7973932177017696,2.0199138571330817,0.8261909791666089,reactive_gate,776,707,4,0.005625879043600563,0.022857142857142857,707,195.24942896661378,1097.758530660936,17.136534323709206,600.0,0,46,0,0,0,0.0011109933047898364,0.1768847168688264,2977564413.8397536,0.0,0,0.0,0.0,0.0,0.0,1014,165,0.6404798888699699,0.6473100502588817,0.35965502035224034,0.3172506690728466,385.6363636363636,0.18
scenario_0035,gate_sampled,4,2.265276504833988,3.382796350450585,25,159,23,197.80690104659848,0.1964605435693343,48.00457165915188,0.2570543839346581,293.15181005913325,600,60,2.022646403749046,0.1738090208333911,2.8993324651147914,0.03371265726196636,0.7973932177017696,2.0199138571330817,0.8261909791666089,reactive_gate,963,819,9,0.010869565217391304,0.04265402843601896,819,116.0020548267239,2047.683588181807,19.08967806701308,600.0000000000005,0,314,1,0,0,0.0031057554791188292,0.12083095299055942,3265387534.042963,0.0,0,0.0,0.0,0.0,0.0,1203,138,0.5140094236756086,0.5253400451189841,0.4190906055477856,0.3309067783005056,446.72727272727275,0.23
scenario_0035,gate_sampled,5,2.265276504833988,3.382796350450585,25,159,23,197.80690104659848,0.1964605435693343,48.00457165915188,0.2570543839346581,293.15181005913325,600,60,2.022646403749046,0.1738090208333911,2.8993324651147914,0.03371265726196636,0.7973932177017696,2.0199138571330817,0.8261909791666089,reactive_gate,1076,917,9,0.009719222462203024,0.03664921465968586,917,208.785867153686,3072.005311735427,33.160337089036254,600.0000000000005,0,436,3,0,0,0.005164789593426379,0.06170646169581433,2013205305.3852105,0.0,0,0.0,0.0,0.0,0.0,1413,5,0.4331564505113528,0.43970537759522677,0.5106020361408962,0.3423092155450862,500.1818181818182,0.29
scenario_0035,gate_ship,1,2.265276504833988,3.382796350450585,25,159,23,197.80690104659848,0.1964605435693343,48.00457165915188,0.2570543839346581,293.15181005913325,600,60,2.022646403749046,0.1738090208333911,2.8993324651147914,0.03371265726196636,0.7973932177017696,2.0199138571330817,0.8261909791666089,reactive_gate,1016,804,5,0.006180469715698393,0.02074688796680498,804,211.40614138697936,2414.2370149638637,79.59175400648752,600.0000000000005,0,526,6,0,0,0.0025079984422474626,0.1699473613714048,2045027791.5383682,0.0,0,0.0,0.0,0.0,0.0,1447,158,0.45268274289208255,0.456102330941472,0.5201378231831132,0.3754177157634385,438.54545454545456,0.31
scenario_0035,gate_ship,2,2.265276504833988,3.382796350450585,25,159,23,197.80690104659848,0.1964605435693343,48.00457165915188,0.2570543839346581,293.15181005913325,600,60,2.022646403749046,0.1738090208333911,2.8993324651147914,0.03371265726196636,0.7973932177017696,2.0199138571330817,0.8261909791666089,reactive_gate,952,848,0,0.0,0.0,848,210.74132992084628,1551.5958968451878,82.75632186313072,600.0,0,68,4,0,0,0.0012169602627401948,0.08088583264564098,1302820694.2892537,0.0,0,0.0,0.0,0.0,0.0,1221,176,0.6131648480074245,0.6131648480074245,0.45716043813519813,0.35884706756032736,462.54545454545456,0.26
scenario_0035,gate_ship,3,2.265276504833988,3.382796350450585,25,159,23,197.80690104659848,0.1964605435693343,48.00457165915188,0.2570543839346581,293.15181005913325,600,60,2.022646403749046,0.1738090208333911,2.8993324651147914,0.03371265726196636,0.7973932177017696,2.0199138571330817,0.8261909791666089,reactive_gate,800,739,4,0.005383580080753701,0.022222222222222223,739,171.0781841822909,1145.0041523375721,71.8987291042986,600.0,0,35,2,0,0,0.0011066663956052442,0.1797604741080906,1986597031.159814,0.0,0,0.0,0.0,0.0,0.0,1044,199,0.7240877709553937,0.7319968806078447,0.3988278255244756,0.33770758642449106,403.0909090909091,0.21
scenario_0035,gate_ship,4,2.265276504833988,3.382796350450585,25,159,23,197.80690104659848,0.1964605435693343,48.00457165915188,0.2570543839346581,293.15181005913325,600,60,2.022646403749046,0.1738090208333911,2.8993324651147914,0.03371265726196636,0.7973932177017696,2.0199138571330817,0.8261909791666089,reactive_gate,1018,890,3,0.0033594624860022394,0.014018691588785047,890,138.650784562509,1694.4693575602807,37.396383195654835,600.0000000000005,0,162,2,0,0,0.0007653579702953282,0.12426332627299802,2241644285.07992,0.0,0,0.0,0.0,0.0,0.0,1249,239,0.5966633763019054,0.6011454728510163,0.46536393875161874,0.36039310768835936,485.4545454545455,0.26
scenario_0035,gate_ship,5,2.265276504833988,3.382796350450585,25,159,23,197.80690104659848,0.1964605435693343,48.00457165915188,0.2570543839346581,293.15181005913325,600,60,2.022646403749046,0.1738090208333911,2.8993324651147914,0.03371265726196636,0.7973932177017696,2.0199138571330817,0.8261909791666089,reactive_gate,1096,932,6,0.006396588486140725,0.026737967914438502,932,325.52172909820683,1984.9292023881962,103.7380863643886,600.0000000000005,0,348,5,0,0,0.004286144234953282,0.04424080019596147,696958158.0712119,0.0,0,0.0,0.0,0.0,0.0,1401,54,0.4784607149556223,0.4833610506052959,0.5625996813908315,0.3661313037354717,508.3636363636364,0.34
scenario_0035,lease,1,2.265276504833988,3.382796350450585,25,159,23,197.80690104659848,0.1964605435693343,48.00457165915188,0.2570543839346581,293.15181005913325,600,60,2.022646403749046,0.1738090208333911,2.8993324651147914,0.03371265726196636,0.7973932177017696,2.0199138571330817,0.8261909791666089,lease,1006,796,8,0.009950248756218905,0.03278688524590164,796,247.7832618701127,2645.9393827678796,65.39551853035884,600.0000000000005,0,532,5,0,0,0.0036442426534245603,0.1614008021510603,2247809907.9792967,3894.014618225424,19,8596.057270647743,6332.480695859754,915600.0,32742.802477382604,1430,100,0.45104923337527447,0.4552220410891884,0.5103348077285678,0.36959907630571653,434.1818181818182,0.55
scenario_0035,lease,2,2.265276504833988,3.382796350450585,25,159,23,197.80690104659848,0.1964605435693343,48.00457165915188,0.2570543839346581,293.15181005913325,600,60,2.022646403749046,0.1738090208333911,2.8993324651147914,0.03371265726196636,0.7973932177017696,2.0199138571330817,0.8261909791666089,lease,935,827,0,0.0,0.0,827,226.86912528780158,1776.9093997076916,64.7649912963328,600.0,0,92,3,0,0,0.0016465662871897459,0.08481465786140785,1217909516.6319053,5193.660027580527,39,5693.634015467804,4619.061680890773,721200.0,15650.109080176666,1209,127,0.5764909790478044,0.5764909790478044,0.4499967095467496,0.3400527306905028,451.0909090909091,0.46
scenario_0035,lease,3,2.265276504833988,3.382796350450585,25,159,23,197.80690104659848,0.1964605435693343,48.00457165915188,0.2570543839346581,293.15181005913325,600,60,2.022646403749046,0.1738090208333911,2.8993324651147914,0.03371265726196636,0.7973932177017696,2.0199138571330817,0.8261909791666089,lease,794,729,4,0.005457025920873124,0.0223463687150838,729,193.46950792156213,1209.3286147164865,59.81670344188973,600.0,0,37,1,0,0,0.0014431239104007061,0.18367873049119646,2069023854.636232,7903.494578320768,34,6475.306241217165,3754.899062306148,604800.0,5698.606027486519,1023,166,0.7067375360995026,0.7144036503096846,0.3925144886894587,0.32858335906626657,397.6363636363636,0.41
scenario_0035,lease,4,2.265276504833988,3.382796350450585,25,159,23,197.80690104659848,0.1964605435693343,48.00457165915188,0.2570543839346581,293.15181005913325,600,60,2.022646403749046,0.1738090208333911,2.8993324651147914,0.03371265726196636,0.7973932177017696,2.0199138571330817,0.8261909791666089,lease,1008,877,4,0.004540295119182747,0.018518518518518517,877,137.3078601396296,1901.6981463883126,35.600909702532206,600.0000000000005,0,213,2,0,0,0.0011232890946515249,0.13075109312930197,2258969671.1626453,7289.336594698977,47,7158.454505519066,5299.738239786758,760200.0,17757.038473608263,1252,165,0.5831899613363758,0.5885601455440262,0.46219389548562556,0.3389414571277004,478.3636363636364,0.48
scenario_0035,lease,5,2.265276504833988,3.382796350450585,25,159,23,197.80690104659848,0.1964605435693343,48.00457165915188,0.2570543839346581,293.15181005913325,600,60,2.022646403749046,0.1738090208333911,2.8993324651147914,0.03371265726196636,0.7973932177017696,2.0199138571330817,0.8261909791666089,lease,1090,942,4,0.004228329809725159,0.02072538860103627,942,341.0717037324557,2058.815865914632,90.04787931466569,600.0000000000005,0,407,5,0,0,0.0024298823257719376,0.04833456015882528,928326568.1337253,717.1247853902447,7,8566.011433263011,7468.23560310254,909000.0,29563.827316699237,1394,36,0.4651147913433322,0.4681481255809872,0.5536191730691531,0.33142071470230766,513.8181818181819,0.62
scenario_0035,clairvoyant,1,2.265276504833988,3.382796350450585,25,159,23,197.80690104659848,0.1964605435693343,48.00457165915188,0.2570543839346581,293.15181005913325,600,60,2.022646403749046,0.1738090208333911,2.8993324651147914,0.03371265726196636,0.7973932177017696,2.0199138571330817,0.8261909791666089,clairvoyant,1063,880,16,0.017857142857142856,0.05755395683453238,880,92.1691835455581,2490.8758298366865,63.3709981696353,600.0000000000005,0,493,10,0,0,0.01064725347790053,0.1647890034043788,1133405889.631214,131.47201624368805,65,0.0,0.0,0.0,0.0,1533,127,0.5765855233851811,0.5898491013490508,0.528847016928257,0.36218415107226853,480.0,0.31
scenario_0035,clairvoyant,2,2.265276504833988,3.382796350450585,25,159,23,197.80690104659848,0.1964605435693343,48.00457165915188,0.2570543839346581,293.15181005913325,600,60,2.022646403749046,0.1738090208333911,2.8993324651147914,0.03371265726196636,0.7973932177017696,2.0199138571330817,0.8261909791666089,clairvoyant,964,866,4,0.004597701149425287,0.020202020202020204,866,99.15525708549296,1890.9003990290446,71.84413455130863,600.0,0,173,1,0,0,0.0014362012629297318,0.10168149651337564,873916989.8534052,184.06082274116324,91,0.0,0.0,0.0,0.0,1260,144,0.6874150752371744,0.6901056027033772,0.46334798434602437,0.3267809488566456,472.3636363636364,0.26
scenario_0035,clairvoyant,3,2.265276504833988,3.382796350450585,25,159,23,197.80690104659848,0.1964605435693343,48.00457165915188,0.2570543839346581,293.15181005913325,600,60,2.022646403749046,0.1738090208333911,2.8993324651147914,0.03371265726196636,0.7973932177017696,2.0199138571330817,0.8261909791666089,clairvoyant,824,779,5,0.006377551020408163,0.026595744680851064,779,83.78155040618412,1441.9481501878524,73.03384030431982,600.0000000000005,0,68,2,0,0,0.0010536486622089187,0.1852028817122145,1203761298.881371,194.17405475991134,96,0.0,0.0,0.0,0.0,1082,183,0.815366305789658,0.8271336434483056,0.4030138503392903,0.3248635282368424,424.90909090909093,0.21
scenario_0035,clairvoyant,4,2.265276504833988,3.382796350450585,25,159,23,197.80690104659848,0.1964605435693343,48.00457165915188,0.2570543839346581,293.15181005913325,600,60,2.022646403749046,0.1738090208333911,2.8993324651147914,0.03371265726196636,0.7973932177017696,2.0199138571330817,0.8261909791666089,clairvoyant,1024,906,10,0.010917030567685589,0.04504504504504504,906,64.42752929545736,1819.1777926483664,46.11858870393529,600.0000000000005,0,290,1,0,0,0.0038083623761533156,0.1403025058650335,924410138.643278,289.2384357361136,143,0.0,0.0,0.0,0.0,1357,201,0.6727032335041926,0.6856025395180605,0.4642856330199431,0.3474276506690552,494.1818181818182,0.26
scenario_0035,clairvoyant,5,2.265276504833988,3.382796350450585,25,159,23,197.80690104659848,0.1964605435693343,48.00457165915188,0.2570543839346581,293.15181005913325,600,60,2.022646403749046,0.1738090208333911,2.8993324651147914,0.03371265726196636,0.7973932177017696,2.0199138571330817,0.8261909791666089,clairvoyant,1124,971,13,0.013211382113821139,0.04950495049504951,971,90.15634090570256,2826.657622560158,132.38745339338521,600.0000000000005,0,498,8,0,0,0.010964247909736121,0.09732230952493524,488690285.3997383,60.679392112471305,30,0.0,0.0,0.0,0.0,1495,32,0.5865613266709083,0.597225804648402,0.5486346895493396,0.3104592531266109,529.6363636363636,0.34
scenario_0035,gate_srpt,1,2.265276504833988,3.382796350450585,25,159,23,197.80690104659848,0.1964605435693343,48.00457165915188,0.2570543839346581,293.15181005913325,600,60,2.022646403749046,0.1738090208333911,2.8993324651147914,0.03371265726196636,0.7973932177017696,2.0199138571330817,0.8261909791666089,reactive_gate,1030,828,9,0.010752688172043012,0.03488372093023256,828,231.44934209533517,2451.4475724626436,50.73511377704169,600.0000000000005,0,379,3,0,0,0.0024452775172487556,0.15471643874242924,2007408142.0202005,0.0,0,0.0,0.0,0.0,0.0,1409,152,0.4781994386424666,0.4843816646580763,0.5223822670525771,0.3901678659111384,451.6363636363637,0.3
scenario_0035,gate_srpt,2,2.265276504833988,3.382796350450585,25,159,23,197.80690104659848,0.1964605435693343,48.00457165915188,0.2570543839346581,293.15181005913325,600,60,2.022646403749046,0.1738090208333911,2.8993324651147914,0.03371265726196636,0.7973932177017696,2.0199138571330817,0.8261909791666089,reactive_gate,962,860,0,0.0,0.0,860,214.48215913790386,1646.6475249305483,54.1942007534406,600.0,0,71,1,0,0,0.0007075162598912544,0.09803205449992822,1275068418.7612479,0.0,0,0.0,0.0,0.0,0.0,1228,184,0.6195287459610127,0.6195287459610127,0.4557401585262885,0.3729451745429981,469.0909090909091,0.25
scenario_0035,gate_srpt,3,2.265276504833988,3.382796350450585,25,159,23,197.80690104659848,0.1964605435693343,48.00457165915188,0.2570543839346581,293.15181005913325,600,60,2.022646403749046,0.1738090208333911,2.8993324651147914,0.03371265726196636,0.7973932177017696,2.0199138571330817,0.8261909791666089,reactive_gate,806,742,4,0.005361930294906166,0.02197802197802198,742,161.5345580958396,1173.9390436182116,79.43882948604374,600.0,0,33,6,0,0,0.0027295757597471087,0.17722792086782305,2021658994.8925784,0.0,0,0.0,0.0,0.0,0.0,1050,208,0.7398191064586227,0.7479457026887463,0.3993187604506605,0.3443400753967103,404.72727272727275,0.21
scenario_0035,gate_srpt,4,2.265276504833988,3.382796350450585,25,159,23,197.80690104659848,0.1964605435693343,48.00457165915188,0.2570543839346581,293.15181005913325,600,60,2.022646403749046,0.1738090208333911,2.8993324651147914,0.03371265726196636,0.7973932177017696,2.0199138571330817,0.8261909791666089,reactive_gate,1006,885,5,0.0056179775280898875,0.0228310502283105,885,138.80991133812722,1867.3999845040182,55.437468951187356,600.0000000000005,0,179,2,0,0,0.001574882894282464,0.12701103062287059,2010501752.561523,0.0,0,0.0,0.0,0.0,0.0,1225,238,0.598204904034036,0.605238227642122,0.465121190963481,0.3513342109477144,482.72727272727275,0.25
scenario_0035,gate_srpt,5,2.265276504833988,3.382796350450585,25,159,23,197.80690104659848,0.1964605435693343,48.00457165915188,0.2570543839346581,293.15181005913325,600,60,2.022646403749046,0.1738090208333911,2.8993324651147914,0.03371265726196636,0.7973932177017696,2.0199138571330817,0.8261909791666089,reactive_gate,1087,937,7,0.007415254237288136,0.03015075376884422,937,336.40067779551555,2259.7789863492935,109.4611986671814,600.0000000000005,0,292,3,0,0,0.003825116008810563,0.058832309870364315,769831433.7542377,0.0,0,0.0,0.0,0.0,0.0,1398,75,0.4846914506267624,0.49093172916957967,0.5607489886635587,0.3605157418752424,511.0909090909091,0.32
scenario_0036,gate_sampled,1,2.2536565024065984,4.78767837806007,27,172,8,63.74677028148028,0.3543105672350386,48.6734235126112,0.3954301295907109,67.68055741805779,300,60,8.30404495362464,0.3381543875850856,1.798085765101371,0.06645849251746529,1.4923241948816794,1.842624725906901,0.6618456124149144,reactive_gate,595,352,153,0.30297029702970296,0.5212765957446809,352,75.4232091118584,3060.1445733672786,0.0,300.00000000000045,0,1583,0,0,0,0.23027846162995924,0.6661384753508373,9469610314.793648,0.0,0,0.0,0.0,0.0,0.0,619,3,0.24119126529645435,0.3758153693240287,0.17761835714217197,0.1904318381725254,192.0,0.17
scenario_0036,gate_sampled,2,2.2536565024065984,4.78767837806007,27,172,8,63.74677028148028,0.3543105672350386,48.6734235126112,0.3954301295907109,67.68055741805779,300,60,8.30404495362464,0.3381543875850856,1.798085765101371,0.06645849251746529,1.4923241948816794,1.842624725906901,0.6618456124149144,reactive_gate,743,428,191,0.308562197092084,0.5867507886435331,428,70.66337367778812,2776.771734981254,0.0,300.00000000000045,0,1721,0,0,0,0.22454011423102385,0.5572778566830016,8915673687.750996,0.0,0,0.0,0.0,0.0,0.0,588,6,0.24028029648508603,0.3725593345013508,0.18684563990090844,0.27935795241934347,233.45454545454547,0.22
scenario_0036,gate_sampled,3,2.2536565024065984,4.78767837806007,27,172,8,63.74677028148028,0.3543105672350386,48.6734235126112,0.3954301295907109,67.68055741805779,300,60,8.30404495362464,0.3381543875850856,1.798085765101371,0.06645849251746529,1.4923241948816794,1.842624725906901,0.6618456124149144,reactive_gate,716,369,198,0.3492063492063492,0.6445993031358885,369,39.41267970658828,2746.7670018511976,0.0,300.00000000000045,0,1920,0,0,0,0.2994012875537864,0.6888169567119742,9917044635.248857,0.0,0,0.0,0.0,0.0,0.0,637,0,0.18957749688043746,0.3027465339933583,0.1701485480853166,0.21470014308748878,201.27272727272728,0.21
scenario_0036,gate_sampled,4,2.2536565024065984,4.78767837806007,27,172,8,63.74677028148028,0.3543105672350386,48.6734235126112,0.3954301295907109,67.68055741805779,300,60,8.30404495362464,0.3381543875850856,1.798085765101371,0.06645849251746529,1.4923241948816794,1.842624725906901,0.6618456124149144,reactive_gate,649,384,159,0.292817679558011,0.564748201438849,384,55.04855214122426,2430.2512308829346,0.0,300.00000000000045,0,1507,0,0,0,0.2830044872579311,0.6786012408116111,8182171717.888733,0.0,0,0.0,0.0,0.0,0.0,636,0,0.25047374915248183,0.38483333339792614,0.16779280533252755,0.18241267730123123,209.45454545454547,0.18
scenario_0036,gate_sampled,5,2.2536565024065984,4.78767837806007,27,172,8,63.74677028148028,0.3543105672350386,48.6734235126112,0.3954301295907109,67.68055741805779,300,60,8.30404495362464,0.3381543875850856,1.798085765101371,0.06645849251746529,1.4923241948816794,1.842624725906901,0.6618456124149144,reactive_gate,667,427,141,0.2482394366197183,0.5405405405405406,427,75.48393762611795,2771.6353194626636,0.0,300.00000000000045,0,1532,0,0,0,0.21451336431651574,0.29941238759225375,9363002669.264187,0.0,0,0.0,0.0,0.0,0.0,662,0,0.2428653731615225,0.35361638635239573,0.18780797657006917,0.31795618240157164,232.9090909090909,0.2
scenario_0036,gate_ship,1,2.2536565024065984,4.78767837806007,27,172,8,63.74677028148028,0.3543105672350386,48.6734235126112,0.3954301295907109,67.68055741805779,300,60,8.30404495362464,0.3381543875850856,1.798085765101371,0.06645849251746529,1.4923241948816794,1.842624725906901,0.6618456124149144,reactive_gate,592,356,146,0.2908366533864542,0.5054545454545455,356,91.39234491154122,2891.036907676881,0.0,300.00000000000045,0,1539,0,0,0,0.2673808491519581,0.6610613790798043,9462376976.269358,0.0,0,0.0,0.0,0.0,0.0,602,8,0.24526279515807137,0.3674118062755734,0.1613189004263912,0.22542453676038005,194.1818181818182,0.17
scenario_0036,gate_ship,2,2.2536565024065984,4.78767837806007,27,172,8,63.74677028148028,0.3543105672350386,48.6734235126112,0.3954301295907109,67.68055741805779,300,60,8.30404495362464,0.3381543875850856,1.798085765101371,0.06645849251746529,1.4923241948816794,1.842624725906901,0.6618456124149144,reactive_gate,732,434,171,0.28264462809917357,0.5419354838709678,434,129.07732342733414,2882.31297578086,0.0,300.00000000000045,0,1737,0,0,0,0.23545896465745922,0.5453972847658621,9046464183.635098,0.0,0,0.0,0.0,0.0,0.0,656,12,0.2556074295768164,0.3659161345147375,0.1934236737340163,0.33906359992370433,236.72727272727275,0.21
scenario_0036,gate_ship,3,2.2536565024065984,4.78767837806007,27,172,8,63.74677028148028,0.3543105672350386,48.6734235126112,0.3954301295907109,67.68055741805779,300,60,8.30404495362464,0.3381543875850856,1.798085765101371,0.06645849251746529,1.4923241948816794,1.842624725906901,0.6618456124149144,reactive_gate,705,378,181,0.32379248658318427,0.5754385964912281,378,66.83364473789652,2951.4353201656377,0.0,300.00000000000045,0,1918,0,0,0,0.2739682654598291,0.6679915577029456,10246143418.74567,0.0,0,0.0,0.0,0.0,0.0,638,0,0.19069937041413493,0.29075154060137365,0.1655942898620584,0.2654192038801036,206.1818181818182,0.22
scenario_0036,gate_ship,4,2.2536565024065984,4.78767837806007,27,172,8,63.74677028148028,0.3543105672350386,48.6734235126112,0.3954301295907109,67.68055741805779,300,60,8.30404495362464,0.3381543875850856,1.798085765101371,0.06645849251746529,1.4923241948816794,1.842624725906901,0.6618456124149144,reactive_gate,665,415,140,0.25225225225225223,0.49640287769784175,415,71.4736784991137,2583.167354100613,0.0,300.00000000000045,0,1552,0,0,0,0.27607016965199865,0.5820757152925312,8224485422.776109,0.0,0,0.0,0.0,0.0,0.0,657,2,0.2663586669843042,0.3778098560576614,0.17156334166450835,0.27833362250024074,226.36363636363637,0.19
scenario_0036,gate_ship,5,2.2536565024065984,4.78767837806007,27,172,8,63.74677028148028,0.3543105672350386,48.6734235126112,0.3954301295907109,67.68055741805779,300,60,8.30404495362464,0.3381543875850856,1.798085765101371,0.06645849251746529,1.4923241948816794,1.842624725906901,0.6618456124149144,reactive_gate,652,417,129,0.23626373626373626,0.4811320754716981,417,563.5755356085605,2807.692992115736,0.0,300.00000000000045,0,1634,0,0,0,0.21148116354815283,0.3595423391920877,9952095569.06047,0.0,0,0.0,0.0,0.0,0.0,721,0,0.24350442542904105,0.33720201474749534,0.19478144162661756,0.41182668875363276,227.45454545454547,0.21
scenario_0036,lease,1,2.2536565024065984,4.78767837806007,27,172,8,63.74677028148028,0.3543105672350386,48.6734235126112,0.3954301295907109,67.68055741805779,300,60,8.30404495362464,0.3381543875850856,1.798085765101371,0.06645849251746529,1.4923241948816794,1.842624725906901,0.6618456124149144,lease,590,351,147,0.29518072289156627,0.5090252707581228,351,79.82994184529082,2839.431520071057,0.0,300.00000000000045,0,1573,0,0,0,0.2474996766095148,0.6450252975889685,8584324502.545757,601.0424132162602,3,2529.8780802114134,2324.2939449626374,508800.0,29577.624097605716,619,4,0.2495289574215986,0.3770184429503576,0.17134021870413538,0.22125343917650414,191.45454545454547,0.28
scenario_0036,lease,2,2.2536565024065984,4.78767837806007,27,172,8,63.74677028148028,0.3543105672350386,48.6734235126112,0.3954301295907109,67.68055741805779,300,60,8.30404495362464,0.3381543875850856,1.798085765101371,0.06645849251746529,1.4923241948816794,1.842624725906901,0.6618456124149144,lease,731,416,181,0.30318257956448913,0.5774193548387097,416,102.73366533442004,2780.910895323504,0.0,300.00000000000045,0,1739,0,0,0,0.18563395137306304,0.534064458654601,8285380595.257634,264.6109314062926,3,2686.61980745268,2505.212410011684,526200.0,37989.61224432878,671,7,0.25145866790006827,0.3744591205141502,0.20190957843870805,0.31135835671313083,226.9090909090909,0.34
scenario_0036,lease,3,2.2536565024065984,4.78767837806007,27,172,8,63.74677028148028,0.3543105672350386,48.6734235126112,0.3954301295907109,67.68055741805779,300,60,8.30404495362464,0.3381543875850856,1.798085765101371,0.06645849251746529,1.4923241948816794,1.842624725906901,0.6618456124149144,lease,709,370,185,0.3333333333333333,0.6028368794326241,370,66.83364473789652,2832.399238843809,0.0,300.00000000000045,0,1955,0,0,0,0.24499438417060415,0.6092545787741984,10006496661.712082,0.0,0,2964.659246724027,2943.1840151938477,515400.0,32233.73036355129,651,0,0.18740920395870023,0.28435988857371963,0.1723983739244295,0.2918235726491629,201.8181818181818,0.35
scenario_0036,lease,4,2.2536565024065984,4.78767837806007,27,172,8,63.74677028148028,0.3543105672350386,48.6734235126112,0.3954301295907109,67.68055741805779,300,60,8.30404495362464,0.3381543875850856,1.798085765101371,0.06645849251746529,1.4923241948816794,1.842624725906901,0.6618456124149144,lease,663,404,142,0.2600732600732601,0.5222222222222223,404,74.84632457868247,2681.5467775574107,0.0,300.00000000000045,0,1556,0,0,0,0.2002914988402798,0.581542566699771,8292329929.71955,0.0,0,3243.395293989549,2882.3061980395214,497400.0,31467.840550497305,658,0,0.262713308371898,0.38008644277478426,0.17025898288439956,0.27484925428358836,220.36363636363637,0.3
scenario_0036,lease,5,2.2536565024065984,4.78767837806007,27,172,8,63.74677028148028,0.3543105672350386,48.6734235126112,0.3954301295907109,67.68055741805779,300,60,8.30404495362464,0.3381543875850856,1.798085765101371,0.06645849251746529,1.4923241948816794,1.842624725906901,0.6618456124149144,lease,621,351,161,0.314453125,0.6188340807174888,351,100.92547093370217,2783.8665902235102,0.0,300.00000000000045,0,1767,0,0,0,0.22754340990004313,0.5299930724318663,10046111707.429962,0.0,0,2379.9059130451315,2314.029135306682,486600.0,31045.999161509804,708,0,0.20768519764198615,0.3242859210043174,0.18522618161194088,0.2932121625070496,191.45454545454547,0.32
scenario_0036,clairvoyant,1,2.2536565024065984,4.78767837806007,27,172,8,63.74677028148028,0.3543105672350386,48.6734235126112,0.3954301295907109,67.68055741805779,300,60,8.30404495362464,0.3381543875850856,1.798085765101371,0.06645849251746529,1.4923241948816794,1.842624725906901,0.6618456124149144,clairvoyant,614,379,152,0.2862523540489642,0.5070422535211268,379,74.61616390632037,2843.588696593175,0.0,300.00000000000045,0,1491,0,0,0,0.28962826256545293,0.6388433164291641,8568779296.674841,83.04044953624637,10,0.0,0.0,0.0,0.0,631,6,0.2714515662240794,0.4103993824572866,0.17192461068184217,0.24291074171326751,206.72727272727275,0.17
scenario_0036,clairvoyant,2,2.2536565024065984,4.78767837806007,27,172,8,63.74677028148028,0.3543105672350386,48.6734235126112,0.3954301295907109,67.68055741805779,300,60,8.30404495362464,0.3381543875850856,1.798085765101371,0.06645849251746529,1.4923241948816794,1.842624725906901,0.6618456124149144,clairvoyant,736,423,198,0.3188405797101449,0.5962732919254659,423,70.29057788399405,2760.048019447291,0.0,300.00000000000045,0,1737,0,0,0,0.3537060878109448,0.6784056574245094,8426518426.22428,58.12831467537228,7,0.0,0.0,0.0,0.0,681,7,0.27439853050890334,0.4317055921321962,0.17995392175794028,0.2446796751682049,230.72727272727275,0.2
scenario_0036,clairvoyant,3,2.2536565024065984,4.78767837806007,27,172,8,63.74677028148028,0.3543105672350386,48.6734235126112,0.3954301295907109,67.68055741805779,300,60,8.30404495362464,0.3381543875850856,1.798085765101371,0.06645849251746529,1.4923241948816794,1.842624725906901,0.6618456124149144,clairvoyant,772,446,181,0.2886762360446571,0.5923344947735192,446,40.2293685835042,2709.582061554365,0.0,300.00000000000045,0,1764,0,0,0,0.32491130936582463,0.5975051487495134,9744610447.61606,16.60808990724928,2,0.0,0.0,0.0,0.0,727,0,0.2426126291721969,0.36273338704363317,0.18200670863909754,0.2790526195630658,243.27272727272728,0.21
scenario_0036,clairvoyant,4,2.2536565024065984,4.78767837806007,27,172,8,63.74677028148028,0.3543105672350386,48.6734235126112,0.3954301295907109,67.68055741805779,300,60,8.30404495362464,0.3381543875850856,1.798085765101371,0.06645849251746529,1.4923241948816794,1.842624725906901,0.6618456124149144,clairvoyant,717,477,139,0.22564935064935066,0.48928571428571427,477,47.80122878926977,1914.4357230667524,0.0,300.00000000000045,0,1346,0,0,0,0.24253733660232363,0.6126647776686124,7967566185.944118,24.912134860874062,3,0.0,0.0,0.0,0.0,704,1,0.3354753476164707,0.48166482051139275,0.1816869080668988,0.24379190181762583,260.1818181818182,0.17
scenario_0036,clairvoyant,5,2.2536565024065984,4.78767837806007,27,172,8,63.74677028148028,0.3543105672350386,48.6734235126112,0.3954301295907109,67.68055741805779,300,60,8.30404495362464,0.3381543875850856,1.798085765101371,0.06645849251746529,1.4923241948816794,1.842624725906901,0.6618456124149144,clairvoyant,683,451,148,0.24707846410684475,0.5411255411255411,451,67.82737863247849,2583.7511944149837,0.0,300.00000000000045,0,1388,0,0,0,0.24485873804458283,0.48692315645996886,8526560105.118234,8.304044953624668,1,0.0,0.0,0.0,0.0,795,0,0.32853966807835994,0.4839203892047849,0.20992535566251308,0.32031967304999204,246.0,0.18
scenario_0036,gate_srpt,1,2.2536565024065984,4.78767837806007,27,172,8,63.74677028148028,0.3543105672350386,48.6734235126112,0.3954301295907109,67.68055741805779,300,60,8.30404495362464,0.3381543875850856,1.798085765101371,0.06645849251746529,1.4923241948816794,1.842624725906901,0.6618456124149144,reactive_gate,621,393,137,0.25849056603773585,0.4729241877256318,393,124.23844658119674,2894.9356404040986,0.0,300.00000000000045,0,1454,0,0,0,0.18971325400162747,0.6561681113397848,9341048309.708368,0.0,0,0.0,0.0,0.0,0.0,647,8,0.26039396401275566,0.3752025187967439,0.17897088554586704,0.20775952396047986,214.36363636363637,0.19
scenario_0036,gate_srpt,2,2.2536565024065984,4.78767837806007,27,172,8,63.74677028148028,0.3543105672350386,48.6734235126112,0.3954301295907109,67.68055741805779,300,60,8.30404495362464,0.3381543875850856,1.798085765101371,0.06645849251746529,1.4923241948816794,1.842624725906901,0.6618456124149144,reactive_gate,742,428,185,0.30179445350734097,0.5796178343949044,428,120.51371211856303,2750.321175166451,0.0,300.00000000000045,0,1686,0,0,0,0.2378161597446974,0.48745342911069467,8824423285.078625,0.0,0,0.0,0.0,0.0,0.0,659,12,0.2566041645549668,0.3832869213298353,0.1972729731311213,0.3571981327444157,233.45454545454547,0.22
scenario_0036,gate_srpt,3,2.2536565024065984,4.78767837806007,27,172,8,63.74677028148028,0.3543105672350386,48.6734235126112,0.3954301295907109,67.68055741805779,300,60,8.30404495362464,0.3381543875850856,1.798085765101371,0.06645849251746529,1.4923241948816794,1.842624725906901,0.6618456124149144,reactive_gate,722,392,183,0.3182608695652174,0.5979020979020979,392,73.11523502838918,3636.569670635294,0.0,300.00000000000045,0,1834,0,0,0,0.24893550217468505,0.6537327094561242,10075200722.8668,0.0,0,0.0,0.0,0.0,0.0,569,0,0.20040378328366726,0.3123696294563468,0.16823407442420407,0.25372085049199766,213.8181818181818,0.22
scenario_0036,gate_srpt,4,2.2536565024065984,4.78767837806007,27,172,8,63.74677028148028,0.3543105672350386,48.6734235126112,0.3954301295907109,67.68055741805779,300,60,8.30404495362464,0.3381543875850856,1.798085765101371,0.06645849251746529,1.4923241948816794,1.842624725906901,0.6618456124149144,reactive_gate,706,456,139,0.23361344537815126,0.49818181818181817,456,89.89153106858794,2019.0961585801188,0.0,300.00000000000045,0,1359,0,0,0,0.22643510373587267,0.5453837648470868,8407401984.051786,0.0,0,0.0,0.0,0.0,0.0,679,2,0.2865736852639548,0.3995192107703622,0.18753234029516438,0.29357606831190863,248.72727272727275,0.2
scenario_0036,gate_srpt,5,2.2536565024065984,4.78767837806007,27,172,8,63.74677028148028,0.3543105672350386,48.6734235126112,0.3954301295907109,67.68055741805779,300,60,8.30404495362464,0.3381543875850856,1.798085765101371,0.06645849251746529,1.4923241948816794,1.842624725906901,0.6618456124149144,reactive_gate,599,337,158,0.3191919191919192,0.5990990990990991,337,56.13976273971002,2768.506458049299,0.0,300.00000000000045,0,1618,0,0,0,0.2450903260635772,0.5862497117256307,10122828347.22145,0.0,0,0.0,0.0,0.0,0.0,650,0,0.2103200999552097,0.33658046850886253,0.15766056926578223,0.2771356112493111,183.8181818181818,0.18
scenario_0037,gate_sampled,1,0.748226556531227,2.5790773697020426,21,102,8,196.4766140412025,0.05711247719651449,39.83120727659807,0.04177454121385715,272.2824506393762,900,300,14.264738782231815,0.05879363067121424,0.6656840921362635,0.8225091384483517,1.47770690604644,1.6177638528987177,0.9412063693287858,reactive_gate,243,181,4,0.021621621621621623,0.08,181,59.02645346335521,3196.546860675541,0.0,900.0,0,167,0,0,0,0.01362244960559611,0.4112959728225484,3515607993.977764,0.0,0,0.0,0.0,0.0,0.0,78,4,0.4685706184156751,0.4775059476882232,0.14928786760461762,0.2744524554201952,98.72727272727273,0.06
scenario_0037,gate_sampled,2,0.748226556531227,2.5790773697020426,21,102,8,196.4766140412025,0.05711247719651449,39.83120727659807,0.04177454121385715,272.2824506393762,900,300,14.264738782231815,0.05879363067121424,0.6656840921362635,0.8225091384483517,1.47770690604644,1.6177638528987177,0.9412063693287858,reactive_gate,179,114,6,0.05,0.15625,114,114.90287561659841,3092.3149673594057,0.0,900.0,0,183,0,0,0,0.027732871823071527,0.6575947095705328,1928555322.1093676,0.0,0,0.0,0.0,0.0,0.0,80,4,0.3309426405332409,0.3266961034701348,0.12384701830885166,0.14590390884194318,62.18181818181819,0.05
scenario_0037,gate_sampled,3,0.748226556531227,2.5790773697020426,21,102,8,196.4766140412025,0.05711247719651449,39.83120727659807,0.04177454121385715,272.2824506393762,900,300,14.264738782231815,0.05879363067121424,0.6656840921362635,0.8225091384483517,1.47770690604644,1.6177638528987177,0.9412063693287858,reactive_gate,222,165,3,0.017857142857142856,0.07894736842105263,165,62.31404933293652,3626.639402522374,0.0,900.0000000000005,0,116,0,0,0,0.005235720316568121,0.5288765753605092,3472140165.276649,0.0,0,0.0,0.0,0.0,0.0,66,4,0.41481154519797625,0.418533183886511,0.1405185075757576,0.1966696533555659,90.0,0.06
scenario_0037,gate_sampled,4,0.748226556531227,2.5790773697020426,21,102,8,196.4766140412025,0.05711247719651449,39.83120727659807,0.04177454121385715,272.2824506393762,900,300,14.264738782231815,0.05879363067121424,0.6656840921362635,0.8225091384483517,1.47770690604644,1.6177638528987177,0.9412063693287858,reactive_gate,238,169,9,0.05056179775280899,0.20930232558139536,169,31.157797642010337,2374.7663986636626,0.0,900.0000000000005,0,215,0,0,0,0.017448878479945792,0.6993522181973467,3041080831.506447,0.0,0,0.0,0.0,0.0,0.0,84,7,0.3599021536399559,0.3682918375673006,0.11446821215512884,0.15843551662373984,92.18181818181819,0.06
scenario_0037,gate_sampled,5,0.748226556531227,2.5790773697020426,21,102,8,196.4766140412025,0.05711247719651449,39.83120727659807,0.04177454121385715,272.2824506393762,900,300,14.264738782231815,0.05879363067121424,0.6656840921362635,0.8225091384483517,1.47770690604644,1.6177638528987177,0.9412063693287858,reactive_gate,231,151,6,0.03821656050955414,0.18181818181818182,151,23.638772302027064,4110.999324844903,0.0,900.0000000000005,0,292,0,0,0,0.025935610064265265,0.7907616289779387,3337462157.723167,0.0,0,0.0,0.0,0.0,0.0,82,0,0.2700228361801348,0.2742054759390841,0.10945667184050518,0.12659749056451747,82.36363636363637,0.06
scenario_0037,gate_ship,1,0.748226556531227,2.5790773697020426,21,102,8,196.4766140412025,0.05711247719651449,39.83120727659807,0.04177454121385715,272.2824506393762,900,300,14.264738782231815,0.05879363067121424,0.6656840921362635,0.8225091384483517,1.47770690604644,1.6177638528987177,0.9412063693287858,reactive_gate,249,198,3,0.014925373134328358,0.04838709677419355,198,168.83361838949577,2269.329481930428,0.0,900.0,0,107,0,0,0,0.010214612118768526,0.38379281157017264,4831682048.973906,0.0,0,0.0,0.0,0.0,0.0,88,4,0.556939604411067,0.5643606791352228,0.17441018836718836,0.33406345562246836,108.0,0.07
scenario_0037,gate_ship,2,0.748226556531227,2.5790773697020426,21,102,8,196.4766140412025,0.05711247719651449,39.83120727659807,0.04177454121385715,272.2824506393762,900,300,14.264738782231815,0.05879363067121424,0.6656840921362635,0.8225091384483517,1.47770690604644,1.6177638528987177,0.9412063693287858,reactive_gate,209,158,3,0.018633540372670808,0.047619047619047616,158,180.91670986259396,2229.6756152947432,0.0,900.0000000000005,0,117,0,0,0,0.014420299242244758,0.5365000062248751,3135589892.2232084,0.0,0,0.0,0.0,0.0,0.0,91,5,0.4770553636644807,0.4719439990497028,0.1501001785745119,0.2614434827361367,86.18181818181819,0.06
scenario_0037,gate_ship,3,0.748226556531227,2.5790773697020426,21,102,8,196.4766140412025,0.05711247719651449,39.83120727659807,0.04177454121385715,272.2824506393762,900,300,14.264738782231815,0.05879363067121424,0.6656840921362635,0.8225091384483517,1.47770690604644,1.6177638528987177,0.9412063693287858,reactive_gate,255,216,2,0.009174311926605505,0.038461538461538464,216,103.22859489786538,1827.45108020004,0.0,900.0,0,67,0,0,0,0.047234955077058806,0.4808341085792574,5330527943.358536,0.0,0,0.0,0.0,0.0,0.0,84,7,0.5520238093701957,0.5561919249052795,0.16529810448502114,0.27107210590208586,117.81818181818183,0.07
scenario_0037,gate_ship,4,0.748226556531227,2.5790773697020426,21,102,8,196.4766140412025,0.05711247719651449,39.83120727659807,0.04177454121385715,272.2824506393762,900,300,14.264738782231815,0.05879363067121424,0.6656840921362635,0.8225091384483517,1.47770690604644,1.6177638528987177,0.9412063693287858,reactive_gate,248,188,9,0.04568527918781726,0.17647058823529413,188,30.933025436816024,1549.4546616238022,0.0,900.0000000000005,0,186,0,0,0,0.01643227925009977,0.7528958453560652,3181641115.352761,0.0,0,0.0,0.0,0.0,0.0,81,9,0.438269716486385,0.4472926554150228,0.12208339743898076,0.15681914966815053,102.54545454545455,0.06
scenario_0037,gate_ship,5,0.748226556531227,2.5790773697020426,21,102,8,196.4766140412025,0.05711247719651449,39.83120727659807,0.04177454121385715,272.2824506393762,900,300,14.264738782231815,0.05879363067121424,0.6656840921362635,0.8225091384483517,1.47770690604644,1.6177638528987177,0.9412063693287858,reactive_gate,260,187,4,0.020942408376963352,0.1,187,21.78374327052279,3067.0506084835056,0.0,900.0000000000005,0,231,0,0,0,0.020855072507062047,0.7775122122658394,3792424132.0588756,0.0,0,0.0,0.0,0.0,0.0,83,0,0.32028137505788506,0.3218323483389235,0.11711046497946498,0.1546240866772494,102.0,0.06
scenario_0037,lease,1,0.748226556531227,2.5790773697020426,21,102,8,196.4766140412025,0.05711247719651449,39.83120727659807,0.04177454121385715,272.2824506393762,900,300,14.264738782231815,0.05879363067121424,0.6656840921362635,0.8225091384483517,1.47770690604644,1.6177638528987177,0.9412063693287858,lease,251,199,3,0.01485148514851485,0.04838709677419355,199,168.93859074672673,2122.9931472798385,0.0,900.0,0,105,0,0,0,0.00989403494421347,0.38233564501812434,4820296371.687203,460.5825900047381,3,135.95525123665482,133.18298523338535,238800.0,1663.4350367859483,88,4,0.5581222298404622,0.5660389109421027,0.17502655471997142,0.3362941100123714,108.54545454545455,0.15
scenario_0037,lease,2,0.748226556531227,2.5790773697020426,21,102,8,196.4766140412025,0.05711247719651449,39.83120727659807,0.04177454121385715,272.2824506393762,900,300,14.264738782231815,0.05879363067121424,0.6656840921362635,0.8225091384483517,1.47770690604644,1.6177638528987177,0.9412063693287858,lease,210,159,3,0.018518518518518517,0.047619047619047616,159,183.8339798908196,2450.8209721104713,0.0,900.0000000000005,0,115,0,0,0,0.014761581988179284,0.5427412104952893,3284324750.9700284,115.5533650614525,2,140.85390144894336,120.37629327532704,302400.0,1724.8210646356354,92,4,0.48583086822647265,0.48092859210968625,0.15163288954255622,0.2682808724485541,86.72727272727273,0.13
scenario_0037,lease,3,0.748226556531227,2.5790773697020426,21,102,8,196.4766140412025,0.05711247719651449,39.83120727659807,0.04177454121385715,272.2824506393762,900,300,14.264738782231815,0.05879363067121424,0.6656840921362635,0.8225091384483517,1.47770690604644,1.6177638528987177,0.9412063693287858,lease,254,215,2,0.009216589861751152,0.038461538461538464,215,123.64388098482914,1907.1323553526852,0.0,900.0,0,73,0,0,0,0.025240342840209512,0.483452187635354,4520123088.750602,920.1247835627611,3,238.3071372730484,233.0437835398984,314400.0,1352.1954837967917,83,5,0.5376617771591066,0.541629227409344,0.1624365810177477,0.2678747497293223,117.27272727272728,0.15
scenario_0037,lease,4,0.748226556531227,2.5790773697020426,21,102,8,196.4766140412025,0.05711247719651449,39.83120727659807,0.04177454121385715,272.2824506393762,900,300,14.264738782231815,0.05879363067121424,0.6656840921362635,0.8225091384483517,1.47770690604644,1.6177638528987177,0.9412063693287858,lease,248,188,9,0.04568527918781726,0.17647058823529413,188,30.378866632433756,1559.985425664623,0.0,900.0000000000005,0,185,0,0,0,0.017223333259644542,0.7528958453560652,3633816021.150736,0.0,0,76.05005672448928,26.738222581104765,300000.0,73.61085965010784,81,9,0.4376834765411576,0.44673860539284144,0.1217840900796734,0.1568191496681505,102.54545454545455,0.12
scenario_0037,lease,5,0.748226556531227,2.5790773697020426,21,102,8,196.4766140412025,0.05711247719651449,39.83120727659807,0.04177454121385715,272.2824506393762,900,300,14.264738782231815,0.05879363067121424,0.6656840921362635,0.8225091384483517,1.47770690604644,1.6177638528987177,0.9412063693287858,lease,263,190,4,0.020618556701030927,0.1,190,19.079530646941976,3016.1465342238785,0.0,900.0,0,232,0,0,0,0.02330864983226725,0.775308854328447,4059640412.701414,270.631635255447,1,122.85724535620233,121.12219846288417,304800.0,1864.079135188326,83,0,0.32051940988135313,0.32207388233027984,0.11867237328103994,0.15674480249823175,103.63636363636364,0.13
scenario_0037,clairvoyant,1,0.748226556531227,2.5790773697020426,21,102,8,196.4766140412025,0.05711247719651449,39.83120727659807,0.04177454121385715,272.2824506393762,900,300,14.264738782231815,0.05879363067121424,0.6656840921362635,0.8225091384483517,1.47770690604644,1.6177638528987177,0.9412063693287858,clairvoyant,261,210,4,0.018691588785046728,0.06451612903225806,210,118.77970304535995,2628.660992256897,0.0,900.0,0,130,0,0,0,0.010842112069096202,0.4476888794629804,3574913026.6401944,242.50055929793984,17,0.0,0.0,0.0,0.0,100,5,0.6199282700583713,0.631970673171939,0.18861799519616188,0.28957714643097304,114.54545454545455,0.07
scenario_0037,clairvoyant,2,0.748226556531227,2.5790773697020426,21,102,8,196.4766140412025,0.05711247719651449,39.83120727659807,0.04177454121385715,272.2824506393762,900,300,14.264738782231815,0.05879363067121424,0.6656840921362635,0.8225091384483517,1.47770690604644,1.6177638528987177,0.9412063693287858,clairvoyant,199,148,3,0.019867549668874173,0.045454545454545456,148,179.37618393458115,2291.7259924651353,0.0,900.0000000000005,0,124,0,0,0,0.015641351667338255,0.5504007472850471,3393429328.4792066,114.11791025785465,8,0.0,0.0,0.0,0.0,88,4,0.514934334259724,0.515279023325068,0.14376761686153353,0.2681114779868599,80.72727272727273,0.06
scenario_0037,clairvoyant,3,0.748226556531227,2.5790773697020426,21,102,8,196.4766140412025,0.05711247719651449,39.83120727659807,0.04177454121385715,272.2824506393762,900,300,14.264738782231815,0.05879363067121424,0.6656840921362635,0.8225091384483517,1.47770690604644,1.6177638528987177,0.9412063693287858,clairvoyant,259,217,3,0.013636363636363636,0.061224489795918366,217,67.22440422253749,1649.7999028043405,0.0,900.0000000000005,0,72,0,0,0,0.03737575947803046,0.4666105980693203,2666640293.2449574,328.0889919913309,23,0.0,0.0,0.0,0.0,75,6,0.602487695079962,0.6134561268506942,0.16098719908486578,0.2883721530129792,118.36363636363637,0.06
scenario_0037,clairvoyant,4,0.748226556531227,2.5790773697020426,21,102,8,196.4766140412025,0.05711247719651449,39.83120727659807,0.04177454121385715,272.2824506393762,900,300,14.264738782231815,0.05879363067121424,0.6656840921362635,0.8225091384483517,1.47770690604644,1.6177638528987177,0.9412063693287858,clairvoyant,275,226,9,0.03829787234042553,0.15254237288135594,226,40.08832574019641,2829.132651163196,0.0,900.0,0,168,0,0,0,0.016688753206489593,0.6954767538493056,2895338320.813297,57.05895512892744,4,0.0,0.0,0.0,0.0,86,9,0.5449578261220293,0.5628115459769675,0.14090341006216006,0.18680122249035383,123.27272727272728,0.07
scenario_0037,clairvoyant,5,0.748226556531227,2.5790773697020426,21,102,8,196.4766140412025,0.05711247719651449,39.83120727659807,0.04177454121385715,272.2824506393762,900,300,14.264738782231815,0.05879363067121424,0.6656840921362635,0.8225091384483517,1.47770690604644,1.6177638528987177,0.9412063693287858,clairvoyant,314,251,5,0.01953125,0.10204081632653061,251,24.014446135244725,2432.7144835828403,0.0,900.0,0,208,0,0,0,0.01967317787961466,0.7033764743358824,5947526499.0554905,156.91212660454994,11,0.0,0.0,0.0,0.0,90,0,0.4849723925612413,0.49463522973451113,0.14626872566322568,0.19806482222981475,136.9090909090909,0.07
scenario_0037,gate_srpt,1,0.748226556531227,2.5790773697020426,21,102,8,196.4766140412025,0.05711247719651449,39.83120727659807,0.04177454121385715,272.2824506393762,900,300,14.264738782231815,0.05879363067121424,0.6656840921362635,0.8225091384483517,1.47770690604644,1.6177638528987177,0.9412063693287858,reactive_gate,250,201,3,0.014705882352941176,0.045454545454545456,201,168.93859074672673,1972.394766114735,0.0,900.0000000000005,0,95,0,0,0,0.009834065780546115,0.402544928201321,4789341059.745996,0.0,0,0.0,0.0,0.0,0.0,84,4,0.5641453812496877,0.5701643710743295,0.1740861732310899,0.3320886341040664,109.63636363636364,0.07
scenario_0037,gate_srpt,2,0.748226556531227,2.5790773697020426,21,102,8,196.4766140412025,0.05711247719651449,39.83120727659807,0.04177454121385715,272.2824506393762,900,300,14.264738782231815,0.05879363067121424,0.6656840921362635,0.8225091384483517,1.47770690604644,1.6177638528987177,0.9412063693287858,reactive_gate,210,157,4,0.024844720496894408,0.07317073170731707,157,182.8105271287336,2279.876280790553,0.0,900.0000000000005,0,103,0,0,0,0.015156649207669378,0.5305197799928957,3198110360.8787746,0.0,0,0.0,0.0,0.0,0.0,90,5,0.4811064062223103,0.47991449828508614,0.15182075096816763,0.26769250984391596,85.63636363636364,0.06
scenario_0037,gate_srpt,3,0.748226556531227,2.5790773697020426,21,102,8,196.4766140412025,0.05711247719651449,39.83120727659807,0.04177454121385715,272.2824506393762,900,300,14.264738782231815,0.05879363067121424,0.6656840921362635,0.8225091384483517,1.47770690604644,1.6177638528987177,0.9412063693287858,reactive_gate,254,207,2,0.009569377990430622,0.043478260869565216,207,63.06806348402097,1975.0044095308479,0.0,900.0,0,56,0,0,0,0.038127030020974534,0.47946692423244747,4883225583.727152,0.0,0,0.0,0.0,0.0,0.0,78,7,0.5302551487248862,0.5342200924947479,0.1644904343650177,0.27294454299372445,112.90909090909092,0.07
scenario_0037,gate_srpt,4,0.748226556531227,2.5790773697020426,21,102,8,196.4766140412025,0.05711247719651449,39.83120727659807,0.04177454121385715,272.2824506393762,900,300,14.264738782231815,0.05879363067121424,0.6656840921362635,0.8225091384483517,1.47770690604644,1.6177638528987177,0.9412063693287858,reactive_gate,249,187,9,0.04591836734693878,0.18,187,44.908733359701046,1338.6929863411676,0.0,900.0000000000005,0,177,0,0,0,0.014441743126831654,0.7247963282975557,3752981414.935665,0.0,0,0.0,0.0,0.0,0.0,90,9,0.45674272738912,0.46713018863692646,0.1302010876130043,0.17753978491754321,102.0,0.06
scenario_0037,gate_srpt,5,0.748226556531227,2.5790773697020426,21,102,8,196.4766140412025,0.05711247719651449,39.83120727659807,0.04177454121385715,272.2824506393762,900,300,14.264738782231815,0.05879363067121424,0.6656840921362635,0.8225091384483517,1.47770690604644,1.6177638528987177,0.9412063693287858,reactive_gate,278,207,5,0.02358490566037736,0.11627906976744186,207,22.61548649593624,3627.9558466030358,0.0,900.0,0,200,0,0,0,0.020636743752562803,0.7647266371295912,3829235786.1820955,0.0,0,0.0,0.0,0.0,0.0,73,0,0.3341638272087673,0.33824441049295684,0.1220057621575955,0.16159778776408049,112.90909090909092,0.06
scenario_0038,gate_sampled,1,2.6891860296482455,5.257356811414301,29,159,8,53.38628083305964,0.09154967762754064,80.87067654155166,0.06819540618120672,273.3245608973689,600,60,1.664989313633722,0.17978268606386838,1.1260324807357793,0.4656262867054123,1.3233610564491454,0.5448754154437037,0.8202173139361316,reactive_gate,676,379,56,0.12873563218390804,0.27807486631016043,379,70.98897947040632,5438.2852571634085,0.0,600.0000000000005,0,1346,0,0,0,0.08033577286019519,0.5402762087775631,8542359010.201881,0.0,0,0.0,0.0,0.0,0.0,143,0,0.2524642054717502,0.2831857861224068,0.22290801705606017,0.27503387902044574,206.72727272727275,0.24
scenario_0038,gate_sampled,2,2.6891860296482455,5.257356811414301,29,159,8,53.38628083305964,0.09154967762754064,80.87067654155166,0.06819540618120672,273.3245608973689,600,60,1.664989313633722,0.17978268606386838,1.1260324807357793,0.4656262867054123,1.3233610564491454,0.5448754154437037,0.8202173139361316,reactive_gate,999,518,121,0.18935837245696402,0.4444444444444444,518,20.338523598966503,4836.612205645486,0.0,600.0000000000005,0,2320,0,0,0,0.09799938957125004,0.43686236327600997,8646554709.70334,0.0,0,0.0,0.0,0.0,0.0,148,0,0.20641227219044953,0.24916481639691546,0.2685917224990846,0.29547031693221054,282.54545454545456,0.42
scenario_0038,gate_sampled,3,2.6891860296482455,5.257356811414301,29,159,8,53.38628083305964,0.09154967762754064,80.87067654155166,0.06819540618120672,273.3245608973689,600,60,1.664989313633722,0.17978268606386838,1.1260324807357793,0.4656262867054123,1.3233610564491454,0.5448754154437037,0.8202173139361316,reactive_gate,701,380,65,0.14606741573033707,0.3431952662721893,380,21.180559039721288,4203.016181537703,0.0,600.0000000000005,0,1444,0,0,0,0.060559365105996465,0.4067296096061114,8926284760.094225,0.0,0,0.0,0.0,0.0,0.0,139,0,0.22217083738379753,0.25553531124480333,0.1983487444962445,0.3631586588004199,207.27272727272728,0.25
scenario_0038,gate_sampled,4,2.6891860296482455,5.257356811414301,29,159,8,53.38628083305964,0.09154967762754064,80.87067654155166,0.06819540618120672,273.3245608973689,600,60,1.664989313633722,0.17978268606386838,1.1260324807357793,0.4656262867054123,1.3233610564491454,0.5448754154437037,0.8202173139361316,reactive_gate,1002,554,116,0.17313432835820897,0.4064748201438849,554,15.56539646268675,3941.711986390497,0.0,600.0000000000005,0,2008,0,0,0,0.11975760526524722,0.6038706391850461,9192861084.784052,0.0,0,0.0,0.0,0.0,0.0,150,0,0.22970119154491134,0.27683217366451024,0.22651770918513162,0.2427273483396682,302.1818181818182,0.35
scenario_0038,gate_sampled,5,2.6891860296482455,5.257356811414301,29,159,8,53.38628083305964,0.09154967762754064,80.87067654155166,0.06819540618120672,273.3245608973689,600,60,1.664989313633722,0.17978268606386838,1.1260324807357793,0.4656262867054123,1.3233610564491454,0.5448754154437037,0.8202173139361316,reactive_gate,667,394,56,0.12444444444444444,0.35526315789473684,394,25.874182346692805,4383.912875275537,0.0,600.0000000000005,0,1269,0,0,0,0.07690245398991907,0.6325132596025546,9158316526.18451,0.0,0,0.0,0.0,0.0,0.0,117,0,0.2436660898605163,0.2760960978510794,0.17345312082362085,0.22321200377894515,214.9090909090909,0.21
scenario_0038,gate_ship,1,2.6891860296482455,5.257356811414301,29,159,8,53.38628083305964,0.09154967762754064,80.87067654155166,0.06819540618120672,273.3245608973689,600,60,1.664989313633722,0.17978268606386838,1.1260324807357793,0.4656262867054123,1.3233610564491454,0.5448754154437037,0.8202173139361316,reactive_gate,668,375,43,0.10287081339712918,0.23595505617977527,375,76.2691162077308,5450.38444937838,0.0,600.0000000000005,0,1423,0,0,0,0.04106686498324017,0.572765213145375,9081974556.641462,0.0,0,0.0,0.0,0.0,0.0,131,2,0.24447083352024837,0.2671789825957224,0.21716872431655193,0.2864423806615229,204.54545454545456,0.22
scenario_0038,gate_ship,2,2.6891860296482455,5.257356811414301,29,159,8,53.38628083305964,0.09154967762754064,80.87067654155166,0.06819540618120672,273.3245608973689,600,60,1.664989313633722,0.17978268606386838,1.1260324807357793,0.4656262867054123,1.3233610564491454,0.5448754154437037,0.8202173139361316,reactive_gate,997,529,108,0.1695447409733124,0.3843137254901961,529,23.28881059147352,5276.423502981607,0.0,600.0000000000005,0,2288,0,0,0,0.08015628312544532,0.4102610168314357,9310793769.537642,0.0,0,0.0,0.0,0.0,0.0,168,0,0.20406336782499523,0.2402295663034171,0.27883732253793464,0.3687144443158331,288.54545454545456,0.39
scenario_0038,gate_ship,3,2.6891860296482455,5.257356811414301,29,159,8,53.38628083305964,0.09154967762754064,80.87067654155166,0.06819540618120672,273.3245608973689,600,60,1.664989313633722,0.17978268606386838,1.1260324807357793,0.4656262867054123,1.3233610564491454,0.5448754154437037,0.8202173139361316,reactive_gate,692,372,52,0.12264150943396226,0.2909090909090909,372,24.345725464952693,3664.1784190556787,0.0,600.0000000000005,0,1514,0,0,0,0.05011773389156167,0.5567145222736327,9262834017.499876,0.0,0,0.0,0.0,0.0,0.0,146,0,0.2069378660728986,0.2310616300890705,0.18981558471317952,0.30114738622035214,202.9090909090909,0.24
scenario_0038,gate_ship,4,2.6891860296482455,5.257356811414301,29,159,8,53.38628083305964,0.09154967762754064,80.87067654155166,0.06819540618120672,273.3245608973689,600,60,1.664989313633722,0.17978268606386838,1.1260324807357793,0.4656262867054123,1.3233610564491454,0.5448754154437037,0.8202173139361316,reactive_gate,992,549,109,0.1656534954407295,0.3940520446096654,549,15.003304620713152,3885.6581120835185,0.0,600.0000000000005,0,1994,0,0,0,0.10715816227790455,0.6128906241863404,9788307561.951672,0.0,0,0.0,0.0,0.0,0.0,153,0,0.2305024438335927,0.2732381996320856,0.22963115447355967,0.2627890498374489,299.45454545454544,0.34
scenario_0038,gate_ship,5,2.6891860296482455,5.257356811414301,29,159,8,53.38628083305964,0.09154967762754064,80.87067654155166,0.06819540618120672,273.3245608973689,600,60,1.664989313633722,0.17978268606386838,1.1260324807357793,0.4656262867054123,1.3233610564491454,0.5448754154437037,0.8202173139361316,reactive_gate,653,385,49,0.11290322580645161,0.29333333333333333,385,24.37165556627224,3828.599674693015,0.0,600.0000000000005,0,1197,0,0,0,0.06696238765781941,0.5921793063040165,8800320365.021172,0.0,0,0.0,0.0,0.0,0.0,101,0,0.25149484965616575,0.2760659942807345,0.17572618320695907,0.2944827274731495,210.0,0.21
scenario_0038,lease,1,2.6891860296482455,5.257356811414301,29,159,8,53.38628083305964,0.09154967762754064,80.87067654155166,0.06819540618120672,273.3245608973689,600,60,1.664989313633722,0.17978268606386838,1.1260324807357793,0.4656262867054123,1.3233610564491454,0.5448754154437037,0.8202173139361316,lease,675,375,45,0.10714285714285714,0.2430939226519337,375,70.98897947040632,5423.933137965312,0.0,600.0000000000005,0,1409,0,0,0,0.0529873709614524,0.5646459474830733,8438692074.807568,350.0824906249781,3,185.99596170725226,177.85902373852372,694800.0,26632.269573472306,140,0,0.24618461771392602,0.27116151249076764,0.22085227489528356,0.2849069066699361,204.54545454545456,0.39
scenario_0038,lease,2,2.6891860296482455,5.257356811414301,29,159,8,53.38628083305964,0.09154967762754064,80.87067654155166,0.06819540618120672,273.3245608973689,600,60,1.664989313633722,0.17978268606386838,1.1260324807357793,0.4656262867054123,1.3233610564491454,0.5448754154437037,0.8202173139361316,lease,986,493,116,0.19047619047619047,0.4351464435146444,493,19.037903167771447,5474.910777579945,0.0,600.0000000000005,0,2389,0,0,0,0.08294580947779856,0.4252499499341442,9456830294.254555,0.0,0,594.7945861726058,594.1050735506379,946200.0,27642.32483046953,156,0,0.1987078677903168,0.23717040066633382,0.26679469518795385,0.3717168400550497,268.90909090909093,0.6
scenario_0038,lease,3,2.6891860296482455,5.257356811414301,29,159,8,53.38628083305964,0.09154967762754064,80.87067654155166,0.06819540618120672,273.3245608973689,600,60,1.664989313633722,0.17978268606386838,1.1260324807357793,0.4656262867054123,1.3233610564491454,0.5448754154437037,0.8202173139361316,lease,713,395,56,0.12416851441241686,0.296969696969697,395,22.20047435897436,3778.1881919508533,0.0,600.0000000000005,0,1492,0,0,0,0.043715444859965966,0.5051136051242493,8832099095.666002,0.0,0,363.6949887294293,363.6949887294293,730800.0,21567.739780830365,149,0,0.21160180642175522,0.23904843990051064,0.20467930852736024,0.33976741707699837,215.45454545454547,0.42
scenario_0038,lease,4,2.6891860296482455,5.257356811414301,29,159,8,53.38628083305964,0.09154967762754064,80.87067654155166,0.06819540618120672,273.3245608973689,600,60,1.664989313633722,0.17978268606386838,1.1260324807357793,0.4656262867054123,1.3233610564491454,0.5448754154437037,0.8202173139361316,lease,981,527,110,0.1726844583987441,0.40074906367041196,527,13.681633355863823,3887.0298622322266,0.0,600.0000000000005,0,2051,0,0,0,0.10946792756723629,0.6167443097136442,9573788252.780308,154.94240003962057,1,136.6893080171187,134.2206919298236,835200.0,24469.81582170593,146,0,0.22698247804581984,0.26910916614019215,0.2209520253775599,0.2687663896083264,287.45454545454544,0.51
scenario_0038,lease,5,2.6891860296482455,5.257356811414301,29,159,8,53.38628083305964,0.09154967762754064,80.87067654155166,0.06819540618120672,273.3245608973689,600,60,1.664989313633722,0.17978268606386838,1.1260324807357793,0.4656262867054123,1.3233610564491454,0.5448754154437037,0.8202173139361316,lease,658,385,50,0.11494252873563218,0.3108108108108108,385,25.17888039114905,3812.2796659783917,0.0,600.0000000000005,0,1194,0,0,0,0.051142141307746004,0.5438985838184781,8578100430.756318,0.0,0,361.4962314970322,357.9715875761609,591600.0,10483.03590471988,110,0,0.24911124451177422,0.2746216748595476,0.17566828739874432,0.3206296911457076,210.0,0.33
scenario_0038,clairvoyant,1,2.6891860296482455,5.257356811414301,29,159,8,53.38628083305964,0.09154967762754064,80.87067654155166,0.06819540618120672,273.3245608973689,600,60,1.664989313633722,0.17978268606386838,1.1260324807357793,0.4656262867054123,1.3233610564491454,0.5448754154437037,0.8202173139361316,clairvoyant,695,409,51,0.1108695652173913,0.24489795918367346,409,79.10417537484841,4105.851705340372,0.0,600.0000000000005,0,1355,0,0,0,0.05956139282029114,0.5836534777621606,7576992177.8514595,14.98490382270353,9,0.0,0.0,0.0,0.0,157,0,0.3022291541049344,0.33403516423672786,0.2375767854428458,0.26265561326635256,223.0909090909091,0.23
scenario_0038,clairvoyant,2,2.6891860296482455,5.257356811414301,29,159,8,53.38628083305964,0.09154967762754064,80.87067654155166,0.06819540618120672,273.3245608973689,600,60,1.664989313633722,0.17978268606386838,1.1260324807357793,0.4656262867054123,1.3233610564491454,0.5448754154437037,0.8202173139361316,clairvoyant,1058,618,103,0.14285714285714285,0.37969924812030076,618,24.159129013685742,4581.215557028247,0.0,600.0000000000005,0,2246,0,0,0,0.055683703328784376,0.4131384121571932,8161629859.646032,3.329978627267451,2,0.0,0.0,0.0,0.0,183,0,0.2632094306407916,0.30915790040995306,0.29691354666023634,0.32278594067945837,337.0909090909091,0.37
scenario_0038,clairvoyant,3,2.6891860296482455,5.257356811414301,29,159,8,53.38628083305964,0.09154967762754064,80.87067654155166,0.06819540618120672,273.3245608973689,600,60,1.664989313633722,0.17978268606386838,1.1260324807357793,0.4656262867054123,1.3233610564491454,0.5448754154437037,0.8202173139361316,clairvoyant,762,473,61,0.11423220973782772,0.2956989247311828,473,33.55597094017048,3623.5529030130897,0.0,600.0000000000005,0,1407,0,0,0,0.06355702158988627,0.4967437192477593,7328072468.758933,1.664989313633697,1,0.0,0.0,0.0,0.0,189,0,0.27841317121734976,0.3180289371459449,0.22881583694370763,0.33120329876240917,258.0,0.24
scenario_0038,clairvoyant,4,2.6891860296482455,5.257356811414301,29,159,8,53.38628083305964,0.09154967762754064,80.87067654155166,0.06819540618120672,273.3245608973689,600,60,1.664989313633722,0.17978268606386838,1.1260324807357793,0.4656262867054123,1.3233610564491454,0.5448754154437037,0.8202173139361316,clairvoyant,1020,591,105,0.15086206896551724,0.36330935251798563,591,19.206137847847458,3640.1928995490885,0.0,600.0000000000005,0,1983,0,0,0,0.10363434034870982,0.4506028005699431,9246747710.841925,4.994967940901233,3,0.0,0.0,0.0,0.0,168,0,0.26266867124677146,0.30895687517670506,0.2416432773155963,0.3609150983273529,322.3636363636364,0.31
scenario_0038,clairvoyant,5,2.6891860296482455,5.257356811414301,29,159,8,53.38628083305964,0.09154967762754064,80.87067654155166,0.06819540618120672,273.3245608973689,600,60,1.664989313633722,0.17978268606386838,1.1260324807357793,0.4656262867054123,1.3233610564491454,0.5448754154437037,0.8202173139361316,clairvoyant,647,384,56,0.12727272727272726,0.3333333333333333,384,22.16076479586968,3659.527176258258,0.0,600.0000000000005,0,1248,0,0,0,0.1018865771056839,0.6455287559141617,8045350694.491569,8.324946568168599,5,0.0,0.0,0.0,0.0,131,0,0.27833109891383506,0.3159086724905158,0.18165785274272345,0.2366726922064942,209.45454545454547,0.19
scenario_0038,gate_srpt,1,2.6891860296482455,5.257356811414301,29,159,8,53.38628083305964,0.09154967762754064,80.87067654155166,0.06819540618120672,273.3245608973689,600,60,1.664989313633722,0.17978268606386838,1.1260324807357793,0.4656262867054123,1.3233610564491454,0.5448754154437037,0.8202173139361316,reactive_gate,666,379,45,0.10613207547169812,0.23404255319148937,379,83.47740953410266,4714.058299104671,0.0,600.0000000000005,0,1298,0,0,0,0.041917459598505465,0.5570288108598866,8929654118.761759,0.0,0,0.0,0.0,0.0,0.0,128,2,0.2624016564906269,0.28802175407019776,0.21268227662120767,0.2944569428651879,206.72727272727275,0.23
scenario_0038,gate_srpt,2,2.6891860296482455,5.257356811414301,29,159,8,53.38628083305964,0.09154967762754064,80.87067654155166,0.06819540618120672,273.3245608973689,600,60,1.664989313633722,0.17978268606386838,1.1260324807357793,0.4656262867054123,1.3233610564491454,0.5448754154437037,0.8202173139361316,reactive_gate,1013,545,121,0.1816816816816817,0.41923076923076924,545,18.597118992805008,4825.9706356261,0.0,600.0000000000005,0,2256,0,0,0,0.08731775608945239,0.4283139635127646,9935641549.557323,0.0,0,0.0,0.0,0.0,0.0,153,0,0.2086230267863938,0.252391283157445,0.27064310578151096,0.38399659940838043,297.2727272727273,0.43
scenario_0038,gate_srpt,3,2.6891860296482455,5.257356811414301,29,159,8,53.38628083305964,0.09154967762754064,80.87067654155166,0.06819540618120672,273.3245608973689,600,60,1.664989313633722,0.17978268606386838,1.1260324807357793,0.4656262867054123,1.3233610564491454,0.5448754154437037,0.8202173139361316,reactive_gate,698,386,63,0.1403118040089087,0.3125,386,24.31646701314253,4485.8400915399625,0.0,600.0000000000005,0,1412,0,0,0,0.06720434572581388,0.5371748286235968,9561635573.691158,0.0,0,0.0,0.0,0.0,0.0,148,0,0.2203348819232745,0.2528141661709406,0.18533193154578498,0.32128122970090967,210.54545454545456,0.25
scenario_0038,gate_srpt,4,2.6891860296482455,5.257356811414301,29,159,8,53.38628083305964,0.09154967762754064,80.87067654155166,0.06819540618120672,273.3245608973689,600,60,1.664989313633722,0.17978268606386838,1.1260324807357793,0.4656262867054123,1.3233610564491454,0.5448754154437037,0.8202173139361316,reactive_gate,1015,585,100,0.145985401459854,0.3467153284671533,585,17.99242657771447,3866.9762826278456,0.0,600.0000000000005,0,1922,0,0,0,0.10490261617054915,0.5670839026851164,9375843002.7182,0.0,0,0.0,0.0,0.0,0.0,151,0,0.2416317884915918,0.282196856068368,0.23764454592119247,0.2775602142271406,319.0909090909091,0.37
scenario_0038,gate_srpt,5,2.6891860296482455,5.257356811414301,29,159,8,53.38628083305964,0.09154967762754064,80.87067654155166,0.06819540618120672,273.3245608973689,600,60,1.664989313633722,0.17978268606386838,1.1260324807357793,0.4656262867054123,1.3233610564491454,0.5448754154437037,0.8202173139361316,reactive_gate,665,390,62,0.13716814159292035,0.35668789808917195,390,22.037994644379978,3904.2682523662434,0.0,600.0000000000005,0,1208,0,0,0,0.08257211905605423,0.659261552257863,9429666195.639467,0.0,0,0.0,0.0,0.0,0.0,100,0,0.2469047182322001,0.2820669118932859,0.17162637301842476,0.24436402260521484,212.72727272727275,0.2
scenario_0039,gate_sampled,1,1.637901812063468,4.1152819414624675,30,91,19,69.25877506765616,0.47097467580032154,25.19126521029647,0.28672742804988716,303.80248597681737,600,60,1.475724088832051,0.13330394308111604,2.223470362637004,0.11704753212238035,0.8909393766557395,2.440398507312799,0.866696056918884,reactive_gate,730,633,1,0.0015772870662460567,0.0,633,106.03155464771226,1688.093079160721,10.482082597089057,600.0000000000005,0,140,0,0,0,0.0005394896211879906,0.258648037180176,3820060347.355983,0.0,0,0.0,0.0,0.0,0.0,1100,158,0.5630437824214887,0.5629512247293049,0.30632555681818185,0.28687105381924227,345.2727272727273,0.18
scenario_0039,gate_sampled,2,1.637901812063468,4.1152819414624675,30,91,19,69.25877506765616,0.47097467580032154,25.19126521029647,0.28672742804988716,303.80248597681737,600,60,1.475724088832051,0.13330394308111604,2.223470362637004,0.11704753212238035,0.8909393766557395,2.440398507312799,0.866696056918884,reactive_gate,675,565,5,0.008771929824561403,0.029197080291970802,565,108.42661618740249,1824.869966988784,5.862261836242842,600.0000000000005,0,224,0,0,0,0.00818715823748985,0.3662881027736376,4567203461.749509,0.0,0,0.0,0.0,0.0,0.0,918,134,0.5178806989022682,0.5256610699826104,0.23719284743158078,0.2301807627908877,308.1818181818182,0.15
scenario_0039,gate_sampled,3,1.637901812063468,4.1152819414624675,30,91,19,69.25877506765616,0.47097467580032154,25.19126521029647,0.28672742804988716,303.80248597681737,600,60,1.475724088832051,0.13330394308111604,2.223470362637004,0.11704753212238035,0.8909393766557395,2.440398507312799,0.866696056918884,reactive_gate,605,527,4,0.007532956685499058,0.02962962962962963,527,141.64267874624738,1497.3179159038582,36.17138436781059,600.0000000000005,0,84,0,0,0,0.001512594529147994,0.170261314683619,3520613773.983732,0.0,0,0.0,0.0,0.0,0.0,931,159,0.6495090017781338,0.6594267982974785,0.2723209277972028,0.29983756930164807,287.45454545454544,0.15
scenario_0039,gate_sampled,4,1.637901812063468,4.1152819414624675,30,91,19,69.25877506765616,0.47097467580032154,25.19126521029647,0.28672742804988716,303.80248597681737,600,60,1.475724088832051,0.13330394308111604,2.223470362637004,0.11704753212238035,0.8909393766557395,2.440398507312799,0.866696056918884,reactive_gate,762,652,5,0.0076103500761035,0.022988505747126436,652,129.6122942345621,2624.385003725902,0.0,600.0000000000005,0,243,0,0,0,0.002246280308290446,0.25592701874910784,4872858947.917526,0.0,0,0.0,0.0,0.0,0.0,1117,65,0.5195415574788533,0.5265049787085331,0.2773675674458258,0.3262075499554432,355.6363636363636,0.17
scenario_0039,gate_sampled,5,1.637901812063468,4.1152819414624675,30,91,19,69.25877506765616,0.47097467580032154,25.19126521029647,0.28672742804988716,303.80248597681737,600,60,1.475724088832051,0.13330394308111604,2.223470362637004,0.11704753212238035,0.8909393766557395,2.440398507312799,0.866696056918884,reactive_gate,832,705,8,0.011220196353436185,0.047619047619047616,705,118.20942781941778,2109.7472713029415,5.311115402772628,600.0000000000005,0,299,0,0,0,0.0034720168832014448,0.2054930631217647,5194751226.010551,0.0,0,0.0,0.0,0.0,0.0,1083,31,0.4473324368565359,0.4584015148438259,0.2794500953703704,0.369683015491587,384.54545454545456,0.19
scenario_0039,gate_ship,1,1.637901812063468,4.1152819414624675,30,91,19,69.25877506765616,0.47097467580032154,25.19126521029647,0.28672742804988716,303.80248597681737,600,60,1.475724088832051,0.13330394308111604,2.223470362637004,0.11704753212238035,0.8909393766557395,2.440398507312799,0.866696056918884,reactive_gate,749,657,1,0.001519756838905775,0.0,657,118.19744089633105,1374.077788887414,11.429209817620118,600.0000000000005,0,89,1,0,0,0.002073989345881448,0.2225496555675962,3254683053.0013785,0.0,0,0.0,0.0,0.0,0.0,1145,285,0.6295943456271417,0.6296390887580766,0.3297134312893897,0.316963814577796,358.3636363636364,0.19
scenario_0039,gate_ship,2,1.637901812063468,4.1152819414624675,30,91,19,69.25877506765616,0.47097467580032154,25.19126521029647,0.28672742804988716,303.80248597681737,600,60,1.475724088832051,0.13330394308111604,2.223470362637004,0.11704753212238035,0.8909393766557395,2.440398507312799,0.866696056918884,reactive_gate,700,598,3,0.004991680532445923,0.0070921985815602835,598,142.12149736696188,1305.9499255800508,7.016037254222462,600.0000000000005,0,192,0,0,0,0.013922222272073596,0.37333484752284624,3920390453.8464365,0.0,0,0.0,0.0,0.0,0.0,994,209,0.5702411030586197,0.5718780912309968,0.2668787786972287,0.2579135467282982,326.1818181818182,0.16
scenario_0039,gate_ship,3,1.637901812063468,4.1152819414624675,30,91,19,69.25877506765616,0.47097467580032154,25.19126521029647,0.28672742804988716,303.80248597681737,600,60,1.475724088832051,0.13330394308111604,2.223470362637004,0.11704753212238035,0.8909393766557395,2.440398507312799,0.866696056918884,reactive_gate,623,555,3,0.005376344086021506,0.02097902097902098,555,153.6701044329575,1471.7330628935902,57.23353175429698,600.0,0,39,4,0,0,0.002631848491412325,0.16001915630815042,3057508253.1544285,0.0,0,0.0,0.0,0.0,0.0,969,232,0.7202547094934953,0.7283690954753568,0.28606503910903913,0.3238130650912101,302.72727272727275,0.16
scenario_0039,gate_ship,4,1.637901812063468,4.1152819414624675,30,91,19,69.25877506765616,0.47097467580032154,25.19126521029647,0.28672742804988716,303.80248597681737,600,60,1.475724088832051,0.13330394308111604,2.223470362637004,0.11704753212238035,0.8909393766557395,2.440398507312799,0.866696056918884,reactive_gate,781,671,3,0.004451038575667656,0.011363636363636364,671,155.26511090921622,1847.8498365498758,6.074142366870927,600.0000000000005,0,165,0,0,0,0.005656093139436876,0.2872798316575728,4069763654.6873384,0.0,0,0.0,0.0,0.0,0.0,1164,118,0.5732643983381076,0.5774091617505884,0.30104233996158164,0.3474341424895314,366.0,0.18
scenario_0039,gate_ship,5,1.637901812063468,4.1152819414624675,30,91,19,69.25877506765616,0.47097467580032154,25.19126521029647,0.28672742804988716,303.80248597681737,600,60,1.475724088832051,0.13330394308111604,2.223470362637004,0.11704753212238035,0.8909393766557395,2.440398507312799,0.866696056918884,reactive_gate,886,773,4,0.005148005148005148,0.029850746268656716,773,214.971714569725,1995.2532855479474,20.870796151810037,600.0000000000005,0,193,2,0,0,0.0031537995335792286,0.18583577885935376,3751873250.5692124,0.0,0,0.0,0.0,0.0,0.0,1178,102,0.5369986434033832,0.543173263675678,0.32970634132996635,0.42013364375593215,421.6363636363636,0.21
scenario_0039,lease,1,1.637901812063468,4.1152819414624675,30,91,19,69.25877506765616,0.47097467580032154,25.19126521029647,0.28672742804988716,303.80248597681737,600,60,1.475724088832051,0.13330394308111604,2.223470362637004,0.11704753212238035,0.8909393766557395,2.440398507312799,0.866696056918884,lease,748,653,1,0.0015290519877675841,0.0,653,107.65381052348482,1535.6431962648924,16.82967017391061,600.0000000000002,0,112,3,0,0,0.0039851722013245295,0.24536136281334409,2633739969.8395343,6091.6653586458215,30,5752.850713072032,3203.0647758333107,760200.0,9362.122869201694,1139,208,0.6312829499995845,0.6313214257644418,0.32487808271173274,0.30893915795563565,356.1818181818182,0.38
scenario_0039,lease,2,1.637901812063468,4.1152819414624675,30,91,19,69.25877506765616,0.47097467580032154,25.19126521029647,0.28672742804988716,303.80248597681737,600,60,1.475724088832051,0.13330394308111604,2.223470362637004,0.11704753212238035,0.8909393766557395,2.440398507312799,0.866696056918884,lease,677,571,4,0.006956521739130435,0.014598540145985401,571,159.09089392885562,1625.6789726712036,3.8971989766381396,600.0,0,187,0,0,0,0.00598528863129287,0.37662301794029734,3673909649.0627565,9495.231070126141,36,3874.6530797366104,2810.215632468963,603000.0,14876.756724109848,970,154,0.551385641601601,0.5535834622965138,0.2589643621665372,0.24255267318039356,311.45454545454544,0.31
scenario_0039,lease,3,1.637901812063468,4.1152819414624675,30,91,19,69.25877506765616,0.47097467580032154,25.19126521029647,0.28672742804988716,303.80248597681737,600,60,1.475724088832051,0.13330394308111604,2.223470362637004,0.11704753212238035,0.8909393766557395,2.440398507312799,0.866696056918884,lease,612,549,3,0.005434782608695652,0.02112676056338028,549,153.6560835071341,1436.1985437585465,42.12249290436804,600.0,0,51,3,0,0,0.0047226925154898024,0.16284416726312725,2706568577.309831,8072.129286888647,22,5696.309628262784,3355.004993792286,505200.0,4732.765997784703,956,162,0.6973739999989135,0.7052016933223318,0.28499211466157304,0.31691895830848754,299.45454545454544,0.32
scenario_0039,lease,4,1.637901812063468,4.1152819414624675,30,91,19,69.25877506765616,0.47097467580032154,25.19126521029647,0.28672742804988716,303.80248597681737,600,60,1.475724088832051,0.13330394308111604,2.223470362637004,0.11704753212238035,0.8909393766557395,2.440398507312799,0.866696056918884,lease,765,651,3,0.0045871559633027525,0.011428571428571429,651,138.76096647341387,1762.9809412037034,3.13441199963103,600.0000000000005,0,191,0,0,0,0.002522235825639507,0.29739465179748886,3822592856.2834682,2406.663096270523,11,5686.80765587671,4423.468039195576,633600.0,10119.26452864453,1134,73,0.55388271281612,0.5578352782414348,0.29448286395148066,0.3305226781213127,355.0909090909091,0.35
scenario_0039,lease,5,1.637901812063468,4.1152819414624675,30,91,19,69.25877506765616,0.47097467580032154,25.19126521029647,0.28672742804988716,303.80248597681737,600,60,1.475724088832051,0.13330394308111604,2.223470362637004,0.11704753212238035,0.8909393766557395,2.440398507312799,0.866696056918884,lease,865,749,7,0.009259259259259259,0.038461538461538464,749,213.30862644392892,2357.3738782687733,9.51770192961946,600.0000000000005,0,220,0,0,0,0.003333213137512626,0.19677286515647768,3646162833.9062653,1029.89907880204,9,9010.79044843496,6800.4971036150755,729600.0,18041.733559734108,1123,70,0.500126461333242,0.5105021653366713,0.31643694813088147,0.39040541498127357,408.54545454545456,0.39
scenario_0039,clairvoyant,1,1.637901812063468,4.1152819414624675,30,91,19,69.25877506765616,0.47097467580032154,25.19126521029647,0.28672742804988716,303.80248597681737,600,60,1.475724088832051,0.13330394308111604,2.223470362637004,0.11704753212238035,0.8909393766557395,2.440398507312799,0.866696056918884,clairvoyant,755,674,1,0.0014814814814814814,0.0,674,73.74756907161236,1342.973967274448,12.354605746081145,600.0000000000002,0,130,0,0,0,0.00042105093321036463,0.2342695304224035,2159459484.6226087,107.7278584847405,73,0.0,0.0,0.0,0.0,1193,256,0.6893671549944942,0.6896730488862507,0.3280191709617543,0.318751610490763,367.6363636363636,0.19
scenario_0039,clairvoyant,2,1.637901812063468,4.1152819414624675,30,91,19,69.25877506765616,0.47097467580032154,25.19126521029647,0.28672742804988716,303.80248597681737,600,60,1.475724088832051,0.13330394308111604,2.223470362637004,0.11704753212238035,0.8909393766557395,2.440398507312799,0.866696056918884,clairvoyant,707,599,6,0.009917355371900827,0.028169014084507043,599,88.62369217073342,1262.480828742534,6.496349585056629,600.0000000000005,0,215,0,0,0,0.013434426409435967,0.39480608039826104,3049177445.225053,128.38799572838928,87,0.0,0.0,0.0,0.0,1015,159,0.6136713493483621,0.6220701753295551,0.26133657977423813,0.2553153023116113,326.72727272727275,0.16
scenario_0039,clairvoyant,3,1.637901812063468,4.1152819414624675,30,91,19,69.25877506765616,0.47097467580032154,25.19126521029647,0.28672742804988716,303.80248597681737,600,60,1.475724088832051,0.13330394308111604,2.223470362637004,0.11704753212238035,0.8909393766557395,2.440398507312799,0.866696056918884,clairvoyant,637,575,3,0.005190311418685121,0.02097902097902098,575,103.98949927047306,1504.231352402784,39.46889005887788,600.0000000000005,0,73,3,0,0,0.0025580603371885653,0.1553130671530773,1687016752.2901053,121.00937528422898,82,0.0,0.0,0.0,0.0,990,190,0.7762957854043753,0.7851038894526158,0.2953702605499439,0.3357942010660105,313.6363636363636,0.16
scenario_0039,clairvoyant,4,1.637901812063468,4.1152819414624675,30,91,19,69.25877506765616,0.47097467580032154,25.19126521029647,0.28672742804988716,303.80248597681737,600,60,1.475724088832051,0.13330394308111604,2.223470362637004,0.11704753212238035,0.8909393766557395,2.440398507312799,0.866696056918884,clairvoyant,819,728,5,0.0068212824010914054,0.02185792349726776,728,82.18520129108492,2078.6739234254483,14.840277924809698,600.0000000000005,0,223,4,0,0,0.004803035285781952,0.24189006008007807,1700181837.0491111,78.21337670809851,53,0.0,0.0,0.0,0.0,1240,117,0.6580009322465332,0.6665352776876902,0.3318314830829664,0.35036277390949205,397.0909090909091,0.19
scenario_0039,clairvoyant,5,1.637901812063468,4.1152819414624675,30,91,19,69.25877506765616,0.47097467580032154,25.19126521029647,0.28672742804988716,303.80248597681737,600,60,1.475724088832051,0.13330394308111604,2.223470362637004,0.11704753212238035,0.8909393766557395,2.440398507312799,0.866696056918884,clairvoyant,929,827,5,0.006009615384615385,0.028169014084507043,827,94.35223902433154,2142.046377637634,33.28171687216562,600.0000000000005,0,234,4,0,0,0.0015932621046769856,0.1783600313203378,1902051258.086688,66.40758399744175,45,0.0,0.0,0.0,0.0,1227,77,0.6301239909340395,0.6392468825419461,0.34592487593240095,0.4083180244694881,451.0909090909091,0.21
scenario_0039,gate_srpt,1,1.637901812063468,4.1152819414624675,30,91,19,69.25877506765616,0.47097467580032154,25.19126521029647,0.28672742804988716,303.80248597681737,600,60,1.475724088832051,0.13330394308111604,2.223470362637004,0.11704753212238035,0.8909393766557395,2.440398507312799,0.866696056918884,reactive_gate,751,659,1,0.0015151515151515152,0.0,659,114.32686695125813,1386.4095186606864,14.827099564712798,600.0000000000002,0,81,1,0,0,0.00042488283276748514,0.23548176798158235,3249958349.2933207,0.0,0,0.0,0.0,0.0,0.0,1137,279,0.6247058706516122,0.6247231724091974,0.3280506404213071,0.3277082656404134,359.4545454545455,0.18
scenario_0039,gate_srpt,2,1.637901812063468,4.1152819414624675,30,91,19,69.25877506765616,0.47097467580032154,25.19126521029647,0.28672742804988716,303.80248597681737,600,60,1.475724088832051,0.13330394308111604,2.223470362637004,0.11704753212238035,0.8909393766557395,2.440398507312799,0.866696056918884,reactive_gate,706,614,4,0.006472491909385114,0.013793103448275862,614,125.9340046718429,1193.04016297311,3.9383829625460383,600.0000000000005,0,147,0,0,0,0.010309201794223738,0.3716162439038611,3919808282.2988873,0.0,0,0.0,0.0,0.0,0.0,1018,200,0.6030076771155358,0.6065664826377539,0.2686428094427178,0.2597924120911108,334.90909090909093,0.17
scenario_0039,gate_srpt,3,1.637901812063468,4.1152819414624675,30,91,19,69.25877506765616,0.47097467580032154,25.19126521029647,0.28672742804988716,303.80248597681737,600,60,1.475724088832051,0.13330394308111604,2.223470362637004,0.11704753212238035,0.8909393766557395,2.440398507312799,0.866696056918884,reactive_gate,623,565,2,0.003527336860670194,0.014084507042253521,565,149.642477434787,1204.4735981783472,26.59678039129679,600.0,0,36,0,0,0,0.0008434099717018548,0.1584781875687462,3007739997.2042856,0.0,0,0.0,0.0,0.0,0.0,973,224,0.7274906545707462,0.732735878067134,0.29135034820642325,0.32809221033092884,308.1818181818182,0.16
scenario_0039,gate_srpt,4,1.637901812063468,4.1152819414624675,30,91,19,69.25877506765616,0.47097467580032154,25.19126521029647,0.28672742804988716,303.80248597681737,600,60,1.475724088832051,0.13330394308111604,2.223470362637004,0.11704753212238035,0.8909393766557395,2.440398507312799,0.866696056918884,reactive_gate,773,659,3,0.004531722054380665,0.011428571428571429,659,147.55222657212926,1973.6420886052254,2.0280791193752616,600.0000000000005,0,175,0,0,0,0.0043705466086741826,0.26897226303287,4411973199.023618,0.0,0,0.0,0.0,0.0,0.0,1149,104,0.5698144666862115,0.5739592423542105,0.29331139781360616,0.361298004463959,359.4545454545455,0.17
scenario_0039,gate_srpt,5,1.637901812063468,4.1152819414624675,30,91,19,69.25877506765616,0.47097467580032154,25.19126521029647,0.28672742804988716,303.80248597681737,600,60,1.475724088832051,0.13330394308111604,2.223470362637004,0.11704753212238035,0.8909393766557395,2.440398507312799,0.866696056918884,reactive_gate,869,755,6,0.00788436268068331,0.03816793893129771,755,205.29882024743438,2017.6748995086718,11.963029764952134,600.0000000000005,0,198,1,0,0,0.0020148953310315195,0.21021443589797917,3942221399.5862455,0.0,0,0.0,0.0,0.0,0.0,1162,90,0.5223306601441083,0.531800737266335,0.32396666781921785,0.41137011503394394,411.8181818181818,0.2
