run,type,rate_per_min,think_snr,tau,policy,seed,req_started,req_done,req_failed,failure_rate,session_fail_finished,tct_n,tct_p50,tct_p99,chat_wait_p99,block_wait_max,n429,timeouts,evicted,deadlock_breaks,cycles_seen,token_waste,tool_waste,kv_unused_token_s,prewarm_idle_s,prewarm_hits,lease_cpu_issued,lease_cpu_unused,lease_budget_issued,lease_budget_unused,par_groups,par_groups_parallel,jain_all,jain_survivors,util_model,util_cpu,throughput_rph,wall_s
type=reactive_gate_rate_per_min=1.0_think_snr=0.0_tau=0.5_seed=1,reactive_gate,1.0,0.0,0.5,reactive_gate,1,387,353,2,0.005633802816901409,0.02127659574468085,353,133.79299915825504,2021.7116911039107,3.0151173625599323,600.0000000000005,0,59,0,0,0,0.003776217484296324,0.40509297911981235,4424504700.671736,0.0,0,0.0,0.0,0.0,0.0,196,73,0.7592500955502655,0.7691104864015678,0.3641217927633709,0.18913908224044187,192.54545454545456,0.1
type=reactive_gate_rate_per_min=1.0_think_snr=0.0_tau=0.5_seed=2,reactive_gate,1.0,0.0,0.5,reactive_gate,2,400,345,2,0.005763688760806916,0.027777777777777776,345,155.5918477190653,1430.5410701620724,19.02894964894247,600.0,0,40,1,0,0,0.0037400242917384435,0.26738783820056383,2650517830.359102,0.0,0,0.0,0.0,0.0,0.0,184,40,0.6503439560424935,0.6587899814456428,0.4376046648658055,0.21897597977481287,188.1818181818182,0.12
type=reactive_gate_rate_per_min=1.0_think_snr=0.0_tau=0.5_seed=3,reactive_gate,1.0,0.0,0.5,reactive_gate,3,441,376,7,0.018276762402088774,0.06521739130434782,376,97.34240174718639,1908.1480258312297,0.0,600.0,0,86,0,0,0,0.0054117822304385185,0.382707920414841,4364679300.285077,0.0,0,0.0,0.0,0.0,0.0,174,39,0.6342201173403031,0.6523026854167385,0.3958278349966007,0.2238535214842816,205.0909090909091,0.12
type=reactive_gate_rate_per_min=1.0_think_snr=0.0_tau=0.5_seed=4,reactive_gate,1.0,0.0,0.5,reactive_gate,4,447,414,3,0.007194244604316547,0.02040816326530612,414,55.59870396170993,1919.3107267351945,1.0571714147643727,600.0,0,44,0,0,0,0.010807246955543425,0.3985811179489509,4187274795.2058034,0.0,0,0.0,0.0,0.0,0.0,169,86,0.8138039401305962,0.8263687459589564,0.37737221277680655,0.19083039203226582,225.81818181818184,0.11
type=reactive_gate_rate_per_min=1.0_think_snr=0.0_tau=0.5_seed=5,reactive_gate,1.0,0.0,0.5,reactive_gate,5,603,524,7,0.013182674199623353,0.07368421052631578,524,78.95138231460442,2693.1718991548005,7.523920860521285,600.0000000000005,0,185,0,0,0,0.004085162822895994,0.33745203302887883,4770179046.969136,0.0,0,0.0,0.0,0.0,0.0,181,24,0.5547603930466217,0.5721970381190378,0.47915197731319614,0.2657400823745613,285.8181818181818,0.15
type=reactive_gate_rate_per_min=1.0_think_snr=0.0_tau=0.5_seed=6,reactive_gate,1.0,0.0,0.5,reactive_gate,6,416,355,4,0.011142061281337047,0.04597701149425287,355,172.77418933339754,2914.4511127130786,5.593191875348934,600.0000000000005,0,150,0,0,0,0.0022799823124015025,0.40543676571411197,4459298289.407164,0.0,0,0.0,0.0,0.0,0.0,187,45,0.5926814264469789,0.6037612267146466,0.40477680314766257,0.2369841478014521,193.63636363636365,0.13
type=reactive_gate_rate_per_min=1.0_think_snr=0.0_tau=0.5_seed=7,reactive_gate,1.0,0.0,0.5,reactive_gate,7,399,375,0,0.0,0.0,375,136.29605084657578,1629.135535814408,4.188700386369694,600.0,0,21,0,0,0,0.0,0.19092909825248444,3151586163.2089086,0.0,0,0.0,0.0,0.0,0.0,166,35,0.7649351529867188,0.7649351529867188,0.388929194828898,0.22448968539830977,204.54545454545456,0.11
type=reactive_gate_rate_per_min=1.0_think_snr=0.0_tau=0.5_seed=8,reactive_gate,1.0,0.0,0.5,reactive_gate,8,517,443,4,0.008948545861297539,0.039603960396039604,443,103.03964968811215,2018.2777793076875,1.917021396380253,600.0,0,172,0,0,0,0.002844554614672234,0.46980825906324075,4842102774.932288,0.0,0,0.0,0.0,0.0,0.0,171,45,0.601673938347752,0.6112791965929045,0.44645917969761717,0.21274385436884163,241.63636363636365,0.13
type=reactive_gate_rate_per_min=1.0_think_snr=0.0_tau=0.5_seed=9,reactive_gate,1.0,0.0,0.5,reactive_gate,9,520,451,3,0.006607929515418502,0.029411764705882353,451,164.87898431083977,2012.0886097963123,8.90076136818577,600.0000000000005,0,108,0,0,0,0.0021749956771081,0.2571299505244506,3227154044.6102347,0.0,0,0.0,0.0,0.0,0.0,213,34,0.5978836866797657,0.6034302800839184,0.5044294805749806,0.22985004219633515,246.0,0.14
type=reactive_gate_rate_per_min=1.0_think_snr=0.0_tau=0.5_seed=10,reactive_gate,1.0,0.0,0.5,reactive_gate,10,480,430,3,0.006928406466512702,0.03488372093023256,430,117.20337112717016,1681.5465294739447,6.168504839491333,600.0000000000005,0,54,0,0,0,0.006130398300276569,0.18213457693489904,4169595863.4067726,0.0,0,0.0,0.0,0.0,0.0,174,66,0.6767940297644702,0.6855115546469603,0.4434576881798757,0.26530765099033127,234.54545454545456,0.13
type=reactive_gate_rate_per_min=1.0_think_snr=0.0_tau=0.8_seed=1,reactive_gate,1.0,0.0,0.8,reactive_gate,1,387,353,2,0.005633802816901409,0.02127659574468085,353,133.79299915825504,2021.7116911039107,3.0151173625599323,600.0000000000005,0,59,0,0,0,0.003776217484296324,0.40509297911981235,4424504700.671736,0.0,0,0.0,0.0,0.0,0.0,196,73,0.7592500955502655,0.7691104864015678,0.3641217927633709,0.18913908224044187,192.54545454545456,0.1
type=reactive_gate_rate_per_min=1.0_think_snr=0.0_tau=0.8_seed=2,reactive_gate,1.0,0.0,0.8,reactive_gate,2,400,345,2,0.005763688760806916,0.027777777777777776,345,155.5918477190653,1430.5410701620724,19.02894964894247,600.0,0,40,1,0,0,0.0037400242917384435,0.26738783820056383,2650517830.359102,0.0,0,0.0,0.0,0.0,0.0,184,40,0.6503439560424935,0.6587899814456428,0.4376046648658055,0.21897597977481287,188.1818181818182,0.12
type=reactive_gate_rate_per_min=1.0_think_snr=0.0_tau=0.8_seed=3,reactive_gate,1.0,0.0,0.8,reactive_gate,3,441,376,7,0.018276762402088774,0.06521739130434782,376,97.34240174718639,1908.1480258312297,0.0,600.0,0,86,0,0,0,0.0054117822304385185,0.382707920414841,4364679300.285077,0.0,0,0.0,0.0,0.0,0.0,174,39,0.6342201173403031,0.6523026854167385,0.3958278349966007,0.2238535214842816,205.0909090909091,0.12
type=reactive_gate_rate_per_min=1.0_think_snr=0.0_tau=0.8_seed=4,reactive_gate,1.0,0.0,0.8,reactive_gate,4,447,414,3,0.007194244604316547,0.02040816326530612,414,55.59870396170993,1919.3107267351945,1.0571714147643727,600.0,0,44,0,0,0,0.010807246955543425,0.3985811179489509,4187274795.2058034,0.0,0,0.0,0.0,0.0,0.0,169,86,0.8138039401305962,0.8263687459589564,0.37737221277680655,0.19083039203226582,225.81818181818184,0.12
type=reactive_gate_rate_per_min=1.0_think_snr=0.0_tau=0.8_seed=5,reactive_gate,1.0,0.0,0.8,reactive_gate,5,603,524,7,0.013182674199623353,0.07368421052631578,524,78.95138231460442,2693.1718991548005,7.523920860521285,600.0000000000005,0,185,0,0,0,0.004085162822895994,0.33745203302887883,4770179046.969136,0.0,0,0.0,0.0,0.0,0.0,181,24,0.5547603930466217,0.5721970381190378,0.47915197731319614,0.2657400823745613,285.8181818181818,0.15
type=reactive_gate_rate_per_min=1.0_think_snr=0.0_tau=0.8_seed=6,reactive_gate,1.0,0.0,0.8,reactive_gate,6,416,355,4,0.011142061281337047,0.04597701149425287,355,172.77418933339754,2914.4511127130786,5.593191875348934,600.0000000000005,0,150,0,0,0,0.0022799823124015025,0.40543676571411197,4459298289.407164,0.0,0,0.0,0.0,0.0,0.0,187,45,0.5926814264469789,0.6037612267146466,0.40477680314766257,0.2369841478014521,193.63636363636365,0.13
type=reactive_gate_rate_per_min=1.0_think_snr=0.0_tau=0.8_seed=7,reactive_gate,1.0,0.0,0.8,reactive_gate,7,399,375,0,0.0,0.0,375,136.29605084657578,1629.135535814408,4.188700386369694,600.0,0,21,0,0,0,0.0,0.19092909825248444,3151586163.2089086,0.0,0,0.0,0.0,0.0,0.0,166,35,0.7649351529867188,0.7649351529867188,0.388929194828898,0.22448968539830977,204.54545454545456,0.11
type=reactive_gate_rate_per_min=1.0_think_snr=0.0_tau=0.8_seed=8,reactive_gate,1.0,0.0,0.8,reactive_gate,8,517,443,4,0.008948545861297539,0.039603960396039604,443,103.03964968811215,2018.2777793076875,1.917021396380253,600.0,0,172,0,0,0,0.002844554614672234,0.46980825906324075,4842102774.932288,0.0,0,0.0,0.0,0.0,0.0,171,45,0.601673938347752,0.6112791965929045,0.44645917969761717,0.21274385436884163,241.63636363636365,0.13
type=reactive_gate_rate_per_min=1.0_think_snr=0.0_tau=0.8_seed=9,reactive_gate,1.0,0.0,0.8,reactive_gate,9,520,451,3,0.006607929515418502,0.029411764705882353,451,164.87898431083977,2012.0886097963123,8.90076136818577,600.0000000000005,0,108,0,0,0,0.0021749956771081,0.2571299505244506,3227154044.6102347,0.0,0,0.0,0.0,0.0,0.0,213,34,0.5978836866797657,0.6034302800839184,0.5044294805749806,0.22985004219633515,246.0,0.15
type=reactive_gate_rate_per_min=1.0_think_snr=0.0_tau=0.8_seed=10,reactive_gate,1.0,0.0,0.8,reactive_gate,10,480,430,3,0.006928406466512702,0.03488372093023256,430,117.20337112717016,1681.5465294739447,6.168504839491333,600.0000000000005,0,54,0,0,0,0.006130398300276569,0.18213457693489904,4169595863.4067726,0.0,0,0.0,0.0,0.0,0.0,174,66,0.6767940297644702,0.6855115546469603,0.4434576881798757,0.26530765099033127,234.54545454545456,0.13
type=reactive_gate_rate_per_min=1.0_think_snr=0.0_tau=0.9_seed=1,reactive_gate,1.0,0.0,0.9,reactive_gate,1,387,353,2,0.005633802816901409,0.02127659574468085,353,133.79299915825504,2021.7116911039107,3.0151173625599323,600.0000000000005,0,59,0,0,0,0.003776217484296324,0.40509297911981235,4424504700.671736,0.0,0,0.0,0.0,0.0,0.0,196,73,0.7592500955502655,0.7691104864015678,0.3641217927633709,0.18913908224044187,192.54545454545456,0.1
type=reactive_gate_rate_per_min=1.0_think_snr=0.0_tau=0.9_seed=2,reactive_gate,1.0,0.0,0.9,reactive_gate,2,400,345,2,0.005763688760806916,0.027777777777777776,345,155.5918477190653,1430.5410701620724,19.02894964894247,600.0,0,40,1,0,0,0.0037400242917384435,0.26738783820056383,2650517830.359102,0.0,0,0.0,0.0,0.0,0.0,184,40,0.6503439560424935,0.6587899814456428,0.4376046648658055,0.21897597977481287,188.1818181818182,0.13
type=reactive_gate_rate_per_min=1.0_think_snr=0.0_tau=0.9_seed=3,reactive_gate,1.0,0.0,0.9,reactive_gate,3,441,376,7,0.018276762402088774,0.06521739130434782,376,97.34240174718639,1908.1480258312297,0.0,600.0,0,86,0,0,0,0.0054117822304385185,0.382707920414841,4364679300.285077,0.0,0,0.0,0.0,0.0,0.0,174,39,0.6342201173403031,0.6523026854167385,0.3958278349966007,0.2238535214842816,205.0909090909091,0.12
type=reactive_gate_rate_per_min=1.0_think_snr=0.0_tau=0.9_seed=4,reactive_gate,1.0,0.0,0.9,reactive_gate,4,447,414,3,0.007194244604316547,0.02040816326530612,414,55.59870396170993,1919.3107267351945,1.0571714147643727,600.0,0,44,0,0,0,0.010807246955543425,0.3985811179489509,4187274795.2058034,0.0,0,0.0,0.0,0.0,0.0,169,86,0.8138039401305962,0.8263687459589564,0.37737221277680655,0.19083039203226582,225.81818181818184,0.11
type=reactive_gate_rate_per_min=1.0_think_snr=0.0_tau=0.9_seed=5,reactive_gate,1.0,0.0,0.9,reactive_gate,5,603,524,7,0.013182674199623353,0.07368421052631578,524,78.95138231460442,2693.1718991548005,7.523920860521285,600.0000000000005,0,185,0,0,0,0.004085162822895994,0.33745203302887883,4770179046.969136,0.0,0,0.0,0.0,0.0,0.0,181,24,0.5547603930466217,0.5721970381190378,0.47915197731319614,0.2657400823745613,285.8181818181818,0.15
type=reactive_gate_rate_per_min=1.0_think_snr=0.0_tau=0.9_seed=6,reactive_gate,1.0,0.0,0.9,reactive_gate,6,416,355,4,0.011142061281337047,0.04597701149425287,355,172.77418933339754,2914.4511127130786,5.593191875348934,600.0000000000005,0,150,0,0,0,0.0022799823124015025,0.40543676571411197,4459298289.407164,0.0,0,0.0,0.0,0.0,0.0,187,45,0.5926814264469789,0.6037612267146466,0.40477680314766257,0.2369841478014521,193.63636363636365,0.13
type=reactive_gate_rate_per_min=1.0_think_snr=0.0_tau=0.9_seed=7,reactive_gate,1.0,0.0,0.9,reactive_gate,7,399,375,0,0.0,0.0,375,136.29605084657578,1629.135535814408,4.188700386369694,600.0,0,21,0,0,0,0.0,0.19092909825248444,3151586163.2089086,0.0,0,0.0,0.0,0.0,0.0,166,35,0.7649351529867188,0.7649351529867188,0.388929194828898,0.22448968539830977,204.54545454545456,0.11
type=reactive_gate_rate_per_min=1.0_think_snr=0.0_tau=0.9_seed=8,reactive_gate,1.0,0.0,0.9,reactive_gate,8,517,443,4,0.008948545861297539,0.039603960396039604,443,103.03964968811215,2018.2777793076875,1.917021396380253,600.0,0,172,0,0,0,0.002844554614672234,0.46980825906324075,4842102774.932288,0.0,0,0.0,0.0,0.0,0.0,171,45,0.601673938347752,0.6112791965929045,0.44645917969761717,0.21274385436884163,241.63636363636365,0.14
type=reactive_gate_rate_per_min=1.0_think_snr=0.0_tau=0.9_seed=9,reactive_gate,1.0,0.0,0.9,reactive_gate,9,520,451,3,0.006607929515418502,0.029411764705882353,451,164.87898431083977,2012.0886097963123,8.90076136818577,600.0000000000005,0,108,0,0,0,0.0021749956771081,0.2571299505244506,3227154044.6102347,0.0,0,0.0,0.0,0.0,0.0,213,34,0.5978836866797657,0.6034302800839184,0.5044294805749806,0.22985004219633515,246.0,0.15
type=reactive_gate_rate_per_min=1.0_think_snr=0.0_tau=0.9_seed=10,reactive_gate,1.0,0.0,0.9,reactive_gate,10,480,430,3,0.006928406466512702,0.03488372093023256,430,117.20337112717016,1681.5465294739447,6.168504839491333,600.0000000000005,0,54,0,0,0,0.006130398300276569,0.18213457693489904,4169595863.4067726,0.0,0,0.0,0.0,0.0,0.0,174,66,0.6767940297644702,0.6855115546469603,0.4434576881798757,0.26530765099033127,234.54545454545456,0.13
type=reactive_gate_rate_per_min=1.0_think_snr=0.5_tau=0.5_seed=1,reactive_gate,1.0,0.5,0.5,reactive_gate,1,388,345,5,0.014285714285714285,0.045454545454545456,345,135.8869036907472,2106.431825230762,0.0,600.0000000000005,0,76,0,0,0,0.00568240204439524,0.3920279456728536,4816972267.769364,0.0,0,0.0,0.0,0.0,0.0,199,74,0.675127495743016,0.6931704348504992,0.3607955957653458,0.18488387304532067,188.1818181818182,0.1
type=reactive_gate_rate_per_min=1.0_think_snr=0.5_tau=0.5_seed=2,reactive_gate,1.0,0.5,0.5,reactive_gate,2,413,348,3,0.008547008547008548,0.0410958904109589,348,163.95766619213214,2104.7936349092383,18.24683308467311,600.0,0,51,1,0,0,0.009887878124358037,0.28495081200931943,2823881514.397503,0.0,0,0.0,0.0,0.0,0.0,184,46,0.5984472045510707,0.605716936252495,0.4478095642887206,0.20930045966546376,189.8181818181818,0.13
type=reactive_gate_rate_per_min=1.0_think_snr=0.5_tau=0.5_seed=3,reactive_gate,1.0,0.5,0.5,reactive_gate,3,425,359,5,0.013736263736263736,0.047058823529411764,359,102.24636965811897,1711.2383803150483,6.285067564699541,600.0,0,98,0,0,0,0.004230714343265503,0.4317330509043469,4500526682.0006075,0.0,0,0.0,0.0,0.0,0.0,158,40,0.6160438933364341,0.6261981822586639,0.374218625032375,0.20282153418807186,195.8181818181818,0.12
type=reactive_gate_rate_per_min=1.0_think_snr=0.5_tau=0.5_seed=4,reactive_gate,1.0,0.5,0.5,reactive_gate,4,454,416,2,0.004784688995215311,0.02040816326530612,416,55.43867851186667,1760.0695759279229,0.0,600.0,0,45,0,0,0,0.0034194506676695677,0.3597691993645082,4594190741.368901,0.0,0,0.0,0.0,0.0,0.0,152,65,0.7699602862470545,0.7798315719681705,0.3661870228931948,0.18834839414395077,226.9090909090909,0.11
type=reactive_gate_rate_per_min=1.0_think_snr=0.5_tau=0.5_seed=5,reactive_gate,1.0,0.5,0.5,reactive_gate,5,630,540,9,0.01639344262295082,0.09473684210526316,540,79.3003338383271,2843.7996496276423,1.6647475025544736,600.0000000000005,0,202,0,0,0,0.005580210725494501,0.31359931386965106,4920253319.819556,0.0,0,0.0,0.0,0.0,0.0,175,21,0.5331711978795364,0.5535250681246434,0.47953259790614483,0.2615544920467025,294.54545454545456,0.16
type=reactive_gate_rate_per_min=1.0_think_snr=0.5_tau=0.5_seed=6,reactive_gate,1.0,0.5,0.5,reactive_gate,6,436,367,4,0.01078167115902965,0.045454545454545456,367,174.26769345588855,2995.6401031095393,0.533356699454987,600.0000000000005,0,183,0,0,0,0.0030253606269642743,0.4429342721766224,4981057899.704213,0.0,0,0.0,0.0,0.0,0.0,181,42,0.5510175402716363,0.560919206227104,0.39013438123219374,0.2313402068329486,200.1818181818182,0.14
type=reactive_gate_rate_per_min=1.0_think_snr=0.5_tau=0.5_seed=7,reactive_gate,1.0,0.5,0.5,reactive_gate,7,395,371,0,0.0,0.0,371,130.50534023951082,1428.4682132660778,0.0,600.0,0,19,0,0,0,0.0,0.20668157443137705,3704737591.477149,0.0,0,0.0,0.0,0.0,0.0,157,38,0.7852763756128893,0.7852763756128893,0.3778663941215035,0.22502654067711733,202.36363636363637,0.11
type=reactive_gate_rate_per_min=1.0_think_snr=0.5_tau=0.5_seed=8,reactive_gate,1.0,0.5,0.5,reactive_gate,8,512,434,6,0.013636363636363636,0.061224489795918366,434,107.57295471930252,2037.1828042846807,5.936618009996204,600.0000000000005,0,192,0,0,0,0.010051811952797191,0.46473502053679033,4341487287.103551,0.0,0,0.0,0.0,0.0,0.0,171,44,0.5596454254401081,0.5744887438002316,0.4567632312427157,0.21104956079148376,236.72727272727275,0.13
type=reactive_gate_rate_per_min=1.0_think_snr=0.5_tau=0.5_seed=9,reactive_gate,1.0,0.5,0.5,reactive_gate,9,544,473,5,0.010460251046025104,0.04716981132075472,473,172.29055076774807,2391.0187027326992,29.502964584509144,600.0000000000005,0,153,0,0,0,0.001800799664007561,0.22088738488249973,2217459635.94993,0.0,0,0.0,0.0,0.0,0.0,229,20,0.5652250958881528,0.5761322615392411,0.5690432824033606,0.22244179877630446,258.0,0.16
type=reactive_gate_rate_per_min=1.0_think_snr=0.5_tau=0.5_seed=10,reactive_gate,1.0,0.5,0.5,reactive_gate,10,486,430,1,0.002320185614849188,0.012345679012345678,430,97.25011103350926,1647.843238042765,8.88493349522935,600.0000000000005,0,51,0,0,0,0.004789033584938265,0.22216779432236927,3893261509.488005,0.0,0,0.0,0.0,0.0,0.0,183,53,0.7099105161919413,0.7104783479300117,0.4681007696840197,0.2622808579392831,234.54545454545456,0.14
type=reactive_gate_rate_per_min=1.0_think_snr=0.5_tau=0.8_seed=1,reactive_gate,1.0,0.5,0.8,reactive_gate,1,388,345,5,0.014285714285714285,0.045454545454545456,345,135.8869036907472,2106.431825230762,0.0,600.0000000000005,0,76,0,0,0,0.00568240204439524,0.3920279456728536,4816972267.769364,0.0,0,0.0,0.0,0.0,0.0,199,74,0.675127495743016,0.6931704348504992,0.3607955957653458,0.18488387304532067,188.1818181818182,0.11
type=reactive_gate_rate_per_min=1.0_think_snr=0.5_tau=0.8_seed=2,reactive_gate,1.0,0.5,0.8,reactive_gate,2,413,348,3,0.008547008547008548,0.0410958904109589,348,163.95766619213214,2104.7936349092383,18.24683308467311,600.0,0,51,1,0,0,0.009887878124358037,0.28495081200931943,2823881514.397503,0.0,0,0.0,0.0,0.0,0.0,184,46,0.5984472045510707,0.605716936252495,0.4478095642887206,0.20930045966546376,189.8181818181818,0.13
type=reactive_gate_rate_per_min=1.0_think_snr=0.5_tau=0.8_seed=3,reactive_gate,1.0,0.5,0.8,reactive_gate,3,425,359,5,0.013736263736263736,0.047058823529411764,359,102.24636965811897,1711.2383803150483,6.285067564699541,600.0,0,98,0,0,0,0.004230714343265503,0.4317330509043469,4500526682.0006075,0.0,0,0.0,0.0,0.0,0.0,158,40,0.6160438933364341,0.6261981822586639,0.374218625032375,0.20282153418807186,195.8181818181818,0.12
type=reactive_gate_rate_per_min=1.0_think_snr=0.5_tau=0.8_seed=4,reactive_gate,1.0,0.5,0.8,reactive_gate,4,454,416,2,0.004784688995215311,0.02040816326530612,416,55.43867851186667,1760.0695759279229,0.0,600.0,0,45,0,0,0,0.0034194506676695677,0.3597691993645082,4594190741.368901,0.0,0,0.0,0.0,0.0,0.0,152,65,0.7699602862470545,0.7798315719681705,0.3661870228931948,0.18834839414395077,226.9090909090909,0.12
type=reactive_gate_rate_per_min=1.0_think_snr=0.5_tau=0.8_seed=5,reactive_gate,1.0,0.5,0.8,reactive_gate,5,630,540,9,0.01639344262295082,0.09473684210526316,540,79.3003338383271,2843.7996496276423,1.6647475025544736,600.0000000000005,0,202,0,0,0,0.005580210725494501,0.31359931386965106,4920253319.819556,0.0,0,0.0,0.0,0.0,0.0,175,21,0.5331711978795364,0.5535250681246434,0.47953259790614483,0.2615544920467025,294.54545454545456,0.16
type=reactive_gate_rate_per_min=1.0_think_snr=0.5_tau=0.8_seed=6,reactive_gate,1.0,0.5,0.8,reactive_gate,6,436,367,4,0.01078167115902965,0.045454545454545456,367,174.26769345588855,2995.6401031095393,0.533356699454987,600.0000000000005,0,183,0,0,0,0.0030253606269642743,0.4429342721766224,4981057899.704213,0.0,0,0.0,0.0,0.0,0.0,181,42,0.5510175402716363,0.560919206227104,0.39013438123219374,0.2313402068329486,200.1818181818182,0.13
type=reactive_gate_rate_per_min=1.0_think_snr=0.5_tau=0.8_seed=7,reactive_gate,1.0,0.5,0.8,reactive_gate,7,395,371,0,0.0,0.0,371,130.50534023951082,1428.4682132660778,0.0,600.0,0,19,0,0,0,0.0,0.20668157443137705,3704737591.477149,0.0,0,0.0,0.0,0.0,0.0,157,38,0.7852763756128893,0.7852763756128893,0.3778663941215035,0.22502654067711733,202.36363636363637,0.11
type=reactive_gate_rate_per_min=1.0_think_snr=0.5_tau=0.8_seed=8,reactive_gate,1.0,0.5,0.8,reactive_gate,8,512,434,6,0.013636363636363636,0.061224489795918366,434,107.57295471930252,2037.1828042846807,5.936618009996204,600.0000000000005,0,192,0,0,0,0.010051811952797191,0.46473502053679033,4341487287.103551,0.0,0,0.0,0.0,0.0,0.0,171,44,0.5596454254401081,0.5744887438002316,0.4567632312427157,0.21104956079148376,236.72727272727275,0.14
type=reactive_gate_rate_per_min=1.0_think_snr=0.5_tau=0.8_seed=9,reactive_gate,1.0,0.5,0.8,reactive_gate,9,544,473,5,0.010460251046025104,0.04716981132075472,473,172.29055076774807,2391.0187027326992,29.502964584509144,600.0000000000005,0,153,0,0,0,0.001800799664007561,0.22088738488249973,2217459635.94993,0.0,0,0.0,0.0,0.0,0.0,229,20,0.5652250958881528,0.5761322615392411,0.5690432824033606,0.22244179877630446,258.0,0.17
type=reactive_gate_rate_per_min=1.0_think_snr=0.5_tau=0.8_seed=10,reactive_gate,1.0,0.5,0.8,reactive_gate,10,486,430,1,0.002320185614849188,0.012345679012345678,430,97.25011103350926,1647.843238042765,8.88493349522935,600.0000000000005,0,51,0,0,0,0.004789033584938265,0.22216779432236927,3893261509.488005,0.0,0,0.0,0.0,0.0,0.0,183,53,0.7099105161919413,0.7104783479300117,0.4681007696840197,0.2622808579392831,234.54545454545456,0.14
type=reactive_gate_rate_per_min=1.0_think_snr=0.5_tau=0.9_seed=1,reactive_gate,1.0,0.5,0.9,reactive_gate,1,388,345,5,0.014285714285714285,0.045454545454545456,345,135.8869036907472,2106.431825230762,0.0,600.0000000000005,0,76,0,0,0,0.00568240204439524,0.3920279456728536,4816972267.769364,0.0,0,0.0,0.0,0.0,0.0,199,74,0.675127495743016,0.6931704348504992,0.3607955957653458,0.18488387304532067,188.1818181818182,0.11
type=reactive_gate_rate_per_min=1.0_think_snr=0.5_tau=0.9_seed=2,reactive_gate,1.0,0.5,0.9,reactive_gate,2,413,348,3,0.008547008547008548,0.0410958904109589,348,163.95766619213214,2104.7936349092383,18.24683308467311,600.0,0,51,1,0,0,0.009887878124358037,0.28495081200931943,2823881514.397503,0.0,0,0.0,0.0,0.0,0.0,184,46,0.5984472045510707,0.605716936252495,0.4478095642887206,0.20930045966546376,189.8181818181818,0.13
type=reactive_gate_rate_per_min=1.0_think_snr=0.5_tau=0.9_seed=3,reactive_gate,1.0,0.5,0.9,reactive_gate,3,425,359,5,0.013736263736263736,0.047058823529411764,359,102.24636965811897,1711.2383803150483,6.285067564699541,600.0,0,98,0,0,0,0.004230714343265503,0.4317330509043469,4500526682.0006075,0.0,0,0.0,0.0,0.0,0.0,158,40,0.6160438933364341,0.6261981822586639,0.374218625032375,0.20282153418807186,195.8181818181818,0.12
type=reactive_gate_rate_per_min=1.0_think_snr=0.5_tau=0.9_seed=4,reactive_gate,1.0,0.5,0.9,reactive_gate,4,454,416,2,0.004784688995215311,0.02040816326530612,416,55.43867851186667,1760.0695759279229,0.0,600.0,0,45,0,0,0,0.0034194506676695677,0.3597691993645082,4594190741.368901,0.0,0,0.0,0.0,0.0,0.0,152,65,0.7699602862470545,0.7798315719681705,0.3661870228931948,0.18834839414395077,226.9090909090909,0.11
type=reactive_gate_rate_per_min=1.0_think_snr=0.5_tau=0.9_seed=5,reactive_gate,1.0,0.5,0.9,reactive_gate,5,630,540,9,0.01639344262295082,0.09473684210526316,540,79.3003338383271,2843.7996496276423,1.6647475025544736,600.0000000000005,0,202,0,0,0,0.005580210725494501,0.31359931386965106,4920253319.819556,0.0,0,0.0,0.0,0.0,0.0,175,21,0.5331711978795364,0.5535250681246434,0.47953259790614483,0.2615544920467025,294.54545454545456,0.16
type=reactive_gate_rate_per_min=1.0_think_snr=0.5_tau=0.9_seed=6,reactive_gate,1.0,0.5,0.9,reactive_gate,6,436,367,4,0.01078167115902965,0.045454545454545456,367,174.26769345588855,2995.6401031095393,0.533356699454987,600.0000000000005,0,183,0,0,0,0.0030253606269642743,0.4429342721766224,4981057899.704213,0.0,0,0.0,0.0,0.0,0.0,181,42,0.5510175402716363,0.560919206227104,0.39013438123219374,0.2313402068329486,200.1818181818182,0.13
type=reactive_gate_rate_per_min=1.0_think_snr=0.5_tau=0.9_seed=7,reactive_gate,1.0,0.5,0.9,reactive_gate,7,395,371,0,0.0,0.0,371,130.50534023951082,1428.4682132660778,0.0,600.0,0,19,0,0,0,0.0,0.20668157443137705,3704737591.477149,0.0,0,0.0,0.0,0.0,0.0,157,38,0.7852763756128893,0.7852763756128893,0.3778663941215035,0.22502654067711733,202.36363636363637,0.11
type=reactive_gate_rate_per_min=1.0_think_snr=0.5_tau=0.9_seed=8,reactive_gate,1.0,0.5,0.9,reactive_gate,8,512,434,6,0.013636363636363636,0.061224489795918366,434,107.57295471930252,2037.1828042846807,5.936618009996204,600.0000000000005,0,192,0,0,0,0.010051811952797191,0.46473502053679033,4341487287.103551,0.0,0,0.0,0.0,0.0,0.0,171,44,0.5596454254401081,0.5744887438002316,0.4567632312427157,0.21104956079148376,236.72727272727275,0.14
type=reactive_gate_rate_per_min=1.0_think_snr=0.5_tau=0.9_seed=9,reactive_gate,1.0,0.5,0.9,reactive_gate,9,544,473,5,0.010460251046025104,0.04716981132075472,473,172.29055076774807,2391.0187027326992,29.502964584509144,600.0000000000005,0,153,0,0,0,0.001800799664007561,0.22088738488249973,2217459635.94993,0.0,0,0.0,0.0,0.0,0.0,229,20,0.5652250958881528,0.5761322615392411,0.5690432824033606,0.22244179877630446,258.0,0.16
type=reactive_gate_rate_per_min=1.0_think_snr=0.5_tau=0.9_seed=10,reactive_gate,1.0,0.5,0.9,reactive_gate,10,486,430,1,0.002320185614849188,0.012345679012345678,430,97.25011103350926,1647.843238042765,8.88493349522935,600.0000000000005,0,51,0,0,0,0.004789033584938265,0.22216779432236927,3893261509.488005,0.0,0,0.0,0.0,0.0,0.0,183,53,0.7099105161919413,0.7104783479300117,0.4681007696840197,0.2622808579392831,234.54545454545456,0.13
type=reactive_gate_rate_per_min=1.0_think_snr=0.9_tau=0.5_seed=1,reactive_gate,1.0,0.9,0.5,reactive_gate,1,373,331,6,0.017804154302670624,0.054945054945054944,331,177.10821607813432,2471.055045883716,3.746751077008513,600.0000000000005,0,96,0,0,0,0.007861746244099384,0.3850114083811012,4523621551.518825,0.0,0,0.0,0.0,0.0,0.0,209,63,0.6407266864883412,0.6618457318308856,0.37267889963335277,0.190112358750329,180.54545454545456,0.11
type=reactive_gate_rate_per_min=1.0_think_snr=0.9_tau=0.5_seed=2,reactive_gate,1.0,0.9,0.5,reactive_gate,2,407,341,4,0.011594202898550725,0.05555555555555555,341,173.11141660292014,2113.0427465635544,6.935210998491534,600.0000000000005,0,81,1,0,0,0.0023913170204188415,0.3338111606265333,2986447931.0447874,0.0,0,0.0,0.0,0.0,0.0,186,43,0.5801667673031194,0.5909673454117823,0.42650036145509584,0.21066544700290868,186.0,0.13
type=reactive_gate_rate_per_min=1.0_think_snr=0.9_tau=0.5_seed=3,reactive_gate,1.0,0.9,0.5,reactive_gate,3,423,357,7,0.019230769230769232,0.06896551724137931,357,78.62911074769909,1637.2335685138082,0.0,600.0,0,93,0,0,0,0.007005997175330223,0.4335620642005368,5323470646.97599,0.0,0,0.0,0.0,0.0,0.0,149,44,0.6247449257445878,0.6420099506838005,0.3427543164416602,0.2112811532886703,194.72727272727275,0.11
type=reactive_gate_rate_per_min=1.0_think_snr=0.9_tau=0.5_seed=4,reactive_gate,1.0,0.9,0.5,reactive_gate,4,473,427,2,0.004662004662004662,0.02247191011235955,427,41.378075850978576,1873.4823199699906,0.0,600.0,0,63,0,0,0,0.004686868285755127,0.36122300430526005,4599320289.254004,0.0,0,0.0,0.0,0.0,0.0,155,53,0.7103801038943051,0.7194875411237193,0.37095934882883325,0.19763349888637033,232.9090909090909,0.11
type=reactive_gate_rate_per_min=1.0_think_snr=0.9_tau=0.5_seed=5,reactive_gate,1.0,0.9,0.5,reactive_gate,5,602,508,10,0.019305019305019305,0.09782608695652174,508,81.40768394064685,2532.0546708256884,7.845823929970046,600.0000000000005,0,223,0,0,0,0.00606031775019213,0.3157656365463488,4945221516.763347,0.0,0,0.0,0.0,0.0,0.0,164,21,0.5243457717067838,0.5469587834441086,0.465199112689394,0.2603408980477706,277.0909090909091,0.15
type=reactive_gate_rate_per_min=1.0_think_snr=0.9_tau=0.5_seed=6,reactive_gate,1.0,0.9,0.5,reactive_gate,6,445,377,5,0.013089005235602094,0.054945054945054944,377,143.29184328592214,3136.3268754390947,1.3622303314801503,600.0000000000005,0,227,0,0,0,0.0035517525756446223,0.4688719044922361,5416463910.856465,0.0,0,0.0,0.0,0.0,0.0,172,41,0.5263236535914695,0.5390638763026823,0.3773860569274476,0.21315479910777113,205.63636363636365,0.14
type=reactive_gate_rate_per_min=1.0_think_snr=0.9_tau=0.5_seed=7,reactive_gate,1.0,0.9,0.5,reactive_gate,7,404,357,0,0.0,0.0,357,122.25448238795434,1464.321288298556,5.554929403653788,600.0,0,36,0,0,0,0.0,0.21261689467473577,4093671687.8661084,0.0,0,0.0,0.0,0.0,0.0,148,41,0.7182927738199683,0.7182927738199683,0.3639804984257641,0.21782048163889148,194.72727272727275,0.11
type=reactive_gate_rate_per_min=1.0_think_snr=0.9_tau=0.5_seed=8,reactive_gate,1.0,0.9,0.5,reactive_gate,8,512,420,9,0.02097902097902098,0.09,420,106.18048381515575,2747.085280644236,6.456150596276071,600.0000000000005,0,206,0,0,0,0.010245172793338904,0.412348947729189,5096885616.740937,0.0,0,0.0,0.0,0.0,0.0,169,37,0.5447408886274127,0.5647890747690846,0.4388553624020656,0.22169125429146688,229.0909090909091,0.13
type=reactive_gate_rate_per_min=1.0_think_snr=0.9_tau=0.5_seed=9,reactive_gate,1.0,0.9,0.5,reactive_gate,9,540,471,6,0.012578616352201259,0.05357142857142857,471,174.58673881879258,3097.9725091437126,16.45573544570071,600.0000000000005,0,164,0,0,0,0.0007319653446087914,0.260269231700814,2971812913.9066067,0.0,0,0.0,0.0,0.0,0.0,219,17,0.5682764824781839,0.5853998992125398,0.5363338748785936,0.22424968422232072,256.90909090909093,0.16
type=reactive_gate_rate_per_min=1.0_think_snr=0.9_tau=0.5_seed=10,reactive_gate,1.0,0.9,0.5,reactive_gate,10,486,424,1,0.002352941176470588,0.012195121951219513,424,141.5887331002964,1631.0193937287459,4.0601866696757005,600.0000000000005,0,62,0,0,0,0.004804610808979525,0.2337661248455993,4027457830.7092285,0.0,0,0.0,0.0,0.0,0.0,191,54,0.6540850027211411,0.6542034460625988,0.4697930362924113,0.2471616061238738,231.27272727272728,0.13
type=reactive_gate_rate_per_min=1.0_think_snr=0.9_tau=0.8_seed=1,reactive_gate,1.0,0.9,0.8,reactive_gate,1,373,331,6,0.017804154302670624,0.054945054945054944,331,177.10821607813432,2471.055045883716,3.746751077008513,600.0000000000005,0,96,0,0,0,0.007861746244099384,0.3850114083811012,4523621551.518825,0.0,0,0.0,0.0,0.0,0.0,209,63,0.6407266864883412,0.6618457318308856,0.37267889963335277,0.190112358750329,180.54545454545456,0.11
type=reactive_gate_rate_per_min=1.0_think_snr=0.9_tau=0.8_seed=2,reactive_gate,1.0,0.9,0.8,reactive_gate,2,407,341,4,0.011594202898550725,0.05555555555555555,341,173.11141660292014,2113.0427465635544,6.935210998491534,600.0000000000005,0,81,1,0,0,0.0023913170204188415,0.3338111606265333,2986447931.0447874,0.0,0,0.0,0.0,0.0,0.0,186,43,0.5801667673031194,0.5909673454117823,0.42650036145509584,0.21066544700290868,186.0,0.13
type=reactive_gate_rate_per_min=1.0_think_snr=0.9_tau=0.8_seed=3,reactive_gate,1.0,0.9,0.8,reactive_gate,3,423,357,7,0.019230769230769232,0.06896551724137931,357,78.62911074769909,1637.2335685138082,0.0,600.0,0,93,0,0,0,0.007005997175330223,0.4335620642005368,5323470646.97599,0.0,0,0.0,0.0,0.0,0.0,149,44,0.6247449257445878,0.6420099506838005,0.3427543164416602,0.2112811532886703,194.72727272727275,0.11
type=reactive_gate_rate_per_min=1.0_think_snr=0.9_tau=0.8_seed=4,reactive_gate,1.0,0.9,0.8,reactive_gate,4,473,427,2,0.004662004662004662,0.02247191011235955,427,41.378075850978576,1873.4823199699906,0.0,600.0,0,63,0,0,0,0.004686868285755127,0.36122300430526005,4599320289.254004,0.0,0,0.0,0.0,0.0,0.0,155,53,0.7103801038943051,0.7194875411237193,0.37095934882883325,0.19763349888637033,232.9090909090909,0.11
type=reactive_gate_rate_per_min=1.0_think_snr=0.9_tau=0.8_seed=5,reactive_gate,1.0,0.9,0.8,reactive_gate,5,602,508,10,0.019305019305019305,0.09782608695652174,508,81.40768394064685,2532.0546708256884,7.845823929970046,600.0000000000005,0,223,0,0,0,0.00606031775019213,0.3157656365463488,4945221516.763347,0.0,0,0.0,0.0,0.0,0.0,164,21,0.5243457717067838,0.5469587834441086,0.465199112689394,0.2603408980477706,277.0909090909091,0.16
type=reactive_gate_rate_per_min=1.0_think_snr=0.9_tau=0.8_seed=6,reactive_gate,1.0,0.9,0.8,reactive_gate,6,445,377,5,0.013089005235602094,0.054945054945054944,377,143.29184328592214,3136.3268754390947,1.3622303314801503,600.0000000000005,0,227,0,0,0,0.0035517525756446223,0.4688719044922361,5416463910.856465,0.0,0,0.0,0.0,0.0,0.0,172,41,0.5263236535914695,0.5390638763026823,0.3773860569274476,0.21315479910777113,205.63636363636365,0.13
type=reactive_gate_rate_per_min=1.0_think_snr=0.9_tau=0.8_seed=7,reactive_gate,1.0,0.9,0.8,reactive_gate,7,404,357,0,0.0,0.0,357,122.25448238795434,1464.321288298556,5.554929403653788,600.0,0,36,0,0,0,0.0,0.21261689467473577,4093671687.8661084,0.0,0,0.0,0.0,0.0,0.0,148,41,0.7182927738199683,0.7182927738199683,0.3639804984257641,0.21782048163889148,194.72727272727275,0.11
type=reactive_gate_rate_per_min=1.0_think_snr=0.9_tau=0.8_seed=8,reactive_gate,1.0,0.9,0.8,reactive_gate,8,512,420,9,0.02097902097902098,0.09,420,106.18048381515575,2747.085280644236,6.456150596276071,600.0000000000005,0,206,0,0,0,0.010245172793338904,0.412348947729189,5096885616.740937,0.0,0,0.0,0.0,0.0,0.0,169,37,0.5447408886274127,0.5647890747690846,0.4388553624020656,0.22169125429146688,229.0909090909091,0.13
type=reactive_gate_rate_per_min=1.0_think_snr=0.9_tau=0.8_seed=9,reactive_gate,1.0,0.9,0.8,reactive_gate,9,540,471,6,0.012578616352201259,0.05357142857142857,471,174.58673881879258,3097.9725091437126,16.45573544570071,600.0000000000005,0,164,0,0,0,0.0007319653446087914,0.260269231700814,2971812913.9066067,0.0,0,0.0,0.0,0.0,0.0,219,17,0.5682764824781839,0.5853998992125398,0.5363338748785936,0.22424968422232072,256.90909090909093,0.16
type=reactive_gate_rate_per_min=1.0_think_snr=0.9_tau=0.8_seed=10,reactive_gate,1.0,0.9,0.8,reactive_gate,10,486,424,1,0.002352941176470588,0.012195121951219513,424,141.5887331002964,1631.0193937287459,4.0601866696757005,600.0000000000005,0,62,0,0,0,0.004804610808979525,0.2337661248455993,4027457830.7092285,0.0,0,0.0,0.0,0.0,0.0,191,54,0.6540850027211411,0.6542034460625988,0.4697930362924113,0.2471616061238738,231.27272727272728,0.14
type=reactive_gate_rate_per_min=1.0_think_snr=0.9_tau=0.9_seed=1,reactive_gate,1.0,0.9,0.9,reactive_gate,1,373,331,6,0.017804154302670624,0.054945054945054944,331,177.10821607813432,2471.055045883716,3.746751077008513,600.0000000000005,0,96,0,0,0,0.007861746244099384,0.3850114083811012,4523621551.518825,0.0,0,0.0,0.0,0.0,0.0,209,63,0.6407266864883412,0.6618457318308856,0.37267889963335277,0.190112358750329,180.54545454545456,0.11
type=reactive_gate_rate_per_min=1.0_think_snr=0.9_tau=0.9_seed=2,reactive_gate,1.0,0.9,0.9,reactive_gate,2,407,341,4,0.011594202898550725,0.05555555555555555,341,173.11141660292014,2113.0427465635544,6.935210998491534,600.0000000000005,0,81,1,0,0,0.0023913170204188415,0.3338111606265333,2986447931.0447874,0.0,0,0.0,0.0,0.0,0.0,186,43,0.5801667673031194,0.5909673454117823,0.42650036145509584,0.21066544700290868,186.0,0.13
type=reactive_gate_rate_per_min=1.0_think_snr=0.9_tau=0.9_seed=3,reactive_gate,1.0,0.9,0.9,reactive_gate,3,423,357,7,0.019230769230769232,0.06896551724137931,357,78.62911074769909,1637.2335685138082,0.0,600.0,0,93,0,0,0,0.007005997175330223,0.4335620642005368,5323470646.97599,0.0,0,0.0,0.0,0.0,0.0,149,44,0.6247449257445878,0.6420099506838005,0.3427543164416602,0.2112811532886703,194.72727272727275,0.11
type=reactive_gate_rate_per_min=1.0_think_snr=0.9_tau=0.9_seed=4,reactive_gate,1.0,0.9,0.9,reactive_gate,4,473,427,2,0.004662004662004662,0.02247191011235955,427,41.378075850978576,1873.4823199699906,0.0,600.0,0,63,0,0,0,0.004686868285755127,0.36122300430526005,4599320289.254004,0.0,0,0.0,0.0,0.0,0.0,155,53,0.7103801038943051,0.7194875411237193,0.37095934882883325,0.19763349888637033,232.9090909090909,0.12
type=reactive_gate_rate_per_min=1.0_think_snr=0.9_tau=0.9_seed=5,reactive_gate,1.0,0.9,0.9,reactive_gate,5,602,508,10,0.019305019305019305,0.09782608695652174,508,81.40768394064685,2532.0546708256884,7.845823929970046,600.0000000000005,0,223,0,0,0,0.00606031775019213,0.3157656365463488,4945221516.763347,0.0,0,0.0,0.0,0.0,0.0,164,21,0.5243457717067838,0.5469587834441086,0.465199112689394,0.2603408980477706,277.0909090909091,0.15
type=reactive_gate_rate_per_min=1.0_think_snr=0.9_tau=0.9_seed=6,reactive_gate,1.0,0.9,0.9,reactive_gate,6,445,377,5,0.013089005235602094,0.054945054945054944,377,143.29184328592214,3136.3268754390947,1.3622303314801503,600.0000000000005,0,227,0,0,0,0.0035517525756446223,0.4688719044922361,5416463910.856465,0.0,0,0.0,0.0,0.0,0.0,172,41,0.5263236535914695,0.5390638763026823,0.3773860569274476,0.21315479910777113,205.63636363636365,0.13
type=reactive_gate_rate_per_min=1.0_think_snr=0.9_tau=0.9_seed=7,reactive_gate,1.0,0.9,0.9,reactive_gate,7,404,357,0,0.0,0.0,357,122.25448238795434,1464.321288298556,5.554929403653788,600.0,0,36,0,0,0,0.0,0.21261689467473577,4093671687.8661084,0.0,0,0.0,0.0,0.0,0.0,148,41,0.7182927738199683,0.7182927738199683,0.3639804984257641,0.21782048163889148,194.72727272727275,0.11
type=reactive_gate_rate_per_min=1.0_think_snr=0.9_tau=0.9_seed=8,reactive_gate,1.0,0.9,0.9,reactive_gate,8,512,420,9,0.02097902097902098,0.09,420,106.18048381515575,2747.085280644236,6.456150596276071,600.0000000000005,0,206,0,0,0,0.010245172793338904,0.412348947729189,5096885616.740937,0.0,0,0.0,0.0,0.0,0.0,169,37,0.5447408886274127,0.5647890747690846,0.4388553624020656,0.22169125429146688,229.0909090909091,0.14
type=reactive_gate_rate_per_min=1.0_think_snr=0.9_tau=0.9_seed=9,reactive_gate,1.0,0.9,0.9,reactive_gate,9,540,471,6,0.012578616352201259,0.05357142857142857,471,174.58673881879258,3097.9725091437126,16.45573544570071,600.0000000000005,0,164,0,0,0,0.0007319653446087914,0.260269231700814,2971812913.9066067,0.0,0,0.0,0.0,0.0,0.0,219,17,0.5682764824781839,0.5853998992125398,0.5363338748785936,0.22424968422232072,256.90909090909093,0.16
type=reactive_gate_rate_per_min=1.0_think_snr=0.9_tau=0.9_seed=10,reactive_gate,1.0,0.9,0.9,reactive_gate,10,486,424,1,0.002352941176470588,0.012195121951219513,424,141.5887331002964,1631.0193937287459,4.0601866696757005,600.0000000000005,0,62,0,0,0,0.004804610808979525,0.2337661248455993,4027457830.7092285,0.0,0,0.0,0.0,0.0,0.0,191,54,0.6540850027211411,0.6542034460625988,0.4697930362924113,0.2471616061238738,231.27272727272728,0.14
type=reactive_gate_rate_per_min=2.0_think_snr=0.0_tau=0.5_seed=1,reactive_gate,2.0,0.0,0.5,reactive_gate,1,616,492,7,0.014028056112224449,0.050359712230215826,492,177.65406354315678,2112.2835308586964,19.270821895753283,600.0000000000005,0,270,1,0,0,0.002067941954940711,0.35660116807734765,3693639531.6735096,0.0,0,0.0,0.0,0.0,0.0,274,32,0.5169424403679067,0.5288416224671106,0.6012413629524411,0.24266542988411247,268.3636363636364,0.2
type=reactive_gate_rate_per_min=2.0_think_snr=0.0_tau=0.5_seed=2,reactive_gate,2.0,0.0,0.5,reactive_gate,2,686,512,19,0.035781544256120526,0.13380281690140844,512,140.09881831050006,2630.4624959917787,12.2481946426507,600.0000000000005,0,443,3,0,0,0.009741370818828,0.3388566535705316,2996871230.5481787,0.0,0,0.0,0.0,0.0,0.0,247,23,0.4182289692475473,0.4412076848088159,0.5727869068367974,0.27822087316773353,279.2727272727273,0.21
type=reactive_gate_rate_per_min=2.0_think_snr=0.0_tau=0.5_seed=3,reactive_gate,2.0,0.0,0.5,reactive_gate,3,770,554,34,0.05782312925170068,0.19375,554,73.56534600754162,3081.950479156563,8.840636462053062,600.0000000000005,0,615,0,0,0,0.016124060354335907,0.4396904049251733,4587807695.295256,0.0,0,0.0,0.0,0.0,0.0,276,19,0.3947803496134008,0.4223087505545443,0.5561457757502914,0.24797747259072425,302.1818181818182,0.22
type=reactive_gate_rate_per_min=2.0_think_snr=0.0_tau=0.5_seed=4,reactive_gate,2.0,0.0,0.5,reactive_gate,4,695,558,10,0.017605633802816902,0.057692307692307696,558,98.94350870239168,1992.786087356778,2.452603770157498,600.0000000000005,0,238,0,0,0,0.013792805678159568,0.31851156789712776,5088354626.529724,0.0,0,0.0,0.0,0.0,0.0,224,19,0.492599331068832,0.5025339652916216,0.5252149844518907,0.2836978157274059,304.3636363636364,0.18
type=reactive_gate_rate_per_min=2.0_think_snr=0.0_tau=0.5_seed=5,reactive_gate,2.0,0.0,0.5,reactive_gate,5,992,725,51,0.06572164948453608,0.24519230769230768,725,59.5186619658125,4357.139391326038,20.033293791778526,600.0000000000005,0,1209,1,0,0,0.026587762490301564,0.2404824465969168,4067627402.1637144,0.0,0,0.0,0.0,0.0,0.0,313,4,0.34233315360184124,0.3772149102800458,0.7097142291949948,0.2984161451602247,395.4545454545455,0.32
type=reactive_gate_rate_per_min=2.0_think_snr=0.0_tau=0.5_seed=6,reactive_gate,2.0,0.0,0.5,reactive_gate,6,605,445,26,0.055201698513800426,0.1925925925925926,445,133.82581292219857,3198.427637026624,19.285499154294953,600.0000000000005,0,599,0,0,0,0.01542621289949187,0.42370771252119915,3979008426.4927135,0.0,0,0.0,0.0,0.0,0.0,221,21,0.3844952884036298,0.41854580046470385,0.5383991590585341,0.24796657303756767,242.72727272727275,0.2
type=reactive_gate_rate_per_min=2.0_think_snr=0.0_tau=0.5_seed=7,reactive_gate,2.0,0.0,0.5,reactive_gate,7,719,491,20,0.03913894324853229,0.11428571428571428,491,139.07307509827388,2785.935389571613,18.720412001080696,600.0000000000005,0,646,1,0,0,0.009138679123114078,0.3418536929846733,3442886007.413887,0.0,0,0.0,0.0,0.0,0.0,232,15,0.3758776699657566,0.38877417870989545,0.5742510470894846,0.27059790851823856,267.8181818181818,0.22
type=reactive_gate_rate_per_min=2.0_think_snr=0.0_tau=0.5_seed=8,reactive_gate,2.0,0.0,0.5,reactive_gate,8,817,621,32,0.04900459418070444,0.16853932584269662,621,102.95075145866576,3719.124904724394,15.22643054834782,600.0000000000005,0,761,0,0,0,0.013458289841961393,0.42395525883499585,4559172815.5572195,0.0,0,0.0,0.0,0.0,0.0,267,5,0.3830564499082377,0.41228297561829963,0.6109508293471575,0.2534501161225141,338.72727272727275,0.25
type=reactive_gate_rate_per_min=2.0_think_snr=0.0_tau=0.5_seed=9,reactive_gate,2.0,0.0,0.5,reactive_gate,9,806,592,38,0.06031746031746032,0.20218579234972678,592,137.32698656546745,3739.9856392022243,6.218600624669337,600.0000000000005,0,856,0,0,0,0.013116328439465863,0.3075354586532756,4563563754.199722,0.0,0,0.0,0.0,0.0,0.0,259,9,0.36800207165918924,0.4017064512737694,0.6062490548311642,0.2788311377147522,322.90909090909093,0.26
type=reactive_gate_rate_per_min=2.0_think_snr=0.0_tau=0.5_seed=10,reactive_gate,2.0,0.0,0.5,reactive_gate,10,666,539,14,0.02531645569620253,0.11023622047244094,539,129.25148044641446,2402.496625470805,3.5821736886688034,600.0000000000005,0,321,1,0,0,0.011036604437468404,0.28732365035189206,4531423139.6691675,0.0,0,0.0,0.0,0.0,0.0,222,16,0.4399231885699153,0.4613168057824149,0.539261039214258,0.2918974013979209,294.0,0.19
type=reactive_gate_rate_per_min=2.0_think_snr=0.0_tau=0.8_seed=1,reactive_gate,2.0,0.0,0.8,reactive_gate,1,616,492,7,0.014028056112224449,0.050359712230215826,492,177.65406354315678,2112.2835308586964,19.270821895753283,600.0000000000005,0,270,1,0,0,0.002067941954940711,0.35660116807734765,3693639531.6735096,0.0,0,0.0,0.0,0.0,0.0,274,32,0.5169424403679067,0.5288416224671106,0.6012413629524411,0.24266542988411247,268.3636363636364,0.19
type=reactive_gate_rate_per_min=2.0_think_snr=0.0_tau=0.8_seed=2,reactive_gate,2.0,0.0,0.8,reactive_gate,2,686,512,19,0.035781544256120526,0.13380281690140844,512,140.09881831050006,2630.4624959917787,12.2481946426507,600.0000000000005,0,443,3,0,0,0.009741370818828,0.3388566535705316,2996871230.5481787,0.0,0,0.0,0.0,0.0,0.0,247,23,0.4182289692475473,0.4412076848088159,0.5727869068367974,0.27822087316773353,279.2727272727273,0.22
type=reactive_gate_rate_per_min=2.0_think_snr=0.0_tau=0.8_seed=3,reactive_gate,2.0,0.0,0.8,reactive_gate,3,770,554,34,0.05782312925170068,0.19375,554,73.56534600754162,3081.950479156563,8.840636462053062,600.0000000000005,0,615,0,0,0,0.016124060354335907,0.4396904049251733,4587807695.295256,0.0,0,0.0,0.0,0.0,0.0,276,19,0.3947803496134008,0.4223087505545443,0.5561457757502914,0.24797747259072425,302.1818181818182,0.22
type=reactive_gate_rate_per_min=2.0_think_snr=0.0_tau=0.8_seed=4,reactive_gate,2.0,0.0,0.8,reactive_gate,4,695,558,10,0.017605633802816902,0.057692307692307696,558,98.94350870239168,1992.786087356778,2.452603770157498,600.0000000000005,0,238,0,0,0,0.013792805678159568,0.31851156789712776,5088354626.529724,0.0,0,0.0,0.0,0.0,0.0,224,19,0.492599331068832,0.5025339652916216,0.5252149844518907,0.2836978157274059,304.3636363636364,0.18
type=reactive_gate_rate_per_min=2.0_think_snr=0.0_tau=0.8_seed=5,reactive_gate,2.0,0.0,0.8,reactive_gate,5,992,725,51,0.06572164948453608,0.24519230769230768,725,59.5186619658125,4357.139391326038,20.033293791778526,600.0000000000005,0,1209,1,0,0,0.026587762490301564,0.2404824465969168,4067627402.1637144,0.0,0,0.0,0.0,0.0,0.0,313,4,0.34233315360184124,0.3772149102800458,0.7097142291949948,0.2984161451602247,395.4545454545455,0.33
type=reactive_gate_rate_per_min=2.0_think_snr=0.0_tau=0.8_seed=6,reactive_gate,2.0,0.0,0.8,reactive_gate,6,605,445,26,0.055201698513800426,0.1925925925925926,445,133.82581292219857,3198.427637026624,19.285499154294953,600.0000000000005,0,599,0,0,0,0.01542621289949187,0.42370771252119915,3979008426.4927135,0.0,0,0.0,0.0,0.0,0.0,221,21,0.3844952884036298,0.41854580046470385,0.5383991590585341,0.24796657303756767,242.72727272727275,0.2
type=reactive_gate_rate_per_min=2.0_think_snr=0.0_tau=0.8_seed=7,reactive_gate,2.0,0.0,0.8,reactive_gate,7,719,491,20,0.03913894324853229,0.11428571428571428,491,139.07307509827388,2785.935389571613,18.720412001080696,600.0000000000005,0,646,1,0,0,0.009138679123114078,0.3418536929846733,3442886007.413887,0.0,0,0.0,0.0,0.0,0.0,232,15,0.3758776699657566,0.38877417870989545,0.5742510470894846,0.27059790851823856,267.8181818181818,0.23
type=reactive_gate_rate_per_min=2.0_think_snr=0.0_tau=0.8_seed=8,reactive_gate,2.0,0.0,0.8,reactive_gate,8,817,621,32,0.04900459418070444,0.16853932584269662,621,102.95075145866576,3719.124904724394,15.22643054834782,600.0000000000005,0,761,0,0,0,0.013458289841961393,0.42395525883499585,4559172815.5572195,0.0,0,0.0,0.0,0.0,0.0,267,5,0.3830564499082377,0.41228297561829963,0.6109508293471575,0.2534501161225141,338.72727272727275,0.25
type=reactive_gate_rate_per_min=2.0_think_snr=0.0_tau=0.8_seed=9,reactive_gate,2.0,0.0,0.8,reactive_gate,9,806,592,38,0.06031746031746032,0.20218579234972678,592,137.32698656546745,3739.9856392022243,6.218600624669337,600.0000000000005,0,856,0,0,0,0.013116328439465863,0.3075354586532756,4563563754.199722,0.0,0,0.0,0.0,0.0,0.0,259,9,0.36800207165918924,0.4017064512737694,0.6062490548311642,0.2788311377147522,322.90909090909093,0.27
type=reactive_gate_rate_per_min=2.0_think_snr=0.0_tau=0.8_seed=10,reactive_gate,2.0,0.0,0.8,reactive_gate,10,666,539,14,0.02531645569620253,0.11023622047244094,539,129.25148044641446,2402.496625470805,3.5821736886688034,600.0000000000005,0,321,1,0,0,0.011036604437468404,0.28732365035189206,4531423139.6691675,0.0,0,0.0,0.0,0.0,0.0,222,16,0.4399231885699153,0.4613168057824149,0.539261039214258,0.2918974013979209,294.0,0.18
type=reactive_gate_rate_per_min=2.0_think_snr=0.0_tau=0.9_seed=1,reactive_gate,2.0,0.0,0.9,reactive_gate,1,616,492,7,0.014028056112224449,0.050359712230215826,492,177.65406354315678,2112.2835308586964,19.270821895753283,600.0000000000005,0,270,1,0,0,0.002067941954940711,0.35660116807734765,3693639531.6735096,0.0,0,0.0,0.0,0.0,0.0,274,32,0.5169424403679067,0.5288416224671106,0.6012413629524411,0.24266542988411247,268.3636363636364,0.19
type=reactive_gate_rate_per_min=2.0_think_snr=0.0_tau=0.9_seed=2,reactive_gate,2.0,0.0,0.9,reactive_gate,2,686,512,19,0.035781544256120526,0.13380281690140844,512,140.09881831050006,2630.4624959917787,12.2481946426507,600.0000000000005,0,443,3,0,0,0.009741370818828,0.3388566535705316,2996871230.5481787,0.0,0,0.0,0.0,0.0,0.0,247,23,0.4182289692475473,0.4412076848088159,0.5727869068367974,0.27822087316773353,279.2727272727273,0.22
type=reactive_gate_rate_per_min=2.0_think_snr=0.0_tau=0.9_seed=3,reactive_gate,2.0,0.0,0.9,reactive_gate,3,770,554,34,0.05782312925170068,0.19375,554,73.56534600754162,3081.950479156563,8.840636462053062,600.0000000000005,0,615,0,0,0,0.016124060354335907,0.4396904049251733,4587807695.295256,0.0,0,0.0,0.0,0.0,0.0,276,19,0.3947803496134008,0.4223087505545443,0.5561457757502914,0.24797747259072425,302.1818181818182,0.23
type=reactive_gate_rate_per_min=2.0_think_snr=0.0_tau=0.9_seed=4,reactive_gate,2.0,0.0,0.9,reactive_gate,4,695,558,10,0.017605633802816902,0.057692307692307696,558,98.94350870239168,1992.786087356778,2.452603770157498,600.0000000000005,0,238,0,0,0,0.013792805678159568,0.31851156789712776,5088354626.529724,0.0,0,0.0,0.0,0.0,0.0,224,19,0.492599331068832,0.5025339652916216,0.5252149844518907,0.2836978157274059,304.3636363636364,0.19
type=reactive_gate_rate_per_min=2.0_think_snr=0.0_tau=0.9_seed=5,reactive_gate,2.0,0.0,0.9,reactive_gate,5,992,725,51,0.06572164948453608,0.24519230769230768,725,59.5186619658125,4357.139391326038,20.033293791778526,600.0000000000005,0,1209,1,0,0,0.026587762490301564,0.2404824465969168,4067627402.1637144,0.0,0,0.0,0.0,0.0,0.0,313,4,0.34233315360184124,0.3772149102800458,0.7097142291949948,0.2984161451602247,395.4545454545455,0.32
type=reactive_gate_rate_per_min=2.0_think_snr=0.0_tau=0.9_seed=6,reactive_gate,2.0,0.0,0.9,reactive_gate,6,605,445,26,0.055201698513800426,0.1925925925925926,445,133.82581292219857,3198.427637026624,19.285499154294953,600.0000000000005,0,599,0,0,0,0.01542621289949187,0.42370771252119915,3979008426.4927135,0.0,0,0.0,0.0,0.0,0.0,221,21,0.3844952884036298,0.41854580046470385,0.5383991590585341,0.24796657303756767,242.72727272727275,0.2
type=reactive_gate_rate_per_min=2.0_think_snr=0.0_tau=0.9_seed=7,reactive_gate,2.0,0.0,0.9,reactive_gate,7,719,491,20,0.03913894324853229,0.11428571428571428,491,139.07307509827388,2785.935389571613,18.720412001080696,600.0000000000005,0,646,1,0,0,0.009138679123114078,0.3418536929846733,3442886007.413887,0.0,0,0.0,0.0,0.0,0.0,232,15,0.3758776699657566,0.38877417870989545,0.5742510470894846,0.27059790851823856,267.8181818181818,0.22
type=reactive_gate_rate_per_min=2.0_think_snr=0.0_tau=0.9_seed=8,reactive_gate,2.0,0.0,0.9,reactive_gate,8,817,621,32,0.04900459418070444,0.16853932584269662,621,102.95075145866576,3719.124904724394,15.22643054834782,600.0000000000005,0,761,0,0,0,0.013458289841961393,0.42395525883499585,4559172815.5572195,0.0,0,0.0,0.0,0.0,0.0,267,5,0.3830564499082377,0.41228297561829963,0.6109508293471575,0.2534501161225141,338.72727272727275,0.25
type=reactive_gate_rate_per_min=2.0_think_snr=0.0_tau=0.9_seed=9,reactive_gate,2.0,0.0,0.9,reactive_gate,9,806,592,38,0.06031746031746032,0.20218579234972678,592,137.32698656546745,3739.9856392022243,6.218600624669337,600.0000000000005,0,856,0,0,0,0.013116328439465863,0.3075354586532756,4563563754.199722,0.0,0,0.0,0.0,0.0,0.0,259,9,0.36800207165918924,0.4017064512737694,0.6062490548311642,0.2788311377147522,322.90909090909093,0.26
type=reactive_gate_rate_per_min=2.0_think_snr=0.0_tau=0.9_seed=10,reactive_gate,2.0,0.0,0.9,reactive_gate,10,666,539,14,0.02531645569620253,0.11023622047244094,539,129.25148044641446,2402.496625470805,3.5821736886688034,600.0000000000005,0,321,1,0,0,0.011036604437468404,0.28732365035189206,4531423139.6691675,0.0,0,0.0,0.0,0.0,0.0,222,16,0.4399231885699153,0.4613168057824149,0.539261039214258,0.2918974013979209,294.0,0.19
type=reactive_gate_rate_per_min=2.0_think_snr=0.5_tau=0.5_seed=1,reactive_gate,2.0,0.5,0.5,reactive_gate,1,635,509,7,0.013565891472868217,0.0425531914893617,509,196.4570472517462,1830.9061946440715,22.758017218878283,600.0000000000005,0,241,1,0,0,0.01362386982131615,0.34532148219558817,3547865417.950111,0.0,0,0.0,0.0,0.0,0.0,297,11,0.4939072351625671,0.4983573821256385,0.6139796645865708,0.23517620466316125,277.6363636363636,0.2
type=reactive_gate_rate_per_min=2.0_think_snr=0.5_tau=0.5_seed=2,reactive_gate,2.0,0.5,0.5,reactive_gate,2,689,501,26,0.04933586337760911,0.19117647058823528,501,153.63113717948727,2933.037920084306,37.929018015105676,600.0000000000005,0,536,2,0,0,0.013659301437505928,0.2378389944304664,2200852634.7908626,0.0,0,0.0,0.0,0.0,0.0,225,27,0.38673122559848494,0.4151353709408866,0.614307439907893,0.2728547465042254,273.2727272727273,0.23
type=reactive_gate_rate_per_min=2.0_think_snr=0.5_tau=0.5_seed=3,reactive_gate,2.0,0.5,0.5,reactive_gate,3,762,551,32,0.0548885077186964,0.18181818181818182,551,71.01193644977047,3031.8072488958505,6.57576445518803,600.0000000000005,0,625,0,0,0,0.017130866011881938,0.4831264512657666,4743566155.587354,0.0,0,0.0,0.0,0.0,0.0,251,23,0.3794068766121701,0.4026876499579092,0.5267743536284317,0.2316607134698879,300.54545454545456,0.23
type=reactive_gate_rate_per_min=2.0_think_snr=0.5_tau=0.5_seed=4,reactive_gate,2.0,0.5,0.5,reactive_gate,4,715,573,9,0.015463917525773196,0.056962025316455694,573,81.3346070097864,1999.5650827184477,1.2485424104550993,600.0000000000005,0,244,0,0,0,0.014629429160853927,0.32598576332400103,5233809295.392366,0.0,0,0.0,0.0,0.0,0.0,201,19,0.48753465612402624,0.4975966313301727,0.5330316803167897,0.2634211243610022,312.54545454545456,0.18
type=reactive_gate_rate_per_min=2.0_think_snr=0.5_tau=0.5_seed=5,reactive_gate,2.0,0.5,0.5,reactive_gate,5,971,708,48,0.06349206349206349,0.23414634146341465,708,71.14727486239303,4934.734280319319,13.39895225130975,600.0000000000005,0,1190,0,0,0,0.020740793018953946,0.32749787488168597,4235426340.1528735,0.0,0,0.0,0.0,0.0,0.0,286,5,0.3305563435515103,0.3622789824522865,0.6613856478770073,0.2814546698408261,386.1818181818182,0.32
type=reactive_gate_rate_per_min=2.0_think_snr=0.5_tau=0.5_seed=6,reactive_gate,2.0,0.5,0.5,reactive_gate,6,629,464,29,0.058823529411764705,0.21481481481481482,464,119.27825308237982,3314.169284022354,14.373292026983941,600.0000000000005,0,656,0,0,0,0.014089127848050916,0.4473554798486147,3895661225.658811,0.0,0,0.0,0.0,0.0,0.0,216,29,0.37619356756863487,0.41310002642336346,0.5329331059068246,0.23761068433108246,253.0909090909091,0.21
type=reactive_gate_rate_per_min=2.0_think_snr=0.5_tau=0.5_seed=7,reactive_gate,2.0,0.5,0.5,reactive_gate,7,759,551,20,0.03502626970227671,0.10526315789473684,551,110.65617189039108,2394.612206157746,0.1182933728713216,600.0000000000005,0,598,0,0,0,0.010907674809182281,0.3235108794359807,4369398208.524249,0.0,0,0.0,0.0,0.0,0.0,209,15,0.401025387150353,0.4191553107832195,0.5323217872029591,0.27340567010741074,300.54545454545456,0.23
type=reactive_gate_rate_per_min=2.0_think_snr=0.5_tau=0.5_seed=8,reactive_gate,2.0,0.5,0.5,reactive_gate,8,790,591,32,0.051364365971107544,0.16853932584269662,591,95.54664339669989,3762.047874713483,6.112648003970207,600.0000000000005,0,795,0,0,0,0.01806958553478073,0.4589380097755778,5050459597.362269,0.0,0,0.0,0.0,0.0,0.0,267,5,0.36833303701130293,0.3944843861311535,0.5658098171417704,0.2516456815028174,322.3636363636364,0.24
type=reactive_gate_rate_per_min=2.0_think_snr=0.5_tau=0.5_seed=9,reactive_gate,2.0,0.5,0.5,reactive_gate,9,820,595,41,0.06446540880503145,0.22905027932960895,595,155.71032019307768,3772.7620666018333,32.776352798221644,600.0000000000005,0,892,1,0,0,0.010616522778129652,0.29685465043176357,2149507960.5113473,0.0,0,0.0,0.0,0.0,0.0,293,9,0.3411063090635862,0.3769883794436548,0.7120538462550182,0.2064533092821597,324.54545454545456,0.29
type=reactive_gate_rate_per_min=2.0_think_snr=0.5_tau=0.5_seed=10,reactive_gate,2.0,0.5,0.5,reactive_gate,10,673,557,8,0.01415929203539823,0.06557377049180328,557,147.65411338160175,2082.432157277265,7.680018217522542,600.0000000000005,0,283,0,0,0,0.006261415830159381,0.23481232496340415,4168906230.7361503,0.0,0,0.0,0.0,0.0,0.0,245,8,0.4981547266918894,0.5108924456352129,0.5747261787061319,0.29472430730023313,303.8181818181818,0.19
type=reactive_gate_rate_per_min=2.0_think_snr=0.5_tau=0.8_seed=1,reactive_gate,2.0,0.5,0.8,reactive_gate,1,635,509,7,0.013565891472868217,0.0425531914893617,509,196.4570472517462,1830.9061946440715,22.758017218878283,600.0000000000005,0,241,1,0,0,0.01362386982131615,0.34532148219558817,3547865417.950111,0.0,0,0.0,0.0,0.0,0.0,297,11,0.4939072351625671,0.4983573821256385,0.6139796645865708,0.23517620466316125,277.6363636363636,0.2
type=reactive_gate_rate_per_min=2.0_think_snr=0.5_tau=0.8_seed=2,reactive_gate,2.0,0.5,0.8,reactive_gate,2,689,501,26,0.04933586337760911,0.19117647058823528,501,153.63113717948727,2933.037920084306,37.929018015105676,600.0000000000005,0,536,2,0,0,0.013659301437505928,0.2378389944304664,2200852634.7908626,0.0,0,0.0,0.0,0.0,0.0,225,27,0.38673122559848494,0.4151353709408866,0.614307439907893,0.2728547465042254,273.2727272727273,0.23
type=reactive_gate_rate_per_min=2.0_think_snr=0.5_tau=0.8_seed=3,reactive_gate,2.0,0.5,0.8,reactive_gate,3,762,551,32,0.0548885077186964,0.18181818181818182,551,71.01193644977047,3031.8072488958505,6.57576445518803,600.0000000000005,0,625,0,0,0,0.017130866011881938,0.4831264512657666,4743566155.587354,0.0,0,0.0,0.0,0.0,0.0,251,23,0.3794068766121701,0.4026876499579092,0.5267743536284317,0.2316607134698879,300.54545454545456,0.22
type=reactive_gate_rate_per_min=2.0_think_snr=0.5_tau=0.8_seed=4,reactive_gate,2.0,0.5,0.8,reactive_gate,4,715,573,9,0.015463917525773196,0.056962025316455694,573,81.3346070097864,1999.5650827184477,1.2485424104550993,600.0000000000005,0,244,0,0,0,0.014629429160853927,0.32598576332400103,5233809295.392366,0.0,0,0.0,0.0,0.0,0.0,201,19,0.48753465612402624,0.4975966313301727,0.5330316803167897,0.2634211243610022,312.54545454545456,0.19
type=reactive_gate_rate_per_min=2.0_think_snr=0.5_tau=0.8_seed=5,reactive_gate,2.0,0.5,0.8,reactive_gate,5,971,708,48,0.06349206349206349,0.23414634146341465,708,71.14727486239303,4934.734280319319,13.39895225130975,600.0000000000005,0,1190,0,0,0,0.020740793018953946,0.32749787488168597,4235426340.1528735,0.0,0,0.0,0.0,0.0,0.0,286,5,0.3305563435515103,0.3622789824522865,0.6613856478770073,0.2814546698408261,386.1818181818182,0.31
type=reactive_gate_rate_per_min=2.0_think_snr=0.5_tau=0.8_seed=6,reactive_gate,2.0,0.5,0.8,reactive_gate,6,629,464,29,0.058823529411764705,0.21481481481481482,464,119.27825308237982,3314.169284022354,14.373292026983941,600.0000000000005,0,656,0,0,0,0.014089127848050916,0.4473554798486147,3895661225.658811,0.0,0,0.0,0.0,0.0,0.0,216,29,0.37619356756863487,0.41310002642336346,0.5329331059068246,0.23761068433108246,253.0909090909091,0.21
type=reactive_gate_rate_per_min=2.0_think_snr=0.5_tau=0.8_seed=7,reactive_gate,2.0,0.5,0.8,reactive_gate,7,759,551,20,0.03502626970227671,0.10526315789473684,551,110.65617189039108,2394.612206157746,0.1182933728713216,600.0000000000005,0,598,0,0,0,0.010907674809182281,0.3235108794359807,4369398208.524249,0.0,0,0.0,0.0,0.0,0.0,209,15,0.401025387150353,0.4191553107832195,0.5323217872029591,0.27340567010741074,300.54545454545456,0.22
type=reactive_gate_rate_per_min=2.0_think_snr=0.5_tau=0.8_seed=8,reactive_gate,2.0,0.5,0.8,reactive_gate,8,790,591,32,0.051364365971107544,0.16853932584269662,591,95.54664339669989,3762.047874713483,6.112648003970207,600.0000000000005,0,795,0,0,0,0.01806958553478073,0.4589380097755778,5050459597.362269,0.0,0,0.0,0.0,0.0,0.0,267,5,0.36833303701130293,0.3944843861311535,0.5658098171417704,0.2516456815028174,322.3636363636364,0.25
type=reactive_gate_rate_per_min=2.0_think_snr=0.5_tau=0.8_seed=9,reactive_gate,2.0,0.5,0.8,reactive_gate,9,820,595,41,0.06446540880503145,0.22905027932960895,595,155.71032019307768,3772.7620666018333,32.776352798221644,600.0000000000005,0,892,1,0,0,0.010616522778129652,0.29685465043176357,2149507960.5113473,0.0,0,0.0,0.0,0.0,0.0,293,9,0.3411063090635862,0.3769883794436548,0.7120538462550182,0.2064533092821597,324.54545454545456,0.28
type=reactive_gate_rate_per_min=2.0_think_snr=0.5_tau=0.8_seed=10,reactive_gate,2.0,0.5,0.8,reactive_gate,10,673,557,8,0.01415929203539823,0.06557377049180328,557,147.65411338160175,2082.432157277265,7.680018217522542,600.0000000000005,0,283,0,0,0,0.006261415830159381,0.23481232496340415,4168906230.7361503,0.0,0,0.0,0.0,0.0,0.0,245,8,0.4981547266918894,0.5108924456352129,0.5747261787061319,0.29472430730023313,303.8181818181818,0.19
type=reactive_gate_rate_per_min=2.0_think_snr=0.5_tau=0.9_seed=1,reactive_gate,2.0,0.5,0.9,reactive_gate,1,635,509,7,0.013565891472868217,0.0425531914893617,509,196.4570472517462,1830.9061946440715,22.758017218878283,600.0000000000005,0,241,1,0,0,0.01362386982131615,0.34532148219558817,3547865417.950111,0.0,0,0.0,0.0,0.0,0.0,297,11,0.4939072351625671,0.4983573821256385,0.6139796645865708,0.23517620466316125,277.6363636363636,0.2
type=reactive_gate_rate_per_min=2.0_think_snr=0.5_tau=0.9_seed=2,reactive_gate,2.0,0.5,0.9,reactive_gate,2,689,501,26,0.04933586337760911,0.19117647058823528,501,153.63113717948727,2933.037920084306,37.929018015105676,600.0000000000005,0,536,2,0,0,0.013659301437505928,0.2378389944304664,2200852634.7908626,0.0,0,0.0,0.0,0.0,0.0,225,27,0.38673122559848494,0.4151353709408866,0.614307439907893,0.2728547465042254,273.2727272727273,0.23
type=reactive_gate_rate_per_min=2.0_think_snr=0.5_tau=0.9_seed=3,reactive_gate,2.0,0.5,0.9,reactive_gate,3,762,551,32,0.0548885077186964,0.18181818181818182,551,71.01193644977047,3031.8072488958505,6.57576445518803,600.0000000000005,0,625,0,0,0,0.017130866011881938,0.4831264512657666,4743566155.587354,0.0,0,0.0,0.0,0.0,0.0,251,23,0.3794068766121701,0.4026876499579092,0.5267743536284317,0.2316607134698879,300.54545454545456,0.23
type=reactive_gate_rate_per_min=2.0_think_snr=0.5_tau=0.9_seed=4,reactive_gate,2.0,0.5,0.9,reactive_gate,4,715,573,9,0.015463917525773196,0.056962025316455694,573,81.3346070097864,1999.5650827184477,1.2485424104550993,600.0000000000005,0,244,0,0,0,0.014629429160853927,0.32598576332400103,5233809295.392366,0.0,0,0.0,0.0,0.0,0.0,201,19,0.48753465612402624,0.4975966313301727,0.5330316803167897,0.2634211243610022,312.54545454545456,0.18
type=reactive_gate_rate_per_min=2.0_think_snr=0.5_tau=0.9_seed=5,reactive_gate,2.0,0.5,0.9,reactive_gate,5,971,708,48,0.06349206349206349,0.23414634146341465,708,71.14727486239303,4934.734280319319,13.39895225130975,600.0000000000005,0,1190,0,0,0,0.020740793018953946,0.32749787488168597,4235426340.1528735,0.0,0,0.0,0.0,0.0,0.0,286,5,0.3305563435515103,0.3622789824522865,0.6613856478770073,0.2814546698408261,386.1818181818182,0.31
type=reactive_gate_rate_per_min=2.0_think_snr=0.5_tau=0.9_seed=6,reactive_gate,2.0,0.5,0.9,reactive_gate,6,629,464,29,0.058823529411764705,0.21481481481481482,464,119.27825308237982,3314.169284022354,14.373292026983941,600.0000000000005,0,656,0,0,0,0.014089127848050916,0.4473554798486147,3895661225.658811,0.0,0,0.0,0.0,0.0,0.0,216,29,0.37619356756863487,0.41310002642336346,0.5329331059068246,0.23761068433108246,253.0909090909091,0.21
type=reactive_gate_rate_per_min=2.0_think_snr=0.5_tau=0.9_seed=7,reactive_gate,2.0,0.5,0.9,reactive_gate,7,759,551,20,0.03502626970227671,0.10526315789473684,551,110.65617189039108,2394.612206157746,0.1182933728713216,600.0000000000005,0,598,0,0,0,0.010907674809182281,0.3235108794359807,4369398208.524249,0.0,0,0.0,0.0,0.0,0.0,209,15,0.401025387150353,0.4191553107832195,0.5323217872029591,0.27340567010741074,300.54545454545456,0.23
type=reactive_gate_rate_per_min=2.0_think_snr=0.5_tau=0.9_seed=8,reactive_gate,2.0,0.5,0.9,reactive_gate,8,790,591,32,0.051364365971107544,0.16853932584269662,591,95.54664339669989,3762.047874713483,6.112648003970207,600.0000000000005,0,795,0,0,0,0.01806958553478073,0.4589380097755778,5050459597.362269,0.0,0,0.0,0.0,0.0,0.0,267,5,0.36833303701130293,0.3944843861311535,0.5658098171417704,0.2516456815028174,322.3636363636364,0.24
type=reactive_gate_rate_per_min=2.0_think_snr=0.5_tau=0.9_seed=9,reactive_gate,2.0,0.5,0.9,reactive_gate,9,820,595,41,0.06446540880503145,0.22905027932960895,595,155.71032019307768,3772.7620666018333,32.776352798221644,600.0000000000005,0,892,1,0,0,0.010616522778129652,0.29685465043176357,2149507960.5113473,0.0,0,0.0,0.0,0.0,0.0,293,9,0.3411063090635862,0.3769883794436548,0.7120538462550182,0.2064533092821597,324.54545454545456,0.3
type=reactive_gate_rate_per_min=2.0_think_snr=0.5_tau=0.9_seed=10,reactive_gate,2.0,0.5,0.9,reactive_gate,10,673,557,8,0.01415929203539823,0.06557377049180328,557,147.65411338160175,2082.432157277265,7.680018217522542,600.0000000000005,0,283,0,0,0,0.006261415830159381,0.23481232496340415,4168906230.7361503,0.0,0,0.0,0.0,0.0,0.0,245,8,0.4981547266918894,0.5108924456352129,0.5747261787061319,0.29472430730023313,303.8181818181818,0.19
type=reactive_gate_rate_per_min=2.0_think_snr=0.9_tau=0.5_seed=1,reactive_gate,2.0,0.9,0.5,reactive_gate,1,609,477,8,0.016494845360824743,0.05185185185185185,477,207.1266525414694,2246.035056370087,28.146696988126994,600.0000000000005,0,308,1,0,0,0.01816582439768404,0.31154469268745116,3452450232.498527,0.0,0,0.0,0.0,0.0,0.0,289,9,0.4727294877075626,0.4787401154703896,0.6117666613935833,0.2414653667897197,260.1818181818182,0.2
type=reactive_gate_rate_per_min=2.0_think_snr=0.9_tau=0.5_seed=2,reactive_gate,2.0,0.9,0.5,reactive_gate,2,684,498,19,0.0367504835589942,0.14074074074074075,498,160.02330983862726,3611.526846535154,10.24512856878265,600.0000000000005,0,492,1,0,0,0.009302466552737107,0.3031643311523123,2953854915.6199217,0.0,0,0.0,0.0,0.0,0.0,258,26,0.3983936598900834,0.4195018328231791,0.5974180682668027,0.26537471706355176,271.6363636363636,0.23
type=reactive_gate_rate_per_min=2.0_think_snr=0.9_tau=0.5_seed=3,reactive_gate,2.0,0.9,0.5,reactive_gate,3,758,544,33,0.05719237435008666,0.2,544,56.776525875602886,2954.950149191214,3.4386544170698046,600.0000000000005,0,623,0,0,0,0.012650951325851464,0.45280604054636214,5538651702.992593,0.0,0,0.0,0.0,0.0,0.0,229,22,0.39787757892798764,0.4271936855196821,0.49506118765378143,0.2264126095226491,296.72727272727275,0.22
type=reactive_gate_rate_per_min=2.0_think_snr=0.9_tau=0.5_seed=4,reactive_gate,2.0,0.9,0.5,reactive_gate,4,724,571,16,0.027257240204429302,0.09615384615384616,571,71.02836467074576,2251.4038700835595,1.5228587205783033,600.0000000000005,0,322,0,0,0,0.01586548154133978,0.3517501796761173,5254409361.532712,0.0,0,0.0,0.0,0.0,0.0,206,21,0.4563602355736526,0.4722514321595138,0.5242365066166472,0.2442485456166793,311.45454545454544,0.19
type=reactive_gate_rate_per_min=2.0_think_snr=0.9_tau=0.5_seed=5,reactive_gate,2.0,0.9,0.5,reactive_gate,5,973,721,46,0.05997392438070404,0.22115384615384615,721,58.31615237727556,3713.3991225324035,14.53249457945094,600.0000000000005,0,1169,0,0,0,0.018529191667870506,0.2409231701087736,4483908250.330435,0.0,0,0.0,0.0,0.0,0.0,274,5,0.3541374443346757,0.3892466016381334,0.6612614370831714,0.30167049186860917,393.2727272727273,0.31
type=reactive_gate_rate_per_min=2.0_think_snr=0.9_tau=0.5_seed=6,reactive_gate,2.0,0.9,0.5,reactive_gate,6,625,469,24,0.0486815415821501,0.1643835616438356,469,153.59230600496085,3607.083576318125,3.455093334747744,600.0000000000005,0,628,0,0,0,0.012072733474049937,0.4159543695993656,4537457466.881044,0.0,0,0.0,0.0,0.0,0.0,213,24,0.3861328616488516,0.41476637312126297,0.5125273244585276,0.2564520224909244,255.81818181818184,0.21
type=reactive_gate_rate_per_min=2.0_think_snr=0.9_tau=0.5_seed=7,reactive_gate,2.0,0.9,0.5,reactive_gate,7,734,517,22,0.04081632653061224,0.12154696132596685,517,125.26029407573924,2747.4511781069727,0.0,600.0000000000005,0,615,0,0,0,0.012765660378559116,0.3123373652984931,4536673070.399018,0.0,0,0.0,0.0,0.0,0.0,203,17,0.40432045454505394,0.42259656200236384,0.5248997984735172,0.2662149696646032,282.0,0.21
type=reactive_gate_rate_per_min=2.0_think_snr=0.9_tau=0.5_seed=8,reactive_gate,2.0,0.9,0.5,reactive_gate,8,794,578,35,0.057096247960848286,0.19411764705882353,578,93.71330897963708,3755.675182219425,1.911499829330591,600.0000000000005,0,809,0,0,0,0.02401682610055542,0.43242549862122104,6238603838.477404,0.0,0,0.0,0.0,0.0,0.0,260,5,0.371802217230254,0.4037191577146669,0.5429548172227079,0.254798974064418,315.2727272727273,0.24
type=reactive_gate_rate_per_min=2.0_think_snr=0.9_tau=0.5_seed=9,reactive_gate,2.0,0.9,0.5,reactive_gate,9,830,597,48,0.07441860465116279,0.2553191489361702,597,131.56627017270694,3693.4786799471603,23.31040213318263,600.0000000000005,0,920,1,0,0,0.014732705818714591,0.3022984211333961,3362922688.515576,0.0,0,0.0,0.0,0.0,0.0,275,6,0.35064649929720093,0.39240531812919843,0.6521621525673401,0.2560936324678749,325.6363636363636,0.29
type=reactive_gate_rate_per_min=2.0_think_snr=0.9_tau=0.5_seed=10,reactive_gate,2.0,0.9,0.5,reactive_gate,10,655,521,15,0.027985074626865673,0.1271186440677966,521,147.523179599787,2383.916934960732,11.82341325127642,600.0000000000005,0,358,0,0,0,0.00804446094186467,0.26735571163436767,4015620090.3324876,0.0,0,0.0,0.0,0.0,0.0,244,10,0.4660818760534305,0.48705230534832883,0.5774659500938877,0.27491743525372364,284.1818181818182,0.19
type=reactive_gate_rate_per_min=2.0_think_snr=0.9_tau=0.8_seed=1,reactive_gate,2.0,0.9,0.8,reactive_gate,1,609,477,8,0.016494845360824743,0.05185185185185185,477,207.1266525414694,2246.035056370087,28.146696988126994,600.0000000000005,0,308,1,0,0,0.01816582439768404,0.31154469268745116,3452450232.498527,0.0,0,0.0,0.0,0.0,0.0,289,9,0.4727294877075626,0.4787401154703896,0.6117666613935833,0.2414653667897197,260.1818181818182,0.21
type=reactive_gate_rate_per_min=2.0_think_snr=0.9_tau=0.8_seed=2,reactive_gate,2.0,0.9,0.8,reactive_gate,2,684,498,19,0.0367504835589942,0.14074074074074075,498,160.02330983862726,3611.526846535154,10.24512856878265,600.0000000000005,0,492,1,0,0,0.009302466552737107,0.3031643311523123,2953854915.6199217,0.0,0,0.0,0.0,0.0,0.0,258,26,0.3983936598900834,0.4195018328231791,0.5974180682668027,0.26537471706355176,271.6363636363636,0.22
type=reactive_gate_rate_per_min=2.0_think_snr=0.9_tau=0.8_seed=3,reactive_gate,2.0,0.9,0.8,reactive_gate,3,758,544,33,0.05719237435008666,0.2,544,56.776525875602886,2954.950149191214,3.4386544170698046,600.0000000000005,0,623,0,0,0,0.012650951325851464,0.45280604054636214,5538651702.992593,0.0,0,0.0,0.0,0.0,0.0,229,22,0.39787757892798764,0.4271936855196821,0.49506118765378143,0.2264126095226491,296.72727272727275,0.22
type=reactive_gate_rate_per_min=2.0_think_snr=0.9_tau=0.8_seed=4,reactive_gate,2.0,0.9,0.8,reactive_gate,4,724,571,16,0.027257240204429302,0.09615384615384616,571,71.02836467074576,2251.4038700835595,1.5228587205783033,600.0000000000005,0,322,0,0,0,0.01586548154133978,0.3517501796761173,5254409361.532712,0.0,0,0.0,0.0,0.0,0.0,206,21,0.4563602355736526,0.4722514321595138,0.5242365066166472,0.2442485456166793,311.45454545454544,0.18
type=reactive_gate_rate_per_min=2.0_think_snr=0.9_tau=0.8_seed=5,reactive_gate,2.0,0.9,0.8,reactive_gate,5,973,721,46,0.05997392438070404,0.22115384615384615,721,58.31615237727556,3713.3991225324035,14.53249457945094,600.0000000000005,0,1169,0,0,0,0.018529191667870506,0.2409231701087736,4483908250.330435,0.0,0,0.0,0.0,0.0,0.0,274,5,0.3541374443346757,0.3892466016381334,0.6612614370831714,0.30167049186860917,393.2727272727273,0.32
type=reactive_gate_rate_per_min=2.0_think_snr=0.9_tau=0.8_seed=6,reactive_gate,2.0,0.9,0.8,reactive_gate,6,625,469,24,0.0486815415821501,0.1643835616438356,469,153.59230600496085,3607.083576318125,3.455093334747744,600.0000000000005,0,628,0,0,0,0.012072733474049937,0.4159543695993656,4537457466.881044,0.0,0,0.0,0.0,0.0,0.0,213,24,0.3861328616488516,0.41476637312126297,0.5125273244585276,0.2564520224909244,255.81818181818184,0.2
type=reactive_gate_rate_per_min=2.0_think_snr=0.9_tau=0.8_seed=7,reactive_gate,2.0,0.9,0.8,reactive_gate,7,734,517,22,0.04081632653061224,0.12154696132596685,517,125.26029407573924,2747.4511781069727,0.0,600.0000000000005,0,615,0,0,0,0.012765660378559116,0.3123373652984931,4536673070.399018,0.0,0,0.0,0.0,0.0,0.0,203,17,0.40432045454505394,0.42259656200236384,0.5248997984735172,0.2662149696646032,282.0,0.21
type=reactive_gate_rate_per_min=2.0_think_snr=0.9_tau=0.8_seed=8,reactive_gate,2.0,0.9,0.8,reactive_gate,8,794,578,35,0.057096247960848286,0.19411764705882353,578,93.71330897963708,3755.675182219425,1.911499829330591,600.0000000000005,0,809,0,0,0,0.02401682610055542,0.43242549862122104,6238603838.477404,0.0,0,0.0,0.0,0.0,0.0,260,5,0.371802217230254,0.4037191577146669,0.5429548172227079,0.254798974064418,315.2727272727273,0.25
type=reactive_gate_rate_per_min=2.0_think_snr=0.9_tau=0.8_seed=9,reactive_gate,2.0,0.9,0.8,reactive_gate,9,830,597,48,0.07441860465116279,0.2553191489361702,597,131.56627017270694,3693.4786799471603,23.31040213318263,600.0000000000005,0,920,1,0,0,0.014732705818714591,0.3022984211333961,3362922688.515576,0.0,0,0.0,0.0,0.0,0.0,275,6,0.35064649929720093,0.39240531812919843,0.6521621525673401,0.2560936324678749,325.6363636363636,0.27
type=reactive_gate_rate_per_min=2.0_think_snr=0.9_tau=0.8_seed=10,reactive_gate,2.0,0.9,0.8,reactive_gate,10,655,521,15,0.027985074626865673,0.1271186440677966,521,147.523179599787,2383.916934960732,11.82341325127642,600.0000000000005,0,358,0,0,0,0.00804446094186467,0.26735571163436767,4015620090.3324876,0.0,0,0.0,0.0,0.0,0.0,244,10,0.4660818760534305,0.48705230534832883,0.5774659500938877,0.27491743525372364,284.1818181818182,0.2
type=reactive_gate_rate_per_min=2.0_think_snr=0.9_tau=0.9_seed=1,reactive_gate,2.0,0.9,0.9,reactive_gate,1,609,477,8,0.016494845360824743,0.05185185185185185,477,207.1266525414694,2246.035056370087,28.146696988126994,600.0000000000005,0,308,1,0,0,0.01816582439768404,0.31154469268745116,3452450232.498527,0.0,0,0.0,0.0,0.0,0.0,289,9,0.4727294877075626,0.4787401154703896,0.6117666613935833,0.2414653667897197,260.1818181818182,0.2
type=reactive_gate_rate_per_min=2.0_think_snr=0.9_tau=0.9_seed=2,reactive_gate,2.0,0.9,0.9,reactive_gate,2,684,498,19,0.0367504835589942,0.14074074074074075,498,160.02330983862726,3611.526846535154,10.24512856878265,600.0000000000005,0,492,1,0,0,0.009302466552737107,0.3031643311523123,2953854915.6199217,0.0,0,0.0,0.0,0.0,0.0,258,26,0.3983936598900834,0.4195018328231791,0.5974180682668027,0.26537471706355176,271.6363636363636,0.23
type=reactive_gate_rate_per_min=2.0_think_snr=0.9_tau=0.9_seed=3,reactive_gate,2.0,0.9,0.9,reactive_gate,3,758,544,33,0.05719237435008666,0.2,544,56.776525875602886,2954.950149191214,3.4386544170698046,600.0000000000005,0,623,0,0,0,0.012650951325851464,0.45280604054636214,5538651702.992593,0.0,0,0.0,0.0,0.0,0.0,229,22,0.39787757892798764,0.4271936855196821,0.49506118765378143,0.2264126095226491,296.72727272727275,0.22
type=reactive_gate_rate_per_min=2.0_think_snr=0.9_tau=0.9_seed=4,reactive_gate,2.0,0.9,0.9,reactive_gate,4,724,571,16,0.027257240204429302,0.09615384615384616,571,71.02836467074576,2251.4038700835595,1.5228587205783033,600.0000000000005,0,322,0,0,0,0.01586548154133978,0.3517501796761173,5254409361.532712,0.0,0,0.0,0.0,0.0,0.0,206,21,0.4563602355736526,0.4722514321595138,0.5242365066166472,0.2442485456166793,311.45454545454544,0.18
type=reactive_gate_rate_per_min=2.0_think_snr=0.9_tau=0.9_seed=5,reactive_gate,2.0,0.9,0.9,reactive_gate,5,973,721,46,0.05997392438070404,0.22115384615384615,721,58.31615237727556,3713.3991225324035,14.53249457945094,600.0000000000005,0,1169,0,0,0,0.018529191667870506,0.2409231701087736,4483908250.330435,0.0,0,0.0,0.0,0.0,0.0,274,5,0.3541374443346757,0.3892466016381334,0.6612614370831714,0.30167049186860917,393.2727272727273,0.32
type=reactive_gate_rate_per_min=2.0_think_snr=0.9_tau=0.9_seed=6,reactive_gate,2.0,0.9,0.9,reactive_gate,6,625,469,24,0.0486815415821501,0.1643835616438356,469,153.59230600496085,3607.083576318125,3.455093334747744,600.0000000000005,0,628,0,0,0,0.012072733474049937,0.4159543695993656,4537457466.881044,0.0,0,0.0,0.0,0.0,0.0,213,24,0.3861328616488516,0.41476637312126297,0.5125273244585276,0.2564520224909244,255.81818181818184,0.2
type=reactive_gate_rate_per_min=2.0_think_snr=0.9_tau=0.9_seed=7,reactive_gate,2.0,0.9,0.9,reactive_gate,7,734,517,22,0.04081632653061224,0.12154696132596685,517,125.26029407573924,2747.4511781069727,0.0,600.0000000000005,0,615,0,0,0,0.012765660378559116,0.3123373652984931,4536673070.399018,0.0,0,0.0,0.0,0.0,0.0,203,17,0.40432045454505394,0.42259656200236384,0.5248997984735172,0.2662149696646032,282.0,0.22
type=reactive_gate_rate_per_min=2.0_think_snr=0.9_tau=0.9_seed=8,reactive_gate,2.0,0.9,0.9,reactive_gate,8,794,578,35,0.057096247960848286,0.19411764705882353,578,93.71330897963708,3755.675182219425,1.911499829330591,600.0000000000005,0,809,0,0,0,0.02401682610055542,0.43242549862122104,6238603838.477404,0.0,0,0.0,0.0,0.0,0.0,260,5,0.371802217230254,0.4037191577146669,0.5429548172227079,0.254798974064418,315.2727272727273,0.24
type=reactive_gate_rate_per_min=2.0_think_snr=0.9_tau=0.9_seed=9,reactive_gate,2.0,0.9,0.9,reactive_gate,9,830,597,48,0.07441860465116279,0.2553191489361702,597,131.56627017270694,3693.4786799471603,23.31040213318263,600.0000000000005,0,920,1,0,0,0.014732705818714591,0.3022984211333961,3362922688.515576,0.0,0,0.0,0.0,0.0,0.0,275,6,0.35064649929720093,0.39240531812919843,0.6521621525673401,0.2560936324678749,325.6363636363636,0.28
type=reactive_gate_rate_per_min=2.0_think_snr=0.9_tau=0.9_seed=10,reactive_gate,2.0,0.9,0.9,reactive_gate,10,655,521,15,0.027985074626865673,0.1271186440677966,521,147.523179599787,2383.916934960732,11.82341325127642,600.0000000000005,0,358,0,0,0,0.00804446094186467,0.26735571163436767,4015620090.3324876,0.0,0,0.0,0.0,0.0,0.0,244,10,0.4660818760534305,0.48705230534832883,0.5774659500938877,0.27491743525372364,284.1818181818182,0.19
type=lease_rate_per_min=1.0_think_snr=0.0_tau=0.5_seed=1,lease,1.0,0.0,0.5,lease,1,405,387,1,0.002577319587628866,0.009708737864077669,387,99.64365936462445,1376.7725405428516,0.0,600.0,0,30,0,0,0,0.0031697112945095773,0.3830067965655242,3674309611.9845905,0.0,0,59.11710504869734,3.5430737712708833,448800.0,329.3176222234148,206,103,0.9182762066618165,0.9242005692854413,0.3881543548667768,0.21736281432812207,211.0909090909091,0.27
type=lease_rate_per_min=1.0_think_snr=0.0_tau=0.5_seed=2,lease,1.0,0.0,0.5,lease,2,417,375,2,0.005305039787798408,0.02531645569620253,375,164.83477222222336,1369.6187233262588,44.31746493358686,600.0,0,21,1,0,0,0.0027893793077943914,0.23493875307566942,1754508677.2750862,0.0,0,146.60979378540583,24.69400661335021,548400.0,737.2884233751106,192,53,0.8086930149603094,0.8191955216481056,0.491417685092107,0.2427903541901226,204.54545454545456,0.32
type=lease_rate_per_min=1.0_think_snr=0.0_tau=0.5_seed=3,lease,1.0,0.0,0.5,lease,3,470,419,4,0.009456264775413711,0.029411764705882353,419,132.8161154905938,1301.29030815518,29.430902793940565,478.24258954806464,0,31,2,0,0,0.0029628016223541783,0.38927166012912806,2688856553.220487,0.0,0,464.15739568631034,33.54819399515418,495000.0,1326.2457124685118,185,49,0.7682089631934336,0.7777851186565741,0.47707519299970863,0.24285122899500383,228.54545454545456,0.31
type=lease_rate_per_min=1.0_think_snr=0.0_tau=0.5_seed=4,lease,1.0,0.0,0.5,lease,4,458,427,3,0.0069767441860465115,0.020202020202020204,427,59.160188152312,1893.6854659379817,0.0,600.0,0,38,0,0,0,0.009680292758175554,0.38477253034768744,3558427563.8713236,0.0,0,50.16334254568278,0.3136065481694459,495000.0,191.2253142328059,173,108,0.8704595126793355,0.8842292792587401,0.39845441598679104,0.2025503672273992,232.9090909090909,0.28
type=lease_rate_per_min=1.0_think_snr=0.0_tau=0.5_seed=5,lease,1.0,0.0,0.5,lease,5,659,586,2,0.003401360544217687,0.020202020202020204,586,137.47218367342225,2160.8639797660658,54.47896693609648,600.0000000000005,0,76,1,0,0,0.0011139258993581353,0.31136753541461915,2279746357.1051383,0.0,0,397.13659399815197,24.730375907271537,576600.0,3292.307214052481,195,62,0.6540267985811403,0.6602854282326345,0.6032048195334758,0.30012792670207616,319.6363636363636,0.42
type=lease_rate_per_min=1.0_think_snr=0.0_tau=0.5_seed=6,lease,1.0,0.0,0.5,lease,6,444,396,1,0.0025188916876574307,0.010309278350515464,396,211.80274745833367,1936.4934094114865,39.49344437512949,600.0,0,53,1,0,0,0.000603920748820651,0.38640978885405947,2686129154.9278464,0.0,0,567.9074397059462,316.15412446188657,426000.0,1633.1947371651215,205,69,0.7644809002480787,0.7659387163528996,0.5129821569258288,0.2753016280001136,216.0,0.33
type=lease_rate_per_min=1.0_think_snr=0.0_tau=0.5_seed=7,lease,1.0,0.0,0.5,lease,7,404,376,0,0.0,0.0,376,106.93804804304546,1385.960094765314,31.06486094722268,88.4839354572714,0,12,2,0,0,0.0019521674694713167,0.2182265560925209,2180250963.4819994,0.0,0,223.44047635249444,69.5591263019669,493200.0,216.09699119967195,163,77,0.9075109782230711,0.9075109782230711,0.44299451073637014,0.22824278341706708,205.0909090909091,0.27
type=lease_rate_per_min=1.0_think_snr=0.0_tau=0.5_seed=8,lease,1.0,0.0,0.5,lease,8,544,485,2,0.004106776180698152,0.018018018018018018,485,135.91080083641464,1839.2960697676494,12.043774781469372,600.0,0,71,0,0,0,0.008544929578986738,0.4447830339639525,3323460571.2221336,0.0,0,219.35534107638472,85.1906941625648,499800.0,1917.6969099293387,193,56,0.7159554030743739,0.720274271650051,0.5280947143105738,0.2556913338760056,264.54545454545456,0.35
type=lease_rate_per_min=1.0_think_snr=0.0_tau=0.5_seed=9,lease,1.0,0.0,0.5,lease,9,538,486,1,0.002053388090349076,0.008928571428571428,486,196.02062556584121,1609.9051479903017,52.98486763902875,600.0,0,30,1,0,0,0.00010805582476538145,0.2522482091358743,1500279616.326775,0.0,0,248.29653771375501,35.379152724845426,545400.0,1798.3731608577964,217,74,0.7592818859713737,0.7629531410612399,0.6178331223007317,0.25316896154628293,265.0909090909091,0.38
type=lease_rate_per_min=1.0_think_snr=0.0_tau=0.5_seed=10,lease,1.0,0.0,0.5,lease,10,501,462,2,0.004310344827586207,0.021505376344086023,462,109.47673994107345,1485.501862474804,27.79182321857632,457.31397461340975,0,26,2,0,0,0.0046345437428338835,0.2160255943905097,2657941285.5649924,0.0,0,394.99342685481815,61.326012899132365,397800.0,179.5808025493805,190,111,0.8217711784660627,0.8281419095671612,0.5167754485641674,0.2944169260279082,252.0,0.34
type=lease_rate_per_min=1.0_think_snr=0.0_tau=0.8_seed=1,lease,1.0,0.0,0.8,lease,1,405,381,1,0.002617801047120419,0.009708737864077669,381,118.3209130050227,2016.0325538584987,0.0,600.0,0,42,0,0,0,0.0030049923873933337,0.38812904690345806,3912632386.837444,11745.389201991444,63,278.9286711012029,71.16530865774894,444600.0,234.75524496513222,203,90,0.8965718283819002,0.9023561627585575,0.38894711866663434,0.21254240319112694,207.8181818181818,0.26
type=lease_rate_per_min=1.0_think_snr=0.0_tau=0.8_seed=2,lease,1.0,0.0,0.8,lease,2,420,375,2,0.005305039787798408,0.02531645569620253,375,176.2545125216052,1270.7789085854565,34.8927493875865,600.0,0,24,2,0,0,0.0038122867630636143,0.2367090427031273,1689489166.9053528,11619.544582245398,65,503.5625090559253,127.7134241992062,550200.0,626.3533734840416,193,47,0.8143708376814879,0.824947082326702,0.4950947212388307,0.24022481073781599,204.54545454545456,0.32
type=lease_rate_per_min=1.0_think_snr=0.0_tau=0.8_seed=3,lease,1.0,0.0,0.8,lease,3,473,419,4,0.009456264775413711,0.0297029702970297,419,129.45725280203033,1298.391015807854,28.645211877647302,600.0,0,32,0,0,0,0.0014706370071420464,0.3915106344354464,2980375635.1147213,8902.593799683651,59,988.1024384530226,164.74819255829243,494400.0,1248.5579891518194,183,46,0.7653849382604783,0.7749283195486083,0.47434247662522666,0.24039638636871757,228.54545454545456,0.32
type=lease_rate_per_min=1.0_think_snr=0.0_tau=0.8_seed=4,lease,1.0,0.0,0.8,lease,4,459,428,3,0.0069605568445475635,0.020202020202020204,428,56.95666511441095,1888.7706079277382,0.0,600.0,0,39,0,0,0,0.00921407204879462,0.3893918846521654,3339062900.876804,13332.053684051258,62,236.45838959219589,12.483295648899002,495000.0,291.3228386938122,171,99,0.8697176154274447,0.8834749151381073,0.39295144432708495,0.1983928710302399,233.45454545454547,0.28
type=lease_rate_per_min=1.0_think_snr=0.0_tau=0.8_seed=5,lease,1.0,0.0,0.8,lease,5,665,589,2,0.00338409475465313,0.02040816326530612,589,126.77337053655742,2171.4032446983915,52.4961677835455,600.0000000000005,0,82,3,0,0,0.0015868051441759376,0.32105225867039755,2166889780.097535,7631.982683996219,49,1048.2324276672407,164.40718291039502,577200.0,2606.709276599686,189,41,0.6709259477137024,0.6773462917109626,0.6026471556915307,0.298412351444071,321.2727272727273,0.42
type=lease_rate_per_min=1.0_think_snr=0.0_tau=0.8_seed=6,lease,1.0,0.0,0.8,lease,6,441,392,1,0.002544529262086514,0.010309278350515464,392,218.9522399070695,1972.8206756624206,41.2901026037199,600.0,0,54,0,0,0,1.2490300212825794e-05,0.38960739174418485,2805397023.503777,5336.127890538683,32,1476.6846453355165,810.643660808812,427800.0,1931.3582660473783,202,58,0.7572881815900039,0.7586757298825808,0.5101290921879047,0.27128578528159075,213.8181818181818,0.33
type=lease_rate_per_min=1.0_think_snr=0.0_tau=0.8_seed=7,lease,1.0,0.0,0.8,lease,7,405,377,0,0.0,0.0,377,110.90556110840271,1387.9677334139385,31.210689649297525,98.57614325544546,0,12,1,0,0,0.0003958295885262622,0.21617336683671964,2091610041.7189171,9228.82503849077,57,1030.7498358597559,211.8945439306326,493800.0,297.26634393584595,163,58,0.9089649521205875,0.9089649521205875,0.44606187821322196,0.23113287608502148,205.63636363636365,0.28
type=lease_rate_per_min=1.0_think_snr=0.0_tau=0.8_seed=8,lease,1.0,0.0,0.8,lease,8,547,487,2,0.00408997955010225,0.018018018018018018,487,137.36570075254804,1830.2920904480377,11.558306367683707,600.0,0,73,0,0,0,0.005081356201157652,0.4436374898723329,3559356514.1641307,6682.631327469784,48,623.1686780972232,339.96686267847554,493200.0,1835.8110075515854,196,49,0.7074041259586512,0.7116754544978912,0.521155311196905,0.2572760536806065,265.6363636363636,0.35
type=lease_rate_per_min=1.0_think_snr=0.0_tau=0.8_seed=9,lease,1.0,0.0,0.8,lease,9,538,489,2,0.004073319755600814,0.017391304347826087,489,174.97522608274267,1609.1602058548565,70.91199298705484,600.0,0,33,3,0,0,0.004057645581062958,0.2639916265896142,1549552460.8966427,7418.106606416643,25,847.8716906319597,253.21181069409022,557400.0,1823.0272489266736,224,52,0.7517927595213904,0.756408239474106,0.6129834752816629,0.2525124083615606,266.72727272727275,0.39
type=lease_rate_per_min=1.0_think_snr=0.0_tau=0.8_seed=10,lease,1.0,0.0,0.8,lease,10,503,458,2,0.004347826086956522,0.02197802197802198,458,111.46327533214344,1599.679127170282,21.144128284100503,600.0,0,29,2,0,0,0.0032161932988364977,0.2056833480589835,2305423033.2133145,9648.23264487683,64,1148.4791721957133,218.43839908589507,399000.0,389.14001051131555,190,91,0.8078662012315322,0.8139812628451901,0.5174854276013339,0.2920596343094152,249.81818181818184,0.34
type=lease_rate_per_min=1.0_think_snr=0.0_tau=0.9_seed=1,lease,1.0,0.0,0.9,lease,1,401,380,1,0.0026246719160104987,0.009900990099009901,380,121.92335080917474,1400.8127097314416,0.4588059905654677,600.0,0,36,0,0,0,0.0028489908249538167,0.3909113737157578,4118816867.444441,9447.363658291648,53,1538.8402974540325,297.7331928751328,447600.0,278.8130328686776,204,93,0.8916506250715852,0.8974032097494665,0.39006445942194384,0.20991344315227228,207.27272727272728,0.27
type=lease_rate_per_min=1.0_think_snr=0.0_tau=0.9_seed=2,lease,1.0,0.0,0.9,lease,2,420,381,1,0.002617801047120419,0.012658227848101266,381,178.33878372201434,1291.6360917958739,38.22939659383047,600.0,0,21,2,0,0,0.0019366576196229626,0.221050326472597,1702155838.9868743,11977.494376115483,69,1187.5030366655315,517.4726809193562,556800.0,945.1626207066615,194,47,0.814974755208367,0.8202326568548726,0.490984281650641,0.24150774035874673,207.8181818181818,0.32
type=lease_rate_per_min=1.0_think_snr=0.0_tau=0.9_seed=3,lease,1.0,0.0,0.9,lease,3,466,415,4,0.00954653937947494,0.0297029702970297,415,134.1386218969801,1396.2247233480566,32.86136549109034,600.0,0,35,0,0,0,0.0016116817417966137,0.3964422713301751,3072822788.7065296,10956.325183757232,64,1945.950923860253,665.1870643423917,492600.0,1486.9128300147124,183,46,0.7495005546034696,0.7586688009704418,0.46103170289432793,0.23514655907321066,226.36363636363637,0.31
type=lease_rate_per_min=1.0_think_snr=0.0_tau=0.9_seed=4,lease,1.0,0.0,0.9,lease,4,457,425,3,0.007009345794392523,0.020202020202020204,425,61.31816145436733,1890.8368321490975,0.0,600.0,0,39,0,0,0,0.01035196354296954,0.39060778343500674,3122232472.615285,16365.238811232271,65,617.3869448128764,14.418714390759305,493800.0,154.29727181604588,172,104,0.8622276461137665,0.8758297710809696,0.3929246967147436,0.19733475869669653,231.81818181818184,0.28
type=lease_rate_per_min=1.0_think_snr=0.0_tau=0.9_seed=5,lease,1.0,0.0,0.9,lease,5,655,589,3,0.005067567567567568,0.03,589,152.1301718143843,2111.6350733340355,35.583772109011576,600.0000000000005,0,92,0,0,0,0.0001371457964288061,0.3130153299425586,2641128460.650103,4764.209965072773,21,1798.3661798210069,1146.8309126640233,591600.0,2890.6374279877145,192,30,0.6697374486404157,0.6793971233804218,0.5792638500874125,0.28487647104749386,321.2727272727273,0.41
type=lease_rate_per_min=1.0_think_snr=0.0_tau=0.9_seed=6,lease,1.0,0.0,0.9,lease,6,437,388,1,0.002570694087403599,0.010416666666666666,388,248.24593514356297,2037.9869816994349,28.798337739083564,600.0,0,56,3,0,0,0.0016209293121792353,0.39868991036549095,3153787634.051657,4203.845239270578,22,2809.16545472787,1053.6827964521603,416400.0,2108.329726357202,199,56,0.736066457663728,0.7373096382568225,0.4906177012836701,0.2697204579520196,211.63636363636365,0.33
type=lease_rate_per_min=1.0_think_snr=0.0_tau=0.9_seed=7,lease,1.0,0.0,0.9,lease,7,401,372,0,0.0,0.0,372,113.52836626294948,1250.3835426259918,25.26092115341911,135.6735996390271,0,13,1,0,0,0.0015524540403436644,0.23034848790868329,2357072036.622838,11769.66418455207,52,2386.5755193209834,577.9098197289031,491400.0,368.02279917721376,163,57,0.8719891917769204,0.8719891917769204,0.44225845174501427,0.2307382889788766,202.9090909090909,0.28
type=lease_rate_per_min=1.0_think_snr=0.0_tau=0.9_seed=8,lease,1.0,0.0,0.9,lease,8,537,474,2,0.004201680672268907,0.01834862385321101,474,142.8233070680684,1849.4772080815667,7.827970797580909,600.0000000000005,0,87,0,0,0,0.0033882281749377826,0.44980056858490514,4209006247.169011,10886.489243026823,61,1501.7963750048932,884.7528756492143,482400.0,3041.9651082981813,189,53,0.6933994624126018,0.6974845349845187,0.5023296571322197,0.2509288580847135,258.54545454545456,0.34
type=lease_rate_per_min=1.0_think_snr=0.0_tau=0.9_seed=9,lease,1.0,0.0,0.9,lease,9,532,485,2,0.004106776180698152,0.017391304347826087,485,187.19976226708332,1547.8230106563149,59.35702007127162,600.0,0,34,0,0,0,0.0015336167751429169,0.25863956029483787,1824776907.0437486,9840.303681584886,29,1455.0526501829997,791.0344208244592,549600.0,2322.7725738763465,220,47,0.7664298670224534,0.7712104534932344,0.6009715771739835,0.24402429684396623,264.54545454545456,0.38
type=lease_rate_per_min=1.0_think_snr=0.0_tau=0.9_seed=10,lease,1.0,0.0,0.9,lease,10,499,459,1,0.002173913043478261,0.01098901098901099,459,120.26322100149855,1487.7923813731854,20.603906898628104,600.0,0,30,0,0,0,0.0010855545982934812,0.20518822456939648,2535643696.9238796,13294.903962026248,73,2726.188380092105,525.3957528005462,394800.0,560.4012937317086,184,85,0.7915196178253122,0.7925213238498381,0.5035383337096931,0.29283534119539234,250.36363636363637,0.35
type=lease_rate_per_min=1.0_think_snr=0.5_tau=0.5_seed=1,lease,1.0,0.5,0.5,lease,1,419,397,2,0.005012531328320802,0.009708737864077669,397,112.3941376238954,1312.7081962195227,4.46180090061199,600.0,0,31,0,0,0,0.002744552240269851,0.3699531131801118,3431289306.2421184,0.0,0,61.737606385861795,9.20208679441248,456000.0,249.9916723006253,218,122,0.898133601785778,0.9057582385167638,0.4116376645541958,0.21317520018566796,216.54545454545456,0.27
type=lease_rate_per_min=1.0_think_snr=0.5_tau=0.5_seed=2,lease,1.0,0.5,0.5,lease,2,444,401,2,0.004962779156327543,0.023529411764705882,401,162.80126574668293,1346.530597520551,33.10040525951374,393.7437833372487,0,24,2,0,0,0.002622347382162693,0.27947435475826116,1309020236.9005086,0.0,0,253.18092549432197,20.49922189883364,562200.0,593.9360472949629,202,72,0.8058914047833732,0.816357526923417,0.5257110681939589,0.24605286390108216,218.72727272727275,0.33
type=lease_rate_per_min=1.0_think_snr=0.5_tau=0.5_seed=3,lease,1.0,0.5,0.5,lease,3,468,419,4,0.009456264775413711,0.030303030303030304,419,146.13351252136817,1313.7053059510092,21.68287318571828,600.0,0,33,1,0,0,0.0025551744388380387,0.40427525843917583,2793170734.032985,0.0,0,454.8715648446647,27.007211233260932,490200.0,1243.6079622258453,175,48,0.7863379174502092,0.7965412211369199,0.4687912693602694,0.2358649927592953,228.54545454545456,0.3
type=lease_rate_per_min=1.0_think_snr=0.5_tau=0.5_seed=4,lease,1.0,0.5,0.5,lease,4,474,436,2,0.0045662100456621,0.02040816326530612,436,49.56979860635772,1680.9763005472337,1.4026960205790235,600.0,0,36,0,0,0,0.002683677850920785,0.35512471448442556,3627646419.6732802,0.0,0,52.19379031754977,1.1754859538505116,493200.0,223.1916194216058,157,101,0.8593479585230775,0.8703652400426042,0.39432057690284256,0.20195642690584098,237.81818181818184,0.29
type=lease_rate_per_min=1.0_think_snr=0.5_tau=0.5_seed=5,lease,1.0,0.5,0.5,lease,5,697,621,2,0.0032102728731942215,0.02,621,126.68316119661404,1671.2816434122244,58.78424761569527,600.0000000000005,0,73,1,0,0,0.0001389891231392459,0.3143605349329317,2160301312.3122616,0.0,0,281.088201075655,35.77718847616916,619800.0,1983.1117126943536,189,49,0.6595812636950432,0.665893046122747,0.6072894862729863,0.3076383087254971,338.72727272727275,0.43
type=lease_rate_per_min=1.0_think_snr=0.5_tau=0.5_seed=6,lease,1.0,0.5,0.5,lease,6,488,442,1,0.002257336343115124,0.010416666666666666,442,193.5701668893882,2401.909482384814,27.86873689945634,600.0,0,68,0,0,0,0.0009314784712199532,0.4254659745921383,2889714813.539478,0.0,0,536.8395940237723,333.2441959039902,463800.0,1733.7450936751495,210,62,0.769196155204854,0.7706705442151791,0.5030801510538073,0.2779936830844641,241.0909090909091,0.35
type=lease_rate_per_min=1.0_think_snr=0.5_tau=0.5_seed=7,lease,1.0,0.5,0.5,lease,7,403,382,0,0.0,0.0,382,106.56349116790761,1250.6714126630552,32.860708352870915,107.00247698516978,0,11,0,0,0,0.0,0.20320476224285633,2274620228.710111,0.0,0,236.6683980876321,35.553634257837075,454800.0,191.06315793466638,156,81,0.9190452987673131,0.9190452987673131,0.42634684434084436,0.23014534138783466,208.36363636363637,0.28
type=lease_rate_per_min=1.0_think_snr=0.5_tau=0.5_seed=8,lease,1.0,0.5,0.5,lease,8,547,486,2,0.004098360655737705,0.018867924528301886,486,141.8370766053646,1934.8078408114027,19.499687592036445,600.0,0,115,1,0,0,0.004668843847494543,0.45766032469597395,3520284587.63806,0.0,0,173.66359804073767,87.69028977650851,474000.0,3285.447950660998,191,66,0.6830707268035711,0.6870500788238665,0.526782768469956,0.2562784458470341,265.0909090909091,0.34
type=lease_rate_per_min=1.0_think_snr=0.5_tau=0.5_seed=9,lease,1.0,0.5,0.5,lease,9,579,524,2,0.0038022813688212928,0.017543859649122806,524,190.65246723325208,1606.984758357692,92.24372476763492,600.0,0,30,4,0,0,0.0022020853265132126,0.24598665650188967,1121814055.808053,0.0,0,155.04512062966512,137.27387703611566,616200.0,1992.6859780139089,223,47,0.6946208762971404,0.6980351212864429,0.6608153952667702,0.24290447044069488,285.8181818181818,0.41
type=lease_rate_per_min=1.0_think_snr=0.5_tau=0.5_seed=10,lease,1.0,0.5,0.5,lease,10,510,463,2,0.004301075268817204,0.022222222222222223,463,116.11163035062145,1542.8517003678096,28.745801461213418,600.0,0,27,2,0,0,0.003469943699740757,0.22150407945179615,2554122223.7248964,0.0,0,403.83342412741484,11.55076224163713,447000.0,191.67466325218885,200,121,0.7978115356810125,0.80385995182917,0.5327567728365384,0.28282710982402515,252.54545454545456,0.36
type=lease_rate_per_min=1.0_think_snr=0.5_tau=0.8_seed=1,lease,1.0,0.5,0.8,lease,1,421,396,2,0.005025125628140704,0.009900990099009901,396,106.7654941128344,2085.58517418123,0.9166931757213881,600.0000000000005,0,41,0,0,0,0.00621456935427437,0.37289380280301876,3206559325.600403,12821.322332579344,54,311.3365608185268,65.89234335379979,458400.0,397.32406359144613,216,115,0.9020835494945724,0.9097700678597546,0.40501820825239576,0.21039098685632243,216.0,0.27
type=lease_rate_per_min=1.0_think_snr=0.5_tau=0.8_seed=2,lease,1.0,0.5,0.8,lease,2,445,403,2,0.0049382716049382715,0.023809523809523808,403,173.2545125216061,1368.886735778195,31.327994341989548,600.0,0,25,0,0,0,0.0011425221491216375,0.28112664868700865,1389050925.6298163,9476.671420803163,57,834.3288059676063,140.97626814768682,560400.0,888.2998725728949,201,54,0.805353608283696,0.8158127460536141,0.5205775393437581,0.24406773320947756,219.8181818181818,0.33
type=lease_rate_per_min=1.0_think_snr=0.5_tau=0.8_seed=3,lease,1.0,0.5,0.8,lease,3,462,416,4,0.009523809523809525,0.030303030303030304,416,141.90529582814924,1298.8658811652265,17.871394973653878,600.0,0,34,0,0,0,0.0022885209333931506,0.4028864453108376,3002257480.4137163,5939.532963104071,50,972.2724208540972,139.00931883750036,489600.0,1348.664444851353,177,45,0.7805434866251825,0.7906872681912422,0.4581217290776354,0.23725614182726715,226.9090909090909,0.3
type=lease_rate_per_min=1.0_think_snr=0.5_tau=0.8_seed=4,lease,1.0,0.5,0.8,lease,4,465,426,2,0.004672897196261682,0.02040816326530612,426,57.13990043486115,1712.0206980795401,0.0,600.0,0,36,0,0,0,0.0028726507566221174,0.36641159411621327,3394688411.444612,17158.914775506204,71,252.0180722277869,25.888938016157226,481800.0,187.09666114426662,157,90,0.8337267484893441,0.8444155529571562,0.3887397307125745,0.19201576338301632,232.36363636363637,0.27
type=lease_rate_per_min=1.0_think_snr=0.5_tau=0.8_seed=5,lease,1.0,0.5,0.8,lease,5,694,613,2,0.0032520325203252032,0.020618556701030927,613,115.98377306661723,1949.6567890885397,51.05789112625448,600.0000000000005,0,83,4,0,0,0.001638777277130042,0.3092151393728584,2052699766.0822208,5903.965865795519,39,795.479546583418,183.2641764226414,607200.0,3255.8723860203504,185,34,0.6444064019123561,0.6505729703517088,0.6080956074932012,0.3030269468475338,334.3636363636364,0.42
type=lease_rate_per_min=1.0_think_snr=0.5_tau=0.8_seed=6,lease,1.0,0.5,0.8,lease,6,478,437,1,0.00228310502283105,0.010309278350515464,437,212.01518142251052,2815.866485525894,28.9324623361863,600.0000000000005,0,68,0,0,0,0.0008777162524354806,0.4262262408512538,2642509455.634004,7407.423288132193,32,1537.5007071909313,767.0668650299726,463200.0,1825.8380728451127,206,55,0.7467504892603972,0.7480371454785011,0.4989144951316046,0.2694346589626692,238.36363636363637,0.35
type=lease_rate_per_min=1.0_think_snr=0.5_tau=0.8_seed=7,lease,1.0,0.5,0.8,lease,7,402,381,0,0.0,0.0,381,111.283023910677,1252.6140515939203,25.94679047062295,204.3423346825166,0,11,3,0,0,0.0033594371008189025,0.20347869000603058,2102562063.897551,14925.316179129639,66,1026.1167667843852,146.7236626980348,454800.0,198.2811958752709,156,65,0.8970272416519519,0.8970272416519519,0.42542528229409476,0.22969669670747275,207.8181818181818,0.27
type=lease_rate_per_min=1.0_think_snr=0.5_tau=0.8_seed=8,lease,1.0,0.5,0.8,lease,8,538,482,2,0.004132231404958678,0.01904761904761905,482,136.3615532999259,1950.2586608817394,13.533620501193726,600.0,0,116,0,0,0,0.004819618260523398,0.4576141937306843,3471363566.6948986,7734.013519048475,39,618.883986157749,338.88279613870327,476400.0,2955.6441052656824,191,58,0.6862288798468812,0.6902873119409235,0.514400253816207,0.2562603651542324,262.90909090909093,0.34
type=lease_rate_per_min=1.0_think_snr=0.5_tau=0.8_seed=9,lease,1.0,0.5,0.8,lease,9,577,525,2,0.003795066413662239,0.017391304347826087,525,217.48583955779623,1647.2983023355794,73.37678776168444,600.0,0,28,3,0,0,0.002280147993429318,0.23253924549669702,1045525145.0637336,5344.786286386308,29,566.4707667224473,416.32428933527535,628200.0,2260.3611570066405,228,42,0.698477707573815,0.7019189167522932,0.659804046272015,0.24378317914134148,286.3636363636364,0.42
type=lease_rate_per_min=1.0_think_snr=0.5_tau=0.8_seed=10,lease,1.0,0.5,0.8,lease,10,509,463,2,0.004301075268817204,0.022222222222222223,463,122.09898858010092,1818.7045252591554,25.60920845170865,600.0,0,31,1,0,0,0.0007428782616872215,0.22333503473995145,2203881530.6697316,10020.150796110707,70,1079.4759856225367,68.71793820845278,448800.0,403.31530154315107,194,101,0.8035690856490316,0.809645309241644,0.5270085661098161,0.27964627685149634,252.54545454545456,0.34
type=lease_rate_per_min=1.0_think_snr=0.5_tau=0.9_seed=1,lease,1.0,0.5,0.9,lease,1,422,398,2,0.005,0.009900990099009901,398,103.37018621857851,1109.124098741881,0.0,600.0,0,31,0,0,0,0.0070592879851323195,0.3476800394200533,3121801419.8755913,11788.335276362435,40,1282.2020626576864,176.32760077075318,457800.0,590.725400234396,216,110,0.8968016777054663,0.9044684000881272,0.4016176367642774,0.21468315008955166,217.0909090909091,0.27
type=lease_rate_per_min=1.0_think_snr=0.5_tau=0.9_seed=2,lease,1.0,0.5,0.9,lease,2,445,397,2,0.005012531328320802,0.024096385542168676,397,177.86504939281986,1500.7602548190237,22.804897359956882,542.5694157664793,0,23,3,0,0,0.003938989620699693,0.26955779701020893,1650782845.3503706,7458.5018371788465,42,1745.4508615877567,693.8771845656338,568800.0,875.195168895094,201,52,0.7749097913132565,0.7849735548368052,0.5097331130010037,0.24395562862144252,216.54545454545456,0.33
type=lease_rate_per_min=1.0_think_snr=0.5_tau=0.9_seed=3,lease,1.0,0.5,0.9,lease,3,459,406,4,0.00975609756097561,0.030612244897959183,406,126.9452070124583,1335.9106261794457,19.244097145430413,600.0,0,37,0,0,0,0.0026813767897751373,0.412091745210218,3562146313.598622,6562.906754766524,35,1693.89000401033,438.27544940260987,484800.0,1831.1368466877161,173,44,0.7386295992411679,0.7477742150222231,0.441953167326308,0.2281434099155211,221.45454545454547,0.29
type=lease_rate_per_min=1.0_think_snr=0.5_tau=0.9_seed=4,lease,1.0,0.5,0.9,lease,4,465,428,2,0.004651162790697674,0.020202020202020204,428,58.36026569475621,1682.685570754906,3.940353007034727,600.0,0,36,0,0,0,0.002665212859712841,0.36431935176626645,3135426083.831968,16579.998293986762,63,619.9188333918428,81.58640344831383,480600.0,170.21510555069952,157,85,0.8482145231371083,0.8590890683055328,0.39381764232468924,0.19393414079379814,233.45454545454547,0.28
type=lease_rate_per_min=1.0_think_snr=0.5_tau=0.9_seed=5,lease,1.0,0.5,0.9,lease,5,693,617,2,0.0032310177705977385,0.019801980198019802,617,125.75509838718972,1805.623851053117,48.97022257462996,600.0000000000005,0,83,0,0,0,5.485505039952797e-05,0.2977928686673798,2152490654.325741,5507.282015601156,37,1620.431038309083,584.7091753160257,618600.0,3584.6954622578005,186,37,0.6526223865061855,0.6588675768076802,0.5992964748810218,0.30703621678754467,336.54545454545456,0.42
type=lease_rate_per_min=1.0_think_snr=0.5_tau=0.9_seed=6,lease,1.0,0.5,0.9,lease,6,480,435,1,0.0022935779816513763,0.010416666666666666,435,220.4852779145922,2549.160527020797,19.860836913730054,600.0000000000005,0,70,1,0,0,0.002244413236303564,0.41451533229892296,2797505038.477715,6221.789943647247,28,3195.55149009926,1499.6188034713446,454800.0,1855.6713044414057,206,58,0.7522239209990356,0.7535800502464397,0.4950565219421782,0.27536612439365754,237.27272727272728,0.35
type=lease_rate_per_min=1.0_think_snr=0.5_tau=0.9_seed=7,lease,1.0,0.5,0.9,lease,7,403,384,0,0.0,0.0,384,116.89189920976787,1239.6483181558847,19.418374639916323,267.60508446024323,0,11,0,0,0,0.0,0.20385259279593376,2283218073.2759037,14752.401950622256,61,2523.5470897260393,709.1657667909367,454800.0,263.3895857231382,157,58,0.8965430872046511,0.8965430872046511,0.42053063939474883,0.2291333139508762,209.45454545454547,0.28
type=lease_rate_per_min=1.0_think_snr=0.5_tau=0.9_seed=8,lease,1.0,0.5,0.9,lease,8,535,473,2,0.004210526315789474,0.0196078431372549,473,135.87495874216268,1840.4431500289688,15.12180504585649,600.0,0,119,0,0,0,0.004610269999942169,0.45491627265619833,3807463555.7972407,9173.894583434883,48,1602.8632903459722,977.493725794332,466800.0,3423.2560340262366,187,58,0.6620309065881758,0.6658083973217189,0.5083654823515605,0.25266606354807036,258.0,0.34
type=lease_rate_per_min=1.0_think_snr=0.5_tau=0.9_seed=9,lease,1.0,0.5,0.9,lease,9,576,521,1,0.0019157088122605363,0.008771929824561403,521,189.1890180653063,1639.742676411398,85.08668796925257,600.0,0,26,1,0,0,0.0004725954552778885,0.24585261195809222,965823905.8154677,8149.872087596676,39,1302.8245396813768,810.4038783869762,619800.0,3133.423106890003,220,37,0.7173460669295005,0.720803346453388,0.6621189238903458,0.24291339372919904,284.1818181818182,0.42
type=lease_rate_per_min=1.0_think_snr=0.5_tau=0.9_seed=10,lease,1.0,0.5,0.9,lease,10,506,459,2,0.004338394793926247,0.022222222222222223,459,108.92072100149858,1586.4708477378754,24.806498287946162,600.0,0,31,0,0,0,0.0024359923362382778,0.21370081415267161,2115334312.529362,10042.473393380596,60,2328.9263686524923,238.0147618652868,444600.0,549.8932921422445,194,99,0.8003566538493909,0.806469519744568,0.5307109660547786,0.27576684526506035,250.36363636363637,0.34
type=lease_rate_per_min=1.0_think_snr=0.9_tau=0.5_seed=1,lease,1.0,0.9,0.5,lease,1,410,374,3,0.007957559681697613,0.021052631578947368,374,129.38685492288255,1300.4620829462838,20.207712844537348,600.0,0,40,2,0,0,0.0164891962724999,0.3512944087143831,2709286048.2056193,0.0,0,61.684295233999705,13.716992944370759,445800.0,631.9924962563072,221,114,0.8288512156279212,0.8409918241479313,0.4414221195731352,0.23158853284600275,204.0,0.27
type=lease_rate_per_min=1.0_think_snr=0.9_tau=0.5_seed=2,lease,1.0,0.9,0.5,lease,2,441,391,2,0.005089058524173028,0.024390243902439025,391,178.249864136842,1862.1294956610423,42.0177003043239,600.0,0,27,2,0,0,0.0014806296893305284,0.302148023576345,1348365725.5267222,0.0,0,228.94567904029316,108.68043160958678,551400.0,1122.1288282220196,203,60,0.7358067385039259,0.745362670172808,0.5065093303467366,0.24542506607892492,213.27272727272728,0.34
type=lease_rate_per_min=1.0_think_snr=0.9_tau=0.5_seed=3,lease,1.0,0.9,0.5,lease,3,462,404,4,0.00980392156862745,0.03,404,132.46619369378732,1286.7338117742872,34.83185637655267,600.0,0,35,0,0,0,0.002069139422867828,0.41581501391273196,3621184435.133559,0.0,0,438.54238601727695,32.16785455666832,441000.0,893.6918089787417,165,50,0.7627021674205259,0.7722701147799924,0.4391726383142321,0.2343143554590359,220.36363636363637,0.29
type=lease_rate_per_min=1.0_think_snr=0.9_tau=0.5_seed=4,lease,1.0,0.9,0.5,lease,4,512,471,2,0.004228329809725159,0.019801980198019802,471,48.75379112898736,1639.682790283088,14.984783465393452,600.0,0,38,0,0,0,0.0022635697717871624,0.367004717397702,3109678794.8768516,0.0,0,57.475192605003826,10.730403660410957,520800.0,271.55327220138474,175,94,0.8538777838858264,0.8648249349612855,0.44303161398844215,0.21051021914743698,256.90909090909093,0.3
type=lease_rate_per_min=1.0_think_snr=0.9_tau=0.5_seed=5,lease,1.0,0.9,0.5,lease,5,711,637,2,0.003129890453834116,0.019801980198019802,637,149.38793854515552,1909.8477608058952,38.62892619406844,600.0,0,76,1,0,0,0.0003992588891660979,0.2977869320319547,1889970631.581979,0.0,0,279.46410523933775,47.32568123577312,589800.0,2513.163063119614,183,43,0.6846093347224516,0.6911606202221879,0.6463474096777067,0.3217932790393933,347.4545454545455,0.44
type=lease_rate_per_min=1.0_think_snr=0.9_tau=0.5_seed=6,lease,1.0,0.9,0.5,lease,6,511,462,1,0.0021598272138228943,0.01020408163265306,462,213.09712780535597,2252.513156137356,21.93322868021625,600.0000000000005,0,81,0,0,0,1.3274067889680758e-05,0.42284243273567323,3073521999.8173823,0.0,0,601.4814864594324,220.81386970824406,488400.0,2938.5886982244865,219,63,0.7185315436053318,0.7196667074974251,0.527221537644069,0.2725749029349891,252.0,0.37
type=lease_rate_per_min=1.0_think_snr=0.9_tau=0.5_seed=7,lease,1.0,0.9,0.5,lease,7,429,394,0,0.0,0.0,394,124.58983358953992,1399.015937596365,33.87946860061507,570.3031136997797,0,12,1,0,0,4.371202068226545e-06,0.21395741406977778,2283839291.046921,0.0,0,225.8890382011125,100.9084905577729,447600.0,450.74628938956084,157,75,0.8651969418247386,0.8651969418247386,0.4389656640564297,0.23582260882140085,214.9090909090909,0.28
type=lease_rate_per_min=1.0_think_snr=0.9_tau=0.5_seed=8,lease,1.0,0.9,0.5,lease,8,542,480,0,0.0,0.0,480,169.8134905727361,2300.810628487397,8.229616578894836,600.0000000000005,0,96,1,0,0,0.0016458581280899196,0.419959504533243,3307144660.7714477,0.0,0,220.1605728385628,99.80027838313026,456600.0,5113.091638013019,188,59,0.6829677879840989,0.6829677879840989,0.520314453327344,0.2669898114963324,261.8181818181818,0.35
type=lease_rate_per_min=1.0_think_snr=0.9_tau=0.5_seed=9,lease,1.0,0.9,0.5,lease,9,590,532,3,0.005607476635514018,0.02564102564102564,532,194.1442782735487,1729.8013954318471,97.2229822681559,600.0,0,45,1,0,0,0.0013012283427405978,0.2587131836911756,1080433275.8218899,0.0,0,142.9513764674847,125.0720173957734,628200.0,3297.344719487949,220,45,0.6733879791890837,0.6800327320568488,0.6589492194743913,0.24223201973127462,290.1818181818182,0.42
type=lease_rate_per_min=1.0_think_snr=0.9_tau=0.5_seed=10,lease,1.0,0.9,0.5,lease,10,508,458,2,0.004347826086956522,0.02197802197802198,458,139.00644397093686,1626.7348469779827,25.571557073941555,600.0,0,32,1,0,0,0.003440490497956569,0.2195944601200843,2142070918.1981544,0.0,0,401.0786533373416,14.612755888850188,430800.0,607.0621621106109,200,110,0.7839943193130603,0.7897595122223314,0.5710701190834628,0.2886355530722296,249.81818181818184,0.35
type=lease_rate_per_min=1.0_think_snr=0.9_tau=0.8_seed=1,lease,1.0,0.9,0.8,lease,1,417,384,2,0.0051813471502590676,0.010309278350515464,384,129.38685492288255,1297.2910976974174,25.742913521101425,600.0,0,31,0,0,0,0.01420650853493835,0.3287825847201588,2167819618.2372813,7075.615817496552,32,349.68694077033547,136.3418660309544,450000.0,611.2720225101524,223,87,0.857692283899223,0.8647559793307577,0.45276131590747215,0.23401696878463,209.45454545454547,0.29
type=lease_rate_per_min=1.0_think_snr=0.9_tau=0.8_seed=2,lease,1.0,0.9,0.8,lease,2,438,386,2,0.005154639175257732,0.024691358024691357,386,200.824374913449,1455.0572031682225,33.11753429605058,600.0,0,31,1,0,0,0.0024382442067323452,0.30346870460726605,1529759237.8244073,8749.31290507457,54,788.7710490242646,419.1669718939256,555000.0,1137.1734498089447,202,50,0.7160096644619643,0.7253084912731587,0.4907720467212186,0.24357095028218428,210.54545454545456,0.33
type=lease_rate_per_min=1.0_think_snr=0.9_tau=0.8_seed=3,lease,1.0,0.9,0.8,lease,3,460,400,4,0.009900990099009901,0.03125,400,129.44652699846966,1348.3160144486224,26.082922179811895,600.0,0,41,1,0,0,0.004140177565353536,0.41467668427800436,3347842947.480599,8214.422719103277,46,988.9326168358974,152.4587820234483,441600.0,1406.6361295950378,169,44,0.7377665431145718,0.7468071772573356,0.42778159126116944,0.23538990083222705,218.1818181818182,0.29
type=lease_rate_per_min=1.0_think_snr=0.9_tau=0.8_seed=4,lease,1.0,0.9,0.8,lease,4,505,464,2,0.004291845493562232,0.020202020202020204,464,48.82300857084738,1664.2523652543323,19.11448984070474,600.0,0,40,0,0,0,0.0031446134309598382,0.36920819721582576,2767368290.663533,17512.1248526678,59,373.19718986750036,67.96705581556853,518400.0,284.5738717873644,172,75,0.831016336901531,0.8416703925028327,0.43046683067048697,0.20845332775162834,253.0909090909091,0.31
type=lease_rate_per_min=1.0_think_snr=0.9_tau=0.8_seed=5,lease,1.0,0.9,0.8,lease,5,695,617,4,0.00644122383252818,0.0392156862745098,617,148.99344137766366,1813.4320588672338,40.45385281126119,600.0000000000005,0,89,2,0,0,0.006101167231801071,0.32180906606236476,1977183541.2774189,4878.346233334625,31,814.2618520345726,317.6122154875202,576000.0,2238.9197421754097,178,33,0.6649586686382822,0.67486317653004,0.6114682054924243,0.29914861331194853,336.54545454545456,0.42
type=lease_rate_per_min=1.0_think_snr=0.9_tau=0.8_seed=6,lease,1.0,0.9,0.8,lease,6,511,464,1,0.002150537634408602,0.010101010101010102,464,214.55225481755474,2861.1656235756564,18.66353472877723,600.0,0,77,2,0,0,0.003127756487415908,0.42294533051844385,2543914612.8714647,7262.211593326493,38,1551.4358717791597,625.0390027914123,490800.0,3216.170766848112,220,52,0.7175381200139886,0.7186315090657031,0.5275628103834823,0.2724593047698896,253.0909090909091,0.37
type=lease_rate_per_min=1.0_think_snr=0.9_tau=0.8_seed=7,lease,1.0,0.9,0.8,lease,7,430,396,0,0.0,0.0,396,122.25236705231009,1350.1559776903216,25.829462504619485,471.6903286816678,0,12,0,0,0,0.0,0.21132872550242388,2023396154.3957691,15030.702761627774,54,1036.7962055538437,224.66202668703045,446400.0,420.79689378815874,157,54,0.8540694744625441,0.8540694744625441,0.4367244863701114,0.23991012955937674,216.0,0.29
type=lease_rate_per_min=1.0_think_snr=0.9_tau=0.8_seed=8,lease,1.0,0.9,0.8,lease,8,540,477,1,0.0020920502092050207,0.009523809523809525,477,188.18556785825785,2427.294274230949,10.84071990143104,600.0,0,99,0,0,0,0.00025744518534658695,0.42407422676091433,3503929903.6155763,13334.242740871752,42,696.0693237151895,413.77154121866533,447000.0,5062.695611755931,185,44,0.6743540892822442,0.6778301412888537,0.5168997805458431,0.2627019344667528,260.1818181818182,0.34
type=lease_rate_per_min=1.0_think_snr=0.9_tau=0.8_seed=9,lease,1.0,0.9,0.8,lease,9,590,528,3,0.005649717514124294,0.02586206896551724,528,179.655970043264,1792.6330397004817,66.16115084791392,600.0,0,48,2,0,0,0.002720883093471033,0.24719140553192034,873984927.2618593,7493.950016442873,35,548.150778739655,475.21482602136166,625800.0,3876.72080133186,219,40,0.6643018269967509,0.6713804872328913,0.6623769665404041,0.2410318167054101,288.0,0.42
type=lease_rate_per_min=1.0_think_snr=0.9_tau=0.8_seed=10,lease,1.0,0.9,0.8,lease,10,509,455,2,0.00437636761487965,0.022222222222222223,455,131.5022425124671,1682.0779769296723,28.937943125405027,600.0000000000005,0,41,4,0,0,0.005708922342380431,0.23826188091867928,2170858453.6713834,12804.563866946071,57,1348.1449970005322,225.25616031607888,435000.0,455.79914883695955,199,96,0.7898792680835068,0.7957693762230471,0.5567138266478892,0.2766967267848052,248.1818181818182,0.36
type=lease_rate_per_min=1.0_think_snr=0.9_tau=0.9_seed=1,lease,1.0,0.9,0.9,lease,1,408,370,3,0.00804289544235925,0.02127659574468085,370,135.68052677038668,1490.5549972164931,18.647531350251562,600.0,0,47,1,0,0,0.016731127049957932,0.3568163868758877,2537608414.3277593,5802.069920238494,27,1544.1066198204362,499.11624485871835,446400.0,684.0530925198522,220,95,0.8152349404654664,0.8269870480281145,0.4347021887342981,0.22579308192387199,201.8181818181818,0.27
type=lease_rate_per_min=1.0_think_snr=0.9_tau=0.9_seed=2,lease,1.0,0.9,0.9,lease,2,437,387,2,0.005141388174807198,0.024691358024691357,387,185.0118742487798,1917.628164644925,27.661357524566487,600.0,0,29,2,0,0,0.0006862797203987578,0.3033029174997157,1407025007.3346627,6499.379153999687,41,1706.8979019870314,845.8369595141903,556200.0,1055.9320571850487,201,53,0.7316846777415227,0.7411870761537501,0.5014946171490546,0.24367181972878935,211.0909090909091,0.33
type=lease_rate_per_min=1.0_think_snr=0.9_tau=0.9_seed=3,lease,1.0,0.9,0.9,lease,3,451,396,4,0.01,0.030612244897959183,396,122.06203790873485,1366.2478955613392,29.308035461127584,600.0,0,44,2,0,0,0.0036456775116523663,0.4219216541469329,3488542548.6644444,9371.409702401405,36,1811.7042231476598,529.1170178123093,436800.0,1637.2126038894053,165,44,0.7241852567402652,0.7327591441145314,0.42050243529040404,0.22832696198373392,216.0,0.29
type=lease_rate_per_min=1.0_think_snr=0.9_tau=0.9_seed=4,lease,1.0,0.9,0.9,lease,4,505,466,2,0.004273504273504274,0.02,466,53.9301021854227,1643.6400883835763,18.341240210735062,600.0,0,39,0,0,0,0.0023111875613386476,0.37100883208671437,2778218896.892367,13225.30799734511,50,963.5352905811329,162.06445705559008,513600.0,270.1517685340275,168,70,0.8392365960259421,0.8499960395647362,0.4296362785021692,0.20701583666526513,254.1818181818182,0.3
type=lease_rate_per_min=1.0_think_snr=0.9_tau=0.9_seed=5,lease,1.0,0.9,0.9,lease,5,683,605,3,0.004934210526315789,0.0297029702970297,605,145.9676740159175,1693.7095609529122,41.03650252274678,600.0000000000005,0,105,3,0,0,0.0014352802541534237,0.3132697542066601,2032716453.8017244,6808.768757253047,50,1727.753676978373,770.5309487388113,559200.0,2206.71374733647,177,31,0.643838475056504,0.6531246069082807,0.6060330688293188,0.29875061306483014,330.0,0.41
type=lease_rate_per_min=1.0_think_snr=0.9_tau=0.9_seed=6,lease,1.0,0.9,0.9,lease,6,490,435,2,0.004576659038901602,0.020202020202020204,435,247.3386698276763,2482.611221859455,15.203835573443106,600.0000000000005,0,90,2,0,0,0.004040885355635381,0.432463183176401,3155357154.9872174,6489.750313413746,33,3313.1302821181275,1583.8275810071523,471000.0,3553.205671510441,214,56,0.67211594153769,0.6766746142223377,0.4970471754362536,0.2618462947251082,237.27272727272728,0.36
type=lease_rate_per_min=1.0_think_snr=0.9_tau=0.9_seed=7,lease,1.0,0.9,0.9,lease,7,430,393,0,0.0,0.0,393,124.44403167149176,1363.3189680239382,21.101370650810615,566.6970383897897,0,12,1,0,0,7.515350488775914e-07,0.2126493996462706,1949729556.5041213,15632.094143782706,50,2557.5810521739486,983.4538073953036,444600.0,417.90072725754544,158,49,0.8502048625186319,0.8502048625186319,0.4289386479579449,0.2379694344078164,214.36363636363637,0.28
type=lease_rate_per_min=1.0_think_snr=0.9_tau=0.9_seed=8,lease,1.0,0.9,0.9,lease,8,534,469,0,0.0,0.0,469,170.33922465287878,2401.432877061059,8.613926540556314,600.0,0,107,0,0,0,0.0,0.42818517524928473,3609998626.996773,13545.31826352285,52,1720.1331204429594,735.3146837608729,440400.0,4873.708294486178,185,45,0.6612741964395942,0.6612741964395942,0.5073811566061254,0.2582433240472261,255.81818181818184,0.34
type=lease_rate_per_min=1.0_think_snr=0.9_tau=0.9_seed=9,lease,1.0,0.9,0.9,lease,9,590,533,3,0.005597014925373134,0.02564102564102564,533,184.47739146415643,1829.6506799744911,92.90728960548729,600.0,0,49,2,0,0,0.002936366010154839,0.24950972056915924,923948588.7272199,7524.584373183669,37,1310.511524890753,983.1344322561006,630000.0,3896.85066720899,221,34,0.6636432348345062,0.6701011213788839,0.6532323565867004,0.23813816729545972,290.72727272727275,0.43
type=lease_rate_per_min=1.0_think_snr=0.9_tau=0.9_seed=10,lease,1.0,0.9,0.9,lease,10,512,463,1,0.0021551724137931034,0.011111111111111112,463,148.7364154369784,1625.1858308980154,27.688449517797462,600.0,0,36,1,0,0,0.0018194258745020963,0.20780128093675293,2338270326.7554684,5729.639605267711,27,2860.229350199057,349.90462341918055,438600.0,591.1436466661496,200,108,0.7901471680292682,0.7910559122525175,0.5533842734192891,0.28848748345037306,252.54545454545456,0.35
type=lease_rate_per_min=2.0_think_snr=0.0_tau=0.5_seed=1,lease,2.0,0.0,0.5,lease,1,651,546,2,0.0036496350364963502,0.012658227848101266,546,188.66719149520986,1711.3746529686741,48.68431473287217,600.0000000000005,0,95,2,0,0,0.005109029179111695,0.34380526568851516,2217720884.06964,0.0,0,145.35347516637404,104.18312619426479,813600.0,3361.259256190927,302,85,0.6323407148046568,0.6332164067778883,0.6905470727547915,0.29002034736587845,297.8181818181818,0.47
type=lease_rate_per_min=2.0_think_snr=0.0_tau=0.5_seed=2,lease,2.0,0.0,0.5,lease,2,732,586,6,0.010135135135135136,0.040268456375838924,586,305.6800653434234,2538.485886900156,65.27141220005592,600.0000000000005,0,294,1,0,0,0.004262244497198514,0.33370507183917775,1369659596.914493,0.0,0,256.61785159534145,130.28084200643661,790200.0,9327.716014627094,257,36,0.4883660235661445,0.49449136956050344,0.7173261391317016,0.31853905439300884,319.6363636363636,0.52
type=lease_rate_per_min=2.0_think_snr=0.0_tau=0.5_seed=3,lease,2.0,0.0,0.5,lease,3,810,628,13,0.0202808112324493,0.07017543859649122,628,162.7817284763687,2115.6234350040518,43.43798577126649,600.0000000000005,0,415,1,0,0,0.0028702940648355746,0.4104940857802297,2141789351.5649593,0.0,0,426.0338557367096,149.55340374071056,829800.0,8730.504024447704,271,28,0.44315059626088793,0.4564758792615103,0.7020993070650415,0.2994218978943251,342.54545454545456,0.53
type=lease_rate_per_min=2.0_think_snr=0.0_tau=0.5_seed=4,lease,2.0,0.0,0.5,lease,4,748,639,6,0.009302325581395349,0.02824858757062147,639,138.78577155968833,1846.9467323704132,22.064039153916777,600.0,0,109,1,0,0,0.011085964456948256,0.3382486693274224,2368114522.840083,0.0,0,152.9280410766218,45.99190719402645,742200.0,1133.604062700269,258,58,0.6470551752811767,0.6527457670136173,0.6915644966977468,0.32305210702180626,348.54545454545456,0.48
type=lease_rate_per_min=2.0_think_snr=0.0_tau=0.5_seed=5,lease,2.0,0.0,0.5,lease,5,1016,795,22,0.02692778457772338,0.0967741935483871,795,203.89656333910625,3149.2902877494275,82.90433215471532,600.0000000000005,0,959,0,0,0,0.012380515858857024,0.24816729142336552,1530079885.947775,0.0,0,325.4447369276441,322.4109530973286,969000.0,15402.342746688844,306,8,0.39674801536963844,0.4112504038595042,0.855142733338999,0.3458843736350281,433.6363636363636,0.72
type=lease_rate_per_min=2.0_think_snr=0.0_tau=0.5_seed=6,lease,2.0,0.0,0.5,lease,6,639,520,6,0.011406844106463879,0.04,520,391.5623505182791,3040.677880985788,40.04447802197345,600.0000000000005,0,334,4,0,0,0.00710049373632544,0.3990794716626264,2846101102.530893,0.0,0,499.1932439134371,310.5618008071598,679200.0,6546.159920264611,260,28,0.5069978879109192,0.5151879748811726,0.6626884997490935,0.30552509293462937,283.6363636363636,0.49
type=lease_rate_per_min=2.0_think_snr=0.0_tau=0.5_seed=7,lease,2.0,0.0,0.5,lease,7,800,634,6,0.009375,0.02857142857142857,634,203.45086402340348,2068.7000059334623,97.92491119205329,600.0000000000005,0,358,2,0,0,0.0037998870268603413,0.3538894116538246,1550200703.7863545,0.0,0,358.54846356228455,344.8643457706412,903600.0,8499.419584248066,251,32,0.44625840427109503,0.4528764797726651,0.7201255954051736,0.29761003283821824,345.8181818181818,0.55
type=lease_rate_per_min=2.0_think_snr=0.0_tau=0.5_seed=8,lease,2.0,0.0,0.5,lease,8,887,710,8,0.011142061281337047,0.0446927374301676,710,212.9078458286424,2720.3297193668163,27.95144781468133,600.0000000000005,0,584,0,0,0,0.00654647469795712,0.45535013790838713,3090479671.917599,0.0,0,225.14803529303603,215.26907769983063,883200.0,11137.936687604157,297,18,0.46367850140763595,0.4712502429007515,0.7379226845134033,0.3205148857259204,387.2727272727273,0.58
type=lease_rate_per_min=2.0_think_snr=0.0_tau=0.5_seed=9,lease,2.0,0.0,0.5,lease,9,856,671,16,0.023289665211062592,0.08791208791208792,671,342.2642792828615,2886.9632080114097,43.96642991789122,600.0000000000005,0,569,1,0,0,0.0033410796802144202,0.3447025673661777,1500344155.1479383,0.0,0,179.85046009402805,168.72470109419987,836400.0,12881.462014432334,300,22,0.43079603158820784,0.4448537318032651,0.7870185240991647,0.33112729862171536,366.0,0.6
type=lease_rate_per_min=2.0_think_snr=0.0_tau=0.5_seed=10,lease,2.0,0.0,0.5,lease,10,716,609,3,0.004901960784313725,0.021897810218978103,609,219.64124987092373,1933.0879413372315,56.78238560758061,600.0000000000002,0,119,1,0,0,0.003996125465052226,0.26938254264317135,1283707018.6570055,0.0,0,423.73043057363543,268.7335467246039,624000.0,4437.22521122138,246,28,0.591578631022893,0.5952611674058823,0.7325148226414789,0.3500715109490704,332.1818181818182,0.5
type=lease_rate_per_min=2.0_think_snr=0.0_tau=0.8_seed=1,lease,2.0,0.0,0.8,lease,1,654,561,2,0.003552397868561279,0.012269938650306749,561,183.40286134093026,1586.3677658538854,60.98722706074678,600.0000000000002,0,82,0,0,0,0.002768957223101876,0.32477786055018026,2222313545.2109575,7151.71687269662,40,690.8837235547322,494.788831552549,824400.0,3445.6511905092075,300,66,0.655725316723189,0.6567095958743102,0.7172000106392451,0.29433962509985717,306.0,0.49
type=lease_rate_per_min=2.0_think_snr=0.0_tau=0.8_seed=2,lease,2.0,0.0,0.8,lease,2,738,590,4,0.006734006734006734,0.027586206896551724,590,287.87811642192196,2362.215454009235,48.601026103829376,600.0000000000005,0,287,5,0,0,0.005886440910753498,0.34405263161867505,1171643065.6044376,4237.108340264094,28,915.18450413977,577.7342872393849,796200.0,9267.374644350411,247,32,0.48400687298258566,0.48817345207988105,0.7268841588076276,0.3136260655208231,321.8181818181818,0.53
type=lease_rate_per_min=2.0_think_snr=0.0_tau=0.8_seed=3,lease,2.0,0.0,0.8,lease,3,809,623,12,0.01889763779527559,0.06547619047619048,623,161.85201251782178,2294.076371231107,55.82033153788846,600.0000000000005,0,416,1,0,0,0.0025949499275035514,0.40992695981341415,2213995103.6442924,4918.430787448926,36,1050.139178516833,493.14813531161235,844800.0,8678.150546210716,268,28,0.42539847473345754,0.43671127142802224,0.6986269544483295,0.29154057444526726,339.8181818181818,0.54
type=lease_rate_per_min=2.0_think_snr=0.0_tau=0.8_seed=4,lease,2.0,0.0,0.8,lease,4,762,652,6,0.00911854103343465,0.02824858757062147,652,135.9702710784627,1907.359572222507,21.338144355925447,600.0,0,107,0,0,0,0.007809997977971874,0.32889975195952803,1968331769.1354578,3989.7608726106487,25,563.4654263833406,354.56073721203165,747000.0,1395.4789620381848,258,41,0.646578020638036,0.6521744041338793,0.7010435512739576,0.3262495254467007,355.6363636363636,0.49
type=lease_rate_per_min=2.0_think_snr=0.0_tau=0.8_seed=5,lease,2.0,0.0,0.8,lease,5,1004,784,21,0.02608695652173913,0.09259259259259259,784,194.67196596830672,3097.3614468171236,80.76218885285186,600.0000000000005,0,966,1,0,0,0.007413429935733751,0.27202933025400444,1795623494.5189059,1262.265765500665,13,887.0151157421178,881.9175442785819,964800.0,15948.214523375893,300,5,0.39463859147201824,0.4097709410494723,0.8370363490068958,0.3402617417026723,427.6363636363636,0.7
type=lease_rate_per_min=2.0_think_snr=0.0_tau=0.8_seed=6,lease,2.0,0.0,0.8,lease,6,645,521,7,0.013257575757575758,0.046052631578947366,521,373.58696780359696,2994.8310417087832,41.801822508363166,600.0000000000005,0,308,3,0,0,0.006037048762903764,0.40198192598371907,2387126638.7878656,2678.701953328776,13,1413.464167335579,1039.7786130119227,708600.0,5639.445413541913,263,22,0.5095703175309705,0.5195398723579209,0.6678518569711539,0.30075357104614076,284.1818181818182,0.5
type=lease_rate_per_min=2.0_think_snr=0.0_tau=0.8_seed=7,lease,2.0,0.0,0.8,lease,7,802,633,7,0.0109375,0.03333333333333333,633,210.33901418185633,2033.405250199786,102.54125016005035,600.0000000000005,0,347,0,0,0,0.008144327134546579,0.3569042334153508,1745883487.615922,2368.5811777475515,19,1364.6860260326453,1121.8425193337719,901200.0,8854.009759387209,250,27,0.44762144760962447,0.4541913226452827,0.7087116722837348,0.2939280804597982,345.2727272727273,0.54
type=lease_rate_per_min=2.0_think_snr=0.0_tau=0.8_seed=8,lease,2.0,0.0,0.8,lease,8,880,706,9,0.012587412587412588,0.05,706,193.9523904763126,2732.865744942636,25.402635915514267,600.0000000000005,0,598,0,0,0,0.007938983627247398,0.4446746110080427,3341561791.0733232,1847.0712346603145,19,799.3886169880509,625.8721987947422,873000.0,10219.830564697044,299,13,0.4568874454305671,0.46544173743470496,0.7262563069234007,0.3290233600617597,385.0909090909091,0.58
type=lease_rate_per_min=2.0_think_snr=0.0_tau=0.8_seed=9,lease,2.0,0.0,0.8,lease,9,856,672,16,0.023255813953488372,0.08695652173913043,672,335.66236019610346,2512.745136282076,36.95215424781654,600.0000000000005,0,589,1,0,0,0.0037916740402451736,0.34666042687550325,1757894424.8105447,950.39803317492,2,674.0812905543635,621.9274802846339,834600.0,12751.873759167318,306,23,0.42861833443792685,0.44238630295973974,0.7694668690632285,0.31740292256365077,366.54545454545456,0.61
type=lease_rate_per_min=2.0_think_snr=0.0_tau=0.8_seed=10,lease,2.0,0.0,0.8,lease,10,722,616,3,0.004846526655896607,0.021897810218978103,616,219.40098655992006,1932.3207200764223,45.58230138538902,600.0000000000005,0,129,1,0,0,0.00340299197501013,0.2779554125823598,1348085055.6839466,1370.750139217436,13,1448.9408305038678,934.0781967010707,630600.0,4711.977757198085,248,21,0.5937705843505499,0.597516889992849,0.730739417759324,0.3490427264289158,336.0,0.5
type=lease_rate_per_min=2.0_think_snr=0.0_tau=0.9_seed=1,lease,2.0,0.0,0.9,lease,1,656,557,1,0.0017921146953405018,0.006289308176100629,557,184.13448968736202,1590.7840294477887,36.34896050632064,600.0000000000002,0,106,6,0,0,0.0015259233263133878,0.32659887095408324,2375437207.9956408,5540.940789191768,33,1803.909557609534,985.9462198106858,824400.0,4969.8694117331215,302,61,0.6499236666523267,0.6514026543958186,0.7061280529736468,0.2915768160250807,303.8181818181818,0.48
type=lease_rate_per_min=2.0_think_snr=0.0_tau=0.9_seed=2,lease,2.0,0.0,0.9,lease,2,735,586,4,0.006779661016949152,0.027777777777777776,586,285.48113491487527,2329.980631213289,53.34315841599099,600.0000000000005,0,296,5,0,0,0.004846695789913264,0.3117114847468044,1324416979.4198205,6829.46961602968,34,2135.615398394926,1598.1851247187699,814800.0,9090.876518769324,250,34,0.47547931587790354,0.47950064871361797,0.7158292895339614,0.31591688713572796,319.6363636363636,0.52
type=lease_rate_per_min=2.0_think_snr=0.0_tau=0.9_seed=3,lease,2.0,0.0,0.9,lease,3,805,624,13,0.02040816326530612,0.07228915662650602,624,146.5690384888792,2021.2277852628888,31.844140544113475,600.0000000000005,0,494,2,0,0,0.0034878848246528214,0.4053687346363581,2318112411.2718635,7333.540308280157,44,2187.490718775652,1373.1009457885993,840600.0,9059.73102836842,271,24,0.4437519623854888,0.4572818246177487,0.6874855503634099,0.3057447657561863,340.3636363636364,0.55
type=lease_rate_per_min=2.0_think_snr=0.0_tau=0.9_seed=4,lease,2.0,0.0,0.9,lease,4,760,644,6,0.009230769230769232,0.028901734104046242,644,140.89648646514627,1818.4694854698494,19.112236985181056,600.0000000000005,0,116,2,0,0,0.010916322753192069,0.32717726152411164,2217632218.625219,3944.630336289046,25,1445.9346098452595,1016.411164185452,745800.0,1444.0847716114777,259,36,0.6340704065331674,0.6396682190699744,0.6869820593919969,0.329005185316779,351.2727272727273,0.48
type=lease_rate_per_min=2.0_think_snr=0.0_tau=0.9_seed=5,lease,2.0,0.0,0.9,lease,5,995,763,27,0.03417721518987342,0.12264150943396226,763,139.6639662075927,3487.926135236798,57.390023834596846,600.0000000000005,0,1074,1,0,0,0.011736092554202411,0.24714913625195672,2340737305.144037,939.2926230353727,9,1632.66795927548,1609.8560601746512,944400.0,18008.999761671203,310,4,0.37484358044456456,0.39143640862074397,0.8171233887593887,0.3202942588828596,416.1818181818182,0.68
type=lease_rate_per_min=2.0_think_snr=0.0_tau=0.9_seed=6,lease,2.0,0.0,0.9,lease,6,630,510,11,0.02111324376199616,0.0728476821192053,510,382.9347221210933,3312.3349686866627,37.686544045380614,600.0000000000005,0,396,0,0,0,0.0058951137313848325,0.40040198413665645,2860054542.8828783,4186.813159734794,16,3102.0949283595064,2318.086246633183,679200.0,7093.377909793838,255,22,0.4821879042822228,0.49832099439565114,0.6275216319970539,0.2954278200538375,278.1818181818182,0.47
type=lease_rate_per_min=2.0_think_snr=0.0_tau=0.9_seed=7,lease,2.0,0.0,0.9,lease,7,804,639,6,0.009302325581395349,0.028846153846153848,639,208.77582567325362,1988.6439278469518,54.75769979659633,600.0000000000005,0,362,1,0,0,0.002245294786281452,0.35712749728726445,1734860778.6825647,3132.0485976316045,18,2850.110273190323,2280.3828030158356,909600.0,9614.482322981348,247,26,0.45435058421534524,0.46104358391649775,0.7008749895671459,0.29266712266161954,348.54545454545456,0.52
type=lease_rate_per_min=2.0_think_snr=0.0_tau=0.9_seed=8,lease,2.0,0.0,0.9,lease,8,868,692,10,0.014245014245014245,0.055865921787709494,692,196.21888016745834,2792.0792615066894,32.88336282968145,600.0000000000005,0,595,1,0,0,0.009367748523800807,0.447647019171008,3265774286.457864,2583.219421841709,21,2158.413339912585,1831.6438345715308,863400.0,9106.023974629836,292,13,0.4532359759595262,0.4625796544861874,0.7196867834312678,0.30408649543113137,377.4545454545455,0.55
type=lease_rate_per_min=2.0_think_snr=0.0_tau=0.9_seed=9,lease,2.0,0.0,0.9,lease,9,846,653,14,0.020989505247376312,0.07777777777777778,653,310.7530707269502,2966.408703380882,45.99629836731054,600.0000000000005,0,620,2,0,0,0.0036040347082413634,0.35236587569050565,2411185736.4340906,1901.2781731001737,4,2054.8050803413216,1986.978959422503,813600.0,13034.163193836106,294,12,0.40634637539503105,0.41911900199021346,0.7367327305385587,0.3192075873803265,356.1818181818182,0.56
type=lease_rate_per_min=2.0_think_snr=0.0_tau=0.9_seed=10,lease,2.0,0.0,0.9,lease,10,715,611,3,0.004885993485342019,0.021739130434782608,611,228.18287021141714,2031.988270685899,43.86447493288964,600.0000000000002,0,138,2,0,0,0.004154162502152774,0.26816408996943847,1722863991.2109704,1192.4515082598132,10,2725.6993113598273,1716.8769780324867,632400.0,6129.6636652861325,246,25,0.5881541780718158,0.5918449209381683,0.7001230301006863,0.35183574631927217,333.2727272727273,0.47
type=lease_rate_per_min=2.0_think_snr=0.5_tau=0.5_seed=1,lease,2.0,0.5,0.5,lease,1,664,556,2,0.0035842293906810036,0.006369426751592357,556,219.97862247607065,1755.9721885729102,66.41525047957943,600.0000000000005,0,104,0,0,0,0.004255259893775671,0.30781056631643233,1909886181.6755636,0.0,0,144.9149874381431,119.04701642221448,848400.0,4002.1247228602924,313,59,0.5921637552591017,0.5929429461146747,0.7393858111685767,0.2839369914007631,303.2727272727273,0.5
type=lease_rate_per_min=2.0_think_snr=0.5_tau=0.5_seed=2,lease,2.0,0.5,0.5,lease,2,719,557,7,0.012411347517730497,0.04929577464788732,557,309.9104821756248,2392.77125671488,78.8199527333154,600.0000000000005,0,334,5,0,0,0.0051898090359704515,0.3012087085434561,869127363.4813262,0.0,0,328.8603366966678,201.94332645381792,759000.0,8814.104459390293,254,31,0.4429424918292748,0.44741567930863435,0.7270494651280432,0.30850761846713415,303.8181818181818,0.54
type=lease_rate_per_min=2.0_think_snr=0.5_tau=0.5_seed=3,lease,2.0,0.5,0.5,lease,3,815,630,13,0.02021772939346812,0.07058823529411765,630,153.52614638487177,1948.9723076849446,36.492524369853676,600.0000000000005,0,433,1,0,0,0.0028178115436297796,0.4376965472115475,2217065760.8968763,0.0,0,414.2253171518262,152.48734763129596,835200.0,8847.157085103383,265,27,0.4352123669983544,0.44834083481443343,0.6888164390904236,0.2879898652674001,343.6363636363636,0.52
type=lease_rate_per_min=2.0_think_snr=0.5_tau=0.5_seed=4,lease,2.0,0.5,0.5,lease,4,780,656,3,0.004552352048558422,0.017964071856287425,656,125.39178402827542,2043.5547745264726,22.930674093433478,600.0,0,103,0,0,0,0.0027729231008322207,0.30372894259330374,2445074565.1527367,0.0,0,153.30256661452063,122.59064141248814,724200.0,1550.2787146651654,233,70,0.6317856134428566,0.6346773523703025,0.6807943906169063,0.3327244174254843,357.8181818181818,0.48
type=lease_rate_per_min=2.0_think_snr=0.5_tau=0.5_seed=5,lease,2.0,0.5,0.5,lease,5,1018,791,17,0.02103960396039604,0.07881773399014778,791,234.005465384672,3188.282734580496,76.97741230385627,600.0000000000005,0,965,2,0,0,0.006380805453130015,0.2835773235921837,1648949586.8153396,0.0,0,298.6292236527891,295.3918377152281,961200.0,13258.362119398027,281,11,0.39112441417983307,0.4025268051080679,0.8242707920470734,0.34614071175813577,431.4545454545455,0.68
type=lease_rate_per_min=2.0_think_snr=0.5_tau=0.5_seed=6,lease,2.0,0.5,0.5,lease,6,690,569,9,0.015570934256055362,0.05806451612903226,569,358.1520641399484,3046.0478197663388,31.838813465720737,600.0000000000005,0,357,1,0,0,0.0048870935939103926,0.4228530399548081,2664139084.2508726,0.0,0,480.6816406245865,311.7033721705926,702600.0,6272.356978926726,247,39,0.4876261621419346,0.5004086252324584,0.6384496206374645,0.30718719159339913,310.3636363636364,0.52
type=lease_rate_per_min=2.0_think_snr=0.5_tau=0.5_seed=7,lease,2.0,0.5,0.5,lease,7,799,635,8,0.012441679626749611,0.03773584905660377,635,258.65256288879664,2065.4302797996647,100.33905591714931,600.0000000000005,0,335,4,0,0,0.010904032663249874,0.339272997088855,1442472953.809197,0.0,0,151.75610732036722,138.9601434289002,884400.0,6604.404794547077,243,31,0.45695120026067876,0.4641043775333742,0.7082827095959595,0.29427576370614983,346.3636363636364,0.54
type=lease_rate_per_min=2.0_think_snr=0.5_tau=0.5_seed=8,lease,2.0,0.5,0.5,lease,8,888,711,7,0.009749303621169917,0.040229885057471264,711,245.60262298905764,3173.897124172358,33.63571798444386,600.0000000000005,0,567,0,0,0,0.004754937937833926,0.4373101756470038,2611221812.8008065,0.0,0,217.8145766488545,205.56343953328883,846000.0,11038.844640873438,306,25,0.45449630511046396,0.4616165461626515,0.7467041691190753,0.32567660404265697,387.8181818181818,0.58
type=lease_rate_per_min=2.0_think_snr=0.5_tau=0.5_seed=9,lease,2.0,0.5,0.5,lease,9,861,662,15,0.022156573116691284,0.08241758241758242,662,381.3801176151518,2932.508530802328,65.69702576829695,600.0000000000005,0,660,3,0,0,0.003791405598158145,0.3156481805567023,1228719307.5470939,0.0,0,159.15882744115703,151.40376993225868,865800.0,15190.168532202755,306,15,0.4076043133962556,0.421111721756392,0.8118358948539887,0.30852620183038715,361.0909090909091,0.62
type=lease_rate_per_min=2.0_think_snr=0.5_tau=0.5_seed=10,lease,2.0,0.5,0.5,lease,10,700,599,3,0.0049833887043189366,0.022222222222222223,599,235.20175936702321,1888.7366898167922,49.1221057148275,600.0000000000002,0,115,1,0,0,0.0030149706099236928,0.2808456570507355,1072856925.465569,0.0,0,430.8320966254513,320.0757147951674,666600.0,4084.021049228052,262,17,0.6125891441793133,0.616476975486382,0.7530283586667962,0.34161583844955384,326.72727272727275,0.51
type=lease_rate_per_min=2.0_think_snr=0.5_tau=0.8_seed=1,lease,2.0,0.5,0.8,lease,1,658,552,2,0.0036101083032490976,0.00641025641025641,552,204.58806694064697,1665.3102816343855,51.708550005864325,600.0000000000005,0,119,2,0,0,0.0045118107157116685,0.33284310567821757,1889151562.3300664,6179.425210434668,23,677.1654186891021,488.3026362204912,839400.0,4410.946712782582,312,46,0.6002959133559744,0.6012382982123959,0.7312214810039498,0.2732967591833163,301.0909090909091,0.5
type=lease_rate_per_min=2.0_think_snr=0.5_tau=0.8_seed=2,lease,2.0,0.5,0.8,lease,2,723,568,6,0.010452961672473868,0.041379310344827586,568,284.4757439924804,2405.066868753385,68.97932060538629,600.0000000000005,0,327,5,0,0,0.005188887274566219,0.308516853859589,901250924.1398561,3529.4848647867416,19,1247.4915452246537,900.9744785186422,774600.0,8975.242145010057,259,30,0.44430357760745887,0.4483610037498636,0.7299928280400155,0.30939334562366144,309.8181818181818,0.52
type=lease_rate_per_min=2.0_think_snr=0.5_tau=0.8_seed=3,lease,2.0,0.5,0.8,lease,3,808,621,11,0.01740506329113924,0.05952380952380952,621,139.98117197383363,1981.0785988701969,32.74238431661374,600.0000000000005,0,485,0,0,0,0.0022212569307882906,0.4135083032325543,2242456189.315725,3000.3787517254973,33,978.862808446289,459.42623170412935,824400.0,8999.006793381408,262,24,0.43153789857754354,0.4421595153283771,0.6796630303596867,0.29576008269674126,338.72727272727275,0.53
type=lease_rate_per_min=2.0_think_snr=0.5_tau=0.8_seed=4,lease,2.0,0.5,0.8,lease,4,770,648,3,0.004608294930875576,0.017857142857142856,648,115.28087042564471,1976.5678966054845,25.782291966841754,600.0,0,118,0,0,0,0.0023069657052952742,0.2998445891994684,2888760289.390212,6240.3207260520385,28,615.4971170754013,379.1101077434628,724200.0,2107.5084891531787,231,43,0.6312385108582849,0.6340999971350408,0.6619215861742425,0.33917707077713005,353.4545454545455,0.46
type=lease_rate_per_min=2.0_think_snr=0.5_tau=0.8_seed=5,lease,2.0,0.5,0.8,lease,5,1021,792,22,0.02702702702702703,0.10194174757281553,792,192.8579520011229,3397.8885583103006,69.52633756301253,600.0000000000005,0,980,1,0,0,0.008439553829547126,0.2910010112698624,1493501169.758376,773.2111552248934,6,850.5968800644287,838.7573659772125,964200.0,12868.940170170768,280,10,0.3973245884394476,0.4128086885073619,0.8360264065777971,0.34065114280877967,432.0,0.7
type=lease_rate_per_min=2.0_think_snr=0.5_tau=0.8_seed=6,lease,2.0,0.5,0.8,lease,6,697,570,10,0.017241379310344827,0.06535947712418301,570,338.6637385226104,2888.053706197215,25.713705766902496,600.0000000000005,0,366,2,0,0,0.0038405941484041146,0.426945313728456,2615191684.934952,3493.4803735631917,17,1663.6675462080054,1015.0250697351921,703200.0,6977.281779917097,247,33,0.49062629234772864,0.5052623652116275,0.6335905224763663,0.30911000286679124,310.90909090909093,0.49
type=lease_rate_per_min=2.0_think_snr=0.5_tau=0.8_seed=7,lease,2.0,0.5,0.8,lease,7,806,647,6,0.009188361408882083,0.02843601895734597,647,241.85906616806824,2068.673909670193,53.36703368139117,600.0000000000005,0,329,3,0,0,0.0029617999669945003,0.3379788700545322,1524079947.7225964,4417.7748705684335,22,1123.3306092296532,633.6743631842899,892200.0,6641.144321475337,248,29,0.47866466029593063,0.48550716547392175,0.7118256435185185,0.295081729062493,352.90909090909093,0.53
type=lease_rate_per_min=2.0_think_snr=0.5_tau=0.8_seed=8,lease,2.0,0.5,0.8,lease,8,889,707,9,0.012569832402234637,0.05263157894736842,707,227.46252133647363,3184.3772116853434,41.80729520270472,600.0000000000005,0,569,0,0,0,0.006303042168576469,0.43358946761586853,3086067876.446807,2339.8001261913523,17,808.1026983564097,779.6778398779666,850800.0,10652.635575381588,300,15,0.4481333649320589,0.4546882042446987,0.7275250669394263,0.323508242065189,385.6363636363636,0.58
type=lease_rate_per_min=2.0_think_snr=0.5_tau=0.8_seed=9,lease,2.0,0.5,0.8,lease,9,868,670,15,0.021897810218978103,0.08241758241758242,670,356.531319476616,2885.4099892544104,62.79359981369248,600.0000000000005,0,662,3,0,0,0.004644873289901202,0.3356566753116266,1293888610.761829,1009.239299797175,4,659.4621921608327,626.917399023589,870600.0,15560.83417713553,305,13,0.408211851886813,0.42055685913411944,0.8056307470012627,0.3016276861410003,365.4545454545455,0.61
type=lease_rate_per_min=2.0_think_snr=0.5_tau=0.8_seed=10,lease,2.0,0.5,0.8,lease,10,696,599,3,0.0049833887043189366,0.021897810218978103,599,236.40166671642828,2212.348522973971,53.48819841846375,600.0000000000005,0,121,1,0,0,0.0030828174714484188,0.2714942587939497,1155859085.470085,1295.9268046114428,18,1573.8113361858145,969.4506875366205,664200.0,3541.0382086297514,259,17,0.5940147253814135,0.5976017068849727,0.7417555920826858,0.34384641305865354,326.72727272727275,0.53
type=lease_rate_per_min=2.0_think_snr=0.5_tau=0.9_seed=1,lease,2.0,0.5,0.9,lease,1,653,541,2,0.003683241252302026,0.006493506493506494,541,198.30423306080365,1579.713271337785,55.00365068288798,600.0000000000005,0,138,3,0,0,0.004618614549008674,0.324221835382888,1977916992.3773992,2340.2524288658465,5,1800.148920242781,1442.6330446315096,833400.0,4793.906668872973,303,30,0.595756106966221,0.5965680588296255,0.7280239237932207,0.27339811133955766,295.0909090909091,0.48
type=lease_rate_per_min=2.0_think_snr=0.5_tau=0.9_seed=2,lease,2.0,0.5,0.9,lease,2,743,585,7,0.011824324324324325,0.047619047619047616,585,290.2693946013492,2333.5339650180285,55.63711442215098,600.0000000000005,0,294,4,0,0,0.0047353083441552075,0.29738836910031247,1276621840.7937376,2564.7150333517784,15,2534.3945395999835,1950.5408800538155,796200.0,9528.187653229528,264,25,0.45465764829344674,0.45983008456178476,0.7393705924185768,0.3132417450387687,319.0909090909091,0.54
type=lease_rate_per_min=2.0_think_snr=0.5_tau=0.9_seed=3,lease,2.0,0.5,0.9,lease,3,797,603,12,0.01951219512195122,0.06790123456790123,603,129.45725280203078,2072.789728590888,37.33731055027807,600.0000000000005,0,515,0,0,0,0.0020844122385825395,0.4182704243217774,2675345420.9206204,3426.163337712791,11,2042.4629341097593,1258.863444018589,834600.0,9152.733870469921,270,24,0.42333737917727293,0.4350034825760572,0.6649042666529072,0.28120443525218036,328.90909090909093,0.52
type=lease_rate_per_min=2.0_think_snr=0.5_tau=0.9_seed=4,lease,2.0,0.5,0.9,lease,4,774,653,4,0.0060882800608828,0.023529411764705882,653,122.74881626619208,1930.2976154706962,19.323990889119198,600.0000000000005,0,122,2,0,0,0.0066367786888376955,0.2992346710087553,2911291090.3219323,6762.966237692818,34,1495.348399341924,764.5455686468381,727800.0,2101.3814144230546,229,39,0.617220084773659,0.6204318786191898,0.6534281971032441,0.3268966953770726,356.1818181818182,0.47
type=lease_rate_per_min=2.0_think_snr=0.5_tau=0.9_seed=5,lease,2.0,0.5,0.9,lease,5,1003,771,22,0.027742749054224466,0.10396039603960396,771,181.67098016444754,3333.9961232801766,55.858595713772175,600.0000000000005,0,938,6,0,0,0.010220932401222411,0.26290922631700137,1617600007.0093968,1313.0350987733673,13,1808.6480137332803,1768.599510879553,950400.0,11959.080940151865,275,7,0.3904957136017415,0.4054898195724796,0.8374489361200143,0.3476905786541825,420.54545454545456,0.69
type=lease_rate_per_min=2.0_think_snr=0.5_tau=0.9_seed=6,lease,2.0,0.5,0.9,lease,6,683,553,13,0.022968197879858657,0.07741935483870968,553,333.1944256174788,2941.708958989006,29.356232323618624,600.0000000000005,0,364,1,0,0,0.0070444333564529385,0.4245079390302689,3093982609.0984454,2988.4659952454426,19,3602.2700210864678,2387.697753236227,689400.0,7048.255037943335,247,32,0.48903812974960476,0.5057626574187097,0.6247754288234914,0.30544379780459713,301.6363636363636,0.48
type=lease_rate_per_min=2.0_think_snr=0.5_tau=0.9_seed=7,lease,2.0,0.5,0.9,lease,7,797,637,8,0.012403100775193798,0.03773584905660377,637,199.96902744793192,2086.9480938884217,33.03593684245142,600.0000000000005,0,371,2,0,0,0.004401040474390017,0.33399345578352163,1692829203.0270429,2768.8375374603906,16,2453.606352319317,2060.8674402127785,876600.0,6514.439221579799,242,23,0.48032076166993565,0.48786661148453586,0.6975478111402487,0.29080527130291267,347.4545454545455,0.53
type=lease_rate_per_min=2.0_think_snr=0.5_tau=0.9_seed=8,lease,2.0,0.5,0.9,lease,8,870,685,9,0.012968299711815562,0.05202312138728324,685,208.32164457230851,3329.813052763966,20.744684228384855,600.0000000000005,0,604,0,0,0,0.006559341157657747,0.45062648988226534,3663806827.5735784,3014.754343827216,19,2167.561202476776,2057.076329415627,838800.0,11853.58168503045,300,13,0.4433550459570725,0.4520147276925981,0.7047639497539497,0.3213598939705985,373.6363636363636,0.56
type=lease_rate_per_min=2.0_think_snr=0.5_tau=0.9_seed=9,lease,2.0,0.5,0.9,lease,9,863,659,17,0.02514792899408284,0.09550561797752809,659,328.07073833945697,3125.6400192035794,57.71612034039963,600.0000000000005,0,715,1,0,0,0.004583918386862383,0.339845182476174,1592754849.2810361,1070.7045412546213,7,1961.0709313184016,1878.0281388008098,867000.0,15241.493501563931,313,13,0.39939522171294517,0.4142856628660574,0.7833978948863636,0.29568955942232233,359.4545454545455,0.61
type=lease_rate_per_min=2.0_think_snr=0.5_tau=0.9_seed=10,lease,2.0,0.5,0.9,lease,10,711,616,3,0.004846526655896607,0.021739130434782608,616,230.0375023267934,1834.6137877991205,52.458609012263686,600.0000000000005,0,125,1,0,0,0.0030295059731180137,0.2884452035657023,1535038746.8658264,330.6333056199153,4,2698.3778146223563,1834.7791260133272,681000.0,4999.532366636299,262,15,0.6046151609729944,0.6084466197234455,0.7214552511857356,0.3280947024728023,336.0,0.5
type=lease_rate_per_min=2.0_think_snr=0.9_tau=0.5_seed=1,lease,2.0,0.9,0.5,lease,1,641,523,2,0.0038095238095238095,0.006711409395973154,523,288.73334895482094,1798.4776814782008,167.46155676799455,600.0000000000005,0,113,1,0,0,0.006793513535214637,0.2864516816592187,1781650049.4348168,0.0,0,137.40442952374264,113.61380096252992,789000.0,4360.31564999278,299,55,0.5502842471127898,0.5508874744448283,0.7322303642717237,0.29096263011819284,285.2727272727273,0.5
type=lease_rate_per_min=2.0_think_snr=0.9_tau=0.5_seed=2,lease,2.0,0.9,0.5,lease,2,725,564,6,0.010526315789473684,0.041666666666666664,564,285.43859386612166,2369.7236633919256,127.04798182543955,600.0,0,306,3,0,0,0.0031994337156919343,0.33876907238621073,1342502440.6198626,0.0,0,332.13488080787033,206.91552699599924,740400.0,8045.132551373177,253,29,0.42156545329901285,0.4263107496741593,0.7188488712728245,0.31230852664696235,307.6363636363636,0.52
type=lease_rate_per_min=2.0_think_snr=0.9_tau=0.5_seed=3,lease,2.0,0.9,0.5,lease,3,792,610,12,0.01929260450160772,0.06626506024096386,610,135.91476632436502,2162.7133450427127,51.06865742346003,600.0000000000005,0,448,1,0,0,0.004833398986948199,0.44416566471589286,2733962038.599627,0.0,0,421.0471433258231,155.9162658495752,789600.0,8831.46690728757,254,31,0.44198983860977964,0.45320738944264405,0.6595128961166149,0.2814913570193995,332.72727272727275,0.52
type=lease_rate_per_min=2.0_think_snr=0.9_tau=0.5_seed=4,lease,2.0,0.9,0.5,lease,4,809,689,3,0.004335260115606936,0.017241379310344827,689,129.68282144166005,1871.452293341255,23.889841279526458,600.0,0,121,1,0,0,0.003211211350661854,0.3259731257082774,2536606149.475532,0.0,0,156.84693410956493,130.56650896586484,740400.0,1845.2738129394284,232,51,0.6141725406276964,0.6169116351216768,0.6928117740708366,0.3338066902757205,375.8181818181818,0.49
type=lease_rate_per_min=2.0_think_snr=0.9_tau=0.5_seed=5,lease,2.0,0.9,0.5,lease,5,1016,805,20,0.024242424242424242,0.08530805687203792,805,204.25145330908026,3076.32966383957,61.03030327165734,600.0000000000005,0,925,2,0,0,0.011811122942285304,0.29928649486082964,1847625243.785809,0.0,0,274.59570169529405,271.31125106022455,893400.0,11462.87645705628,275,12,0.4003290237673691,0.4148294197966814,0.8063764010780886,0.35995590899252056,439.0909090909091,0.69
type=lease_rate_per_min=2.0_think_snr=0.9_tau=0.5_seed=6,lease,2.0,0.9,0.5,lease,6,675,547,10,0.017953321364452424,0.06289308176100629,547,357.0803146882645,2980.735871427086,32.259632007457874,600.0000000000005,0,423,1,0,0,0.007739155618284805,0.42462318613450145,2751291535.4037046,0.0,0,473.26136535829926,291.4022888938323,684600.0,6334.645282608727,250,41,0.47809728482571706,0.4919506350158878,0.6371393993015088,0.312678535260475,298.3636363636364,0.5
type=lease_rate_per_min=2.0_think_snr=0.9_tau=0.5_seed=7,lease,2.0,0.9,0.5,lease,7,808,642,7,0.01078582434514638,0.03271028037383177,642,193.6373749532671,2076.194478000663,32.23858107502952,600.0000000000005,0,343,0,0,0,0.011121083971626375,0.3270075723400652,1609430101.8945932,0.0,0,161.03477440631917,148.32850119319664,864000.0,6619.433396906622,242,30,0.48371892777788056,0.4901825169268061,0.7049174777543058,0.3131886937282063,350.1818181818182,0.53
type=lease_rate_per_min=2.0_think_snr=0.9_tau=0.5_seed=8,lease,2.0,0.9,0.5,lease,8,864,678,6,0.008771929824561403,0.03592814371257485,678,262.90311667877756,3174.335628276011,31.136651060162283,600.0000000000005,0,576,0,0,0,0.008262607507400599,0.42459812008352205,2992995247.223978,0.0,0,240.37301829906679,230.73291670806566,802800.0,10159.210084942159,303,22,0.45264396850526717,0.45795969012822096,0.7134660099108068,0.33886054036702873,369.8181818181818,0.57
type=lease_rate_per_min=2.0_think_snr=0.9_tau=0.5_seed=9,lease,2.0,0.9,0.5,lease,9,882,687,13,0.018571428571428572,0.07142857142857142,687,373.27396404987917,3164.398554226403,72.28962803337645,600.0000000000005,0,720,2,0,0,0.0037576187843436043,0.3211192464453116,915937291.8205081,0.0,0,162.05552040368087,154.44837049692592,894600.0,15405.86920435167,317,12,0.4095085266433915,0.42119768484937375,0.8277647808817341,0.29972093644576037,374.72727272727275,0.64
type=lease_rate_per_min=2.0_think_snr=0.9_tau=0.5_seed=10,lease,2.0,0.9,0.5,lease,10,704,599,7,0.01155115511551155,0.051470588235294115,599,246.1692473660571,1965.3010321294773,75.18138848268558,600.0000000000005,0,138,0,0,0,0.006018098400594922,0.23799622948227422,1065789392.2228894,0.0,0,335.6627706469335,275.45171976133815,672000.0,5407.556984898035,260,17,0.5894696119918406,0.5972490253373945,0.7488576207426832,0.32635385895091845,326.72727272727275,0.52
type=lease_rate_per_min=2.0_think_snr=0.9_tau=0.8_seed=1,lease,2.0,0.9,0.8,lease,1,635,522,2,0.003816793893129771,0.006756756756756757,522,271.82582901599335,1760.2847578070014,77.9214432041615,600.0000000000005,0,158,4,0,0,0.008300441767456297,0.3086846209347797,1696065245.1209302,2486.9045389184007,10,713.0228073983683,554.6770514811706,805200.0,5634.477989345859,311,32,0.5681030684877185,0.5688040590926307,0.7160349700692826,0.28376212308602267,284.72727272727275,0.5
type=lease_rate_per_min=2.0_think_snr=0.9_tau=0.8_seed=2,lease,2.0,0.9,0.8,lease,2,727,571,5,0.008680555555555556,0.035211267605633804,571,310.83967535142483,2202.372011513764,38.34924134162674,600.0000000000005,0,336,6,0,0,0.0041587692346537995,0.3297963545099919,1692450500.924989,3563.775169682028,26,1228.391491287381,893.6577115042467,741000.0,9538.9948356886,254,25,0.4550083392484447,0.4599290484530198,0.7072238030667249,0.32600016116373837,311.45454545454544,0.52
type=lease_rate_per_min=2.0_think_snr=0.9_tau=0.8_seed=3,lease,2.0,0.9,0.8,lease,3,790,608,12,0.01935483870967742,0.06666666666666667,608,136.48185225132465,2106.866015944184,42.872000260285105,600.0000000000005,0,491,1,0,0,0.0025629438912514973,0.41954567923682334,2768303012.9406266,4405.800708035051,35,1017.7784370795126,507.202311317114,788400.0,8974.516664380397,256,26,0.44736718044038914,0.45908334878224466,0.6537659629912911,0.2891490653329717,331.6363636363636,0.53
type=lease_rate_per_min=2.0_think_snr=0.9_tau=0.8_seed=4,lease,2.0,0.9,0.8,lease,4,804,676,3,0.004418262150220913,0.017341040462427744,676,135.08279880390955,1945.3540081467418,20.569253332589565,600.0000000000005,0,133,0,0,0,0.002113908001407173,0.3312506836887292,2683857184.4618416,6485.12959463902,25,573.3607396668024,508.8065496833169,739800.0,2170.044534067072,231,25,0.5946099544906558,0.5971729984696714,0.6653459089816434,0.3253586762215502,368.72727272727275,0.48
type=lease_rate_per_min=2.0_think_snr=0.9_tau=0.8_seed=5,lease,2.0,0.9,0.8,lease,5,994,761,23,0.029336734693877552,0.10344827586206896,761,182.38750579882003,3351.1657056278345,56.4388169777932,600.0000000000005,0,977,3,0,0,0.010826519864135986,0.2863211453852309,1885886354.9811008,695.0041657066604,12,894.6009739881483,883.2305802444105,856200.0,11017.957224170928,265,9,0.39911206071950356,0.41511105001045434,0.801405960988086,0.34773243815829163,415.0909090909091,0.68
type=lease_rate_per_min=2.0_think_snr=0.9_tau=0.8_seed=6,lease,2.0,0.9,0.8,lease,6,668,533,14,0.025594149908592323,0.08280254777070063,533,332.2270728989415,2939.2592331006017,27.075442499968805,600.0000000000005,0,432,1,0,0,0.007408537517185464,0.43322789703293246,2701267041.18237,3783.446960271409,26,1486.3227188241465,1057.2371138720891,668400.0,7476.628263592186,249,34,0.47065994877914097,0.4903024045289834,0.635291833875615,0.3016923756960687,290.72727272727275,0.5
type=lease_rate_per_min=2.0_think_snr=0.9_tau=0.8_seed=7,lease,2.0,0.9,0.8,lease,7,804,650,9,0.013657056145675266,0.04128440366972477,650,200.69391310908645,2114.0979741088777,36.84414188228304,600.0000000000005,0,361,3,0,0,0.013992995459459345,0.33865979912032995,1574596055.9330804,5134.014523046309,20,778.565804770751,562.1713511526391,864600.0,6840.92089957211,242,26,0.49359703657722376,0.5018747163063424,0.7009814365813585,0.30689229870091406,354.54545454545456,0.53
type=lease_rate_per_min=2.0_think_snr=0.9_tau=0.8_seed=8,lease,2.0,0.9,0.8,lease,8,850,670,8,0.011799410029498525,0.046511627906976744,670,256.4913632048507,3090.005361777331,35.15762464623809,600.0000000000005,0,588,0,0,0,0.008191545007141046,0.43086525957203564,3324046505.576149,4021.130821073345,13,855.7057091634233,829.9219874775567,795600.0,9696.299184378118,296,14,0.44454155790906136,0.45093069512619965,0.7032395500801282,0.32974205546843727,365.4545454545455,0.56
type=lease_rate_per_min=2.0_think_snr=0.9_tau=0.8_seed=9,lease,2.0,0.9,0.8,lease,9,886,682,15,0.021520803443328552,0.08241758241758242,682,332.6021389305149,2967.390708502034,56.88732723982236,600.0000000000005,0,710,2,0,0,0.005187221675419357,0.3251862730914876,990827117.5654546,652.3852462030496,7,657.5405631386958,633.9398768044755,883800.0,17136.606890927746,312,13,0.399198561816246,0.41148326387269296,0.8170370100888695,0.294383490066801,372.0,0.63
type=lease_rate_per_min=2.0_think_snr=0.9_tau=0.8_seed=10,lease,2.0,0.9,0.8,lease,10,698,599,5,0.008278145695364239,0.03787878787878788,599,245.04552438819064,1943.0366972579343,55.13399394808941,600.0,0,169,2,0,0,0.006043990207855845,0.25768195081740924,1205980952.0029233,622.9209946547553,8,1543.7528030010828,947.1930049459961,673800.0,4997.747399894958,263,13,0.5755705333763911,0.5796420318394258,0.7391611678159804,0.3398962081041394,326.72727272727275,0.53
type=lease_rate_per_min=2.0_think_snr=0.9_tau=0.9_seed=1,lease,2.0,0.9,0.9,lease,1,640,521,2,0.0038240917782026767,0.006756756756756757,521,259.6854693258713,1897.9349508152322,53.14967989260094,600.0000000000005,0,180,0,0,0,0.004052506716588202,0.30766107876107496,1991290204.1826317,1913.9078853820586,7,2066.6656557088972,1725.8455752778148,802200.0,5436.822720750555,311,26,0.5778193111814076,0.578562477967858,0.7099255853931948,0.2852293400784912,284.1818181818182,0.5
type=lease_rate_per_min=2.0_think_snr=0.9_tau=0.9_seed=2,lease,2.0,0.9,0.9,lease,2,727,565,6,0.010507880910683012,0.04195804195804196,565,297.32080366651826,2221.7654187534295,60.78953854248762,600.0000000000005,0,318,3,0,0,0.004249031573256437,0.33739781269423924,2098935780.5538738,765.9002842917838,11,2451.2238483380747,1922.0765239102363,748800.0,8807.400489156287,255,25,0.44227006595346025,0.4466074591674854,0.6882807479603731,0.3141510326096158,308.1818181818182,0.53
type=lease_rate_per_min=2.0_think_snr=0.9_tau=0.9_seed=3,lease,2.0,0.9,0.9,lease,3,785,598,14,0.02287581699346405,0.07926829268292683,598,109.0628512379144,1991.791902007127,38.1524934183678,600.0000000000005,0,496,1,0,0,0.003423588325759076,0.41538880628386843,2859299159.2737956,3366.0625066376697,10,2164.702313443258,1493.1729476594571,784200.0,8483.344980989696,249,26,0.4438939233085675,0.45683385289386347,0.6372410963359557,0.286483759323897,326.1818181818182,0.52
type=lease_rate_per_min=2.0_think_snr=0.9_tau=0.9_seed=4,lease,2.0,0.9,0.9,lease,4,793,667,3,0.004477611940298508,0.017857142857142856,667,141.3615236617652,1992.2701498308718,21.054329367663797,600.0000000000005,0,128,0,0,0,0.0034209805189667343,0.29471351879461355,2409912256.7820997,2755.1015238472846,20,1514.3543060172356,1229.3620270413558,739800.0,2822.7199151607742,230,24,0.5715106389491151,0.5738075380704666,0.6759803098088255,0.32098437236074673,363.8181818181818,0.5
type=lease_rate_per_min=2.0_think_snr=0.9_tau=0.9_seed=5,lease,2.0,0.9,0.9,lease,5,989,761,24,0.030573248407643312,0.11330049261083744,761,134.5003260952958,3428.1293923784006,42.401565765454905,600.0000000000005,0,999,1,0,0,0.01183277563125001,0.31517244846302417,2122464076.7273104,1397.6631375581337,16,1668.1895866370878,1628.9064003511232,856200.0,11114.75821231609,279,10,0.3947431987960944,0.4102423509866955,0.7931061006256476,0.35538934368468245,415.0909090909091,0.67
type=lease_rate_per_min=2.0_think_snr=0.9_tau=0.9_seed=6,lease,2.0,0.9,0.9,lease,6,662,524,14,0.026022304832713755,0.08974358974358974,524,370.1547661679882,2891.1193233181457,37.28244191333844,600.0000000000005,0,428,2,0,0,0.005330854709732792,0.43609959296964185,2902937744.13103,3105.8323966745775,16,3424.3163405344467,2486.3308725483607,659400.0,7179.192093897468,246,31,0.45788715080441594,0.47696896439052205,0.6211288934456748,0.2905804853697191,285.8181818181818,0.5
type=lease_rate_per_min=2.0_think_snr=0.9_tau=0.9_seed=7,lease,2.0,0.9,0.9,lease,7,798,629,9,0.014106583072100314,0.043689320388349516,629,181.8463182379387,2083.9927068099637,33.297536392415815,600.0000000000005,0,412,0,0,0,0.012041805079335666,0.35100739532692193,2294719644.051221,2777.892647999914,10,2495.49730089599,2038.6618876420637,843000.0,6328.227554335727,233,26,0.47075179690482316,0.47835279630404987,0.6529290594567471,0.290114114810435,343.0909090909091,0.51
type=lease_rate_per_min=2.0_think_snr=0.9_tau=0.9_seed=8,lease,2.0,0.9,0.9,lease,8,858,669,7,0.010355029585798817,0.041176470588235294,669,218.10824242329568,3103.654202298076,20.713561804156434,600.0000000000005,0,618,0,0,0,0.0072407090737185865,0.4410786442968519,3621265769.809563,3740.724292232416,18,2517.9840407564034,2447.513836753686,804000.0,9588.38768363509,289,13,0.4431350525737773,0.450239001343682,0.7012330707434927,0.31517559241378174,364.90909090909093,0.58
type=lease_rate_per_min=2.0_think_snr=0.9_tau=0.9_seed=9,lease,2.0,0.9,0.9,lease,9,871,669,18,0.026200873362445413,0.09782608695652174,669,335.3651983959785,2840.1766687312397,59.30466520588163,600.0000000000005,0,735,0,0,0,0.004225806427608328,0.32398333043146915,1410300657.8927217,990.3293460143092,9,2005.944545708392,1939.5567960177843,898200.0,15859.148097608633,310,11,0.38778886166183185,0.4026403301470349,0.7964796920446452,0.2835465079431797,364.90909090909093,0.63
type=lease_rate_per_min=2.0_think_snr=0.9_tau=0.9_seed=10,lease,2.0,0.9,0.9,lease,10,711,607,5,0.008169934640522876,0.03676470588235294,607,273.7768876443615,2048.4983520039477,51.78880414578588,600.0000000000005,0,149,0,0,0,0.0031439353019999975,0.2691772176154097,1388547964.5835032,95.32273878239789,1,2765.2994271095668,2178.022692472423,687000.0,5217.7091472541415,262,13,0.5792039082124868,0.5863160627718846,0.7275117901248057,0.31824261693860434,331.0909090909091,0.52
type=clairvoyant_rate_per_min=1.0_think_snr=0.0_tau=0.5_seed=1,clairvoyant,1.0,0.0,0.5,clairvoyant,1,406,382,1,0.0026109660574412533,0.00980392156862745,382,105.45151886948724,1267.9809208852723,0.0,600.0,0,33,0,0,0,0.003937082360139112,0.38872098776020636,2021199517.0992155,405.0,135,0.0,0.0,0.0,0.0,205,108,0.8957078983688795,0.9014866590035174,0.3864586833155271,0.21188269305201426,208.36363636363637,0.11
type=clairvoyant_rate_per_min=1.0_think_snr=0.0_tau=0.5_seed=2,clairvoyant,1.0,0.0,0.5,clairvoyant,2,420,376,2,0.005291005291005291,0.025,376,146.51424138241737,1392.5700347209922,40.52241875580374,600.0,0,26,0,0,0,0.0006975695607376157,0.250782850642201,902221504.2596215,369.0,123,0.0,0.0,0.0,0.0,196,47,0.8182671016423472,0.8288939471182218,0.48927929211182336,0.23784606563231334,205.0909090909091,0.14
type=clairvoyant_rate_per_min=1.0_think_snr=0.0_tau=0.5_seed=3,clairvoyant,1.0,0.0,0.5,clairvoyant,3,482,430,5,0.011494252873563218,0.04,430,103.29910790261283,1454.2239714223797,25.237234019388914,600.0,0,47,0,0,0,0.000804499056602138,0.39207445460190454,1544909619.726146,441.0,147,0.0,0.0,0.0,0.0,185,48,0.8118121812725702,0.8276290354860825,0.482985546875,0.23935648228028603,234.54545454545456,0.15
type=clairvoyant_rate_per_min=1.0_think_snr=0.0_tau=0.5_seed=4,clairvoyant,1.0,0.0,0.5,clairvoyant,4,460,427,3,0.0069767441860465115,0.02040816326530612,427,56.022677082896735,1880.9332039379813,0.34858229513669753,600.0,0,38,0,0,0,0.010267166620114057,0.3873205388819647,1823934135.1126719,528.0,176,0.0,0.0,0.0,0.0,174,106,0.8653038250086199,0.8790329838375023,0.391075454432142,0.20021495790860572,232.9090909090909,0.12
type=clairvoyant_rate_per_min=1.0_think_snr=0.0_tau=0.5_seed=5,clairvoyant,1.0,0.0,0.5,clairvoyant,5,682,612,3,0.004878048780487805,0.030303030303030304,612,85.41436733769297,2242.786053364792,68.0735883069951,600.0000000000005,0,88,2,0,0,0.0011620851801940548,0.31977558757921054,1412660484.7216275,300.0,100,0.0,0.0,0.0,0.0,192,46,0.7044177965329707,0.7145776685983499,0.6067114053920617,0.2872115124307833,333.8181818181818,0.19
type=clairvoyant_rate_per_min=1.0_think_snr=0.0_tau=0.5_seed=6,clairvoyant,1.0,0.0,0.5,clairvoyant,6,445,401,1,0.0024875621890547263,0.01020408163265306,401,169.31972086371752,1888.9951958718434,40.04306405364861,600.0,0,59,1,0,0,0.000319461201450353,0.3963991230945236,1415044413.6346629,240.0,80,0.0,0.0,0.0,0.0,209,59,0.8356958231066586,0.8376507525271,0.5141913203995079,0.27223774943332324,218.72727272727275,0.16
type=clairvoyant_rate_per_min=1.0_think_snr=0.0_tau=0.5_seed=7,clairvoyant,1.0,0.0,0.5,clairvoyant,7,407,381,0,0.0,0.0,381,103.24082247081697,1349.2320023525176,27.856436603666772,241.6053482532434,0,12,1,0,0,0.0005835539299895694,0.21613396782950972,1335397910.2525673,429.0,143,0.0,0.0,0.0,0.0,164,64,0.9122077081083853,0.9122077081083853,0.4377042741720086,0.23121673535330514,207.8181818181818,0.12
type=clairvoyant_rate_per_min=1.0_think_snr=0.0_tau=0.5_seed=8,clairvoyant,1.0,0.0,0.5,clairvoyant,8,563,507,3,0.0058823529411764705,0.02654867256637168,507,111.80969589579672,1947.8908657229256,6.6854172916458765,600.0,0,108,0,0,0,0.0014207528166624848,0.43618168198570156,2046729844.9956992,330.0,110,0.0,0.0,0.0,0.0,192,55,0.7673034531573685,0.7763323272164964,0.5185671197511978,0.2656340739592446,276.54545454545456,0.15
type=clairvoyant_rate_per_min=1.0_think_snr=0.0_tau=0.5_seed=9,clairvoyant,1.0,0.0,0.5,clairvoyant,9,553,497,1,0.002008032128514056,0.008849557522123894,497,141.85709056566884,1472.7441976872444,78.26211770324562,600.0,0,41,0,0,0,2.4816573277513247e-05,0.2650235824013406,1119394663.3160217,219.0,73,0.0,0.0,0.0,0.0,218,70,0.7900561278530753,0.7938840691718781,0.6205762146100428,0.2511913855449992,271.0909090909091,0.18
type=clairvoyant_rate_per_min=1.0_think_snr=0.0_tau=0.5_seed=10,clairvoyant,1.0,0.0,0.5,clairvoyant,10,506,465,2,0.004282655246252677,0.02127659574468085,465,104.04428433377689,1473.8281175870156,19.475323830205944,600.0,0,30,1,0,0,0.0040745123369853075,0.21794386143350852,2235280466.3759656,501.0,167,0.0,0.0,0.0,0.0,190,100,0.8342620401778623,0.8408080667016675,0.5133033221882285,0.29072271802185423,253.63636363636365,0.15
type=clairvoyant_rate_per_min=1.0_think_snr=0.0_tau=0.8_seed=1,clairvoyant,1.0,0.0,0.8,clairvoyant,1,406,382,1,0.0026109660574412533,0.00980392156862745,382,105.45151886948724,1267.9809208852723,0.0,600.0,0,33,0,0,0,0.003937082360139112,0.38872098776020636,2021199517.0992155,405.0,135,0.0,0.0,0.0,0.0,205,108,0.8957078983688795,0.9014866590035174,0.3864586833155271,0.21188269305201426,208.36363636363637,0.11
type=clairvoyant_rate_per_min=1.0_think_snr=0.0_tau=0.8_seed=2,clairvoyant,1.0,0.0,0.8,clairvoyant,2,420,376,2,0.005291005291005291,0.025,376,146.51424138241737,1392.5700347209922,40.52241875580374,600.0,0,26,0,0,0,0.0006975695607376157,0.250782850642201,902221504.2596215,369.0,123,0.0,0.0,0.0,0.0,196,47,0.8182671016423472,0.8288939471182218,0.48927929211182336,0.23784606563231334,205.0909090909091,0.14
type=clairvoyant_rate_per_min=1.0_think_snr=0.0_tau=0.8_seed=3,clairvoyant,1.0,0.0,0.8,clairvoyant,3,482,430,5,0.011494252873563218,0.04,430,103.29910790261283,1454.2239714223797,25.237234019388914,600.0,0,47,0,0,0,0.000804499056602138,0.39207445460190454,1544909619.726146,441.0,147,0.0,0.0,0.0,0.0,185,48,0.8118121812725702,0.8276290354860825,0.482985546875,0.23935648228028603,234.54545454545456,0.14
type=clairvoyant_rate_per_min=1.0_think_snr=0.0_tau=0.8_seed=4,clairvoyant,1.0,0.0,0.8,clairvoyant,4,460,427,3,0.0069767441860465115,0.02040816326530612,427,56.022677082896735,1880.9332039379813,0.34858229513669753,600.0,0,38,0,0,0,0.010267166620114057,0.3873205388819647,1823934135.1126719,528.0,176,0.0,0.0,0.0,0.0,174,106,0.8653038250086199,0.8790329838375023,0.391075454432142,0.20021495790860572,232.9090909090909,0.12
type=clairvoyant_rate_per_min=1.0_think_snr=0.0_tau=0.8_seed=5,clairvoyant,1.0,0.0,0.8,clairvoyant,5,682,612,3,0.004878048780487805,0.030303030303030304,612,85.41436733769297,2242.786053364792,68.0735883069951,600.0000000000005,0,88,2,0,0,0.0011620851801940548,0.31977558757921054,1412660484.7216275,300.0,100,0.0,0.0,0.0,0.0,192,46,0.7044177965329707,0.7145776685983499,0.6067114053920617,0.2872115124307833,333.8181818181818,0.2
type=clairvoyant_rate_per_min=1.0_think_snr=0.0_tau=0.8_seed=6,clairvoyant,1.0,0.0,0.8,clairvoyant,6,445,401,1,0.0024875621890547263,0.01020408163265306,401,169.31972086371752,1888.9951958718434,40.04306405364861,600.0,0,59,1,0,0,0.000319461201450353,0.3963991230945236,1415044413.6346629,240.0,80,0.0,0.0,0.0,0.0,209,59,0.8356958231066586,0.8376507525271,0.5141913203995079,0.27223774943332324,218.72727272727275,0.15
type=clairvoyant_rate_per_min=1.0_think_snr=0.0_tau=0.8_seed=7,clairvoyant,1.0,0.0,0.8,clairvoyant,7,407,381,0,0.0,0.0,381,103.24082247081697,1349.2320023525176,27.856436603666772,241.6053482532434,0,12,1,0,0,0.0005835539299895694,0.21613396782950972,1335397910.2525673,429.0,143,0.0,0.0,0.0,0.0,164,64,0.9122077081083853,0.9122077081083853,0.4377042741720086,0.23121673535330514,207.8181818181818,0.12
type=clairvoyant_rate_per_min=1.0_think_snr=0.0_tau=0.8_seed=8,clairvoyant,1.0,0.0,0.8,clairvoyant,8,563,507,3,0.0058823529411764705,0.02654867256637168,507,111.80969589579672,1947.8908657229256,6.6854172916458765,600.0,0,108,0,0,0,0.0014207528166624848,0.43618168198570156,2046729844.9956992,330.0,110,0.0,0.0,0.0,0.0,192,55,0.7673034531573685,0.7763323272164964,0.5185671197511978,0.2656340739592446,276.54545454545456,0.15
type=clairvoyant_rate_per_min=1.0_think_snr=0.0_tau=0.8_seed=9,clairvoyant,1.0,0.0,0.8,clairvoyant,9,553,497,1,0.002008032128514056,0.008849557522123894,497,141.85709056566884,1472.7441976872444,78.26211770324562,600.0,0,41,0,0,0,2.4816573277513247e-05,0.2650235824013406,1119394663.3160217,219.0,73,0.0,0.0,0.0,0.0,218,70,0.7900561278530753,0.7938840691718781,0.6205762146100428,0.2511913855449992,271.0909090909091,0.18
type=clairvoyant_rate_per_min=1.0_think_snr=0.0_tau=0.8_seed=10,clairvoyant,1.0,0.0,0.8,clairvoyant,10,506,465,2,0.004282655246252677,0.02127659574468085,465,104.04428433377689,1473.8281175870156,19.475323830205944,600.0,0,30,1,0,0,0.0040745123369853075,0.21794386143350852,2235280466.3759656,501.0,167,0.0,0.0,0.0,0.0,190,100,0.8342620401778623,0.8408080667016675,0.5133033221882285,0.29072271802185423,253.63636363636365,0.15
type=clairvoyant_rate_per_min=1.0_think_snr=0.0_tau=0.9_seed=1,clairvoyant,1.0,0.0,0.9,clairvoyant,1,406,382,1,0.0026109660574412533,0.00980392156862745,382,105.45151886948724,1267.9809208852723,0.0,600.0,0,33,0,0,0,0.003937082360139112,0.38872098776020636,2021199517.0992155,405.0,135,0.0,0.0,0.0,0.0,205,108,0.8957078983688795,0.9014866590035174,0.3864586833155271,0.21188269305201426,208.36363636363637,0.11
type=clairvoyant_rate_per_min=1.0_think_snr=0.0_tau=0.9_seed=2,clairvoyant,1.0,0.0,0.9,clairvoyant,2,420,376,2,0.005291005291005291,0.025,376,146.51424138241737,1392.5700347209922,40.52241875580374,600.0,0,26,0,0,0,0.0006975695607376157,0.250782850642201,902221504.2596215,369.0,123,0.0,0.0,0.0,0.0,196,47,0.8182671016423472,0.8288939471182218,0.48927929211182336,0.23784606563231334,205.0909090909091,0.15
type=clairvoyant_rate_per_min=1.0_think_snr=0.0_tau=0.9_seed=3,clairvoyant,1.0,0.0,0.9,clairvoyant,3,482,430,5,0.011494252873563218,0.04,430,103.29910790261283,1454.2239714223797,25.237234019388914,600.0,0,47,0,0,0,0.000804499056602138,0.39207445460190454,1544909619.726146,441.0,147,0.0,0.0,0.0,0.0,185,48,0.8118121812725702,0.8276290354860825,0.482985546875,0.23935648228028603,234.54545454545456,0.14
type=clairvoyant_rate_per_min=1.0_think_snr=0.0_tau=0.9_seed=4,clairvoyant,1.0,0.0,0.9,clairvoyant,4,460,427,3,0.0069767441860465115,0.02040816326530612,427,56.022677082896735,1880.9332039379813,0.34858229513669753,600.0,0,38,0,0,0,0.010267166620114057,0.3873205388819647,1823934135.1126719,528.0,176,0.0,0.0,0.0,0.0,174,106,0.8653038250086199,0.8790329838375023,0.391075454432142,0.20021495790860572,232.9090909090909,0.12
type=clairvoyant_rate_per_min=1.0_think_snr=0.0_tau=0.9_seed=5,clairvoyant,1.0,0.0,0.9,clairvoyant,5,682,612,3,0.004878048780487805,0.030303030303030304,612,85.41436733769297,2242.786053364792,68.0735883069951,600.0000000000005,0,88,2,0,0,0.0011620851801940548,0.31977558757921054,1412660484.7216275,300.0,100,0.0,0.0,0.0,0.0,192,46,0.7044177965329707,0.7145776685983499,0.6067114053920617,0.2872115124307833,333.8181818181818,0.19
type=clairvoyant_rate_per_min=1.0_think_snr=0.0_tau=0.9_seed=6,clairvoyant,1.0,0.0,0.9,clairvoyant,6,445,401,1,0.0024875621890547263,0.01020408163265306,401,169.31972086371752,1888.9951958718434,40.04306405364861,600.0,0,59,1,0,0,0.000319461201450353,0.3963991230945236,1415044413.6346629,240.0,80,0.0,0.0,0.0,0.0,209,59,0.8356958231066586,0.8376507525271,0.5141913203995079,0.27223774943332324,218.72727272727275,0.15
type=clairvoyant_rate_per_min=1.0_think_snr=0.0_tau=0.9_seed=7,clairvoyant,1.0,0.0,0.9,clairvoyant,7,407,381,0,0.0,0.0,381,103.24082247081697,1349.2320023525176,27.856436603666772,241.6053482532434,0,12,1,0,0,0.0005835539299895694,0.21613396782950972,1335397910.2525673,429.0,143,0.0,0.0,0.0,0.0,164,64,0.9122077081083853,0.9122077081083853,0.4377042741720086,0.23121673535330514,207.8181818181818,0.12
type=clairvoyant_rate_per_min=1.0_think_snr=0.0_tau=0.9_seed=8,clairvoyant,1.0,0.0,0.9,clairvoyant,8,563,507,3,0.0058823529411764705,0.02654867256637168,507,111.80969589579672,1947.8908657229256,6.6854172916458765,600.0,0,108,0,0,0,0.0014207528166624848,0.43618168198570156,2046729844.9956992,330.0,110,0.0,0.0,0.0,0.0,192,55,0.7673034531573685,0.7763323272164964,0.5185671197511978,0.2656340739592446,276.54545454545456,0.15
type=clairvoyant_rate_per_min=1.0_think_snr=0.0_tau=0.9_seed=9,clairvoyant,1.0,0.0,0.9,clairvoyant,9,553,497,1,0.002008032128514056,0.008849557522123894,497,141.85709056566884,1472.7441976872444,78.26211770324562,600.0,0,41,0,0,0,2.4816573277513247e-05,0.2650235824013406,1119394663.3160217,219.0,73,0.0,0.0,0.0,0.0,218,70,0.7900561278530753,0.7938840691718781,0.6205762146100428,0.2511913855449992,271.0909090909091,0.18
type=clairvoyant_rate_per_min=1.0_think_snr=0.0_tau=0.9_seed=10,clairvoyant,1.0,0.0,0.9,clairvoyant,10,506,465,2,0.004282655246252677,0.02127659574468085,465,104.04428433377689,1473.8281175870156,19.475323830205944,600.0,0,30,1,0,0,0.0040745123369853075,0.21794386143350852,2235280466.3759656,501.0,167,0.0,0.0,0.0,0.0,190,100,0.8342620401778623,0.8408080667016675,0.5133033221882285,0.29072271802185423,253.63636363636365,0.15
type=clairvoyant_rate_per_min=1.0_think_snr=0.5_tau=0.5_seed=1,clairvoyant,1.0,0.5,0.5,clairvoyant,1,425,400,2,0.004975124378109453,0.00980392156862745,400,100.35097821086129,1441.5685846127851,0.0,600.0000000000005,0,35,0,0,0,0.003936060281608043,0.3811381034826783,2142173502.025656,429.0,143,0.0,0.0,0.0,0.0,216,109,0.9080890195555197,0.9158989149405956,0.3976511408556721,0.2118864603407511,218.1818181818182,0.12
type=clairvoyant_rate_per_min=1.0_think_snr=0.5_tau=0.5_seed=2,clairvoyant,1.0,0.5,0.5,clairvoyant,2,447,398,2,0.005,0.023809523809523808,398,159.56935001268977,1362.6480009346021,28.964331882495976,562.2073538793165,0,25,1,0,0,0.001406602913944865,0.2828521695354415,775825619.6895448,369.0,123,0.0,0.0,0.0,0.0,195,56,0.8091429929661121,0.8196513435241136,0.5236742636622638,0.24203546815884844,217.0909090909091,0.15
type=clairvoyant_rate_per_min=1.0_think_snr=0.5_tau=0.5_seed=3,clairvoyant,1.0,0.5,0.5,clairvoyant,3,480,431,6,0.013729977116704805,0.04950495049504951,431,94.7584750465553,1300.9618447977514,23.4329737493834,600.0,0,43,1,0,0,0.002151315052555741,0.41948313890979083,1608022889.2341347,372.0,124,0.0,0.0,0.0,0.0,179,47,0.8183743191527075,0.8396534868887694,0.4672258441708755,0.2281769145251953,235.0909090909091,0.14
type=clairvoyant_rate_per_min=1.0_think_snr=0.5_tau=0.5_seed=4,clairvoyant,1.0,0.5,0.5,clairvoyant,4,470,433,2,0.004597701149425287,0.020202020202020204,433,48.325179063313044,1676.5249347157467,0.15562933604970572,600.0,0,36,0,0,0,0.0036295078913292306,0.35662315654086696,1738259511.6377895,513.0,171,0.0,0.0,0.0,0.0,160,101,0.8617530061014497,0.8728011215642887,0.3893970323062354,0.20073888977560175,236.1818181818182,0.12
type=clairvoyant_rate_per_min=1.0_think_snr=0.5_tau=0.5_seed=5,clairvoyant,1.0,0.5,0.5,clairvoyant,5,704,629,3,0.004746835443037975,0.03,629,79.33363059528529,2143.517453570493,73.13271508787861,600.0000000000005,0,94,2,0,0,0.0036284785107117317,0.30672715672332884,1308173075.1702483,333.0,111,0.0,0.0,0.0,0.0,187,42,0.68374993654002,0.690951968929526,0.6102828150738151,0.3069218590689246,343.0909090909091,0.21
type=clairvoyant_rate_per_min=1.0_think_snr=0.5_tau=0.5_seed=6,clairvoyant,1.0,0.5,0.5,clairvoyant,6,489,454,2,0.0043859649122807015,0.020833333333333332,454,135.90505053988545,2548.5869482990715,31.799089825620346,600.0000000000005,0,81,1,0,0,0.001945103418731759,0.4228076519628161,1821360642.630982,243.0,81,0.0,0.0,0.0,0.0,219,60,0.8010961911721114,0.8073839798978657,0.5118868726204351,0.27302181710560386,247.63636363636365,0.15
type=clairvoyant_rate_per_min=1.0_think_snr=0.5_tau=0.5_seed=7,clairvoyant,1.0,0.5,0.5,clairvoyant,7,403,383,0,0.0,0.0,383,107.43806942842275,1234.1332085808135,17.985184974483563,179.4909479417147,0,12,1,0,0,0.0004376263074997147,0.2186110826694824,1153554940.059068,471.0,157,0.0,0.0,0.0,0.0,157,75,0.9240007868274257,0.9240007868274257,0.4177619805992619,0.2287437819987484,208.9090909090909,0.12
type=clairvoyant_rate_per_min=1.0_think_snr=0.5_tau=0.5_seed=8,clairvoyant,1.0,0.5,0.5,clairvoyant,8,563,505,5,0.00980392156862745,0.045871559633027525,505,106.4547523912297,1854.1408213157893,17.549475522518115,600.0,0,135,0,0,0,0.004852994205219132,0.4443427335830903,2258337377.5367413,333.0,111,0.0,0.0,0.0,0.0,192,60,0.7270276461478372,0.7427551815822174,0.5190970620386558,0.26556297843765947,275.45454545454544,0.16
type=clairvoyant_rate_per_min=1.0_think_snr=0.5_tau=0.5_seed=9,clairvoyant,1.0,0.5,0.5,clairvoyant,9,595,539,3,0.005535055350553505,0.02564102564102564,539,134.09056008196785,1492.1641645205646,87.90338897886937,600.0,0,56,2,0,0,0.006465648589674039,0.2517534850095602,516911945.8266366,270.0,90,0.0,0.0,0.0,0.0,228,47,0.7481485530908483,0.7562415867869626,0.6512508943602694,0.2515484397859984,294.0,0.19
type=clairvoyant_rate_per_min=1.0_think_snr=0.5_tau=0.5_seed=10,clairvoyant,1.0,0.5,0.5,clairvoyant,10,511,462,2,0.004310344827586207,0.022222222222222223,462,108.01831314411015,1640.426472546703,25.584436518553655,600.0,0,29,0,0,0,0.001823279581139035,0.22127140327895387,1897929338.175064,456.0,152,0.0,0.0,0.0,0.0,200,112,0.8051910492642929,0.811348691554686,0.5224999309602435,0.2832995606720975,252.0,0.15
type=clairvoyant_rate_per_min=1.0_think_snr=0.5_tau=0.8_seed=1,clairvoyant,1.0,0.5,0.8,clairvoyant,1,425,400,2,0.004975124378109453,0.00980392156862745,400,100.35097821086129,1441.5685846127851,0.0,600.0000000000005,0,35,0,0,0,0.003936060281608043,0.3811381034826783,2142173502.025656,429.0,143,0.0,0.0,0.0,0.0,216,109,0.9080890195555197,0.9158989149405956,0.3976511408556721,0.2118864603407511,218.1818181818182,0.11
type=clairvoyant_rate_per_min=1.0_think_snr=0.5_tau=0.8_seed=2,clairvoyant,1.0,0.5,0.8,clairvoyant,2,447,398,2,0.005,0.023809523809523808,398,159.56935001268977,1362.6480009346021,28.964331882495976,562.2073538793165,0,25,1,0,0,0.001406602913944865,0.2828521695354415,775825619.6895448,369.0,123,0.0,0.0,0.0,0.0,195,56,0.8091429929661121,0.8196513435241136,0.5236742636622638,0.24203546815884844,217.0909090909091,0.14
type=clairvoyant_rate_per_min=1.0_think_snr=0.5_tau=0.8_seed=3,clairvoyant,1.0,0.5,0.8,clairvoyant,3,480,431,6,0.013729977116704805,0.04950495049504951,431,94.7584750465553,1300.9618447977514,23.4329737493834,600.0,0,43,1,0,0,0.002151315052555741,0.41948313890979083,1608022889.2341347,372.0,124,0.0,0.0,0.0,0.0,179,47,0.8183743191527075,0.8396534868887694,0.4672258441708755,0.2281769145251953,235.0909090909091,0.13
type=clairvoyant_rate_per_min=1.0_think_snr=0.5_tau=0.8_seed=4,clairvoyant,1.0,0.5,0.8,clairvoyant,4,470,433,2,0.004597701149425287,0.020202020202020204,433,48.325179063313044,1676.5249347157467,0.15562933604970572,600.0,0,36,0,0,0,0.0036295078913292306,0.35662315654086696,1738259511.6377895,513.0,171,0.0,0.0,0.0,0.0,160,101,0.8617530061014497,0.8728011215642887,0.3893970323062354,0.20073888977560175,236.1818181818182,0.12
type=clairvoyant_rate_per_min=1.0_think_snr=0.5_tau=0.8_seed=5,clairvoyant,1.0,0.5,0.8,clairvoyant,5,704,629,3,0.004746835443037975,0.03,629,79.33363059528529,2143.517453570493,73.13271508787861,600.0000000000005,0,94,2,0,0,0.0036284785107117317,0.30672715672332884,1308173075.1702483,333.0,111,0.0,0.0,0.0,0.0,187,42,0.68374993654002,0.690951968929526,0.6102828150738151,0.3069218590689246,343.0909090909091,0.2
type=clairvoyant_rate_per_min=1.0_think_snr=0.5_tau=0.8_seed=6,clairvoyant,1.0,0.5,0.8,clairvoyant,6,489,454,2,0.0043859649122807015,0.020833333333333332,454,135.90505053988545,2548.5869482990715,31.799089825620346,600.0000000000005,0,81,1,0,0,0.001945103418731759,0.4228076519628161,1821360642.630982,243.0,81,0.0,0.0,0.0,0.0,219,60,0.8010961911721114,0.8073839798978657,0.5118868726204351,0.27302181710560386,247.63636363636365,0.15
type=clairvoyant_rate_per_min=1.0_think_snr=0.5_tau=0.8_seed=7,clairvoyant,1.0,0.5,0.8,clairvoyant,7,403,383,0,0.0,0.0,383,107.43806942842275,1234.1332085808135,17.985184974483563,179.4909479417147,0,12,1,0,0,0.0004376263074997147,0.2186110826694824,1153554940.059068,471.0,157,0.0,0.0,0.0,0.0,157,75,0.9240007868274257,0.9240007868274257,0.4177619805992619,0.2287437819987484,208.9090909090909,0.12
type=clairvoyant_rate_per_min=1.0_think_snr=0.5_tau=0.8_seed=8,clairvoyant,1.0,0.5,0.8,clairvoyant,8,563,505,5,0.00980392156862745,0.045871559633027525,505,106.4547523912297,1854.1408213157893,17.549475522518115,600.0,0,135,0,0,0,0.004852994205219132,0.4443427335830903,2258337377.5367413,333.0,111,0.0,0.0,0.0,0.0,192,60,0.7270276461478372,0.7427551815822174,0.5190970620386558,0.26556297843765947,275.45454545454544,0.16
type=clairvoyant_rate_per_min=1.0_think_snr=0.5_tau=0.8_seed=9,clairvoyant,1.0,0.5,0.8,clairvoyant,9,595,539,3,0.005535055350553505,0.02564102564102564,539,134.09056008196785,1492.1641645205646,87.90338897886937,600.0,0,56,2,0,0,0.006465648589674039,0.2517534850095602,516911945.8266366,270.0,90,0.0,0.0,0.0,0.0,228,47,0.7481485530908483,0.7562415867869626,0.6512508943602694,0.2515484397859984,294.0,0.2
type=clairvoyant_rate_per_min=1.0_think_snr=0.5_tau=0.8_seed=10,clairvoyant,1.0,0.5,0.8,clairvoyant,10,511,462,2,0.004310344827586207,0.022222222222222223,462,108.01831314411015,1640.426472546703,25.584436518553655,600.0,0,29,0,0,0,0.001823279581139035,0.22127140327895387,1897929338.175064,456.0,152,0.0,0.0,0.0,0.0,200,112,0.8051910492642929,0.811348691554686,0.5224999309602435,0.2832995606720975,252.0,0.16
type=clairvoyant_rate_per_min=1.0_think_snr=0.5_tau=0.9_seed=1,clairvoyant,1.0,0.5,0.9,clairvoyant,1,425,400,2,0.004975124378109453,0.00980392156862745,400,100.35097821086129,1441.5685846127851,0.0,600.0000000000005,0,35,0,0,0,0.003936060281608043,0.3811381034826783,2142173502.025656,429.0,143,0.0,0.0,0.0,0.0,216,109,0.9080890195555197,0.9158989149405956,0.3976511408556721,0.2118864603407511,218.1818181818182,0.12
type=clairvoyant_rate_per_min=1.0_think_snr=0.5_tau=0.9_seed=2,clairvoyant,1.0,0.5,0.9,clairvoyant,2,447,398,2,0.005,0.023809523809523808,398,159.56935001268977,1362.6480009346021,28.964331882495976,562.2073538793165,0,25,1,0,0,0.001406602913944865,0.2828521695354415,775825619.6895448,369.0,123,0.0,0.0,0.0,0.0,195,56,0.8091429929661121,0.8196513435241136,0.5236742636622638,0.24203546815884844,217.0909090909091,0.15
type=clairvoyant_rate_per_min=1.0_think_snr=0.5_tau=0.9_seed=3,clairvoyant,1.0,0.5,0.9,clairvoyant,3,480,431,6,0.013729977116704805,0.04950495049504951,431,94.7584750465553,1300.9618447977514,23.4329737493834,600.0,0,43,1,0,0,0.002151315052555741,0.41948313890979083,1608022889.2341347,372.0,124,0.0,0.0,0.0,0.0,179,47,0.8183743191527075,0.8396534868887694,0.4672258441708755,0.2281769145251953,235.0909090909091,0.15
type=clairvoyant_rate_per_min=1.0_think_snr=0.5_tau=0.9_seed=4,clairvoyant,1.0,0.5,0.9,clairvoyant,4,470,433,2,0.004597701149425287,0.020202020202020204,433,48.325179063313044,1676.5249347157467,0.15562933604970572,600.0,0,36,0,0,0,0.0036295078913292306,0.35662315654086696,1738259511.6377895,513.0,171,0.0,0.0,0.0,0.0,160,101,0.8617530061014497,0.8728011215642887,0.3893970323062354,0.20073888977560175,236.1818181818182,0.12
type=clairvoyant_rate_per_min=1.0_think_snr=0.5_tau=0.9_seed=5,clairvoyant,1.0,0.5,0.9,clairvoyant,5,704,629,3,0.004746835443037975,0.03,629,79.33363059528529,2143.517453570493,73.13271508787861,600.0000000000005,0,94,2,0,0,0.0036284785107117317,0.30672715672332884,1308173075.1702483,333.0,111,0.0,0.0,0.0,0.0,187,42,0.68374993654002,0.690951968929526,0.6102828150738151,0.3069218590689246,343.0909090909091,0.2
type=clairvoyant_rate_per_min=1.0_think_snr=0.5_tau=0.9_seed=6,clairvoyant,1.0,0.5,0.9,clairvoyant,6,489,454,2,0.0043859649122807015,0.020833333333333332,454,135.90505053988545,2548.5869482990715,31.799089825620346,600.0000000000005,0,81,1,0,0,0.001945103418731759,0.4228076519628161,1821360642.630982,243.0,81,0.0,0.0,0.0,0.0,219,60,0.8010961911721114,0.8073839798978657,0.5118868726204351,0.27302181710560386,247.63636363636365,0.17
type=clairvoyant_rate_per_min=1.0_think_snr=0.5_tau=0.9_seed=7,clairvoyant,1.0,0.5,0.9,clairvoyant,7,403,383,0,0.0,0.0,383,107.43806942842275,1234.1332085808135,17.985184974483563,179.4909479417147,0,12,1,0,0,0.0004376263074997147,0.2186110826694824,1153554940.059068,471.0,157,0.0,0.0,0.0,0.0,157,75,0.9240007868274257,0.9240007868274257,0.4177619805992619,0.2287437819987484,208.9090909090909,0.12
type=clairvoyant_rate_per_min=1.0_think_snr=0.5_tau=0.9_seed=8,clairvoyant,1.0,0.5,0.9,clairvoyant,8,563,505,5,0.00980392156862745,0.045871559633027525,505,106.4547523912297,1854.1408213157893,17.549475522518115,600.0,0,135,0,0,0,0.004852994205219132,0.4443427335830903,2258337377.5367413,333.0,111,0.0,0.0,0.0,0.0,192,60,0.7270276461478372,0.7427551815822174,0.5190970620386558,0.26556297843765947,275.45454545454544,0.16
type=clairvoyant_rate_per_min=1.0_think_snr=0.5_tau=0.9_seed=9,clairvoyant,1.0,0.5,0.9,clairvoyant,9,595,539,3,0.005535055350553505,0.02564102564102564,539,134.09056008196785,1492.1641645205646,87.90338897886937,600.0,0,56,2,0,0,0.006465648589674039,0.2517534850095602,516911945.8266366,270.0,90,0.0,0.0,0.0,0.0,228,47,0.7481485530908483,0.7562415867869626,0.6512508943602694,0.2515484397859984,294.0,0.21
type=clairvoyant_rate_per_min=1.0_think_snr=0.5_tau=0.9_seed=10,clairvoyant,1.0,0.5,0.9,clairvoyant,10,511,462,2,0.004310344827586207,0.022222222222222223,462,108.01831314411015,1640.426472546703,25.584436518553655,600.0,0,29,0,0,0,0.001823279581139035,0.22127140327895387,1897929338.175064,456.0,152,0.0,0.0,0.0,0.0,200,112,0.8051910492642929,0.811348691554686,0.5224999309602435,0.2832995606720975,252.0,0.15
type=clairvoyant_rate_per_min=1.0_think_snr=0.9_tau=0.5_seed=1,clairvoyant,1.0,0.9,0.5,clairvoyant,1,419,388,2,0.005128205128205128,0.010416666666666666,388,128.9682428615347,1467.9925436931524,33.78808446021353,600.0,0,31,2,0,0,0.007137312115429812,0.33147246365878075,1282892008.653218,300.0,100,0.0,0.0,0.0,0.0,226,92,0.8598283402848768,0.866890230468854,0.4685657139261202,0.23112133499822343,211.63636363636365,0.13
type=clairvoyant_rate_per_min=1.0_think_snr=0.9_tau=0.5_seed=2,clairvoyant,1.0,0.9,0.5,clairvoyant,2,444,389,2,0.005115089514066497,0.024390243902439025,389,169.24836413684216,1869.1579198954012,38.753512192928326,600.0,0,30,1,0,0,0.0026798673787204598,0.3056675861289104,889914596.1815845,330.0,110,0.0,0.0,0.0,0.0,192,57,0.7664683107053408,0.776422444610605,0.5103409046555297,0.24064515395643982,212.1818181818182,0.16
type=clairvoyant_rate_per_min=1.0_think_snr=0.9_tau=0.5_seed=3,clairvoyant,1.0,0.9,0.5,clairvoyant,3,474,422,6,0.014018691588785047,0.05,422,83.30018775728513,1302.7664014544694,43.534653943026065,600.0,0,50,0,0,0,0.001158038849715008,0.41530229230540805,2112781490.3610475,348.0,116,0.0,0.0,0.0,0.0,167,46,0.807520942563645,0.8275882163390246,0.43691905587525903,0.2347664775831233,230.1818181818182,0.14
type=clairvoyant_rate_per_min=1.0_think_snr=0.9_tau=0.5_seed=4,clairvoyant,1.0,0.9,0.5,clairvoyant,4,513,473,2,0.004210526315789474,0.02,473,42.1387821465737,1632.325607168659,10.631234896918485,600.0,0,38,0,0,0,0.003523092474615619,0.36071523789815263,1433838529.4101317,537.0,179,0.0,0.0,0.0,0.0,175,86,0.8608333045056703,0.8718696289224097,0.4344567287660257,0.2165653287961956,258.0,0.13
type=clairvoyant_rate_per_min=1.0_think_snr=0.9_tau=0.5_seed=5,clairvoyant,1.0,0.9,0.5,clairvoyant,5,697,619,4,0.006420545746388443,0.04,619,88.8168374468546,1882.7803842742335,57.838879259775226,600.0000000000005,0,121,2,0,0,0.0025498661415205527,0.3086732014517749,1182150815.3930173,246.0,82,0.0,0.0,0.0,0.0,179,37,0.6925816797883199,0.7031012528809313,0.6312712171029202,0.3060056720231991,337.6363636363636,0.21
type=clairvoyant_rate_per_min=1.0_think_snr=0.9_tau=0.5_seed=6,clairvoyant,1.0,0.9,0.5,clairvoyant,6,531,483,1,0.002066115702479339,0.009900990099009901,483,123.2312839697529,2819.1301742164997,21.885886656059576,600.0000000000005,0,108,1,0,0,0.0003391766078182687,0.4431702165673662,1850926224.4241219,264.0,88,0.0,0.0,0.0,0.0,230,58,0.7784989057366738,0.7800926387457738,0.5213648564086377,0.2707846218636949,263.45454545454544,0.17
type=clairvoyant_rate_per_min=1.0_think_snr=0.9_tau=0.5_seed=7,clairvoyant,1.0,0.9,0.5,clairvoyant,7,432,398,0,0.0,0.0,398,110.39062625559473,1359.9614302668544,19.460814844052766,600.0,0,14,0,0,0,0.0,0.22511294581333285,1330652471.2535448,411.0,137,0.0,0.0,0.0,0.0,159,70,0.8735034277201477,0.8735034277201477,0.428445820160742,0.23967001879371724,217.0909090909091,0.12
type=clairvoyant_rate_per_min=1.0_think_snr=0.9_tau=0.5_seed=8,clairvoyant,1.0,0.9,0.5,clairvoyant,8,565,498,4,0.00796812749003984,0.03773584905660377,498,119.24610989279518,2192.407962251455,5.642516333878004,600.0000000000005,0,137,1,0,0,0.0048052738760209195,0.4159626475728802,2398721117.580586,330.0,110,0.0,0.0,0.0,0.0,194,53,0.7175976334274112,0.7279945030218655,0.5202801610617392,0.2732856877054346,271.6363636363636,0.16
type=clairvoyant_rate_per_min=1.0_think_snr=0.9_tau=0.5_seed=9,clairvoyant,1.0,0.9,0.5,clairvoyant,9,620,568,3,0.005253940455341506,0.024793388429752067,568,134.66740308796216,1791.1179096316698,107.74905650718253,600.0,0,74,2,0,0,0.005327391290673802,0.2463141169743185,625780665.7568531,279.0,93,0.0,0.0,0.0,0.0,228,47,0.7440433424605556,0.7487658394267617,0.6593572233432078,0.24231933206482972,309.8181818181818,0.21
type=clairvoyant_rate_per_min=1.0_think_snr=0.9_tau=0.5_seed=10,clairvoyant,1.0,0.9,0.5,clairvoyant,10,514,474,2,0.004201680672268907,0.021505376344086023,474,116.91626368599134,1552.1594779552488,19.440531637371105,600.0,0,35,1,0,0,0.0011532948366783171,0.21772113759619402,1598998129.6058319,393.0,131,0.0,0.0,0.0,0.0,206,115,0.8294926853830143,0.8358931858163985,0.5515519116606773,0.29168533161139254,258.54545454545456,0.15
type=clairvoyant_rate_per_min=1.0_think_snr=0.9_tau=0.8_seed=1,clairvoyant,1.0,0.9,0.8,clairvoyant,1,419,388,2,0.005128205128205128,0.010416666666666666,388,128.9682428615347,1467.9925436931524,33.78808446021353,600.0,0,31,2,0,0,0.007137312115429812,0.33147246365878075,1282892008.653218,300.0,100,0.0,0.0,0.0,0.0,226,92,0.8598283402848768,0.866890230468854,0.4685657139261202,0.23112133499822343,211.63636363636365,0.13
type=clairvoyant_rate_per_min=1.0_think_snr=0.9_tau=0.8_seed=2,clairvoyant,1.0,0.9,0.8,clairvoyant,2,444,389,2,0.005115089514066497,0.024390243902439025,389,169.24836413684216,1869.1579198954012,38.753512192928326,600.0,0,30,1,0,0,0.0026798673787204598,0.3056675861289104,889914596.1815845,330.0,110,0.0,0.0,0.0,0.0,192,57,0.7664683107053408,0.776422444610605,0.5103409046555297,0.24064515395643982,212.1818181818182,0.14
type=clairvoyant_rate_per_min=1.0_think_snr=0.9_tau=0.8_seed=3,clairvoyant,1.0,0.9,0.8,clairvoyant,3,474,422,6,0.014018691588785047,0.05,422,83.30018775728513,1302.7664014544694,43.534653943026065,600.0,0,50,0,0,0,0.001158038849715008,0.41530229230540805,2112781490.3610475,348.0,116,0.0,0.0,0.0,0.0,167,46,0.807520942563645,0.8275882163390246,0.43691905587525903,0.2347664775831233,230.1818181818182,0.13
type=clairvoyant_rate_per_min=1.0_think_snr=0.9_tau=0.8_seed=4,clairvoyant,1.0,0.9,0.8,clairvoyant,4,513,473,2,0.004210526315789474,0.02,473,42.1387821465737,1632.325607168659,10.631234896918485,600.0,0,38,0,0,0,0.003523092474615619,0.36071523789815263,1433838529.4101317,537.0,179,0.0,0.0,0.0,0.0,175,86,0.8608333045056703,0.8718696289224097,0.4344567287660257,0.2165653287961956,258.0,0.13
type=clairvoyant_rate_per_min=1.0_think_snr=0.9_tau=0.8_seed=5,clairvoyant,1.0,0.9,0.8,clairvoyant,5,697,619,4,0.006420545746388443,0.04,619,88.8168374468546,1882.7803842742335,57.838879259775226,600.0000000000005,0,121,2,0,0,0.0025498661415205527,0.3086732014517749,1182150815.3930173,246.0,82,0.0,0.0,0.0,0.0,179,37,0.6925816797883199,0.7031012528809313,0.6312712171029202,0.3060056720231991,337.6363636363636,0.2
type=clairvoyant_rate_per_min=1.0_think_snr=0.9_tau=0.8_seed=6,clairvoyant,1.0,0.9,0.8,clairvoyant,6,531,483,1,0.002066115702479339,0.009900990099009901,483,123.2312839697529,2819.1301742164997,21.885886656059576,600.0000000000005,0,108,1,0,0,0.0003391766078182687,0.4431702165673662,1850926224.4241219,264.0,88,0.0,0.0,0.0,0.0,230,58,0.7784989057366738,0.7800926387457738,0.5213648564086377,0.2707846218636949,263.45454545454544,0.16
type=clairvoyant_rate_per_min=1.0_think_snr=0.9_tau=0.8_seed=7,clairvoyant,1.0,0.9,0.8,clairvoyant,7,432,398,0,0.0,0.0,398,110.39062625559473,1359.9614302668544,19.460814844052766,600.0,0,14,0,0,0,0.0,0.22511294581333285,1330652471.2535448,411.0,137,0.0,0.0,0.0,0.0,159,70,0.8735034277201477,0.8735034277201477,0.428445820160742,0.23967001879371724,217.0909090909091,0.12
type=clairvoyant_rate_per_min=1.0_think_snr=0.9_tau=0.8_seed=8,clairvoyant,1.0,0.9,0.8,clairvoyant,8,565,498,4,0.00796812749003984,0.03773584905660377,498,119.24610989279518,2192.407962251455,5.642516333878004,600.0000000000005,0,137,1,0,0,0.0048052738760209195,0.4159626475728802,2398721117.580586,330.0,110,0.0,0.0,0.0,0.0,194,53,0.7175976334274112,0.7279945030218655,0.5202801610617392,0.2732856877054346,271.6363636363636,0.15
type=clairvoyant_rate_per_min=1.0_think_snr=0.9_tau=0.8_seed=9,clairvoyant,1.0,0.9,0.8,clairvoyant,9,620,568,3,0.005253940455341506,0.024793388429752067,568,134.66740308796216,1791.1179096316698,107.74905650718253,600.0,0,74,2,0,0,0.005327391290673802,0.2463141169743185,625780665.7568531,279.0,93,0.0,0.0,0.0,0.0,228,47,0.7440433424605556,0.7487658394267617,0.6593572233432078,0.24231933206482972,309.8181818181818,0.21
type=clairvoyant_rate_per_min=1.0_think_snr=0.9_tau=0.8_seed=10,clairvoyant,1.0,0.9,0.8,clairvoyant,10,514,474,2,0.004201680672268907,0.021505376344086023,474,116.91626368599134,1552.1594779552488,19.440531637371105,600.0,0,35,1,0,0,0.0011532948366783171,0.21772113759619402,1598998129.6058319,393.0,131,0.0,0.0,0.0,0.0,206,115,0.8294926853830143,0.8358931858163985,0.5515519116606773,0.29168533161139254,258.54545454545456,0.16
type=clairvoyant_rate_per_min=1.0_think_snr=0.9_tau=0.9_seed=1,clairvoyant,1.0,0.9,0.9,clairvoyant,1,419,388,2,0.005128205128205128,0.010416666666666666,388,128.9682428615347,1467.9925436931524,33.78808446021353,600.0,0,31,2,0,0,0.007137312115429812,0.33147246365878075,1282892008.653218,300.0,100,0.0,0.0,0.0,0.0,226,92,0.8598283402848768,0.866890230468854,0.4685657139261202,0.23112133499822343,211.63636363636365,0.13
type=clairvoyant_rate_per_min=1.0_think_snr=0.9_tau=0.9_seed=2,clairvoyant,1.0,0.9,0.9,clairvoyant,2,444,389,2,0.005115089514066497,0.024390243902439025,389,169.24836413684216,1869.1579198954012,38.753512192928326,600.0,0,30,1,0,0,0.0026798673787204598,0.3056675861289104,889914596.1815845,330.0,110,0.0,0.0,0.0,0.0,192,57,0.7664683107053408,0.776422444610605,0.5103409046555297,0.24064515395643982,212.1818181818182,0.15
type=clairvoyant_rate_per_min=1.0_think_snr=0.9_tau=0.9_seed=3,clairvoyant,1.0,0.9,0.9,clairvoyant,3,474,422,6,0.014018691588785047,0.05,422,83.30018775728513,1302.7664014544694,43.534653943026065,600.0,0,50,0,0,0,0.001158038849715008,0.41530229230540805,2112781490.3610475,348.0,116,0.0,0.0,0.0,0.0,167,46,0.807520942563645,0.8275882163390246,0.43691905587525903,0.2347664775831233,230.1818181818182,0.14
type=clairvoyant_rate_per_min=1.0_think_snr=0.9_tau=0.9_seed=4,clairvoyant,1.0,0.9,0.9,clairvoyant,4,513,473,2,0.004210526315789474,0.02,473,42.1387821465737,1632.325607168659,10.631234896918485,600.0,0,38,0,0,0,0.003523092474615619,0.36071523789815263,1433838529.4101317,537.0,179,0.0,0.0,0.0,0.0,175,86,0.8608333045056703,0.8718696289224097,0.4344567287660257,0.2165653287961956,258.0,0.13
type=clairvoyant_rate_per_min=1.0_think_snr=0.9_tau=0.9_seed=5,clairvoyant,1.0,0.9,0.9,clairvoyant,5,697,619,4,0.006420545746388443,0.04,619,88.8168374468546,1882.7803842742335,57.838879259775226,600.0000000000005,0,121,2,0,0,0.0025498661415205527,0.3086732014517749,1182150815.3930173,246.0,82,0.0,0.0,0.0,0.0,179,37,0.6925816797883199,0.7031012528809313,0.6312712171029202,0.3060056720231991,337.6363636363636,0.2
type=clairvoyant_rate_per_min=1.0_think_snr=0.9_tau=0.9_seed=6,clairvoyant,1.0,0.9,0.9,clairvoyant,6,531,483,1,0.002066115702479339,0.009900990099009901,483,123.2312839697529,2819.1301742164997,21.885886656059576,600.0000000000005,0,108,1,0,0,0.0003391766078182687,0.4431702165673662,1850926224.4241219,264.0,88,0.0,0.0,0.0,0.0,230,58,0.7784989057366738,0.7800926387457738,0.5213648564086377,0.2707846218636949,263.45454545454544,0.17
type=clairvoyant_rate_per_min=1.0_think_snr=0.9_tau=0.9_seed=7,clairvoyant,1.0,0.9,0.9,clairvoyant,7,432,398,0,0.0,0.0,398,110.39062625559473,1359.9614302668544,19.460814844052766,600.0,0,14,0,0,0,0.0,0.22511294581333285,1330652471.2535448,411.0,137,0.0,0.0,0.0,0.0,159,70,0.8735034277201477,0.8735034277201477,0.428445820160742,0.23967001879371724,217.0909090909091,0.12
type=clairvoyant_rate_per_min=1.0_think_snr=0.9_tau=0.9_seed=8,clairvoyant,1.0,0.9,0.9,clairvoyant,8,565,498,4,0.00796812749003984,0.03773584905660377,498,119.24610989279518,2192.407962251455,5.642516333878004,600.0000000000005,0,137,1,0,0,0.0048052738760209195,0.4159626475728802,2398721117.580586,330.0,110,0.0,0.0,0.0,0.0,194,53,0.7175976334274112,0.7279945030218655,0.5202801610617392,0.2732856877054346,271.6363636363636,0.16
type=clairvoyant_rate_per_min=1.0_think_snr=0.9_tau=0.9_seed=9,clairvoyant,1.0,0.9,0.9,clairvoyant,9,620,568,3,0.005253940455341506,0.024793388429752067,568,134.66740308796216,1791.1179096316698,107.74905650718253,600.0,0,74,2,0,0,0.005327391290673802,0.2463141169743185,625780665.7568531,279.0,93,0.0,0.0,0.0,0.0,228,47,0.7440433424605556,0.7487658394267617,0.6593572233432078,0.24231933206482972,309.8181818181818,0.22
type=clairvoyant_rate_per_min=1.0_think_snr=0.9_tau=0.9_seed=10,clairvoyant,1.0,0.9,0.9,clairvoyant,10,514,474,2,0.004201680672268907,0.021505376344086023,474,116.91626368599134,1552.1594779552488,19.440531637371105,600.0,0,35,1,0,0,0.0011532948366783171,0.21772113759619402,1598998129.6058319,393.0,131,0.0,0.0,0.0,0.0,206,115,0.8294926853830143,0.8358931858163985,0.5515519116606773,0.29168533161139254,258.54545454545456,0.15
type=clairvoyant_rate_per_min=2.0_think_snr=0.0_tau=0.5_seed=1,clairvoyant,2.0,0.0,0.5,clairvoyant,1,660,562,1,0.0017761989342806395,0.006211180124223602,562,141.44787510285278,1829.6085287210924,78.63808495107983,600.0,0,125,3,0,0,0.0027472303191819745,0.3322669993437274,1185639777.772142,309.0,103,0.0,0.0,0.0,0.0,310,70,0.6889096525352779,0.6905377224044308,0.7188509874020655,0.28384749655575003,306.54545454545456,0.23
type=clairvoyant_rate_per_min=2.0_think_snr=0.0_tau=0.5_seed=2,clairvoyant,2.0,0.0,0.5,clairvoyant,2,746,597,12,0.019704433497536946,0.0784313725490196,597,155.59184771906416,2193.5352406747293,108.74022701520695,600.0000000000005,0,326,1,0,0,0.006888254298243724,0.3042861996225606,582646479.8354912,138.0,46,0.0,0.0,0.0,0.0,268,39,0.5894495541692071,0.6026266739071477,0.7369143190640378,0.302026594220595,325.6363636363636,0.27
type=clairvoyant_rate_per_min=2.0_think_snr=0.0_tau=0.5_seed=3,clairvoyant,2.0,0.0,0.5,clairvoyant,3,858,690,26,0.036312849162011177,0.11979166666666667,690,79.67718544569539,2098.418791298344,45.70262977362702,600.0000000000005,0,411,4,0,0,0.011515672574153637,0.40271463377221917,1476522064.1079478,270.0,90,0.0,0.0,0.0,0.0,276,28,0.5527007130109194,0.5802355599744186,0.702971704598064,0.29590036593973434,376.3636363636364,0.28
type=clairvoyant_rate_per_min=2.0_think_snr=0.0_tau=0.5_seed=4,clairvoyant,2.0,0.0,0.5,clairvoyant,4,776,672,6,0.008849557522123894,0.028409090909090908,672,101.3722264212281,1844.3079934073085,23.126900060496393,600.0000000000005,0,141,0,0,0,0.013571413301528824,0.32800760909934634,1640959416.8346696,189.0,63,0.0,0.0,0.0,0.0,259,51,0.7069082171259965,0.7138935397332671,0.7107936639957265,0.3274839329627045,366.54545454545456,0.22
type=clairvoyant_rate_per_min=2.0_think_snr=0.0_tau=0.5_seed=5,clairvoyant,2.0,0.0,0.5,clairvoyant,5,1032,806,51,0.059509918319719954,0.20164609053497942,806,83.363245304585,3293.5076150039417,111.27993927663643,600.0000000000005,0,1008,3,0,0,0.0295759135809586,0.29860881415231627,945867731.8834198,77.99999999999997,26,0.0,0.0,0.0,0.0,359,7,0.47606448772134746,0.5206695528175626,0.8703328775778619,0.3279045158195711,439.6363636363636,0.38
type=clairvoyant_rate_per_min=2.0_think_snr=0.0_tau=0.5_seed=6,clairvoyant,2.0,0.0,0.5,clairvoyant,6,655,533,16,0.029143897996357013,0.10526315789473684,533,137.20686469296334,2923.397213167514,39.95820054948371,600.0000000000005,0,386,7,0,0,0.011927762291217156,0.44260237129981855,1280541447.0562851,135.0,45,0.0,0.0,0.0,0.0,264,31,0.5811203299442886,0.6093010834207029,0.6682116944484914,0.2819546844132597,290.72727272727275,0.23
type=clairvoyant_rate_per_min=2.0_think_snr=0.0_tau=0.5_seed=7,clairvoyant,2.0,0.0,0.5,clairvoyant,7,847,686,14,0.02,0.0625,686,112.14669321117196,1846.5804935508163,72.2924024189251,600.0000000000005,0,362,4,0,0,0.012667782633260828,0.3488918438202154,853365033.5524619,117.0,39,0.0,0.0,0.0,0.0,255,27,0.5846405745052957,0.5990166623460588,0.7331505638152357,0.28335122416133113,374.1818181818182,0.29
type=clairvoyant_rate_per_min=2.0_think_snr=0.0_tau=0.5_seed=8,clairvoyant,2.0,0.0,0.5,clairvoyant,8,877,700,27,0.037138927097661624,0.13513513513513514,700,109.47075006133701,3363.1111735588447,79.31063492666844,600.0000000000005,0,643,3,0,0,0.011540783956232599,0.48613388974993504,2070427076.6959996,135.0,45,0.0,0.0,0.0,0.0,313,15,0.5209609052415766,0.548755793143718,0.7505701755374256,0.28508559945937995,381.8181818181818,0.32
type=clairvoyant_rate_per_min=2.0_think_snr=0.0_tau=0.5_seed=9,clairvoyant,2.0,0.0,0.5,clairvoyant,9,873,697,27,0.03729281767955801,0.1323529411764706,697,116.5273865490326,3267.0766341877256,96.50149505014492,600.0000000000005,0,609,3,0,0,0.007408726131361431,0.3442487186209454,1341886528.8454003,33.0,11,0.0,0.0,0.0,0.0,317,17,0.5312632992071381,0.5631204394775731,0.7794214032431689,0.31123520250047015,380.1818181818182,0.31
type=clairvoyant_rate_per_min=2.0_think_snr=0.0_tau=0.5_seed=10,clairvoyant,2.0,0.0,0.5,clairvoyant,10,740,653,5,0.007598784194528876,0.033783783783783786,653,119.50792026134923,2276.045194505792,61.52061793486404,600.0000000000005,0,148,4,0,0,0.006070380665398383,0.2651916683314509,1178168510.89167,84.0,28,0.0,0.0,0.0,0.0,247,28,0.6811148425804873,0.6911744921836679,0.7396867896432272,0.3404509115590735,356.1818181818182,0.26
type=clairvoyant_rate_per_min=2.0_think_snr=0.0_tau=0.8_seed=1,clairvoyant,2.0,0.0,0.8,clairvoyant,1,660,562,1,0.0017761989342806395,0.006211180124223602,562,141.44787510285278,1829.6085287210924,78.63808495107983,600.0,0,125,3,0,0,0.0027472303191819745,0.3322669993437274,1185639777.772142,309.0,103,0.0,0.0,0.0,0.0,310,70,0.6889096525352779,0.6905377224044308,0.7188509874020655,0.28384749655575003,306.54545454545456,0.23
type=clairvoyant_rate_per_min=2.0_think_snr=0.0_tau=0.8_seed=2,clairvoyant,2.0,0.0,0.8,clairvoyant,2,746,597,12,0.019704433497536946,0.0784313725490196,597,155.59184771906416,2193.5352406747293,108.74022701520695,600.0000000000005,0,326,1,0,0,0.006888254298243724,0.3042861996225606,582646479.8354912,138.0,46,0.0,0.0,0.0,0.0,268,39,0.5894495541692071,0.6026266739071477,0.7369143190640378,0.302026594220595,325.6363636363636,0.28
type=clairvoyant_rate_per_min=2.0_think_snr=0.0_tau=0.8_seed=3,clairvoyant,2.0,0.0,0.8,clairvoyant,3,858,690,26,0.036312849162011177,0.11979166666666667,690,79.67718544569539,2098.418791298344,45.70262977362702,600.0000000000005,0,411,4,0,0,0.011515672574153637,0.40271463377221917,1476522064.1079478,270.0,90,0.0,0.0,0.0,0.0,276,28,0.5527007130109194,0.5802355599744186,0.702971704598064,0.29590036593973434,376.3636363636364,0.27
type=clairvoyant_rate_per_min=2.0_think_snr=0.0_tau=0.8_seed=4,clairvoyant,2.0,0.0,0.8,clairvoyant,4,776,672,6,0.008849557522123894,0.028409090909090908,672,101.3722264212281,1844.3079934073085,23.126900060496393,600.0000000000005,0,141,0,0,0,0.013571413301528824,0.32800760909934634,1640959416.8346696,189.0,63,0.0,0.0,0.0,0.0,259,51,0.7069082171259965,0.7138935397332671,0.7107936639957265,0.3274839329627045,366.54545454545456,0.23
type=clairvoyant_rate_per_min=2.0_think_snr=0.0_tau=0.8_seed=5,clairvoyant,2.0,0.0,0.8,clairvoyant,5,1032,806,51,0.059509918319719954,0.20164609053497942,806,83.363245304585,3293.5076150039417,111.27993927663643,600.0000000000005,0,1008,3,0,0,0.0295759135809586,0.29860881415231627,945867731.8834198,77.99999999999997,26,0.0,0.0,0.0,0.0,359,7,0.47606448772134746,0.5206695528175626,0.8703328775778619,0.3279045158195711,439.6363636363636,0.38
type=clairvoyant_rate_per_min=2.0_think_snr=0.0_tau=0.8_seed=6,clairvoyant,2.0,0.0,0.8,clairvoyant,6,655,533,16,0.029143897996357013,0.10526315789473684,533,137.20686469296334,2923.397213167514,39.95820054948371,600.0000000000005,0,386,7,0,0,0.011927762291217156,0.44260237129981855,1280541447.0562851,135.0,45,0.0,0.0,0.0,0.0,264,31,0.5811203299442886,0.6093010834207029,0.6682116944484914,0.2819546844132597,290.72727272727275,0.23
type=clairvoyant_rate_per_min=2.0_think_snr=0.0_tau=0.8_seed=7,clairvoyant,2.0,0.0,0.8,clairvoyant,7,847,686,14,0.02,0.0625,686,112.14669321117196,1846.5804935508163,72.2924024189251,600.0000000000005,0,362,4,0,0,0.012667782633260828,0.3488918438202154,853365033.5524619,117.0,39,0.0,0.0,0.0,0.0,255,27,0.5846405745052957,0.5990166623460588,0.7331505638152357,0.28335122416133113,374.1818181818182,0.3
type=clairvoyant_rate_per_min=2.0_think_snr=0.0_tau=0.8_seed=8,clairvoyant,2.0,0.0,0.8,clairvoyant,8,877,700,27,0.037138927097661624,0.13513513513513514,700,109.47075006133701,3363.1111735588447,79.31063492666844,600.0000000000005,0,643,3,0,0,0.011540783956232599,0.48613388974993504,2070427076.6959996,135.0,45,0.0,0.0,0.0,0.0,313,15,0.5209609052415766,0.548755793143718,0.7505701755374256,0.28508559945937995,381.8181818181818,0.31
type=clairvoyant_rate_per_min=2.0_think_snr=0.0_tau=0.8_seed=9,clairvoyant,2.0,0.0,0.8,clairvoyant,9,873,697,27,0.03729281767955801,0.1323529411764706,697,116.5273865490326,3267.0766341877256,96.50149505014492,600.0000000000005,0,609,3,0,0,0.007408726131361431,0.3442487186209454,1341886528.8454003,33.0,11,0.0,0.0,0.0,0.0,317,17,0.5312632992071381,0.5631204394775731,0.7794214032431689,0.31123520250047015,380.1818181818182,0.32
type=clairvoyant_rate_per_min=2.0_think_snr=0.0_tau=0.8_seed=10,clairvoyant,2.0,0.0,0.8,clairvoyant,10,740,653,5,0.007598784194528876,0.033783783783783786,653,119.50792026134923,2276.045194505792,61.52061793486404,600.0000000000005,0,148,4,0,0,0.006070380665398383,0.2651916683314509,1178168510.89167,84.0,28,0.0,0.0,0.0,0.0,247,28,0.6811148425804873,0.6911744921836679,0.7396867896432272,0.3404509115590735,356.1818181818182,0.27
type=clairvoyant_rate_per_min=2.0_think_snr=0.0_tau=0.9_seed=1,clairvoyant,2.0,0.0,0.9,clairvoyant,1,660,562,1,0.0017761989342806395,0.006211180124223602,562,141.44787510285278,1829.6085287210924,78.63808495107983,600.0,0,125,3,0,0,0.0027472303191819745,0.3322669993437274,1185639777.772142,309.0,103,0.0,0.0,0.0,0.0,310,70,0.6889096525352779,0.6905377224044308,0.7188509874020655,0.28384749655575003,306.54545454545456,0.23
type=clairvoyant_rate_per_min=2.0_think_snr=0.0_tau=0.9_seed=2,clairvoyant,2.0,0.0,0.9,clairvoyant,2,746,597,12,0.019704433497536946,0.0784313725490196,597,155.59184771906416,2193.5352406747293,108.74022701520695,600.0000000000005,0,326,1,0,0,0.006888254298243724,0.3042861996225606,582646479.8354912,138.0,46,0.0,0.0,0.0,0.0,268,39,0.5894495541692071,0.6026266739071477,0.7369143190640378,0.302026594220595,325.6363636363636,0.29
type=clairvoyant_rate_per_min=2.0_think_snr=0.0_tau=0.9_seed=3,clairvoyant,2.0,0.0,0.9,clairvoyant,3,858,690,26,0.036312849162011177,0.11979166666666667,690,79.67718544569539,2098.418791298344,45.70262977362702,600.0000000000005,0,411,4,0,0,0.011515672574153637,0.40271463377221917,1476522064.1079478,270.0,90,0.0,0.0,0.0,0.0,276,28,0.5527007130109194,0.5802355599744186,0.702971704598064,0.29590036593973434,376.3636363636364,0.28
type=clairvoyant_rate_per_min=2.0_think_snr=0.0_tau=0.9_seed=4,clairvoyant,2.0,0.0,0.9,clairvoyant,4,776,672,6,0.008849557522123894,0.028409090909090908,672,101.3722264212281,1844.3079934073085,23.126900060496393,600.0000000000005,0,141,0,0,0,0.013571413301528824,0.32800760909934634,1640959416.8346696,189.0,63,0.0,0.0,0.0,0.0,259,51,0.7069082171259965,0.7138935397332671,0.7107936639957265,0.3274839329627045,366.54545454545456,0.24
type=clairvoyant_rate_per_min=2.0_think_snr=0.0_tau=0.9_seed=5,clairvoyant,2.0,0.0,0.9,clairvoyant,5,1032,806,51,0.059509918319719954,0.20164609053497942,806,83.363245304585,3293.5076150039417,111.27993927663643,600.0000000000005,0,1008,3,0,0,0.0295759135809586,0.29860881415231627,945867731.8834198,77.99999999999997,26,0.0,0.0,0.0,0.0,359,7,0.47606448772134746,0.5206695528175626,0.8703328775778619,0.3279045158195711,439.6363636363636,0.39
type=clairvoyant_rate_per_min=2.0_think_snr=0.0_tau=0.9_seed=6,clairvoyant,2.0,0.0,0.9,clairvoyant,6,655,533,16,0.029143897996357013,0.10526315789473684,533,137.20686469296334,2923.397213167514,39.95820054948371,600.0000000000005,0,386,7,0,0,0.011927762291217156,0.44260237129981855,1280541447.0562851,135.0,45,0.0,0.0,0.0,0.0,264,31,0.5811203299442886,0.6093010834207029,0.6682116944484914,0.2819546844132597,290.72727272727275,0.24
type=clairvoyant_rate_per_min=2.0_think_snr=0.0_tau=0.9_seed=7,clairvoyant,2.0,0.0,0.9,clairvoyant,7,847,686,14,0.02,0.0625,686,112.14669321117196,1846.5804935508163,72.2924024189251,600.0000000000005,0,362,4,0,0,0.012667782633260828,0.3488918438202154,853365033.5524619,117.0,39,0.0,0.0,0.0,0.0,255,27,0.5846405745052957,0.5990166623460588,0.7331505638152357,0.28335122416133113,374.1818181818182,0.3
type=clairvoyant_rate_per_min=2.0_think_snr=0.0_tau=0.9_seed=8,clairvoyant,2.0,0.0,0.9,clairvoyant,8,877,700,27,0.037138927097661624,0.13513513513513514,700,109.47075006133701,3363.1111735588447,79.31063492666844,600.0000000000005,0,643,3,0,0,0.011540783956232599,0.48613388974993504,2070427076.6959996,135.0,45,0.0,0.0,0.0,0.0,313,15,0.5209609052415766,0.548755793143718,0.7505701755374256,0.28508559945937995,381.8181818181818,0.31
type=clairvoyant_rate_per_min=2.0_think_snr=0.0_tau=0.9_seed=9,clairvoyant,2.0,0.0,0.9,clairvoyant,9,873,697,27,0.03729281767955801,0.1323529411764706,697,116.5273865490326,3267.0766341877256,96.50149505014492,600.0000000000005,0,609,3,0,0,0.007408726131361431,0.3442487186209454,1341886528.8454003,33.0,11,0.0,0.0,0.0,0.0,317,17,0.5312632992071381,0.5631204394775731,0.7794214032431689,0.31123520250047015,380.1818181818182,0.33
type=clairvoyant_rate_per_min=2.0_think_snr=0.0_tau=0.9_seed=10,clairvoyant,2.0,0.0,0.9,clairvoyant,10,740,653,5,0.007598784194528876,0.033783783783783786,653,119.50792026134923,2276.045194505792,61.52061793486404,600.0000000000005,0,148,4,0,0,0.006070380665398383,0.2651916683314509,1178168510.89167,84.0,28,0.0,0.0,0.0,0.0,247,28,0.6811148425804873,0.6911744921836679,0.7396867896432272,0.3404509115590735,356.1818181818182,0.28
type=clairvoyant_rate_per_min=2.0_think_snr=0.5_tau=0.5_seed=1,clairvoyant,2.0,0.5,0.5,clairvoyant,1,683,593,2,0.0033613445378151263,0.006097560975609756,593,161.63595593521677,1819.0580922693032,108.36073651148884,600.0000000000002,0,138,2,0,0,0.006104723855879117,0.28151982070940473,1074264514.079923,168.0,56,0.0,0.0,0.0,0.0,322,38,0.7080053982934493,0.7096629833934495,0.7480906333608521,0.2820215363651156,323.4545454545455,0.26
type=clairvoyant_rate_per_min=2.0_think_snr=0.5_tau=0.5_seed=2,clairvoyant,2.0,0.5,0.5,clairvoyant,2,764,609,12,0.01932367149758454,0.07692307692307693,609,134.11703955196322,2179.3930517833014,90.3086776304286,600.0000000000005,0,336,4,0,0,0.006648863803436851,0.27685968864953997,607782024.5848268,153.0,51,0.0,0.0,0.0,0.0,274,30,0.5743704589397769,0.5873003122180483,0.744131627209596,0.3034322009742969,332.1818181818182,0.3
type=clairvoyant_rate_per_min=2.0_think_snr=0.5_tau=0.5_seed=3,clairvoyant,2.0,0.5,0.5,clairvoyant,3,858,686,30,0.04189944134078212,0.14210526315789473,686,78.8196947627564,1831.7213366325395,55.609425739659,600.0000000000005,0,447,1,0,0,0.016391591668246875,0.43575407796470855,1411134634.753393,240.0,80,0.0,0.0,0.0,0.0,280,25,0.5313943221111195,0.5593826487839879,0.6931924896035678,0.2801183135743188,374.1818181818182,0.28
type=clairvoyant_rate_per_min=2.0_think_snr=0.5_tau=0.5_seed=4,clairvoyant,2.0,0.5,0.5,clairvoyant,4,804,692,5,0.007173601147776184,0.023121387283236993,692,85.76021224894293,1860.0287772700667,12.014921068274365,600.0000000000005,0,139,0,0,0,0.01129875560645842,0.3211724169151631,1964061923.1632252,249.0000000000001,83,0.0,0.0,0.0,0.0,247,62,0.703075531915186,0.7078640937738272,0.6689914815259972,0.33835173327798995,377.4545454545455,0.23
type=clairvoyant_rate_per_min=2.0_think_snr=0.5_tau=0.5_seed=5,clairvoyant,2.0,0.5,0.5,clairvoyant,5,1013,796,46,0.05463182897862233,0.18803418803418803,796,92.93134214794554,4054.7493636182044,57.023329787359856,600.0000000000005,0,984,4,0,0,0.03148856684607593,0.32407305698723327,1589606104.466211,87.0,29,0.0,0.0,0.0,0.0,344,10,0.498855058983363,0.5416374131911861,0.8353217270299146,0.36083698000013403,434.1818181818182,0.36
type=clairvoyant_rate_per_min=2.0_think_snr=0.5_tau=0.5_seed=6,clairvoyant,2.0,0.5,0.5,clairvoyant,6,700,566,22,0.03741496598639456,0.13924050632911392,566,115.03638900159376,2875.542231718039,44.27491650261816,600.0000000000005,0,435,4,0,0,0.014044243642714341,0.4614352560602712,1621919304.5828004,153.00000000000023,51,0.0,0.0,0.0,0.0,260,37,0.5615003647577105,0.597439769094266,0.6287429757834758,0.2867489179083324,308.72727272727275,0.25
type=clairvoyant_rate_per_min=2.0_think_snr=0.5_tau=0.5_seed=7,clairvoyant,2.0,0.5,0.5,clairvoyant,7,845,688,15,0.021337126600284494,0.0684931506849315,688,117.23501797449399,1891.1007302087987,61.744585107679164,600.0000000000005,0,362,3,0,0,0.014049163177198976,0.30113435375912634,626318715.6964092,129.0,43,0.0,0.0,0.0,0.0,254,30,0.5782735476406213,0.5938271586883738,0.7330020886833075,0.3018654036618035,375.2727272727273,0.29
type=clairvoyant_rate_per_min=2.0_think_snr=0.5_tau=0.5_seed=8,clairvoyant,2.0,0.5,0.5,clairvoyant,8,887,705,24,0.03292181069958848,0.13114754098360656,705,120.71120406590398,3650.196255984327,57.587355126646855,600.0000000000005,0,643,3,0,0,0.012509145219750684,0.440318337579581,1869853224.0208108,135.0,45,0.0,0.0,0.0,0.0,313,19,0.5175806486624464,0.5402696555205367,0.7519509035304973,0.314245384487977,384.54545454545456,0.3
type=clairvoyant_rate_per_min=2.0_think_snr=0.5_tau=0.5_seed=9,clairvoyant,2.0,0.5,0.5,clairvoyant,9,867,673,31,0.04403409090909091,0.15228426395939088,673,137.34856430045056,3612.6020899640475,112.29855049021373,600.0000000000005,0,727,4,0,0,0.007280594503447814,0.30899766536728734,963978261.344045,60.0,20,0.0,0.0,0.0,0.0,324,14,0.5002924577215978,0.5359551566372648,0.8037327875509908,0.2947800530073877,367.0909090909091,0.34
type=clairvoyant_rate_per_min=2.0_think_snr=0.5_tau=0.5_seed=10,clairvoyant,2.0,0.5,0.5,clairvoyant,10,728,652,7,0.010622154779969651,0.04666666666666667,652,144.0842765316538,2053.97317146504,73.83141836318998,600.0000000000005,0,162,3,0,0,0.006987461856761709,0.269867888149964,1151988135.4103992,102.0,34,0.0,0.0,0.0,0.0,262,30,0.711621124458913,0.7253697559373757,0.7508869686407342,0.34620839607580217,355.6363636363636,0.25
type=clairvoyant_rate_per_min=2.0_think_snr=0.5_tau=0.8_seed=1,clairvoyant,2.0,0.5,0.8,clairvoyant,1,683,593,2,0.0033613445378151263,0.006097560975609756,593,161.63595593521677,1819.0580922693032,108.36073651148884,600.0000000000002,0,138,2,0,0,0.006104723855879117,0.28151982070940473,1074264514.079923,168.0,56,0.0,0.0,0.0,0.0,322,38,0.7080053982934493,0.7096629833934495,0.7480906333608521,0.2820215363651156,323.4545454545455,0.26
type=clairvoyant_rate_per_min=2.0_think_snr=0.5_tau=0.8_seed=2,clairvoyant,2.0,0.5,0.8,clairvoyant,2,764,609,12,0.01932367149758454,0.07692307692307693,609,134.11703955196322,2179.3930517833014,90.3086776304286,600.0000000000005,0,336,4,0,0,0.006648863803436851,0.27685968864953997,607782024.5848268,153.0,51,0.0,0.0,0.0,0.0,274,30,0.5743704589397769,0.5873003122180483,0.744131627209596,0.3034322009742969,332.1818181818182,0.29
type=clairvoyant_rate_per_min=2.0_think_snr=0.5_tau=0.8_seed=3,clairvoyant,2.0,0.5,0.8,clairvoyant,3,858,686,30,0.04189944134078212,0.14210526315789473,686,78.8196947627564,1831.7213366325395,55.609425739659,600.0000000000005,0,447,1,0,0,0.016391591668246875,0.43575407796470855,1411134634.753393,240.0,80,0.0,0.0,0.0,0.0,280,25,0.5313943221111195,0.5593826487839879,0.6931924896035678,0.2801183135743188,374.1818181818182,0.27
type=clairvoyant_rate_per_min=2.0_think_snr=0.5_tau=0.8_seed=4,clairvoyant,2.0,0.5,0.8,clairvoyant,4,804,692,5,0.007173601147776184,0.023121387283236993,692,85.76021224894293,1860.0287772700667,12.014921068274365,600.0000000000005,0,139,0,0,0,0.01129875560645842,0.3211724169151631,1964061923.1632252,249.0000000000001,83,0.0,0.0,0.0,0.0,247,62,0.703075531915186,0.7078640937738272,0.6689914815259972,0.33835173327798995,377.4545454545455,0.23
type=clairvoyant_rate_per_min=2.0_think_snr=0.5_tau=0.8_seed=5,clairvoyant,2.0,0.5,0.8,clairvoyant,5,1013,796,46,0.05463182897862233,0.18803418803418803,796,92.93134214794554,4054.7493636182044,57.023329787359856,600.0000000000005,0,984,4,0,0,0.03148856684607593,0.32407305698723327,1589606104.466211,87.0,29,0.0,0.0,0.0,0.0,344,10,0.498855058983363,0.5416374131911861,0.8353217270299146,0.36083698000013403,434.1818181818182,0.35
type=clairvoyant_rate_per_min=2.0_think_snr=0.5_tau=0.8_seed=6,clairvoyant,2.0,0.5,0.8,clairvoyant,6,700,566,22,0.03741496598639456,0.13924050632911392,566,115.03638900159376,2875.542231718039,44.27491650261816,600.0000000000005,0,435,4,0,0,0.014044243642714341,0.4614352560602712,1621919304.5828004,153.00000000000023,51,0.0,0.0,0.0,0.0,260,37,0.5615003647577105,0.597439769094266,0.6287429757834758,0.2867489179083324,308.72727272727275,0.25
type=clairvoyant_rate_per_min=2.0_think_snr=0.5_tau=0.8_seed=7,clairvoyant,2.0,0.5,0.8,clairvoyant,7,845,688,15,0.021337126600284494,0.0684931506849315,688,117.23501797449399,1891.1007302087987,61.744585107679164,600.0000000000005,0,362,3,0,0,0.014049163177198976,0.30113435375912634,626318715.6964092,129.0,43,0.0,0.0,0.0,0.0,254,30,0.5782735476406213,0.5938271586883738,0.7330020886833075,0.3018654036618035,375.2727272727273,0.27
type=clairvoyant_rate_per_min=2.0_think_snr=0.5_tau=0.8_seed=8,clairvoyant,2.0,0.5,0.8,clairvoyant,8,887,705,24,0.03292181069958848,0.13114754098360656,705,120.71120406590398,3650.196255984327,57.587355126646855,600.0000000000005,0,643,3,0,0,0.012509145219750684,0.440318337579581,1869853224.0208108,135.0,45,0.0,0.0,0.0,0.0,313,19,0.5175806486624464,0.5402696555205367,0.7519509035304973,0.314245384487977,384.54545454545456,0.33
type=clairvoyant_rate_per_min=2.0_think_snr=0.5_tau=0.8_seed=9,clairvoyant,2.0,0.5,0.8,clairvoyant,9,867,673,31,0.04403409090909091,0.15228426395939088,673,137.34856430045056,3612.6020899640475,112.29855049021373,600.0000000000005,0,727,4,0,0,0.007280594503447814,0.30899766536728734,963978261.344045,60.0,20,0.0,0.0,0.0,0.0,324,14,0.5002924577215978,0.5359551566372648,0.8037327875509908,0.2947800530073877,367.0909090909091,0.34
type=clairvoyant_rate_per_min=2.0_think_snr=0.5_tau=0.8_seed=10,clairvoyant,2.0,0.5,0.8,clairvoyant,10,728,652,7,0.010622154779969651,0.04666666666666667,652,144.0842765316538,2053.97317146504,73.83141836318998,600.0000000000005,0,162,3,0,0,0.006987461856761709,0.269867888149964,1151988135.4103992,102.0,34,0.0,0.0,0.0,0.0,262,30,0.711621124458913,0.7253697559373757,0.7508869686407342,0.34620839607580217,355.6363636363636,0.25
type=clairvoyant_rate_per_min=2.0_think_snr=0.5_tau=0.9_seed=1,clairvoyant,2.0,0.5,0.9,clairvoyant,1,683,593,2,0.0033613445378151263,0.006097560975609756,593,161.63595593521677,1819.0580922693032,108.36073651148884,600.0000000000002,0,138,2,0,0,0.006104723855879117,0.28151982070940473,1074264514.079923,168.0,56,0.0,0.0,0.0,0.0,322,38,0.7080053982934493,0.7096629833934495,0.7480906333608521,0.2820215363651156,323.4545454545455,0.26
type=clairvoyant_rate_per_min=2.0_think_snr=0.5_tau=0.9_seed=2,clairvoyant,2.0,0.5,0.9,clairvoyant,2,764,609,12,0.01932367149758454,0.07692307692307693,609,134.11703955196322,2179.3930517833014,90.3086776304286,600.0000000000005,0,336,4,0,0,0.006648863803436851,0.27685968864953997,607782024.5848268,153.0,51,0.0,0.0,0.0,0.0,274,30,0.5743704589397769,0.5873003122180483,0.744131627209596,0.3034322009742969,332.1818181818182,0.29
type=clairvoyant_rate_per_min=2.0_think_snr=0.5_tau=0.9_seed=3,clairvoyant,2.0,0.5,0.9,clairvoyant,3,858,686,30,0.04189944134078212,0.14210526315789473,686,78.8196947627564,1831.7213366325395,55.609425739659,600.0000000000005,0,447,1,0,0,0.016391591668246875,0.43575407796470855,1411134634.753393,240.0,80,0.0,0.0,0.0,0.0,280,25,0.5313943221111195,0.5593826487839879,0.6931924896035678,0.2801183135743188,374.1818181818182,0.28
type=clairvoyant_rate_per_min=2.0_think_snr=0.5_tau=0.9_seed=4,clairvoyant,2.0,0.5,0.9,clairvoyant,4,804,692,5,0.007173601147776184,0.023121387283236993,692,85.76021224894293,1860.0287772700667,12.014921068274365,600.0000000000005,0,139,0,0,0,0.01129875560645842,0.3211724169151631,1964061923.1632252,249.0000000000001,83,0.0,0.0,0.0,0.0,247,62,0.703075531915186,0.7078640937738272,0.6689914815259972,0.33835173327798995,377.4545454545455,0.23
type=clairvoyant_rate_per_min=2.0_think_snr=0.5_tau=0.9_seed=5,clairvoyant,2.0,0.5,0.9,clairvoyant,5,1013,796,46,0.05463182897862233,0.18803418803418803,796,92.93134214794554,4054.7493636182044,57.023329787359856,600.0000000000005,0,984,4,0,0,0.03148856684607593,0.32407305698723327,1589606104.466211,87.0,29,0.0,0.0,0.0,0.0,344,10,0.498855058983363,0.5416374131911861,0.8353217270299146,0.36083698000013403,434.1818181818182,0.35
type=clairvoyant_rate_per_min=2.0_think_snr=0.5_tau=0.9_seed=6,clairvoyant,2.0,0.5,0.9,clairvoyant,6,700,566,22,0.03741496598639456,0.13924050632911392,566,115.03638900159376,2875.542231718039,44.27491650261816,600.0000000000005,0,435,4,0,0,0.014044243642714341,0.4614352560602712,1621919304.5828004,153.00000000000023,51,0.0,0.0,0.0,0.0,260,37,0.5615003647577105,0.597439769094266,0.6287429757834758,0.2867489179083324,308.72727272727275,0.25
type=clairvoyant_rate_per_min=2.0_think_snr=0.5_tau=0.9_seed=7,clairvoyant,2.0,0.5,0.9,clairvoyant,7,845,688,15,0.021337126600284494,0.0684931506849315,688,117.23501797449399,1891.1007302087987,61.744585107679164,600.0000000000005,0,362,3,0,0,0.014049163177198976,0.30113435375912634,626318715.6964092,129.0,43,0.0,0.0,0.0,0.0,254,30,0.5782735476406213,0.5938271586883738,0.7330020886833075,0.3018654036618035,375.2727272727273,0.27
type=clairvoyant_rate_per_min=2.0_think_snr=0.5_tau=0.9_seed=8,clairvoyant,2.0,0.5,0.9,clairvoyant,8,887,705,24,0.03292181069958848,0.13114754098360656,705,120.71120406590398,3650.196255984327,57.587355126646855,600.0000000000005,0,643,3,0,0,0.012509145219750684,0.440318337579581,1869853224.0208108,135.0,45,0.0,0.0,0.0,0.0,313,19,0.5175806486624464,0.5402696555205367,0.7519509035304973,0.314245384487977,384.54545454545456,0.3
type=clairvoyant_rate_per_min=2.0_think_snr=0.5_tau=0.9_seed=9,clairvoyant,2.0,0.5,0.9,clairvoyant,9,867,673,31,0.04403409090909091,0.15228426395939088,673,137.34856430045056,3612.6020899640475,112.29855049021373,600.0000000000005,0,727,4,0,0,0.007280594503447814,0.30899766536728734,963978261.344045,60.0,20,0.0,0.0,0.0,0.0,324,14,0.5002924577215978,0.5359551566372648,0.8037327875509908,0.2947800530073877,367.0909090909091,0.34
type=clairvoyant_rate_per_min=2.0_think_snr=0.5_tau=0.9_seed=10,clairvoyant,2.0,0.5,0.9,clairvoyant,10,728,652,7,0.010622154779969651,0.04666666666666667,652,144.0842765316538,2053.97317146504,73.83141836318998,600.0000000000005,0,162,3,0,0,0.006987461856761709,0.269867888149964,1151988135.4103992,102.0,34,0.0,0.0,0.0,0.0,262,30,0.711621124458913,0.7253697559373757,0.7508869686407342,0.34620839607580217,355.6363636363636,0.25
type=clairvoyant_rate_per_min=2.0_think_snr=0.9_tau=0.5_seed=1,clairvoyant,2.0,0.9,0.5,clairvoyant,1,674,561,4,0.007079646017699115,0.02,561,167.2330215213433,1525.6140259253816,88.95096680197359,600.0000000000005,0,181,1,0,0,0.0069300260029215915,0.2785197715505288,985311863.6144753,156.0,52,0.0,0.0,0.0,0.0,322,40,0.6713098649661778,0.6746019998930847,0.7460748123057498,0.3016408528543515,306.0,0.27
type=clairvoyant_rate_per_min=2.0_think_snr=0.9_tau=0.5_seed=2,clairvoyant,2.0,0.9,0.5,clairvoyant,2,769,611,13,0.020833333333333332,0.08552631578947369,611,154.76968695811502,2323.585679209875,109.93025180219414,600.0000000000005,0,359,1,0,0,0.006810119304277385,0.31568487808479895,779501399.6221215,141.0,47,0.0,0.0,0.0,0.0,278,29,0.5649157124105973,0.5789736330431838,0.7469007148649962,0.30906170596491744,333.2727272727273,0.29
type=clairvoyant_rate_per_min=2.0_think_snr=0.9_tau=0.5_seed=3,clairvoyant,2.0,0.9,0.5,clairvoyant,3,873,700,27,0.037138927097661624,0.13089005235602094,700,74.18387543971971,2300.461934916283,43.05429357236524,600.0000000000005,0,417,3,0,0,0.007971500025482622,0.42819700240462005,1564188946.5883975,237.0,79,0.0,0.0,0.0,0.0,279,28,0.5526701636987411,0.583792292943711,0.6872724565769879,0.2909515487963198,381.8181818181818,0.28
type=clairvoyant_rate_per_min=2.0_think_snr=0.9_tau=0.5_seed=4,clairvoyant,2.0,0.9,0.5,clairvoyant,4,831,715,8,0.011065006915629323,0.0446927374301676,715,87.38807654921175,1848.3627381454921,32.42242955065954,600.0000000000005,0,177,1,0,0,0.005278738033634524,0.3453392924521596,1769031830.2522252,222.0,74,0.0,0.0,0.0,0.0,240,46,0.6692480649366827,0.6813152388794255,0.6892589454399768,0.31400125594054207,390.0,0.23
type=clairvoyant_rate_per_min=2.0_think_snr=0.9_tau=0.5_seed=5,clairvoyant,2.0,0.9,0.5,clairvoyant,5,991,774,47,0.057247259439707675,0.19574468085106383,774,89.25493226633591,3617.8295947348847,72.42630039107115,600.0000000000005,0,981,3,0,0,0.02876035832203424,0.3170253283040477,1070221908.553001,81.0,27,0.0,0.0,0.0,0.0,322,11,0.49454406204398565,0.5372134381102608,0.8163342813673595,0.3509101322176582,422.1818181818182,0.36
type=clairvoyant_rate_per_min=2.0_think_snr=0.9_tau=0.5_seed=6,clairvoyant,2.0,0.9,0.5,clairvoyant,6,704,568,25,0.04215851602023609,0.15625,568,126.70816227032901,3024.4304491293096,42.319418616882935,600.0000000000005,0,476,1,0,0,0.01346058145025962,0.4709059938541318,1392893860.8188982,150.0,50,0.0,0.0,0.0,0.0,274,41,0.5531811188704308,0.5940174438440013,0.6638530779712186,0.2747258325697621,309.8181818181818,0.26
type=clairvoyant_rate_per_min=2.0_think_snr=0.9_tau=0.5_seed=7,clairvoyant,2.0,0.9,0.5,clairvoyant,7,850,684,13,0.018651362984218076,0.06018518518518518,684,112.46478466609688,1866.6986025094172,56.28938067130495,600.0000000000005,0,386,3,0,0,0.010221970685673909,0.29972860195245526,791262091.1580483,123.0,41,0.0,0.0,0.0,0.0,243,31,0.579261533948386,0.5929307593221788,0.7160925550092269,0.31856396941344445,373.0909090909091,0.28
type=clairvoyant_rate_per_min=2.0_think_snr=0.9_tau=0.5_seed=8,clairvoyant,2.0,0.9,0.5,clairvoyant,8,887,699,24,0.03319502074688797,0.13333333333333333,699,117.83659799836983,3652.3275783270137,46.476815177306165,600.0000000000005,0,643,1,0,0,0.012801755796644313,0.43403284621536686,2175164850.054619,132.0,44,0.0,0.0,0.0,0.0,315,26,0.5096672756651858,0.5325841030084084,0.7387029425747863,0.31569320210347035,381.2727272727273,0.31
type=clairvoyant_rate_per_min=2.0_think_snr=0.9_tau=0.5_seed=9,clairvoyant,2.0,0.9,0.5,clairvoyant,9,912,709,34,0.04576043068640646,0.16097560975609757,709,127.43438069841227,3591.3843914992294,144.42449741484737,600.0000000000005,0,745,1,0,0,0.014796744015507391,0.33011058224423456,970329745.9115388,72.0,24,0.0,0.0,0.0,0.0,334,14,0.4907937021726778,0.5251280525695516,0.7936904076785484,0.264406645352287,386.72727272727275,0.37
type=clairvoyant_rate_per_min=2.0_think_snr=0.9_tau=0.5_seed=10,clairvoyant,2.0,0.9,0.5,clairvoyant,10,720,629,10,0.01564945226917058,0.0684931506849315,629,141.17918356914288,2025.0837790355106,95.4679134574898,600.0000000000005,0,206,5,0,0,0.006664575790803521,0.25493800620065055,936484289.8775656,84.0,28,0.0,0.0,0.0,0.0,252,19,0.6712096754455636,0.6885849273886774,0.7550765765386235,0.3107824680605291,343.0909090909091,0.28
type=clairvoyant_rate_per_min=2.0_think_snr=0.9_tau=0.8_seed=1,clairvoyant,2.0,0.9,0.8,clairvoyant,1,674,561,4,0.007079646017699115,0.02,561,167.2330215213433,1525.6140259253816,88.95096680197359,600.0000000000005,0,181,1,0,0,0.0069300260029215915,0.2785197715505288,985311863.6144753,156.0,52,0.0,0.0,0.0,0.0,322,40,0.6713098649661778,0.6746019998930847,0.7460748123057498,0.3016408528543515,306.0,0.26
type=clairvoyant_rate_per_min=2.0_think_snr=0.9_tau=0.8_seed=2,clairvoyant,2.0,0.9,0.8,clairvoyant,2,769,611,13,0.020833333333333332,0.08552631578947369,611,154.76968695811502,2323.585679209875,109.93025180219414,600.0000000000005,0,359,1,0,0,0.006810119304277385,0.31568487808479895,779501399.6221215,141.0,47,0.0,0.0,0.0,0.0,278,29,0.5649157124105973,0.5789736330431838,0.7469007148649962,0.30906170596491744,333.2727272727273,0.28
type=clairvoyant_rate_per_min=2.0_think_snr=0.9_tau=0.8_seed=3,clairvoyant,2.0,0.9,0.8,clairvoyant,3,873,700,27,0.037138927097661624,0.13089005235602094,700,74.18387543971971,2300.461934916283,43.05429357236524,600.0000000000005,0,417,3,0,0,0.007971500025482622,0.42819700240462005,1564188946.5883975,237.0,79,0.0,0.0,0.0,0.0,279,28,0.5526701636987411,0.583792292943711,0.6872724565769879,0.2909515487963198,381.8181818181818,0.28
type=clairvoyant_rate_per_min=2.0_think_snr=0.9_tau=0.8_seed=4,clairvoyant,2.0,0.9,0.8,clairvoyant,4,831,715,8,0.011065006915629323,0.0446927374301676,715,87.38807654921175,1848.3627381454921,32.42242955065954,600.0000000000005,0,177,1,0,0,0.005278738033634524,0.3453392924521596,1769031830.2522252,222.0,74,0.0,0.0,0.0,0.0,240,46,0.6692480649366827,0.6813152388794255,0.6892589454399768,0.31400125594054207,390.0,0.23
type=clairvoyant_rate_per_min=2.0_think_snr=0.9_tau=0.8_seed=5,clairvoyant,2.0,0.9,0.8,clairvoyant,5,991,774,47,0.057247259439707675,0.19574468085106383,774,89.25493226633591,3617.8295947348847,72.42630039107115,600.0000000000005,0,981,3,0,0,0.02876035832203424,0.3170253283040477,1070221908.553001,81.0,27,0.0,0.0,0.0,0.0,322,11,0.49454406204398565,0.5372134381102608,0.8163342813673595,0.3509101322176582,422.1818181818182,0.35
type=clairvoyant_rate_per_min=2.0_think_snr=0.9_tau=0.8_seed=6,clairvoyant,2.0,0.9,0.8,clairvoyant,6,704,568,25,0.04215851602023609,0.15625,568,126.70816227032901,3024.4304491293096,42.319418616882935,600.0000000000005,0,476,1,0,0,0.01346058145025962,0.4709059938541318,1392893860.8188982,150.0,50,0.0,0.0,0.0,0.0,274,41,0.5531811188704308,0.5940174438440013,0.6638530779712186,0.2747258325697621,309.8181818181818,0.26
type=clairvoyant_rate_per_min=2.0_think_snr=0.9_tau=0.8_seed=7,clairvoyant,2.0,0.9,0.8,clairvoyant,7,850,684,13,0.018651362984218076,0.06018518518518518,684,112.46478466609688,1866.6986025094172,56.28938067130495,600.0000000000005,0,386,3,0,0,0.010221970685673909,0.29972860195245526,791262091.1580483,123.0,41,0.0,0.0,0.0,0.0,243,31,0.579261533948386,0.5929307593221788,0.7160925550092269,0.31856396941344445,373.0909090909091,0.27
type=clairvoyant_rate_per_min=2.0_think_snr=0.9_tau=0.8_seed=8,clairvoyant,2.0,0.9,0.8,clairvoyant,8,887,699,24,0.03319502074688797,0.13333333333333333,699,117.83659799836983,3652.3275783270137,46.476815177306165,600.0000000000005,0,643,1,0,0,0.012801755796644313,0.43403284621536686,2175164850.054619,132.0,44,0.0,0.0,0.0,0.0,315,26,0.5096672756651858,0.5325841030084084,0.7387029425747863,0.31569320210347035,381.2727272727273,0.31
type=clairvoyant_rate_per_min=2.0_think_snr=0.9_tau=0.8_seed=9,clairvoyant,2.0,0.9,0.8,clairvoyant,9,912,709,34,0.04576043068640646,0.16097560975609757,709,127.43438069841227,3591.3843914992294,144.42449741484737,600.0000000000005,0,745,1,0,0,0.014796744015507391,0.33011058224423456,970329745.9115388,72.0,24,0.0,0.0,0.0,0.0,334,14,0.4907937021726778,0.5251280525695516,0.7936904076785484,0.264406645352287,386.72727272727275,0.34
type=clairvoyant_rate_per_min=2.0_think_snr=0.9_tau=0.8_seed=10,clairvoyant,2.0,0.9,0.8,clairvoyant,10,720,629,10,0.01564945226917058,0.0684931506849315,629,141.17918356914288,2025.0837790355106,95.4679134574898,600.0000000000005,0,206,5,0,0,0.006664575790803521,0.25493800620065055,936484289.8775656,84.0,28,0.0,0.0,0.0,0.0,252,19,0.6712096754455636,0.6885849273886774,0.7550765765386235,0.3107824680605291,343.0909090909091,0.27
type=clairvoyant_rate_per_min=2.0_think_snr=0.9_tau=0.9_seed=1,clairvoyant,2.0,0.9,0.9,clairvoyant,1,674,561,4,0.007079646017699115,0.02,561,167.2330215213433,1525.6140259253816,88.95096680197359,600.0000000000005,0,181,1,0,0,0.0069300260029215915,0.2785197715505288,985311863.6144753,156.0,52,0.0,0.0,0.0,0.0,322,40,0.6713098649661778,0.6746019998930847,0.7460748123057498,0.3016408528543515,306.0,0.26
type=clairvoyant_rate_per_min=2.0_think_snr=0.9_tau=0.9_seed=2,clairvoyant,2.0,0.9,0.9,clairvoyant,2,769,611,13,0.020833333333333332,0.08552631578947369,611,154.76968695811502,2323.585679209875,109.93025180219414,600.0000000000005,0,359,1,0,0,0.006810119304277385,0.31568487808479895,779501399.6221215,141.0,47,0.0,0.0,0.0,0.0,278,29,0.5649157124105973,0.5789736330431838,0.7469007148649962,0.30906170596491744,333.2727272727273,0.28
type=clairvoyant_rate_per_min=2.0_think_snr=0.9_tau=0.9_seed=3,clairvoyant,2.0,0.9,0.9,clairvoyant,3,873,700,27,0.037138927097661624,0.13089005235602094,700,74.18387543971971,2300.461934916283,43.05429357236524,600.0000000000005,0,417,3,0,0,0.007971500025482622,0.42819700240462005,1564188946.5883975,237.0,79,0.0,0.0,0.0,0.0,279,28,0.5526701636987411,0.583792292943711,0.6872724565769879,0.2909515487963198,381.8181818181818,0.28
type=clairvoyant_rate_per_min=2.0_think_snr=0.9_tau=0.9_seed=4,clairvoyant,2.0,0.9,0.9,clairvoyant,4,831,715,8,0.011065006915629323,0.0446927374301676,715,87.38807654921175,1848.3627381454921,32.42242955065954,600.0000000000005,0,177,1,0,0,0.005278738033634524,0.3453392924521596,1769031830.2522252,222.0,74,0.0,0.0,0.0,0.0,240,46,0.6692480649366827,0.6813152388794255,0.6892589454399768,0.31400125594054207,390.0,0.23
type=clairvoyant_rate_per_min=2.0_think_snr=0.9_tau=0.9_seed=5,clairvoyant,2.0,0.9,0.9,clairvoyant,5,991,774,47,0.057247259439707675,0.19574468085106383,774,89.25493226633591,3617.8295947348847,72.42630039107115,600.0000000000005,0,981,3,0,0,0.02876035832203424,0.3170253283040477,1070221908.553001,81.0,27,0.0,0.0,0.0,0.0,322,11,0.49454406204398565,0.5372134381102608,0.8163342813673595,0.3509101322176582,422.1818181818182,0.35
type=clairvoyant_rate_per_min=2.0_think_snr=0.9_tau=0.9_seed=6,clairvoyant,2.0,0.9,0.9,clairvoyant,6,704,568,25,0.04215851602023609,0.15625,568,126.70816227032901,3024.4304491293096,42.319418616882935,600.0000000000005,0,476,1,0,0,0.01346058145025962,0.4709059938541318,1392893860.8188982,150.0,50,0.0,0.0,0.0,0.0,274,41,0.5531811188704308,0.5940174438440013,0.6638530779712186,0.2747258325697621,309.8181818181818,0.24
type=clairvoyant_rate_per_min=2.0_think_snr=0.9_tau=0.9_seed=7,clairvoyant,2.0,0.9,0.9,clairvoyant,7,850,684,13,0.018651362984218076,0.06018518518518518,684,112.46478466609688,1866.6986025094172,56.28938067130495,600.0000000000005,0,386,3,0,0,0.010221970685673909,0.29972860195245526,791262091.1580483,123.0,41,0.0,0.0,0.0,0.0,243,31,0.579261533948386,0.5929307593221788,0.7160925550092269,0.31856396941344445,373.0909090909091,0.28
type=clairvoyant_rate_per_min=2.0_think_snr=0.9_tau=0.9_seed=8,clairvoyant,2.0,0.9,0.9,clairvoyant,8,887,699,24,0.03319502074688797,0.13333333333333333,699,117.83659799836983,3652.3275783270137,46.476815177306165,600.0000000000005,0,643,1,0,0,0.012801755796644313,0.43403284621536686,2175164850.054619,132.0,44,0.0,0.0,0.0,0.0,315,26,0.5096672756651858,0.5325841030084084,0.7387029425747863,0.31569320210347035,381.2727272727273,0.3
type=clairvoyant_rate_per_min=2.0_think_snr=0.9_tau=0.9_seed=9,clairvoyant,2.0,0.9,0.9,clairvoyant,9,912,709,34,0.04576043068640646,0.16097560975609757,709,127.43438069841227,3591.3843914992294,144.42449741484737,600.0000000000005,0,745,1,0,0,0.014796744015507391,0.33011058224423456,970329745.9115388,72.0,24,0.0,0.0,0.0,0.0,334,14,0.4907937021726778,0.5251280525695516,0.7936904076785484,0.264406645352287,386.72727272727275,0.34
type=clairvoyant_rate_per_min=2.0_think_snr=0.9_tau=0.9_seed=10,clairvoyant,2.0,0.9,0.9,clairvoyant,10,720,629,10,0.01564945226917058,0.0684931506849315,629,141.17918356914288,2025.0837790355106,95.4679134574898,600.0000000000005,0,206,5,0,0,0.006664575790803521,0.25493800620065055,936484289.8775656,84.0,28,0.0,0.0,0.0,0.0,252,19,0.6712096754455636,0.6885849273886774,0.7550765765386235,0.3107824680605291,343.0909090909091,0.27
