run,type,sandbox_idle_timeout_s,ablate,sandbox_cold_start_s,rate_per_min,think_snr,policy,seed,req_started,req_done,req_failed,failure_rate,session_fail_finished,tct_n,tct_p50,tct_p99,chat_wait_p99,block_wait_max,n429,timeouts,evicted,deadlock_breaks,cycles_seen,token_waste,tool_waste,kv_unused_token_s,prewarm_idle_s,prewarm_hits,lease_cpu_issued,lease_cpu_unused,lease_budget_issued,lease_budget_unused,par_groups,par_groups_parallel,jain_all,jain_survivors,util_model,util_cpu,throughput_rph,wall_s
type=reactive_gate_sandbox_idle_timeout_s=0_ablate=_sandbox_cold_start_s=3.0_rate_per_min=2.0_think_snr=0.0_seed=1,reactive_gate,0,,3.0,2.0,0.0,reactive_gate,1,659,558,1,0.0017889087656529517,0.006289308176100629,558,206.5662561790976,1477.7004968829347,37.90464530480544,600.0000000000005,0,71,2,0,0,0.0009867345836209955,0.3143606853292889,2201748866.803826,0.0,0,0.0,0.0,0.0,0.0,302,74,0.6476137050680907,0.6490825564743758,0.7271745806542994,0.2979102121912399,304.3636363636364,0.23
type=reactive_gate_sandbox_idle_timeout_s=0_ablate=_sandbox_cold_start_s=3.0_rate_per_min=2.0_think_snr=0.0_seed=2,reactive_gate,0,,3.0,2.0,0.0,reactive_gate,2,734,574,6,0.010344827586206896,0.0425531914893617,574,284.23971850142243,2184.1441966754173,43.081982131700066,600.0,0,232,2,0,0,0.003624943299250565,0.3043504790697046,1163920457.273324,0.0,0,0.0,0.0,0.0,0.0,251,36,0.4769768789835484,0.48224235158923295,0.725466558218402,0.31582290658714324,313.0909090909091,0.26
type=reactive_gate_sandbox_idle_timeout_s=0_ablate=_sandbox_cold_start_s=3.0_rate_per_min=2.0_think_snr=0.0_seed=3,reactive_gate,0,,3.0,2.0,0.0,reactive_gate,3,803,607,16,0.025682182985553772,0.09316770186335403,607,156.04647232426396,2236.122744946142,48.654026882764576,600.0000000000005,0,358,2,0,0,0.003777590447737631,0.41862133430683646,2852362571.503503,0.0,0,0.0,0.0,0.0,0.0,259,28,0.42947198875809695,0.44561171526792054,0.6948616707621083,0.2814895358813595,331.0909090909091,0.28
type=reactive_gate_sandbox_idle_timeout_s=0_ablate=_sandbox_cold_start_s=3.0_rate_per_min=2.0_think_snr=0.0_seed=4,reactive_gate,0,,3.0,2.0,0.0,reactive_gate,4,755,640,5,0.007751937984496124,0.023121387283236993,640,120.80819599698839,1908.3519801364198,21.068664259765956,600.0,0,107,1,0,0,0.005572835985919441,0.3268358921187024,2333459665.313705,0.0,0,0.0,0.0,0.0,0.0,253,57,0.6428803448314493,0.6478210068618732,0.6997347166172948,0.3290911455288295,349.0909090909091,0.22
type=reactive_gate_sandbox_idle_timeout_s=0_ablate=_sandbox_cold_start_s=3.0_rate_per_min=2.0_think_snr=0.0_seed=5,reactive_gate,0,,3.0,2.0,0.0,reactive_gate,5,1025,802,28,0.033734939759036145,0.12217194570135746,802,233.52101049768146,3219.021892592091,44.71508949366199,600.0000000000005,0,787,4,0,0,0.012769333423912227,0.2610186457622327,1903286470.435836,0.0,0,0.0,0.0,0.0,0.0,302,8,0.41706489536308744,0.4370504383971805,0.862916472465035,0.35996679391743014,437.4545454545455,0.38
type=reactive_gate_sandbox_idle_timeout_s=0_ablate=_sandbox_cold_start_s=3.0_rate_per_min=2.0_think_snr=0.0_seed=6,reactive_gate,0,,3.0,2.0,0.0,reactive_gate,6,647,528,10,0.01858736059479554,0.06493506493506493,528,390.4556151850554,2997.944748839457,32.41619373774111,600.0000000000005,0,275,0,0,0,0.004562790420121322,0.390825010484214,2958349920.183508,0.0,0,0.0,0.0,0.0,0.0,260,31,0.5073182734014522,0.5225341543095214,0.6540890200563326,0.3162192191069291,288.0,0.23
type=reactive_gate_sandbox_idle_timeout_s=0_ablate=_sandbox_cold_start_s=3.0_rate_per_min=2.0_think_snr=0.0_seed=7,reactive_gate,0,,3.0,2.0,0.0,reactive_gate,7,805,640,7,0.010819165378670788,0.028846153846153848,640,206.86750353801386,2009.5105342815687,34.99679052881079,600.0,0,290,1,0,0,0.012505930482832476,0.35004523567971063,1655800206.7295787,0.0,0,0.0,0.0,0.0,0.0,239,31,0.45760801053907435,0.4633431029059079,0.7176644440559442,0.2955831766222122,349.0909090909091,0.27
type=reactive_gate_sandbox_idle_timeout_s=0_ablate=_sandbox_cold_start_s=3.0_rate_per_min=2.0_think_snr=0.0_seed=8,reactive_gate,0,,3.0,2.0,0.0,reactive_gate,8,892,713,11,0.015193370165745856,0.06179775280898876,713,209.33000440258138,2749.5088635110205,31.75465552803866,600.0000000000005,0,448,1,0,0,0.006078036224965268,0.4431187053981864,2942896612.8723226,0.0,0,0.0,0.0,0.0,0.0,286,19,0.45700111867376036,0.4667641307465673,0.7547195452481547,0.323457733861587,388.90909090909093,0.28
type=reactive_gate_sandbox_idle_timeout_s=0_ablate=_sandbox_cold_start_s=3.0_rate_per_min=2.0_think_snr=0.0_seed=9,reactive_gate,0,,3.0,2.0,0.0,reactive_gate,9,841,646,20,0.03003003003003003,0.10810810810810811,646,326.38753170440395,2893.1093523296367,31.677361276060854,600.0000000000005,0,484,3,0,0,0.008621458173857429,0.34818835170384976,1468832062.6029758,0.0,0,0.0,0.0,0.0,0.0,289,22,0.4320706916249206,0.4480109643636279,0.7858072138856514,0.31464651809399485,352.3636363636364,0.31
type=reactive_gate_sandbox_idle_timeout_s=0_ablate=_sandbox_cold_start_s=3.0_rate_per_min=2.0_think_snr=0.0_seed=10,reactive_gate,0,,3.0,2.0,0.0,reactive_gate,10,726,622,3,0.0048,0.02142857142857143,622,217.66440985303143,1866.708365691106,50.049290198347904,600.0000000000002,0,105,2,0,0,0.0034973556963891683,0.27263253217703004,1606784881.250985,0.0,0,0.0,0.0,0.0,0.0,246,27,0.6125470132708758,0.6163560989026715,0.7354258474043318,0.3438239071674351,339.2727272727273,0.25
type=reactive_gate_sandbox_idle_timeout_s=0_ablate=_sandbox_cold_start_s=3.0_rate_per_min=2.0_think_snr=0.9_seed=1,reactive_gate,0,,3.0,2.0,0.9,reactive_gate,1,647,527,2,0.003780718336483932,0.006711409395973154,527,249.32150059660398,1832.8370095979578,43.55837683723144,600.0000000000005,0,115,3,0,0,0.007875806530508605,0.31009648434898246,1894959841.3258286,0.0,0,0.0,0.0,0.0,0.0,312,48,0.583260712190084,0.5840548363647715,0.7418350100119788,0.2947456877289926,287.45454545454544,0.24
type=reactive_gate_sandbox_idle_timeout_s=0_ablate=_sandbox_cold_start_s=3.0_rate_per_min=2.0_think_snr=0.9_seed=2,reactive_gate,0,,3.0,2.0,0.9,reactive_gate,2,736,575,8,0.0137221269296741,0.05442176870748299,575,291.42857733765504,2154.6641310725113,35.00729697919198,600.0000000000005,0,255,1,0,0,0.0035497563292533037,0.33964171126361026,1422084896.9953673,0.0,0,0.0,0.0,0.0,0.0,258,32,0.4526285457685464,0.4606760141952561,0.727458926593661,0.3209552898985512,313.6363636363636,0.27
type=reactive_gate_sandbox_idle_timeout_s=0_ablate=_sandbox_cold_start_s=3.0_rate_per_min=2.0_think_snr=0.9_seed=3,reactive_gate,0,,3.0,2.0,0.9,reactive_gate,3,806,623,15,0.023510971786833857,0.08333333333333333,623,136.75058210469024,1992.397350368714,44.76984898930581,600.0000000000005,0,338,0,0,0,0.0025937719209658773,0.44313533521619153,3208668532.0004888,0.0,0,0.0,0.0,0.0,0.0,244,31,0.4446611184987471,0.45955097558140656,0.6614247974658444,0.282179047256437,339.8181818181818,0.26
type=reactive_gate_sandbox_idle_timeout_s=0_ablate=_sandbox_cold_start_s=3.0_rate_per_min=2.0_think_snr=0.9_seed=4,reactive_gate,0,,3.0,2.0,0.9,reactive_gate,4,816,693,4,0.005738880918220947,0.022598870056497175,693,130.20060285476802,1813.2056786096605,20.280239318764178,600.0,0,114,1,0,0,0.0034320812869014818,0.3259752068156077,2872730140.8672156,0.0,0,0.0,0.0,0.0,0.0,231,51,0.6131635712555799,0.6175844446326485,0.6901283292217043,0.3338487530610075,378.0,0.24
type=reactive_gate_sandbox_idle_timeout_s=0_ablate=_sandbox_cold_start_s=3.0_rate_per_min=2.0_think_snr=0.9_seed=5,reactive_gate,0,,3.0,2.0,0.9,reactive_gate,5,1012,783,29,0.03571428571428571,0.13270142180094788,783,224.68731482958674,3642.71654840002,49.21414848512884,600.0000000000005,0,827,0,0,0,0.01504719783394652,0.28538307004491276,1908026675.7178051,0.0,0,0.0,0.0,0.0,0.0,273,11,0.40681813389305493,0.4273778772846333,0.8146651555053743,0.36722923413233066,427.0909090909091,0.35
type=reactive_gate_sandbox_idle_timeout_s=0_ablate=_sandbox_cold_start_s=3.0_rate_per_min=2.0_think_snr=0.9_seed=6,reactive_gate,0,,3.0,2.0,0.9,reactive_gate,6,674,535,14,0.025500910746812388,0.09090909090909091,535,324.5085204361444,3238.5311846412756,32.04380623209385,600.0000000000005,0,374,5,0,0,0.009400079702159583,0.42283975291154346,2526102816.610888,0.0,0,0.0,0.0,0.0,0.0,242,40,0.4699229137159581,0.48732520914125915,0.6406779637561514,0.3159160821334681,291.8181818181818,0.24
type=reactive_gate_sandbox_idle_timeout_s=0_ablate=_sandbox_cold_start_s=3.0_rate_per_min=2.0_think_snr=0.9_seed=7,reactive_gate,0,,3.0,2.0,0.9,reactive_gate,7,825,677,8,0.01167883211678832,0.03669724770642202,677,209.74126253107488,1977.940989935201,23.286291296518385,600.0000000000005,0,283,3,0,0,0.012801266015693242,0.32970372828671934,1718432133.5087912,0.0,0,0.0,0.0,0.0,0.0,245,30,0.5172072842320877,0.5260951826413204,0.6999727139342139,0.3207437225623996,369.2727272727273,0.25
type=reactive_gate_sandbox_idle_timeout_s=0_ablate=_sandbox_cold_start_s=3.0_rate_per_min=2.0_think_snr=0.9_seed=8,reactive_gate,0,,3.0,2.0,0.9,reactive_gate,8,881,689,11,0.015714285714285715,0.05952380952380952,689,216.8639663460308,2908.213804517998,34.97511582471095,600.0000000000005,0,458,0,0,0,0.007036518099240466,0.44569271263824556,3164774910.9405384,0.0,0,0.0,0.0,0.0,0.0,280,21,0.4527863983985817,0.4615927576820374,0.7210955149694056,0.3212917543605205,375.8181818181818,0.29
type=reactive_gate_sandbox_idle_timeout_s=0_ablate=_sandbox_cold_start_s=3.0_rate_per_min=2.0_think_snr=0.9_seed=9,reactive_gate,0,,3.0,2.0,0.9,reactive_gate,9,879,675,20,0.02877697841726619,0.10695187165775401,675,304.73456151864593,3133.227958827753,48.50417351619217,600.0000000000005,0,600,1,0,0,0.005488741514113491,0.3399909191735458,1513572610.9742885,0.0,0,0.0,0.0,0.0,0.0,292,13,0.3971224561793613,0.41487246211060474,0.8002239427447553,0.2969224104429611,368.1818181818182,0.35
type=reactive_gate_sandbox_idle_timeout_s=0_ablate=_sandbox_cold_start_s=3.0_rate_per_min=2.0_think_snr=0.9_seed=10,reactive_gate,0,,3.0,2.0,0.9,reactive_gate,10,699,598,5,0.008291873963515755,0.03759398496240601,598,238.7624922702787,1954.2138124811281,46.97184456707632,600.0000000000005,0,129,2,0,0,0.002972316684042502,0.2676020104467434,1235319775.1505685,0.0,0,0.0,0.0,0.0,0.0,259,17,0.565567778767096,0.5720367209888811,0.7555616716240936,0.32100924475134857,326.1818181818182,0.26
type=reactive_gate_sandbox_idle_timeout_s=0_ablate=_sandbox_cold_start_s=30.0_rate_per_min=2.0_think_snr=0.0_seed=1,reactive_gate,0,,30.0,2.0,0.0,reactive_gate,1,652,551,1,0.0018115942028985507,0.006329113924050633,551,218.1705980607485,1312.4837797484624,36.580509020872825,600.0000000000005,0,82,2,0,0,0.001239619050211993,0.27978121486226504,2511425946.3858094,0.0,0,0.0,0.0,0.0,0.0,294,60,0.654449324191607,0.6559190169720281,0.6973469603405854,0.3575190837251047,300.54545454545456,0.23
type=reactive_gate_sandbox_idle_timeout_s=0_ablate=_sandbox_cold_start_s=30.0_rate_per_min=2.0_think_snr=0.0_seed=2,reactive_gate,0,,30.0,2.0,0.0,reactive_gate,2,734,587,6,0.01011804384485666,0.0410958904109589,587,313.55825167711646,2263.2644165932384,37.361515199675004,600.0000000000005,0,216,5,0,0,0.005347348184474734,0.2530027845448323,1530267267.846598,0.0,0,0.0,0.0,0.0,0.0,248,34,0.5115266629985726,0.5179266537162094,0.703636476677836,0.3862638840256572,320.1818181818182,0.25
type=reactive_gate_sandbox_idle_timeout_s=0_ablate=_sandbox_cold_start_s=30.0_rate_per_min=2.0_think_snr=0.0_seed=3,reactive_gate,0,,30.0,2.0,0.0,reactive_gate,3,806,613,16,0.025437201907790145,0.08982035928143713,613,155.77225405688068,2276.237770197926,41.626349333725706,600.0000000000005,0,359,0,0,0,0.003432128980775217,0.358973108628245,2964733847.723453,0.0,0,0.0,0.0,0.0,0.0,258,30,0.4489619111289708,0.46606472566594487,0.6692340938107032,0.3483056515170324,334.3636363636364,0.27
type=reactive_gate_sandbox_idle_timeout_s=0_ablate=_sandbox_cold_start_s=30.0_rate_per_min=2.0_think_snr=0.0_seed=4,reactive_gate,0,,30.0,2.0,0.0,reactive_gate,4,748,629,4,0.00631911532385466,0.023809523809523808,629,159.48186026220355,2030.1975116723495,21.046532172563623,600.0,0,100,6,0,0,0.009296793149513104,0.25147936770812185,2390344087.1819453,0.0,0,0.0,0.0,0.0,0.0,252,38,0.6595366790880701,0.664448855460953,0.6860328754289692,0.3878200689139422,343.0909090909091,0.22
type=reactive_gate_sandbox_idle_timeout_s=0_ablate=_sandbox_cold_start_s=30.0_rate_per_min=2.0_think_snr=0.0_seed=5,reactive_gate,0,,30.0,2.0,0.0,reactive_gate,5,1019,796,31,0.037484885126964934,0.13452914798206278,796,187.97203466193866,3191.220966090005,41.61305028003121,600.0000000000005,0,840,0,0,0,0.01093887354890651,0.19790080516233596,2185716095.0537705,0.0,0,0.0,0.0,0.0,0.0,299,6,0.42910990706997687,0.4510644386216683,0.8316047186933437,0.43633609355457925,434.1818181818182,0.37
type=reactive_gate_sandbox_idle_timeout_s=0_ablate=_sandbox_cold_start_s=30.0_rate_per_min=2.0_think_snr=0.0_seed=6,reactive_gate,0,,30.0,2.0,0.0,reactive_gate,6,637,512,12,0.022900763358778626,0.08,512,401.05837899952087,3027.3681873357823,22.44745387303521,600.0000000000005,0,307,0,0,0,0.007436231480847403,0.36532048712258686,3115491994.4401407,0.0,0,0.0,0.0,0.0,0.0,254,28,0.5166250019531902,0.5329326525994571,0.6230386707014051,0.35621666466669016,279.2727272727273,0.22
type=reactive_gate_sandbox_idle_timeout_s=0_ablate=_sandbox_cold_start_s=30.0_rate_per_min=2.0_think_snr=0.0_seed=7,reactive_gate,0,,30.0,2.0,0.0,reactive_gate,7,798,632,7,0.010954616588419406,0.02843601895734597,632,220.6373749532671,2031.9679636567573,30.664047771922267,600.0000000000005,0,313,3,0,0,0.014962469181225862,0.3045123140205785,2050554326.2597034,0.0,0,0.0,0.0,0.0,0.0,248,27,0.5054607871347091,0.5132593484759149,0.688147977815009,0.36835519679458306,344.72727272727275,0.26
type=reactive_gate_sandbox_idle_timeout_s=0_ablate=_sandbox_cold_start_s=30.0_rate_per_min=2.0_think_snr=0.0_seed=8,reactive_gate,0,,30.0,2.0,0.0,reactive_gate,8,881,704,12,0.01675977653631285,0.06111111111111111,704,239.63919432802209,3202.604888036074,17.991294720421024,600.0000000000005,0,461,0,0,0,0.0075274903263419,0.36077376225497165,3386807037.188717,0.0,0,0.0,0.0,0.0,0.0,295,12,0.4855426805214016,0.49620405614190216,0.7180851058704028,0.39784221835137124,384.0,0.28
type=reactive_gate_sandbox_idle_timeout_s=0_ablate=_sandbox_cold_start_s=30.0_rate_per_min=2.0_think_snr=0.0_seed=9,reactive_gate,0,,30.0,2.0,0.0,reactive_gate,9,855,663,22,0.032116788321167884,0.11764705882352941,663,366.19294406412814,2622.630845037459,29.474198164068934,600.0000000000005,0,487,0,0,0,0.005135225565887061,0.2852533514947186,2596777429.0542326,0.0,0,0.0,0.0,0.0,0.0,279,22,0.4536333398009124,0.4735483088195072,0.7446802070828478,0.39049283719681793,361.6363636363636,0.3
type=reactive_gate_sandbox_idle_timeout_s=0_ablate=_sandbox_cold_start_s=30.0_rate_per_min=2.0_think_snr=0.0_seed=10,reactive_gate,0,,30.0,2.0,0.0,reactive_gate,10,714,609,3,0.004901960784313725,0.021897810218978103,609,247.06287001798728,2026.9616065412408,33.98354497502086,600.0000000000005,0,108,0,0,0,0.002784396949117952,0.21666447935068942,2019015014.4276986,0.0,0,0.0,0.0,0.0,0.0,240,25,0.6218536193974961,0.6255809794742985,0.7143643467406436,0.41197023418117024,332.1818181818182,0.23
type=reactive_gate_sandbox_idle_timeout_s=0_ablate=_sandbox_cold_start_s=30.0_rate_per_min=2.0_think_snr=0.9_seed=1,reactive_gate,0,,30.0,2.0,0.9,reactive_gate,1,631,523,2,0.0038095238095238095,0.006622516556291391,523,296.9255022346442,1718.0666250641536,32.36691634754812,600.0000000000005,0,122,4,0,0,0.00729151925656377,0.27609254714394077,2397736813.2758403,0.0,0,0.0,0.0,0.0,0.0,306,43,0.6026035539168797,0.6035287062284355,0.7044855598776224,0.3532468798894396,285.2727272727273,0.23
type=reactive_gate_sandbox_idle_timeout_s=0_ablate=_sandbox_cold_start_s=30.0_rate_per_min=2.0_think_snr=0.9_seed=2,reactive_gate,0,,30.0,2.0,0.9,reactive_gate,2,735,572,6,0.010380622837370242,0.04225352112676056,572,310.79011754426665,2211.6444621944474,27.843360206346656,600.0000000000005,0,262,2,0,0,0.005169902000559276,0.3005111518083446,1576324858.717782,0.0,0,0.0,0.0,0.0,0.0,262,25,0.48362011469613525,0.488668727892839,0.7111095658548627,0.37837223598877506,312.0,0.25
type=reactive_gate_sandbox_idle_timeout_s=0_ablate=_sandbox_cold_start_s=30.0_rate_per_min=2.0_think_snr=0.9_seed=3,reactive_gate,0,,30.0,2.0,0.9,reactive_gate,3,787,594,15,0.024630541871921183,0.08641975308641975,594,140.49518579478718,2269.9444298266526,43.35188353957132,600.0000000000005,0,370,2,0,0,0.005429315233844653,0.3950983661252568,3314736143.027596,0.0,0,0.0,0.0,0.0,0.0,242,29,0.4532445324945559,0.4667514365092666,0.6323265617229992,0.33227171042670645,324.0,0.26
type=reactive_gate_sandbox_idle_timeout_s=0_ablate=_sandbox_cold_start_s=30.0_rate_per_min=2.0_think_snr=0.9_seed=4,reactive_gate,0,,30.0,2.0,0.9,reactive_gate,4,795,672,3,0.0044444444444444444,0.017241379310344827,672,139.54136206579972,1978.3856152792882,16.919017208240568,600.0000000000005,0,133,1,0,0,0.00450047945314044,0.2743984863875014,3194869627.7914042,0.0,0,0.0,0.0,0.0,0.0,221,43,0.6270568704905745,0.6298700936502938,0.6503743102782634,0.3889530537295252,366.54545454545456,0.22
type=reactive_gate_sandbox_idle_timeout_s=0_ablate=_sandbox_cold_start_s=30.0_rate_per_min=2.0_think_snr=0.9_seed=5,reactive_gate,0,,30.0,2.0,0.9,reactive_gate,5,972,734,33,0.04302477183833116,0.14285714285714285,734,144.0578612633592,3684.5438447673823,44.57280835263608,600.0000000000005,0,912,4,0,0,0.022843559443951694,0.27342390864659305,2707200391.939457,0.0,0,0.0,0.0,0.0,0.0,262,8,0.40275354170912103,0.4243572601473902,0.7645386374522468,0.39881997758847926,400.3636363636364,0.35
type=reactive_gate_sandbox_idle_timeout_s=0_ablate=_sandbox_cold_start_s=30.0_rate_per_min=2.0_think_snr=0.9_seed=6,reactive_gate,0,,30.0,2.0,0.9,reactive_gate,6,664,521,13,0.024344569288389514,0.08783783783783784,521,324.27800826327257,3262.0851790278784,24.74010644123814,600.0000000000005,0,388,2,0,0,0.009000548604513424,0.3993603333412143,3378008006.7768784,0.0,0,0.0,0.0,0.0,0.0,242,33,0.47524039851408545,0.49360976158066106,0.5966126724941725,0.3507871769599222,284.1818181818182,0.22
type=reactive_gate_sandbox_idle_timeout_s=0_ablate=_sandbox_cold_start_s=30.0_rate_per_min=2.0_think_snr=0.9_seed=7,reactive_gate,0,,30.0,2.0,0.9,reactive_gate,7,799,634,9,0.013996889580093312,0.04326923076923077,634,219.98814478725433,2027.8333550528491,22.043088279097066,600.0000000000005,0,334,3,0,0,0.01482026593885204,0.3039970253888249,2385337036.165772,0.0,0,0.0,0.0,0.0,0.0,235,29,0.5159263382661984,0.5254746123015923,0.6558466504953381,0.3650353869017245,345.8181818181818,0.25
type=reactive_gate_sandbox_idle_timeout_s=0_ablate=_sandbox_cold_start_s=30.0_rate_per_min=2.0_think_snr=0.9_seed=8,reactive_gate,0,,30.0,2.0,0.9,reactive_gate,8,864,666,15,0.022026431718061675,0.08187134502923976,666,209.03150759543587,3379.319965818002,25.910093969946452,600.0000000000005,0,486,1,0,0,0.006343890502034577,0.41261901564335307,3703558551.575523,0.0,0,0.0,0.0,0.0,0.0,284,16,0.4698658285832118,0.4842160130511148,0.6899420456164207,0.36541683498327315,363.2727272727273,0.27
type=reactive_gate_sandbox_idle_timeout_s=0_ablate=_sandbox_cold_start_s=30.0_rate_per_min=2.0_think_snr=0.9_seed=9,reactive_gate,0,,30.0,2.0,0.9,reactive_gate,9,877,664,21,0.030656934306569343,0.11413043478260869,664,358.375813496055,3081.9914395361434,47.11385830268637,600.0000000000005,0,609,1,0,0,0.008437506260484876,0.3064638898773681,1530130279.2442043,0.0,0,0.0,0.0,0.0,0.0,299,8,0.42074168894001074,0.4364014015872879,0.7894101833802772,0.33888684365940686,362.1818181818182,0.33
type=reactive_gate_sandbox_idle_timeout_s=0_ablate=_sandbox_cold_start_s=30.0_rate_per_min=2.0_think_snr=0.9_seed=10,reactive_gate,0,,30.0,2.0,0.9,reactive_gate,10,693,591,5,0.008389261744966443,0.03787878787878788,591,256.056815030739,2104.755565000277,42.64821697939479,600.0000000000002,0,134,3,0,0,0.005468814174134306,0.23606584175007672,1571933964.973719,0.0,0,0.0,0.0,0.0,0.0,257,15,0.60738960080035,0.6133428572947325,0.7267020904882154,0.38804917344445844,322.3636363636364,0.25
type=reactive_gate_sandbox_idle_timeout_s=0_ablate=_sandbox_cold_start_s=90.0_rate_per_min=2.0_think_snr=0.0_seed=1,reactive_gate,0,,90.0,2.0,0.0,reactive_gate,1,639,534,1,0.001869158878504673,0.006493506493506494,534,253.0541832884444,1425.151512735688,25.177931400187614,600.0,0,114,1,0,0,0.002810013731843359,0.2313508544312265,3916491606.396086,0.0,0,0.0,0.0,0.0,0.0,297,44,0.6829788641755185,0.6844547314446,0.6316068177002395,0.4656892136947434,291.2727272727273,0.2
type=reactive_gate_sandbox_idle_timeout_s=0_ablate=_sandbox_cold_start_s=90.0_rate_per_min=2.0_think_snr=0.0_seed=2,reactive_gate,0,,90.0,2.0,0.0,reactive_gate,2,698,527,9,0.016791044776119403,0.0661764705882353,527,352.2517068689922,2128.9372313697445,21.738023733020864,600.0000000000005,0,292,1,0,0,0.008713062414615046,0.22384911397919321,2919637680.8068576,0.0,0,0.0,0.0,0.0,0.0,243,26,0.5083480256715918,0.5161803129986906,0.6139966341783217,0.4782439046510144,287.45454545454544,0.22
type=reactive_gate_sandbox_idle_timeout_s=0_ablate=_sandbox_cold_start_s=90.0_rate_per_min=2.0_think_snr=0.0_seed=3,reactive_gate,0,,90.0,2.0,0.0,reactive_gate,3,779,589,17,0.028052805280528052,0.10559006211180125,589,178.1443752024452,2353.018725092543,9.3976904140427,600.0000000000005,0,425,0,0,0,0.0052914228890196145,0.31569565761858487,4405482305.780341,0.0,0,0.0,0.0,0.0,0.0,260,26,0.4780391021429188,0.4981650308023362,0.5989279747515217,0.4519797193070093,321.2727272727273,0.24
type=reactive_gate_sandbox_idle_timeout_s=0_ablate=_sandbox_cold_start_s=90.0_rate_per_min=2.0_think_snr=0.0_seed=4,reactive_gate,0,,90.0,2.0,0.0,reactive_gate,4,721,602,5,0.008237232289950576,0.030303030303030304,602,233.07887287583821,2097.106718800797,12.404960108332956,600.0000000000005,0,128,0,0,0,0.00939166270143262,0.21174794956533752,3915160654.75497,0.0,0,0.0,0.0,0.0,0.0,241,17,0.6699900089197584,0.6759288175461329,0.6065956645865709,0.4791250038399974,328.3636363636364,0.2
type=reactive_gate_sandbox_idle_timeout_s=0_ablate=_sandbox_cold_start_s=90.0_rate_per_min=2.0_think_snr=0.0_seed=5,reactive_gate,0,,90.0,2.0,0.0,reactive_gate,5,1000,769,29,0.03634085213032581,0.12962962962962962,769,168.23470961900625,3641.9677029007844,36.16359191666106,600.0000000000005,0,885,1,0,0,0.010694666878978968,0.16202913102444222,3427541067.5877433,0.0,0,0.0,0.0,0.0,0.0,302,2,0.4397054597040712,0.4603505306160794,0.7620921633198977,0.5178703332753528,419.4545454545455,0.34
type=reactive_gate_sandbox_idle_timeout_s=0_ablate=_sandbox_cold_start_s=90.0_rate_per_min=2.0_think_snr=0.0_seed=6,reactive_gate,0,,90.0,2.0,0.0,reactive_gate,6,610,476,12,0.02459016393442623,0.08333333333333333,476,395.80200914817453,3063.7742234694324,14.213972961153335,600.0000000000005,0,356,0,0,0,0.008069666727003771,0.3199190164099407,4378461587.740251,0.0,0,0.0,0.0,0.0,0.0,256,26,0.5257569449553178,0.5445254449610158,0.5669296254492036,0.43493632736468013,259.6363636363636,0.21
type=reactive_gate_sandbox_idle_timeout_s=0_ablate=_sandbox_cold_start_s=90.0_rate_per_min=2.0_think_snr=0.0_seed=7,reactive_gate,0,,90.0,2.0,0.0,reactive_gate,7,769,585,9,0.015151515151515152,0.045454545454545456,585,265.0906772184144,2092.216791663702,15.259224801746242,600.0000000000005,0,392,0,0,0,0.004903002389212569,0.23984813273688857,3417964991.4482064,0.0,0,0.0,0.0,0.0,0.0,234,19,0.5221002070206875,0.5302476503143625,0.6078382368314557,0.46476499408393557,319.0909090909091,0.24
type=reactive_gate_sandbox_idle_timeout_s=0_ablate=_sandbox_cold_start_s=90.0_rate_per_min=2.0_think_snr=0.0_seed=8,reactive_gate,0,,90.0,2.0,0.0,reactive_gate,8,838,651,22,0.03268945022288262,0.1111111111111111,651,280.36186350207936,3395.3271615120766,17.501130406594225,600.0000000000005,0,536,0,0,0,0.005927437970596045,0.32778192920646854,4720284139.0976925,0.0,0,0.0,0.0,0.0,0.0,267,6,0.4909193815740426,0.5081265395934909,0.6298234553467367,0.4637947985121269,355.0909090909091,0.26
type=reactive_gate_sandbox_idle_timeout_s=0_ablate=_sandbox_cold_start_s=90.0_rate_per_min=2.0_think_snr=0.0_seed=9,reactive_gate,0,,90.0,2.0,0.0,reactive_gate,9,819,625,24,0.03697996918335902,0.13043478260869565,625,453.0606477891206,3191.8476528992883,18.99241644772794,600.0000000000005,0,580,1,0,0,0.013696906697118812,0.23773439307527677,4085307741.038184,0.0,0,0.0,0.0,0.0,0.0,269,5,0.46347323937264284,0.48388659211599666,0.6511849996883903,0.4911251702973493,340.90909090909093,0.28
type=reactive_gate_sandbox_idle_timeout_s=0_ablate=_sandbox_cold_start_s=90.0_rate_per_min=2.0_think_snr=0.0_seed=10,reactive_gate,0,,90.0,2.0,0.0,reactive_gate,10,691,585,3,0.00510204081632653,0.022556390977443608,585,351.59007767168487,1951.4295624794734,19.78415511685588,600.0000000000005,0,141,1,0,0,0.0046108965860330335,0.18411394785662855,3632361579.0471187,0.0,0,0.0,0.0,0.0,0.0,238,9,0.6402573353920578,0.6439940078783051,0.6180097743460243,0.5273845520751459,319.0909090909091,0.2
type=reactive_gate_sandbox_idle_timeout_s=0_ablate=_sandbox_cold_start_s=90.0_rate_per_min=2.0_think_snr=0.9_seed=1,reactive_gate,0,,90.0,2.0,0.9,reactive_gate,1,618,496,3,0.006012024048096192,0.0136986301369863,496,314.660437189159,1801.6196618159652,20.41595541571684,600.0000000000005,0,166,3,0,0,0.007553694517416358,0.22308996184517718,3245109339.0417433,0.0,0,0.0,0.0,0.0,0.0,305,41,0.619277528724936,0.6223097897872427,0.6450999250396594,0.4561022543931879,270.54545454545456,0.21
type=reactive_gate_sandbox_idle_timeout_s=0_ablate=_sandbox_cold_start_s=90.0_rate_per_min=2.0_think_snr=0.9_seed=2,reactive_gate,0,,90.0,2.0,0.9,reactive_gate,2,718,550,9,0.016100178890876567,0.06164383561643835,550,408.8752597366263,2246.3141062976824,22.891688741058683,600.0000000000005,0,284,2,0,0,0.007324607177240185,0.21637156767436486,3132009520.5016284,0.0,0,0.0,0.0,0.0,0.0,246,21,0.4985600011967912,0.5076632304413515,0.6266126017425862,0.48385492263024626,300.0,0.23
type=reactive_gate_sandbox_idle_timeout_s=0_ablate=_sandbox_cold_start_s=90.0_rate_per_min=2.0_think_snr=0.9_seed=3,reactive_gate,0,,90.0,2.0,0.9,reactive_gate,3,781,595,17,0.027777777777777776,0.09090909090909091,595,150.95727954702352,2255.3313237483203,14.102097294375046,600.0000000000005,0,409,0,0,0,0.0076437520509941275,0.332349020711528,4707784814.9992285,0.0,0,0.0,0.0,0.0,0.0,246,29,0.4855844755034599,0.5030107679093517,0.5583495623138436,0.4395621051923951,324.54545454545456,0.23
type=reactive_gate_sandbox_idle_timeout_s=0_ablate=_sandbox_cold_start_s=90.0_rate_per_min=2.0_think_snr=0.9_seed=4,reactive_gate,0,,90.0,2.0,0.9,reactive_gate,4,754,619,4,0.006420545746388443,0.024390243902439025,619,224.6686477574831,2039.1094218289045,10.97881638578674,600.0000000000005,0,127,0,0,0,0.004193104910924745,0.19917260004213103,4404675544.072726,0.0,0,0.0,0.0,0.0,0.0,205,20,0.6288009947820967,0.6336358997592806,0.5891984009243072,0.49327437666027685,337.6363636363636,0.2
type=reactive_gate_sandbox_idle_timeout_s=0_ablate=_sandbox_cold_start_s=90.0_rate_per_min=2.0_think_snr=0.9_seed=5,reactive_gate,0,,90.0,2.0,0.9,reactive_gate,5,983,750,33,0.0421455938697318,0.14691943127962084,750,166.38754890349793,3611.4128485895108,23.41052789812533,600.0000000000005,0,880,0,0,0,0.024000239565333172,0.19911899229692046,4139018054.1581874,0.0,0,0.0,0.0,0.0,0.0,275,2,0.4420018789418421,0.46504885394876344,0.710621312633547,0.5354372239774028,409.0909090909091,0.32
type=reactive_gate_sandbox_idle_timeout_s=0_ablate=_sandbox_cold_start_s=90.0_rate_per_min=2.0_think_snr=0.9_seed=6,reactive_gate,0,,90.0,2.0,0.9,reactive_gate,6,633,486,14,0.028,0.0896551724137931,486,341.993176613704,3368.1309961425,13.468471083212313,600.0000000000005,0,459,0,0,0,0.011984920134573121,0.3415174427632923,4326855678.462633,0.0,0,0.0,0.0,0.0,0.0,229,31,0.4843506212193983,0.5038044178928806,0.5384910452319671,0.43706082112653327,265.0909090909091,0.21
type=reactive_gate_sandbox_idle_timeout_s=0_ablate=_sandbox_cold_start_s=90.0_rate_per_min=2.0_think_snr=0.9_seed=7,reactive_gate,0,,90.0,2.0,0.9,reactive_gate,7,741,569,10,0.017271157167530225,0.04926108374384237,569,288.10828335681526,2047.6790128546506,13.010012417807483,600.0000000000005,0,390,0,0,0,0.009420994601980506,0.22736166481857772,3537815140.3205633,0.0,0,0.0,0.0,0.0,0.0,222,24,0.5207974305707883,0.5299869399984347,0.5952462118015087,0.4623978654952913,310.3636363636364,0.23
type=reactive_gate_sandbox_idle_timeout_s=0_ablate=_sandbox_cold_start_s=90.0_rate_per_min=2.0_think_snr=0.9_seed=8,reactive_gate,0,,90.0,2.0,0.9,reactive_gate,8,822,625,19,0.029503105590062112,0.10059171597633136,625,192.92815461436794,3691.542455719909,6.928812679071986,600.0000000000005,0,559,0,0,0,0.011259471066553789,0.3447920738156815,5397749756.342118,0.0,0,0.0,0.0,0.0,0.0,264,5,0.4725071317101962,0.48785821251183836,0.5950602970813909,0.46178882818420364,340.90909090909093,0.25
type=reactive_gate_sandbox_idle_timeout_s=0_ablate=_sandbox_cold_start_s=90.0_rate_per_min=2.0_think_snr=0.9_seed=9,reactive_gate,0,,90.0,2.0,0.9,reactive_gate,9,849,638,31,0.04633781763826607,0.15625,638,464.5147184955903,3190.2489540407278,28.570274542341913,600.0000000000005,0,663,0,0,0,0.011494578526275456,0.21757911133587204,2549077699.4741883,0.0,0,0.0,0.0,0.0,0.0,298,2,0.4528070184206377,0.48255894074544387,0.7157050213877558,0.47015695492966897,348.0,0.29
type=reactive_gate_sandbox_idle_timeout_s=0_ablate=_sandbox_cold_start_s=90.0_rate_per_min=2.0_think_snr=0.9_seed=10,reactive_gate,0,,90.0,2.0,0.9,reactive_gate,10,681,582,8,0.013559322033898305,0.05970149253731343,582,366.81854905145065,2141.378001557813,26.30701279951654,600.0000000000005,0,149,3,0,0,0.007759319312519679,0.16558745325250251,2836277976.0458817,0.0,0,0.0,0.0,0.0,0.0,259,12,0.6510884294356208,0.6659674862681823,0.6601599841564686,0.5151081095715236,317.45454545454544,0.22
type=reactive_gate_sandbox_idle_timeout_s=0_ablate=prewarm_sandbox_cold_start_s=3.0_rate_per_min=2.0_think_snr=0.0_seed=1,reactive_gate,0,prewarm,3.0,2.0,0.0,reactive_gate,1,659,558,1,0.0017889087656529517,0.006289308176100629,558,206.5662561790976,1477.7004968829347,37.90464530480544,600.0000000000005,0,71,2,0,0,0.0009867345836209955,0.3143606853292889,2201748866.803826,0.0,0,0.0,0.0,0.0,0.0,302,74,0.6476137050680907,0.6490825564743758,0.7271745806542994,0.2979102121912399,304.3636363636364,0.23
type=reactive_gate_sandbox_idle_timeout_s=0_ablate=prewarm_sandbox_cold_start_s=3.0_rate_per_min=2.0_think_snr=0.0_seed=2,reactive_gate,0,prewarm,3.0,2.0,0.0,reactive_gate,2,734,574,6,0.010344827586206896,0.0425531914893617,574,284.23971850142243,2184.1441966754173,43.081982131700066,600.0,0,232,2,0,0,0.003624943299250565,0.3043504790697046,1163920457.273324,0.0,0,0.0,0.0,0.0,0.0,251,36,0.4769768789835484,0.48224235158923295,0.725466558218402,0.31582290658714324,313.0909090909091,0.27
type=reactive_gate_sandbox_idle_timeout_s=0_ablate=prewarm_sandbox_cold_start_s=3.0_rate_per_min=2.0_think_snr=0.0_seed=3,reactive_gate,0,prewarm,3.0,2.0,0.0,reactive_gate,3,803,607,16,0.025682182985553772,0.09316770186335403,607,156.04647232426396,2236.122744946142,48.654026882764576,600.0000000000005,0,358,2,0,0,0.003777590447737631,0.41862133430683646,2852362571.503503,0.0,0,0.0,0.0,0.0,0.0,259,28,0.42947198875809695,0.44561171526792054,0.6948616707621083,0.2814895358813595,331.0909090909091,0.27
type=reactive_gate_sandbox_idle_timeout_s=0_ablate=prewarm_sandbox_cold_start_s=3.0_rate_per_min=2.0_think_snr=0.0_seed=4,reactive_gate,0,prewarm,3.0,2.0,0.0,reactive_gate,4,755,640,5,0.007751937984496124,0.023121387283236993,640,120.80819599698839,1908.3519801364198,21.068664259765956,600.0,0,107,1,0,0,0.005572835985919441,0.3268358921187024,2333459665.313705,0.0,0,0.0,0.0,0.0,0.0,253,57,0.6428803448314493,0.6478210068618732,0.6997347166172948,0.3290911455288295,349.0909090909091,0.23
type=reactive_gate_sandbox_idle_timeout_s=0_ablate=prewarm_sandbox_cold_start_s=3.0_rate_per_min=2.0_think_snr=0.0_seed=5,reactive_gate,0,prewarm,3.0,2.0,0.0,reactive_gate,5,1025,802,28,0.033734939759036145,0.12217194570135746,802,233.52101049768146,3219.021892592091,44.71508949366199,600.0000000000005,0,787,4,0,0,0.012769333423912227,0.2610186457622327,1903286470.435836,0.0,0,0.0,0.0,0.0,0.0,302,8,0.41706489536308744,0.4370504383971805,0.862916472465035,0.35996679391743014,437.4545454545455,0.39
type=reactive_gate_sandbox_idle_timeout_s=0_ablate=prewarm_sandbox_cold_start_s=3.0_rate_per_min=2.0_think_snr=0.0_seed=6,reactive_gate,0,prewarm,3.0,2.0,0.0,reactive_gate,6,647,528,10,0.01858736059479554,0.06493506493506493,528,390.4556151850554,2997.944748839457,32.41619373774111,600.0000000000005,0,275,0,0,0,0.004562790420121322,0.390825010484214,2958349920.183508,0.0,0,0.0,0.0,0.0,0.0,260,31,0.5073182734014522,0.5225341543095214,0.6540890200563326,0.3162192191069291,288.0,0.23
type=reactive_gate_sandbox_idle_timeout_s=0_ablate=prewarm_sandbox_cold_start_s=3.0_rate_per_min=2.0_think_snr=0.0_seed=7,reactive_gate,0,prewarm,3.0,2.0,0.0,reactive_gate,7,805,640,7,0.010819165378670788,0.028846153846153848,640,206.86750353801386,2009.5105342815687,34.99679052881079,600.0,0,290,1,0,0,0.012505930482832476,0.35004523567971063,1655800206.7295787,0.0,0,0.0,0.0,0.0,0.0,239,31,0.45760801053907435,0.4633431029059079,0.7176644440559442,0.2955831766222122,349.0909090909091,0.28
type=reactive_gate_sandbox_idle_timeout_s=0_ablate=prewarm_sandbox_cold_start_s=3.0_rate_per_min=2.0_think_snr=0.0_seed=8,reactive_gate,0,prewarm,3.0,2.0,0.0,reactive_gate,8,892,713,11,0.015193370165745856,0.06179775280898876,713,209.33000440258138,2749.5088635110205,31.75465552803866,600.0000000000005,0,448,1,0,0,0.006078036224965268,0.4431187053981864,2942896612.8723226,0.0,0,0.0,0.0,0.0,0.0,286,19,0.45700111867376036,0.4667641307465673,0.7547195452481547,0.323457733861587,388.90909090909093,0.29
type=reactive_gate_sandbox_idle_timeout_s=0_ablate=prewarm_sandbox_cold_start_s=3.0_rate_per_min=2.0_think_snr=0.0_seed=9,reactive_gate,0,prewarm,3.0,2.0,0.0,reactive_gate,9,841,646,20,0.03003003003003003,0.10810810810810811,646,326.38753170440395,2893.1093523296367,31.677361276060854,600.0000000000005,0,484,3,0,0,0.008621458173857429,0.34818835170384976,1468832062.6029758,0.0,0,0.0,0.0,0.0,0.0,289,22,0.4320706916249206,0.4480109643636279,0.7858072138856514,0.31464651809399485,352.3636363636364,0.3
type=reactive_gate_sandbox_idle_timeout_s=0_ablate=prewarm_sandbox_cold_start_s=3.0_rate_per_min=2.0_think_snr=0.0_seed=10,reactive_gate,0,prewarm,3.0,2.0,0.0,reactive_gate,10,726,622,3,0.0048,0.02142857142857143,622,217.66440985303143,1866.708365691106,50.049290198347904,600.0000000000002,0,105,2,0,0,0.0034973556963891683,0.27263253217703004,1606784881.250985,0.0,0,0.0,0.0,0.0,0.0,246,27,0.6125470132708758,0.6163560989026715,0.7354258474043318,0.3438239071674351,339.2727272727273,0.25
type=reactive_gate_sandbox_idle_timeout_s=0_ablate=prewarm_sandbox_cold_start_s=3.0_rate_per_min=2.0_think_snr=0.9_seed=1,reactive_gate,0,prewarm,3.0,2.0,0.9,reactive_gate,1,647,527,2,0.003780718336483932,0.006711409395973154,527,249.32150059660398,1832.8370095979578,43.55837683723144,600.0000000000005,0,115,3,0,0,0.007875806530508605,0.31009648434898246,1894959841.3258286,0.0,0,0.0,0.0,0.0,0.0,312,48,0.583260712190084,0.5840548363647715,0.7418350100119788,0.2947456877289926,287.45454545454544,0.24
type=reactive_gate_sandbox_idle_timeout_s=0_ablate=prewarm_sandbox_cold_start_s=3.0_rate_per_min=2.0_think_snr=0.9_seed=2,reactive_gate,0,prewarm,3.0,2.0,0.9,reactive_gate,2,736,575,8,0.0137221269296741,0.05442176870748299,575,291.42857733765504,2154.6641310725113,35.00729697919198,600.0000000000005,0,255,1,0,0,0.0035497563292533037,0.33964171126361026,1422084896.9953673,0.0,0,0.0,0.0,0.0,0.0,258,32,0.4526285457685464,0.4606760141952561,0.727458926593661,0.3209552898985512,313.6363636363636,0.27
type=reactive_gate_sandbox_idle_timeout_s=0_ablate=prewarm_sandbox_cold_start_s=3.0_rate_per_min=2.0_think_snr=0.9_seed=3,reactive_gate,0,prewarm,3.0,2.0,0.9,reactive_gate,3,806,623,15,0.023510971786833857,0.08333333333333333,623,136.75058210469024,1992.397350368714,44.76984898930581,600.0000000000005,0,338,0,0,0,0.0025937719209658773,0.44313533521619153,3208668532.0004888,0.0,0,0.0,0.0,0.0,0.0,244,31,0.4446611184987471,0.45955097558140656,0.6614247974658444,0.282179047256437,339.8181818181818,0.25
type=reactive_gate_sandbox_idle_timeout_s=0_ablate=prewarm_sandbox_cold_start_s=3.0_rate_per_min=2.0_think_snr=0.9_seed=4,reactive_gate,0,prewarm,3.0,2.0,0.9,reactive_gate,4,816,693,4,0.005738880918220947,0.022598870056497175,693,130.20060285476802,1813.2056786096605,20.280239318764178,600.0,0,114,1,0,0,0.0034320812869014818,0.3259752068156077,2872730140.8672156,0.0,0,0.0,0.0,0.0,0.0,231,51,0.6131635712555799,0.6175844446326485,0.6901283292217043,0.3338487530610075,378.0,0.24
type=reactive_gate_sandbox_idle_timeout_s=0_ablate=prewarm_sandbox_cold_start_s=3.0_rate_per_min=2.0_think_snr=0.9_seed=5,reactive_gate,0,prewarm,3.0,2.0,0.9,reactive_gate,5,1012,783,29,0.03571428571428571,0.13270142180094788,783,224.68731482958674,3642.71654840002,49.21414848512884,600.0000000000005,0,827,0,0,0,0.01504719783394652,0.28538307004491276,1908026675.7178051,0.0,0,0.0,0.0,0.0,0.0,273,11,0.40681813389305493,0.4273778772846333,0.8146651555053743,0.36722923413233066,427.0909090909091,0.36
type=reactive_gate_sandbox_idle_timeout_s=0_ablate=prewarm_sandbox_cold_start_s=3.0_rate_per_min=2.0_think_snr=0.9_seed=6,reactive_gate,0,prewarm,3.0,2.0,0.9,reactive_gate,6,674,535,14,0.025500910746812388,0.09090909090909091,535,324.5085204361444,3238.5311846412756,32.04380623209385,600.0000000000005,0,374,5,0,0,0.009400079702159583,0.42283975291154346,2526102816.610888,0.0,0,0.0,0.0,0.0,0.0,242,40,0.4699229137159581,0.48732520914125915,0.6406779637561514,0.3159160821334681,291.8181818181818,0.24
type=reactive_gate_sandbox_idle_timeout_s=0_ablate=prewarm_sandbox_cold_start_s=3.0_rate_per_min=2.0_think_snr=0.9_seed=7,reactive_gate,0,prewarm,3.0,2.0,0.9,reactive_gate,7,825,677,8,0.01167883211678832,0.03669724770642202,677,209.74126253107488,1977.940989935201,23.286291296518385,600.0000000000005,0,283,3,0,0,0.012801266015693242,0.32970372828671934,1718432133.5087912,0.0,0,0.0,0.0,0.0,0.0,245,30,0.5172072842320877,0.5260951826413204,0.6999727139342139,0.3207437225623996,369.2727272727273,0.25
type=reactive_gate_sandbox_idle_timeout_s=0_ablate=prewarm_sandbox_cold_start_s=3.0_rate_per_min=2.0_think_snr=0.9_seed=8,reactive_gate,0,prewarm,3.0,2.0,0.9,reactive_gate,8,881,689,11,0.015714285714285715,0.05952380952380952,689,216.8639663460308,2908.213804517998,34.97511582471095,600.0000000000005,0,458,0,0,0,0.007036518099240466,0.44569271263824556,3164774910.9405384,0.0,0,0.0,0.0,0.0,0.0,280,21,0.4527863983985817,0.4615927576820374,0.7210955149694056,0.3212917543605205,375.8181818181818,0.29
type=reactive_gate_sandbox_idle_timeout_s=0_ablate=prewarm_sandbox_cold_start_s=3.0_rate_per_min=2.0_think_snr=0.9_seed=9,reactive_gate,0,prewarm,3.0,2.0,0.9,reactive_gate,9,879,675,20,0.02877697841726619,0.10695187165775401,675,304.73456151864593,3133.227958827753,48.50417351619217,600.0000000000005,0,600,1,0,0,0.005488741514113491,0.3399909191735458,1513572610.9742885,0.0,0,0.0,0.0,0.0,0.0,292,13,0.3971224561793613,0.41487246211060474,0.8002239427447553,0.2969224104429611,368.1818181818182,0.35
type=reactive_gate_sandbox_idle_timeout_s=0_ablate=prewarm_sandbox_cold_start_s=3.0_rate_per_min=2.0_think_snr=0.9_seed=10,reactive_gate,0,prewarm,3.0,2.0,0.9,reactive_gate,10,699,598,5,0.008291873963515755,0.03759398496240601,598,238.7624922702787,1954.2138124811281,46.97184456707632,600.0000000000005,0,129,2,0,0,0.002972316684042502,0.2676020104467434,1235319775.1505685,0.0,0,0.0,0.0,0.0,0.0,259,17,0.565567778767096,0.5720367209888811,0.7555616716240936,0.32100924475134857,326.1818181818182,0.25
type=reactive_gate_sandbox_idle_timeout_s=0_ablate=prewarm_sandbox_cold_start_s=30.0_rate_per_min=2.0_think_snr=0.0_seed=1,reactive_gate,0,prewarm,30.0,2.0,0.0,reactive_gate,1,652,551,1,0.0018115942028985507,0.006329113924050633,551,218.1705980607485,1312.4837797484624,36.580509020872825,600.0000000000005,0,82,2,0,0,0.001239619050211993,0.27978121486226504,2511425946.3858094,0.0,0,0.0,0.0,0.0,0.0,294,60,0.654449324191607,0.6559190169720281,0.6973469603405854,0.3575190837251047,300.54545454545456,0.23
type=reactive_gate_sandbox_idle_timeout_s=0_ablate=prewarm_sandbox_cold_start_s=30.0_rate_per_min=2.0_think_snr=0.0_seed=2,reactive_gate,0,prewarm,30.0,2.0,0.0,reactive_gate,2,734,587,6,0.01011804384485666,0.0410958904109589,587,313.55825167711646,2263.2644165932384,37.361515199675004,600.0000000000005,0,216,5,0,0,0.005347348184474734,0.2530027845448323,1530267267.846598,0.0,0,0.0,0.0,0.0,0.0,248,34,0.5115266629985726,0.5179266537162094,0.703636476677836,0.3862638840256572,320.1818181818182,0.25
type=reactive_gate_sandbox_idle_timeout_s=0_ablate=prewarm_sandbox_cold_start_s=30.0_rate_per_min=2.0_think_snr=0.0_seed=3,reactive_gate,0,prewarm,30.0,2.0,0.0,reactive_gate,3,806,613,16,0.025437201907790145,0.08982035928143713,613,155.77225405688068,2276.237770197926,41.626349333725706,600.0000000000005,0,359,0,0,0,0.003432128980775217,0.358973108628245,2964733847.723453,0.0,0,0.0,0.0,0.0,0.0,258,30,0.4489619111289708,0.46606472566594487,0.6692340938107032,0.3483056515170324,334.3636363636364,0.27
type=reactive_gate_sandbox_idle_timeout_s=0_ablate=prewarm_sandbox_cold_start_s=30.0_rate_per_min=2.0_think_snr=0.0_seed=4,reactive_gate,0,prewarm,30.0,2.0,0.0,reactive_gate,4,748,629,4,0.00631911532385466,0.023809523809523808,629,159.48186026220355,2030.1975116723495,21.046532172563623,600.0,0,100,6,0,0,0.009296793149513104,0.25147936770812185,2390344087.1819453,0.0,0,0.0,0.0,0.0,0.0,252,38,0.6595366790880701,0.664448855460953,0.6860328754289692,0.3878200689139422,343.0909090909091,0.22
type=reactive_gate_sandbox_idle_timeout_s=0_ablate=prewarm_sandbox_cold_start_s=30.0_rate_per_min=2.0_think_snr=0.0_seed=5,reactive_gate,0,prewarm,30.0,2.0,0.0,reactive_gate,5,1019,796,31,0.037484885126964934,0.13452914798206278,796,187.97203466193866,3191.220966090005,41.61305028003121,600.0000000000005,0,840,0,0,0,0.01093887354890651,0.19790080516233596,2185716095.0537705,0.0,0,0.0,0.0,0.0,0.0,299,6,0.42910990706997687,0.4510644386216683,0.8316047186933437,0.43633609355457925,434.1818181818182,0.37
type=reactive_gate_sandbox_idle_timeout_s=0_ablate=prewarm_sandbox_cold_start_s=30.0_rate_per_min=2.0_think_snr=0.0_seed=6,reactive_gate,0,prewarm,30.0,2.0,0.0,reactive_gate,6,637,512,12,0.022900763358778626,0.08,512,401.05837899952087,3027.3681873357823,22.44745387303521,600.0000000000005,0,307,0,0,0,0.007436231480847403,0.36532048712258686,3115491994.4401407,0.0,0,0.0,0.0,0.0,0.0,254,28,0.5166250019531902,0.5329326525994571,0.6230386707014051,0.35621666466669016,279.2727272727273,0.22
type=reactive_gate_sandbox_idle_timeout_s=0_ablate=prewarm_sandbox_cold_start_s=30.0_rate_per_min=2.0_think_snr=0.0_seed=7,reactive_gate,0,prewarm,30.0,2.0,0.0,reactive_gate,7,798,632,7,0.010954616588419406,0.02843601895734597,632,220.6373749532671,2031.9679636567573,30.664047771922267,600.0000000000005,0,313,3,0,0,0.014962469181225862,0.3045123140205785,2050554326.2597034,0.0,0,0.0,0.0,0.0,0.0,248,27,0.5054607871347091,0.5132593484759149,0.688147977815009,0.36835519679458306,344.72727272727275,0.26
type=reactive_gate_sandbox_idle_timeout_s=0_ablate=prewarm_sandbox_cold_start_s=30.0_rate_per_min=2.0_think_snr=0.0_seed=8,reactive_gate,0,prewarm,30.0,2.0,0.0,reactive_gate,8,881,704,12,0.01675977653631285,0.06111111111111111,704,239.63919432802209,3202.604888036074,17.991294720421024,600.0000000000005,0,461,0,0,0,0.0075274903263419,0.36077376225497165,3386807037.188717,0.0,0,0.0,0.0,0.0,0.0,295,12,0.4855426805214016,0.49620405614190216,0.7180851058704028,0.39784221835137124,384.0,0.28
type=reactive_gate_sandbox_idle_timeout_s=0_ablate=prewarm_sandbox_cold_start_s=30.0_rate_per_min=2.0_think_snr=0.0_seed=9,reactive_gate,0,prewarm,30.0,2.0,0.0,reactive_gate,9,855,663,22,0.032116788321167884,0.11764705882352941,663,366.19294406412814,2622.630845037459,29.474198164068934,600.0000000000005,0,487,0,0,0,0.005135225565887061,0.2852533514947186,2596777429.0542326,0.0,0,0.0,0.0,0.0,0.0,279,22,0.4536333398009124,0.4735483088195072,0.7446802070828478,0.39049283719681793,361.6363636363636,0.3
type=reactive_gate_sandbox_idle_timeout_s=0_ablate=prewarm_sandbox_cold_start_s=30.0_rate_per_min=2.0_think_snr=0.0_seed=10,reactive_gate,0,prewarm,30.0,2.0,0.0,reactive_gate,10,714,609,3,0.004901960784313725,0.021897810218978103,609,247.06287001798728,2026.9616065412408,33.98354497502086,600.0000000000005,0,108,0,0,0,0.002784396949117952,0.21666447935068942,2019015014.4276986,0.0,0,0.0,0.0,0.0,0.0,240,25,0.6218536193974961,0.6255809794742985,0.7143643467406436,0.41197023418117024,332.1818181818182,0.23
type=reactive_gate_sandbox_idle_timeout_s=0_ablate=prewarm_sandbox_cold_start_s=30.0_rate_per_min=2.0_think_snr=0.9_seed=1,reactive_gate,0,prewarm,30.0,2.0,0.9,reactive_gate,1,631,523,2,0.0038095238095238095,0.006622516556291391,523,296.9255022346442,1718.0666250641536,32.36691634754812,600.0000000000005,0,122,4,0,0,0.00729151925656377,0.27609254714394077,2397736813.2758403,0.0,0,0.0,0.0,0.0,0.0,306,43,0.6026035539168797,0.6035287062284355,0.7044855598776224,0.3532468798894396,285.2727272727273,0.23
type=reactive_gate_sandbox_idle_timeout_s=0_ablate=prewarm_sandbox_cold_start_s=30.0_rate_per_min=2.0_think_snr=0.9_seed=2,reactive_gate,0,prewarm,30.0,2.0,0.9,reactive_gate,2,735,572,6,0.010380622837370242,0.04225352112676056,572,310.79011754426665,2211.6444621944474,27.843360206346656,600.0000000000005,0,262,2,0,0,0.005169902000559276,0.3005111518083446,1576324858.717782,0.0,0,0.0,0.0,0.0,0.0,262,25,0.48362011469613525,0.488668727892839,0.7111095658548627,0.37837223598877506,312.0,0.25
type=reactive_gate_sandbox_idle_timeout_s=0_ablate=prewarm_sandbox_cold_start_s=30.0_rate_per_min=2.0_think_snr=0.9_seed=3,reactive_gate,0,prewarm,30.0,2.0,0.9,reactive_gate,3,787,594,15,0.024630541871921183,0.08641975308641975,594,140.49518579478718,2269.9444298266526,43.35188353957132,600.0000000000005,0,370,2,0,0,0.005429315233844653,0.3950983661252568,3314736143.027596,0.0,0,0.0,0.0,0.0,0.0,242,29,0.4532445324945559,0.4667514365092666,0.6323265617229992,0.33227171042670645,324.0,0.26
type=reactive_gate_sandbox_idle_timeout_s=0_ablate=prewarm_sandbox_cold_start_s=30.0_rate_per_min=2.0_think_snr=0.9_seed=4,reactive_gate,0,prewarm,30.0,2.0,0.9,reactive_gate,4,795,672,3,0.0044444444444444444,0.017241379310344827,672,139.54136206579972,1978.3856152792882,16.919017208240568,600.0000000000005,0,133,1,0,0,0.00450047945314044,0.2743984863875014,3194869627.7914042,0.0,0,0.0,0.0,0.0,0.0,221,43,0.6270568704905745,0.6298700936502938,0.6503743102782634,0.3889530537295252,366.54545454545456,0.22
type=reactive_gate_sandbox_idle_timeout_s=0_ablate=prewarm_sandbox_cold_start_s=30.0_rate_per_min=2.0_think_snr=0.9_seed=5,reactive_gate,0,prewarm,30.0,2.0,0.9,reactive_gate,5,972,734,33,0.04302477183833116,0.14285714285714285,734,144.0578612633592,3684.5438447673823,44.57280835263608,600.0000000000005,0,912,4,0,0,0.022843559443951694,0.27342390864659305,2707200391.939457,0.0,0,0.0,0.0,0.0,0.0,262,8,0.40275354170912103,0.4243572601473902,0.7645386374522468,0.39881997758847926,400.3636363636364,0.35
type=reactive_gate_sandbox_idle_timeout_s=0_ablate=prewarm_sandbox_cold_start_s=30.0_rate_per_min=2.0_think_snr=0.9_seed=6,reactive_gate,0,prewarm,30.0,2.0,0.9,reactive_gate,6,664,521,13,0.024344569288389514,0.08783783783783784,521,324.27800826327257,3262.0851790278784,24.74010644123814,600.0000000000005,0,388,2,0,0,0.009000548604513424,0.3993603333412143,3378008006.7768784,0.0,0,0.0,0.0,0.0,0.0,242,33,0.47524039851408545,0.49360976158066106,0.5966126724941725,0.3507871769599222,284.1818181818182,0.22
type=reactive_gate_sandbox_idle_timeout_s=0_ablate=prewarm_sandbox_cold_start_s=30.0_rate_per_min=2.0_think_snr=0.9_seed=7,reactive_gate,0,prewarm,30.0,2.0,0.9,reactive_gate,7,799,634,9,0.013996889580093312,0.04326923076923077,634,219.98814478725433,2027.8333550528491,22.043088279097066,600.0000000000005,0,334,3,0,0,0.01482026593885204,0.3039970253888249,2385337036.165772,0.0,0,0.0,0.0,0.0,0.0,235,29,0.5159263382661984,0.5254746123015923,0.6558466504953381,0.3650353869017245,345.8181818181818,0.25
type=reactive_gate_sandbox_idle_timeout_s=0_ablate=prewarm_sandbox_cold_start_s=30.0_rate_per_min=2.0_think_snr=0.9_seed=8,reactive_gate,0,prewarm,30.0,2.0,0.9,reactive_gate,8,864,666,15,0.022026431718061675,0.08187134502923976,666,209.03150759543587,3379.319965818002,25.910093969946452,600.0000000000005,0,486,1,0,0,0.006343890502034577,0.41261901564335307,3703558551.575523,0.0,0,0.0,0.0,0.0,0.0,284,16,0.4698658285832118,0.4842160130511148,0.6899420456164207,0.36541683498327315,363.2727272727273,0.27
type=reactive_gate_sandbox_idle_timeout_s=0_ablate=prewarm_sandbox_cold_start_s=30.0_rate_per_min=2.0_think_snr=0.9_seed=9,reactive_gate,0,prewarm,30.0,2.0,0.9,reactive_gate,9,877,664,21,0.030656934306569343,0.11413043478260869,664,358.375813496055,3081.9914395361434,47.11385830268637,600.0000000000005,0,609,1,0,0,0.008437506260484876,0.3064638898773681,1530130279.2442043,0.0,0,0.0,0.0,0.0,0.0,299,8,0.42074168894001074,0.4364014015872879,0.7894101833802772,0.33888684365940686,362.1818181818182,0.33
type=reactive_gate_sandbox_idle_timeout_s=0_ablate=prewarm_sandbox_cold_start_s=30.0_rate_per_min=2.0_think_snr=0.9_seed=10,reactive_gate,0,prewarm,30.0,2.0,0.9,reactive_gate,10,693,591,5,0.008389261744966443,0.03787878787878788,591,256.056815030739,2104.755565000277,42.64821697939479,600.0000000000002,0,134,3,0,0,0.005468814174134306,0.23606584175007672,1571933964.973719,0.0,0,0.0,0.0,0.0,0.0,257,15,0.60738960080035,0.6133428572947325,0.7267020904882154,0.38804917344445844,322.3636363636364,0.25
type=reactive_gate_sandbox_idle_timeout_s=0_ablate=prewarm_sandbox_cold_start_s=90.0_rate_per_min=2.0_think_snr=0.0_seed=1,reactive_gate,0,prewarm,90.0,2.0,0.0,reactive_gate,1,639,534,1,0.001869158878504673,0.006493506493506494,534,253.0541832884444,1425.151512735688,25.177931400187614,600.0,0,114,1,0,0,0.002810013731843359,0.2313508544312265,3916491606.396086,0.0,0,0.0,0.0,0.0,0.0,297,44,0.6829788641755185,0.6844547314446,0.6316068177002395,0.4656892136947434,291.2727272727273,0.2
type=reactive_gate_sandbox_idle_timeout_s=0_ablate=prewarm_sandbox_cold_start_s=90.0_rate_per_min=2.0_think_snr=0.0_seed=2,reactive_gate,0,prewarm,90.0,2.0,0.0,reactive_gate,2,698,527,9,0.016791044776119403,0.0661764705882353,527,352.2517068689922,2128.9372313697445,21.738023733020864,600.0000000000005,0,292,1,0,0,0.008713062414615046,0.22384911397919321,2919637680.8068576,0.0,0,0.0,0.0,0.0,0.0,243,26,0.5083480256715918,0.5161803129986906,0.6139966341783217,0.4782439046510144,287.45454545454544,0.22
type=reactive_gate_sandbox_idle_timeout_s=0_ablate=prewarm_sandbox_cold_start_s=90.0_rate_per_min=2.0_think_snr=0.0_seed=3,reactive_gate,0,prewarm,90.0,2.0,0.0,reactive_gate,3,779,589,17,0.028052805280528052,0.10559006211180125,589,178.1443752024452,2353.018725092543,9.3976904140427,600.0000000000005,0,425,0,0,0,0.0052914228890196145,0.31569565761858487,4405482305.780341,0.0,0,0.0,0.0,0.0,0.0,260,26,0.4780391021429188,0.4981650308023362,0.5989279747515217,0.4519797193070093,321.2727272727273,0.24
type=reactive_gate_sandbox_idle_timeout_s=0_ablate=prewarm_sandbox_cold_start_s=90.0_rate_per_min=2.0_think_snr=0.0_seed=4,reactive_gate,0,prewarm,90.0,2.0,0.0,reactive_gate,4,721,602,5,0.008237232289950576,0.030303030303030304,602,233.07887287583821,2097.106718800797,12.404960108332956,600.0000000000005,0,128,0,0,0,0.00939166270143262,0.21174794956533752,3915160654.75497,0.0,0,0.0,0.0,0.0,0.0,241,17,0.6699900089197584,0.6759288175461329,0.6065956645865709,0.4791250038399974,328.3636363636364,0.2
type=reactive_gate_sandbox_idle_timeout_s=0_ablate=prewarm_sandbox_cold_start_s=90.0_rate_per_min=2.0_think_snr=0.0_seed=5,reactive_gate,0,prewarm,90.0,2.0,0.0,reactive_gate,5,1000,769,29,0.03634085213032581,0.12962962962962962,769,168.23470961900625,3641.9677029007844,36.16359191666106,600.0000000000005,0,885,1,0,0,0.010694666878978968,0.16202913102444222,3427541067.5877433,0.0,0,0.0,0.0,0.0,0.0,302,2,0.4397054597040712,0.4603505306160794,0.7620921633198977,0.5178703332753528,419.4545454545455,0.34
type=reactive_gate_sandbox_idle_timeout_s=0_ablate=prewarm_sandbox_cold_start_s=90.0_rate_per_min=2.0_think_snr=0.0_seed=6,reactive_gate,0,prewarm,90.0,2.0,0.0,reactive_gate,6,610,476,12,0.02459016393442623,0.08333333333333333,476,395.80200914817453,3063.7742234694324,14.213972961153335,600.0000000000005,0,356,0,0,0,0.008069666727003771,0.3199190164099407,4378461587.740251,0.0,0,0.0,0.0,0.0,0.0,256,26,0.5257569449553178,0.5445254449610158,0.5669296254492036,0.43493632736468013,259.6363636363636,0.21
type=reactive_gate_sandbox_idle_timeout_s=0_ablate=prewarm_sandbox_cold_start_s=90.0_rate_per_min=2.0_think_snr=0.0_seed=7,reactive_gate,0,prewarm,90.0,2.0,0.0,reactive_gate,7,769,585,9,0.015151515151515152,0.045454545454545456,585,265.0906772184144,2092.216791663702,15.259224801746242,600.0000000000005,0,392,0,0,0,0.004903002389212569,0.23984813273688857,3417964991.4482064,0.0,0,0.0,0.0,0.0,0.0,234,19,0.5221002070206875,0.5302476503143625,0.6078382368314557,0.46476499408393557,319.0909090909091,0.24
type=reactive_gate_sandbox_idle_timeout_s=0_ablate=prewarm_sandbox_cold_start_s=90.0_rate_per_min=2.0_think_snr=0.0_seed=8,reactive_gate,0,prewarm,90.0,2.0,0.0,reactive_gate,8,838,651,22,0.03268945022288262,0.1111111111111111,651,280.36186350207936,3395.3271615120766,17.501130406594225,600.0000000000005,0,536,0,0,0,0.005927437970596045,0.32778192920646854,4720284139.0976925,0.0,0,0.0,0.0,0.0,0.0,267,6,0.4909193815740426,0.5081265395934909,0.6298234553467367,0.4637947985121269,355.0909090909091,0.25
type=reactive_gate_sandbox_idle_timeout_s=0_ablate=prewarm_sandbox_cold_start_s=90.0_rate_per_min=2.0_think_snr=0.0_seed=9,reactive_gate,0,prewarm,90.0,2.0,0.0,reactive_gate,9,819,625,24,0.03697996918335902,0.13043478260869565,625,453.0606477891206,3191.8476528992883,18.99241644772794,600.0000000000005,0,580,1,0,0,0.013696906697118812,0.23773439307527677,4085307741.038184,0.0,0,0.0,0.0,0.0,0.0,269,5,0.46347323937264284,0.48388659211599666,0.6511849996883903,0.4911251702973493,340.90909090909093,0.28
type=reactive_gate_sandbox_idle_timeout_s=0_ablate=prewarm_sandbox_cold_start_s=90.0_rate_per_min=2.0_think_snr=0.0_seed=10,reactive_gate,0,prewarm,90.0,2.0,0.0,reactive_gate,10,691,585,3,0.00510204081632653,0.022556390977443608,585,351.59007767168487,1951.4295624794734,19.78415511685588,600.0000000000005,0,141,1,0,0,0.0046108965860330335,0.18411394785662855,3632361579.0471187,0.0,0,0.0,0.0,0.0,0.0,238,9,0.6402573353920578,0.6439940078783051,0.6180097743460243,0.5273845520751459,319.0909090909091,0.2
type=reactive_gate_sandbox_idle_timeout_s=0_ablate=prewarm_sandbox_cold_start_s=90.0_rate_per_min=2.0_think_snr=0.9_seed=1,reactive_gate,0,prewarm,90.0,2.0,0.9,reactive_gate,1,618,496,3,0.006012024048096192,0.0136986301369863,496,314.660437189159,1801.6196618159652,20.41595541571684,600.0000000000005,0,166,3,0,0,0.007553694517416358,0.22308996184517718,3245109339.0417433,0.0,0,0.0,0.0,0.0,0.0,305,41,0.619277528724936,0.6223097897872427,0.6450999250396594,0.4561022543931879,270.54545454545456,0.21
type=reactive_gate_sandbox_idle_timeout_s=0_ablate=prewarm_sandbox_cold_start_s=90.0_rate_per_min=2.0_think_snr=0.9_seed=2,reactive_gate,0,prewarm,90.0,2.0,0.9,reactive_gate,2,718,550,9,0.016100178890876567,0.06164383561643835,550,408.8752597366263,2246.3141062976824,22.891688741058683,600.0000000000005,0,284,2,0,0,0.007324607177240185,0.21637156767436486,3132009520.5016284,0.0,0,0.0,0.0,0.0,0.0,246,21,0.4985600011967912,0.5076632304413515,0.6266126017425862,0.48385492263024626,300.0,0.23
type=reactive_gate_sandbox_idle_timeout_s=0_ablate=prewarm_sandbox_cold_start_s=90.0_rate_per_min=2.0_think_snr=0.9_seed=3,reactive_gate,0,prewarm,90.0,2.0,0.9,reactive_gate,3,781,595,17,0.027777777777777776,0.09090909090909091,595,150.95727954702352,2255.3313237483203,14.102097294375046,600.0000000000005,0,409,0,0,0,0.0076437520509941275,0.332349020711528,4707784814.9992285,0.0,0,0.0,0.0,0.0,0.0,246,29,0.4855844755034599,0.5030107679093517,0.5583495623138436,0.4395621051923951,324.54545454545456,0.23
type=reactive_gate_sandbox_idle_timeout_s=0_ablate=prewarm_sandbox_cold_start_s=90.0_rate_per_min=2.0_think_snr=0.9_seed=4,reactive_gate,0,prewarm,90.0,2.0,0.9,reactive_gate,4,754,619,4,0.006420545746388443,0.024390243902439025,619,224.6686477574831,2039.1094218289045,10.97881638578674,600.0000000000005,0,127,0,0,0,0.004193104910924745,0.19917260004213103,4404675544.072726,0.0,0,0.0,0.0,0.0,0.0,205,20,0.6288009947820967,0.6336358997592806,0.5891984009243072,0.49327437666027685,337.6363636363636,0.2
type=reactive_gate_sandbox_idle_timeout_s=0_ablate=prewarm_sandbox_cold_start_s=90.0_rate_per_min=2.0_think_snr=0.9_seed=5,reactive_gate,0,prewarm,90.0,2.0,0.9,reactive_gate,5,983,750,33,0.0421455938697318,0.14691943127962084,750,166.38754890349793,3611.4128485895108,23.41052789812533,600.0000000000005,0,880,0,0,0,0.024000239565333172,0.19911899229692046,4139018054.1581874,0.0,0,0.0,0.0,0.0,0.0,275,2,0.4420018789418421,0.46504885394876344,0.710621312633547,0.5354372239774028,409.0909090909091,0.32
type=reactive_gate_sandbox_idle_timeout_s=0_ablate=prewarm_sandbox_cold_start_s=90.0_rate_per_min=2.0_think_snr=0.9_seed=6,reactive_gate,0,prewarm,90.0,2.0,0.9,reactive_gate,6,633,486,14,0.028,0.0896551724137931,486,341.993176613704,3368.1309961425,13.468471083212313,600.0000000000005,0,459,0,0,0,0.011984920134573121,0.3415174427632923,4326855678.462633,0.0,0,0.0,0.0,0.0,0.0,229,31,0.4843506212193983,0.5038044178928806,0.5384910452319671,0.43706082112653327,265.0909090909091,0.21
type=reactive_gate_sandbox_idle_timeout_s=0_ablate=prewarm_sandbox_cold_start_s=90.0_rate_per_min=2.0_think_snr=0.9_seed=7,reactive_gate,0,prewarm,90.0,2.0,0.9,reactive_gate,7,741,569,10,0.017271157167530225,0.04926108374384237,569,288.10828335681526,2047.6790128546506,13.010012417807483,600.0000000000005,0,390,0,0,0,0.009420994601980506,0.22736166481857772,3537815140.3205633,0.0,0,0.0,0.0,0.0,0.0,222,24,0.5207974305707883,0.5299869399984347,0.5952462118015087,0.4623978654952913,310.3636363636364,0.22
type=reactive_gate_sandbox_idle_timeout_s=0_ablate=prewarm_sandbox_cold_start_s=90.0_rate_per_min=2.0_think_snr=0.9_seed=8,reactive_gate,0,prewarm,90.0,2.0,0.9,reactive_gate,8,822,625,19,0.029503105590062112,0.10059171597633136,625,192.92815461436794,3691.542455719909,6.928812679071986,600.0000000000005,0,559,0,0,0,0.011259471066553789,0.3447920738156815,5397749756.342118,0.0,0,0.0,0.0,0.0,0.0,264,5,0.4725071317101962,0.48785821251183836,0.5950602970813909,0.46178882818420364,340.90909090909093,0.25
type=reactive_gate_sandbox_idle_timeout_s=0_ablate=prewarm_sandbox_cold_start_s=90.0_rate_per_min=2.0_think_snr=0.9_seed=9,reactive_gate,0,prewarm,90.0,2.0,0.9,reactive_gate,9,849,638,31,0.04633781763826607,0.15625,638,464.5147184955903,3190.2489540407278,28.570274542341913,600.0000000000005,0,663,0,0,0,0.011494578526275456,0.21757911133587204,2549077699.4741883,0.0,0,0.0,0.0,0.0,0.0,298,2,0.4528070184206377,0.48255894074544387,0.7157050213877558,0.47015695492966897,348.0,0.29
type=reactive_gate_sandbox_idle_timeout_s=0_ablate=prewarm_sandbox_cold_start_s=90.0_rate_per_min=2.0_think_snr=0.9_seed=10,reactive_gate,0,prewarm,90.0,2.0,0.9,reactive_gate,10,681,582,8,0.013559322033898305,0.05970149253731343,582,366.81854905145065,2141.378001557813,26.30701279951654,600.0000000000005,0,149,3,0,0,0.007759319312519679,0.16558745325250251,2836277976.0458817,0.0,0,0.0,0.0,0.0,0.0,259,12,0.6510884294356208,0.6659674862681823,0.6601599841564686,0.5151081095715236,317.45454545454544,0.22
type=reactive_gate_sandbox_idle_timeout_s=300_ablate=_sandbox_cold_start_s=3.0_rate_per_min=2.0_think_snr=0.0_seed=1,reactive_gate,300,,3.0,2.0,0.0,reactive_gate,1,616,492,7,0.014028056112224449,0.050359712230215826,492,177.65406354315678,2112.2835308586964,19.270821895753283,600.0000000000005,0,270,1,0,0,0.002067941954940711,0.35660116807734765,3693639531.6735096,0.0,0,0.0,0.0,0.0,0.0,274,32,0.5169424403679067,0.5288416224671106,0.6012413629524411,0.24266542988411247,268.3636363636364,0.19
type=reactive_gate_sandbox_idle_timeout_s=300_ablate=_sandbox_cold_start_s=3.0_rate_per_min=2.0_think_snr=0.0_seed=2,reactive_gate,300,,3.0,2.0,0.0,reactive_gate,2,686,512,19,0.035781544256120526,0.13380281690140844,512,140.09881831050006,2630.4624959917787,12.2481946426507,600.0000000000005,0,443,3,0,0,0.009741370818828,0.3388566535705316,2996871230.5481787,0.0,0,0.0,0.0,0.0,0.0,247,23,0.4182289692475473,0.4412076848088159,0.5727869068367974,0.27822087316773353,279.2727272727273,0.22
type=reactive_gate_sandbox_idle_timeout_s=300_ablate=_sandbox_cold_start_s=3.0_rate_per_min=2.0_think_snr=0.0_seed=3,reactive_gate,300,,3.0,2.0,0.0,reactive_gate,3,770,554,34,0.05782312925170068,0.19375,554,73.56534600754162,3081.950479156563,8.840636462053062,600.0000000000005,0,615,0,0,0,0.016124060354335907,0.4396904049251733,4587807695.295256,0.0,0,0.0,0.0,0.0,0.0,276,19,0.3947803496134008,0.4223087505545443,0.5561457757502914,0.24797747259072425,302.1818181818182,0.23
type=reactive_gate_sandbox_idle_timeout_s=300_ablate=_sandbox_cold_start_s=3.0_rate_per_min=2.0_think_snr=0.0_seed=4,reactive_gate,300,,3.0,2.0,0.0,reactive_gate,4,695,558,10,0.017605633802816902,0.057692307692307696,558,98.94350870239168,1992.786087356778,2.452603770157498,600.0000000000005,0,238,0,0,0,0.013792805678159568,0.31851156789712776,5088354626.529724,0.0,0,0.0,0.0,0.0,0.0,224,19,0.492599331068832,0.5025339652916216,0.5252149844518907,0.2836978157274059,304.3636363636364,0.19
type=reactive_gate_sandbox_idle_timeout_s=300_ablate=_sandbox_cold_start_s=3.0_rate_per_min=2.0_think_snr=0.0_seed=5,reactive_gate,300,,3.0,2.0,0.0,reactive_gate,5,992,725,51,0.06572164948453608,0.24519230769230768,725,59.5186619658125,4357.139391326038,20.033293791778526,600.0000000000005,0,1209,1,0,0,0.026587762490301564,0.2404824465969168,4067627402.1637144,0.0,0,0.0,0.0,0.0,0.0,313,4,0.34233315360184124,0.3772149102800458,0.7097142291949948,0.2984161451602247,395.4545454545455,0.33
type=reactive_gate_sandbox_idle_timeout_s=300_ablate=_sandbox_cold_start_s=3.0_rate_per_min=2.0_think_snr=0.0_seed=6,reactive_gate,300,,3.0,2.0,0.0,reactive_gate,6,605,445,26,0.055201698513800426,0.1925925925925926,445,133.82581292219857,3198.427637026624,19.285499154294953,600.0000000000005,0,599,0,0,0,0.01542621289949187,0.42370771252119915,3979008426.4927135,0.0,0,0.0,0.0,0.0,0.0,221,21,0.3844952884036298,0.41854580046470385,0.5383991590585341,0.24796657303756767,242.72727272727275,0.2
type=reactive_gate_sandbox_idle_timeout_s=300_ablate=_sandbox_cold_start_s=3.0_rate_per_min=2.0_think_snr=0.0_seed=7,reactive_gate,300,,3.0,2.0,0.0,reactive_gate,7,719,491,20,0.03913894324853229,0.11428571428571428,491,139.07307509827388,2785.935389571613,18.720412001080696,600.0000000000005,0,646,1,0,0,0.009138679123114078,0.3418536929846733,3442886007.413887,0.0,0,0.0,0.0,0.0,0.0,232,15,0.3758776699657566,0.38877417870989545,0.5742510470894846,0.27059790851823856,267.8181818181818,0.23
type=reactive_gate_sandbox_idle_timeout_s=300_ablate=_sandbox_cold_start_s=3.0_rate_per_min=2.0_think_snr=0.0_seed=8,reactive_gate,300,,3.0,2.0,0.0,reactive_gate,8,817,621,32,0.04900459418070444,0.16853932584269662,621,102.95075145866576,3719.124904724394,15.22643054834782,600.0000000000005,0,761,0,0,0,0.013458289841961393,0.42395525883499585,4559172815.5572195,0.0,0,0.0,0.0,0.0,0.0,267,5,0.3830564499082377,0.41228297561829963,0.6109508293471575,0.2534501161225141,338.72727272727275,0.25
type=reactive_gate_sandbox_idle_timeout_s=300_ablate=_sandbox_cold_start_s=3.0_rate_per_min=2.0_think_snr=0.0_seed=9,reactive_gate,300,,3.0,2.0,0.0,reactive_gate,9,806,592,38,0.06031746031746032,0.20218579234972678,592,137.32698656546745,3739.9856392022243,6.218600624669337,600.0000000000005,0,856,0,0,0,0.013116328439465863,0.3075354586532756,4563563754.199722,0.0,0,0.0,0.0,0.0,0.0,259,9,0.36800207165918924,0.4017064512737694,0.6062490548311642,0.2788311377147522,322.90909090909093,0.27
type=reactive_gate_sandbox_idle_timeout_s=300_ablate=_sandbox_cold_start_s=3.0_rate_per_min=2.0_think_snr=0.0_seed=10,reactive_gate,300,,3.0,2.0,0.0,reactive_gate,10,666,539,14,0.02531645569620253,0.11023622047244094,539,129.25148044641446,2402.496625470805,3.5821736886688034,600.0000000000005,0,321,1,0,0,0.011036604437468404,0.28732365035189206,4531423139.6691675,0.0,0,0.0,0.0,0.0,0.0,222,16,0.4399231885699153,0.4613168057824149,0.539261039214258,0.2918974013979209,294.0,0.18
type=reactive_gate_sandbox_idle_timeout_s=300_ablate=_sandbox_cold_start_s=3.0_rate_per_min=2.0_think_snr=0.9_seed=1,reactive_gate,300,,3.0,2.0,0.9,reactive_gate,1,609,477,8,0.016494845360824743,0.05185185185185185,477,207.1266525414694,2246.035056370087,28.146696988126994,600.0000000000005,0,308,1,0,0,0.01816582439768404,0.31154469268745116,3452450232.498527,0.0,0,0.0,0.0,0.0,0.0,289,9,0.4727294877075626,0.4787401154703896,0.6117666613935833,0.2414653667897197,260.1818181818182,0.21
type=reactive_gate_sandbox_idle_timeout_s=300_ablate=_sandbox_cold_start_s=3.0_rate_per_min=2.0_think_snr=0.9_seed=2,reactive_gate,300,,3.0,2.0,0.9,reactive_gate,2,684,498,19,0.0367504835589942,0.14074074074074075,498,160.02330983862726,3611.526846535154,10.24512856878265,600.0000000000005,0,492,1,0,0,0.009302466552737107,0.3031643311523123,2953854915.6199217,0.0,0,0.0,0.0,0.0,0.0,258,26,0.3983936598900834,0.4195018328231791,0.5974180682668027,0.26537471706355176,271.6363636363636,0.22
type=reactive_gate_sandbox_idle_timeout_s=300_ablate=_sandbox_cold_start_s=3.0_rate_per_min=2.0_think_snr=0.9_seed=3,reactive_gate,300,,3.0,2.0,0.9,reactive_gate,3,758,544,33,0.05719237435008666,0.2,544,56.776525875602886,2954.950149191214,3.4386544170698046,600.0000000000005,0,623,0,0,0,0.012650951325851464,0.45280604054636214,5538651702.992593,0.0,0,0.0,0.0,0.0,0.0,229,22,0.39787757892798764,0.4271936855196821,0.49506118765378143,0.2264126095226491,296.72727272727275,0.23
type=reactive_gate_sandbox_idle_timeout_s=300_ablate=_sandbox_cold_start_s=3.0_rate_per_min=2.0_think_snr=0.9_seed=4,reactive_gate,300,,3.0,2.0,0.9,reactive_gate,4,724,571,16,0.027257240204429302,0.09615384615384616,571,71.02836467074576,2251.4038700835595,1.5228587205783033,600.0000000000005,0,322,0,0,0,0.01586548154133978,0.3517501796761173,5254409361.532712,0.0,0,0.0,0.0,0.0,0.0,206,21,0.4563602355736526,0.4722514321595138,0.5242365066166472,0.2442485456166793,311.45454545454544,0.19
type=reactive_gate_sandbox_idle_timeout_s=300_ablate=_sandbox_cold_start_s=3.0_rate_per_min=2.0_think_snr=0.9_seed=5,reactive_gate,300,,3.0,2.0,0.9,reactive_gate,5,973,721,46,0.05997392438070404,0.22115384615384615,721,58.31615237727556,3713.3991225324035,14.53249457945094,600.0000000000005,0,1169,0,0,0,0.018529191667870506,0.2409231701087736,4483908250.330435,0.0,0,0.0,0.0,0.0,0.0,274,5,0.3541374443346757,0.3892466016381334,0.6612614370831714,0.30167049186860917,393.2727272727273,0.32
type=reactive_gate_sandbox_idle_timeout_s=300_ablate=_sandbox_cold_start_s=3.0_rate_per_min=2.0_think_snr=0.9_seed=6,reactive_gate,300,,3.0,2.0,0.9,reactive_gate,6,625,469,24,0.0486815415821501,0.1643835616438356,469,153.59230600496085,3607.083576318125,3.455093334747744,600.0000000000005,0,628,0,0,0,0.012072733474049937,0.4159543695993656,4537457466.881044,0.0,0,0.0,0.0,0.0,0.0,213,24,0.3861328616488516,0.41476637312126297,0.5125273244585276,0.2564520224909244,255.81818181818184,0.2
type=reactive_gate_sandbox_idle_timeout_s=300_ablate=_sandbox_cold_start_s=3.0_rate_per_min=2.0_think_snr=0.9_seed=7,reactive_gate,300,,3.0,2.0,0.9,reactive_gate,7,734,517,22,0.04081632653061224,0.12154696132596685,517,125.26029407573924,2747.4511781069727,0.0,600.0000000000005,0,615,0,0,0,0.012765660378559116,0.3123373652984931,4536673070.399018,0.0,0,0.0,0.0,0.0,0.0,203,17,0.40432045454505394,0.42259656200236384,0.5248997984735172,0.2662149696646032,282.0,0.21
type=reactive_gate_sandbox_idle_timeout_s=300_ablate=_sandbox_cold_start_s=3.0_rate_per_min=2.0_think_snr=0.9_seed=8,reactive_gate,300,,3.0,2.0,0.9,reactive_gate,8,794,578,35,0.057096247960848286,0.19411764705882353,578,93.71330897963708,3755.675182219425,1.911499829330591,600.0000000000005,0,809,0,0,0,0.02401682610055542,0.43242549862122104,6238603838.477404,0.0,0,0.0,0.0,0.0,0.0,260,5,0.371802217230254,0.4037191577146669,0.5429548172227079,0.254798974064418,315.2727272727273,0.25
type=reactive_gate_sandbox_idle_timeout_s=300_ablate=_sandbox_cold_start_s=3.0_rate_per_min=2.0_think_snr=0.9_seed=9,reactive_gate,300,,3.0,2.0,0.9,reactive_gate,9,830,597,48,0.07441860465116279,0.2553191489361702,597,131.56627017270694,3693.4786799471603,23.31040213318263,600.0000000000005,0,920,1,0,0,0.014732705818714591,0.3022984211333961,3362922688.515576,0.0,0,0.0,0.0,0.0,0.0,275,6,0.35064649929720093,0.39240531812919843,0.6521621525673401,0.2560936324678749,325.6363636363636,0.27
type=reactive_gate_sandbox_idle_timeout_s=300_ablate=_sandbox_cold_start_s=3.0_rate_per_min=2.0_think_snr=0.9_seed=10,reactive_gate,300,,3.0,2.0,0.9,reactive_gate,10,655,521,15,0.027985074626865673,0.1271186440677966,521,147.523179599787,2383.916934960732,11.82341325127642,600.0000000000005,0,358,0,0,0,0.00804446094186467,0.26735571163436767,4015620090.3324876,0.0,0,0.0,0.0,0.0,0.0,244,10,0.4660818760534305,0.48705230534832883,0.5774659500938877,0.27491743525372364,284.1818181818182,0.2
type=reactive_gate_sandbox_idle_timeout_s=300_ablate=_sandbox_cold_start_s=30.0_rate_per_min=2.0_think_snr=0.0_seed=1,reactive_gate,300,,30.0,2.0,0.0,reactive_gate,1,612,485,8,0.016227180527383367,0.058394160583941604,485,175.7081786145427,2124.103145651925,24.363386886816677,600.0000000000005,0,278,1,0,0,0.002520093184640315,0.343903937950245,3833044019.285392,0.0,0,0.0,0.0,0.0,0.0,271,30,0.5145053036723043,0.5281025610532544,0.5850527847100816,0.25874231981740914,264.54545454545456,0.19
type=reactive_gate_sandbox_idle_timeout_s=300_ablate=_sandbox_cold_start_s=30.0_rate_per_min=2.0_think_snr=0.0_seed=2,reactive_gate,300,,30.0,2.0,0.0,reactive_gate,2,694,517,25,0.046125461254612546,0.17647058823529413,517,134.82299227531894,2496.3158008374185,13.89520524024104,600.0000000000005,0,455,1,0,0,0.029927452606696547,0.26242844490510403,2920881808.810439,0.0,0,0.0,0.0,0.0,0.0,238,19,0.4133693574189091,0.4409393954748981,0.5814932820553289,0.304301051961584,282.0,0.21
type=reactive_gate_sandbox_idle_timeout_s=300_ablate=_sandbox_cold_start_s=30.0_rate_per_min=2.0_think_snr=0.0_seed=3,reactive_gate,300,,30.0,2.0,0.0,reactive_gate,3,762,557,33,0.05593220338983051,0.18012422360248448,557,73.61697849606662,3663.5312513564004,0.0,600.0000000000005,0,626,0,0,0,0.025998890498695398,0.43256145349683744,4770338089.001862,0.0,0,0.0,0.0,0.0,0.0,275,16,0.39365177441568067,0.4234196924801494,0.5344770097246504,0.26321283594898903,303.8181818181818,0.23
type=reactive_gate_sandbox_idle_timeout_s=300_ablate=_sandbox_cold_start_s=30.0_rate_per_min=2.0_think_snr=0.0_seed=4,reactive_gate,300,,30.0,2.0,0.0,reactive_gate,4,685,551,9,0.01607142857142857,0.050955414012738856,551,99.09375795933101,2214.724202988736,2.6920227918071373,600.0000000000005,0,245,1,0,0,0.013412549245880095,0.31022589018391356,5074009109.229729,0.0,0,0.0,0.0,0.0,0.0,214,17,0.5056801635705738,0.5166230643367488,0.5165126950555232,0.29454967131302345,300.54545454545456,0.18
type=reactive_gate_sandbox_idle_timeout_s=300_ablate=_sandbox_cold_start_s=30.0_rate_per_min=2.0_think_snr=0.0_seed=5,reactive_gate,300,,30.0,2.0,0.0,reactive_gate,5,973,703,48,0.06391478029294274,0.23039215686274508,703,66.80663709793362,4263.943432212782,25.220901427156885,600.0000000000005,0,1253,1,0,0,0.014454266794359604,0.2887659261879176,3900550078.7612343,0.0,0,0.0,0.0,0.0,0.0,310,4,0.3435226421081997,0.37914753799291223,0.7085382027000777,0.29883733361177306,383.4545454545455,0.33
type=reactive_gate_sandbox_idle_timeout_s=300_ablate=_sandbox_cold_start_s=30.0_rate_per_min=2.0_think_snr=0.0_seed=6,reactive_gate,300,,30.0,2.0,0.0,reactive_gate,6,589,427,31,0.06768558951965066,0.22627737226277372,427,153.59230600496085,3630.9945182568235,21.00924096267264,600.0000000000005,0,608,1,0,0,0.014069674809777428,0.39231995454728164,4117816817.959609,0.0,0,0.0,0.0,0.0,0.0,226,20,0.39646465200687697,0.4394489477459544,0.5460971823240417,0.27599389775112637,232.9090909090909,0.2
type=reactive_gate_sandbox_idle_timeout_s=300_ablate=_sandbox_cold_start_s=30.0_rate_per_min=2.0_think_snr=0.0_seed=7,reactive_gate,300,,30.0,2.0,0.0,reactive_gate,7,732,517,20,0.037243947858473,0.10810810810810811,517,149.753659386766,3042.5097864783224,13.913706336817617,600.0000000000005,0,640,0,0,0,0.009178310420170983,0.30735405344341016,3824928546.115045,0.0,0,0.0,0.0,0.0,0.0,218,15,0.3914902323024975,0.40497438496605426,0.5704753223905724,0.2962532266888561,282.0,0.24
type=reactive_gate_sandbox_idle_timeout_s=300_ablate=_sandbox_cold_start_s=30.0_rate_per_min=2.0_think_snr=0.0_seed=8,reactive_gate,300,,30.0,2.0,0.0,reactive_gate,8,809,606,35,0.054602184087363496,0.18994413407821228,606,102.03709719540677,3713.467499659139,15.793167079856493,600.0000000000005,0,797,0,0,0,0.015416266085878597,0.4326053724591814,4376005438.857455,0.0,0,0.0,0.0,0.0,0.0,256,3,0.3844237246900384,0.41842811764799526,0.6096119341087154,0.2525887459693017,330.54545454545456,0.25
type=reactive_gate_sandbox_idle_timeout_s=300_ablate=_sandbox_cold_start_s=30.0_rate_per_min=2.0_think_snr=0.0_seed=9,reactive_gate,300,,30.0,2.0,0.0,reactive_gate,9,814,608,37,0.05736434108527132,0.19672131147540983,608,147.06208386751086,3770.907206726356,17.493496404498696,600.0000000000005,0,816,1,0,0,0.010766581486240724,0.2612810683174488,3422340342.23363,0.0,0,0.0,0.0,0.0,0.0,284,11,0.3844982713385024,0.41845485464550003,0.6507619944598226,0.28933607547817375,331.6363636363636,0.28
type=reactive_gate_sandbox_idle_timeout_s=300_ablate=_sandbox_cold_start_s=30.0_rate_per_min=2.0_think_snr=0.0_seed=10,reactive_gate,300,,30.0,2.0,0.0,reactive_gate,10,657,533,11,0.02022058823529412,0.08943089430894309,533,127.91682464068344,2299.045749662106,1.7446526526008896,600.0000000000005,0,327,0,0,0,0.009323202598973948,0.27532085775891596,4912071897.587987,0.0,0,0.0,0.0,0.0,0.0,221,3,0.46362148588370433,0.48056245097593997,0.5308731965123997,0.31249127253657905,290.72727272727275,0.18
type=reactive_gate_sandbox_idle_timeout_s=300_ablate=_sandbox_cold_start_s=30.0_rate_per_min=2.0_think_snr=0.9_seed=1,reactive_gate,300,,30.0,2.0,0.9,reactive_gate,1,588,460,11,0.02335456475583864,0.07246376811594203,460,214.5156565729926,2715.579109269101,24.406129187912295,600.0000000000005,0,329,0,0,0,0.012278081253006421,0.3027142627183192,3427604243.15336,0.0,0,0.0,0.0,0.0,0.0,286,9,0.48000832938833277,0.49450882657852857,0.6023949546911422,0.26707990277686916,250.9090909090909,0.19
type=reactive_gate_sandbox_idle_timeout_s=300_ablate=_sandbox_cold_start_s=30.0_rate_per_min=2.0_think_snr=0.9_seed=2,reactive_gate,300,,30.0,2.0,0.9,reactive_gate,2,680,493,19,0.037109375,0.1450381679389313,493,166.1109268679511,3423.8048207533775,12.110641511617658,600.0000000000005,0,521,2,0,0,0.007703949892761044,0.2752823303604555,3080936606.541987,0.0,0,0.0,0.0,0.0,0.0,252,25,0.39290878799121526,0.41422357867863147,0.5896301782286001,0.28239927279373267,268.90909090909093,0.23
type=reactive_gate_sandbox_idle_timeout_s=300_ablate=_sandbox_cold_start_s=30.0_rate_per_min=2.0_think_snr=0.9_seed=3,reactive_gate,300,,30.0,2.0,0.9,reactive_gate,3,752,545,38,0.06518010291595197,0.21686746987951808,545,67.58156708754268,3074.352911416122,7.581545665123146,600.0000000000005,0,635,0,0,0,0.017724037716909585,0.41808496408861756,5366339890.092707,0.0,0,0.0,0.0,0.0,0.0,235,25,0.3963426152365827,0.4319286552053593,0.5129819358569672,0.25760578493410213,297.2727272727273,0.22
type=reactive_gate_sandbox_idle_timeout_s=300_ablate=_sandbox_cold_start_s=30.0_rate_per_min=2.0_think_snr=0.9_seed=4,reactive_gate,300,,30.0,2.0,0.9,reactive_gate,4,718,553,18,0.03152364273204904,0.12,553,79.97989581589218,2274.0715010047747,0.8493503535922031,600.0000000000005,0,339,0,0,0,0.015600769977581596,0.2694136102679755,5694399526.142295,0.0,0,0.0,0.0,0.0,0.0,201,19,0.4523396603675729,0.4746466894687735,0.5133328058186027,0.2922285764469003,301.6363636363636,0.19
type=reactive_gate_sandbox_idle_timeout_s=300_ablate=_sandbox_cold_start_s=30.0_rate_per_min=2.0_think_snr=0.9_seed=5,reactive_gate,300,,30.0,2.0,0.9,reactive_gate,5,926,669,50,0.06954102920723226,0.24390243902439024,669,70.63605347921884,4510.018166195216,10.240454402306757,600.0000000000005,0,1184,0,0,0,0.020242734912567555,0.2905793862344467,4698212501.678338,0.0,0,0.0,0.0,0.0,0.0,277,5,0.35701968698621844,0.3928869379494031,0.6282627840342528,0.3143711842222206,364.90909090909093,0.3
type=reactive_gate_sandbox_idle_timeout_s=300_ablate=_sandbox_cold_start_s=30.0_rate_per_min=2.0_think_snr=0.9_seed=6,reactive_gate,300,,30.0,2.0,0.9,reactive_gate,6,613,449,29,0.060669456066945605,0.1917808219178082,449,148.43555532246546,3632.2993404932367,4.899429582217634,600.0000000000005,0,641,0,0,0,0.01726620406544732,0.46199453983633504,5282565082.61054,0.0,0,0.0,0.0,0.0,0.0,194,23,0.3811221969298498,0.4135147903627074,0.47318173164335664,0.2558316907548007,244.9090909090909,0.2
type=reactive_gate_sandbox_idle_timeout_s=300_ablate=_sandbox_cold_start_s=30.0_rate_per_min=2.0_think_snr=0.9_seed=7,reactive_gate,300,,30.0,2.0,0.9,reactive_gate,7,736,515,24,0.04452690166975881,0.13714285714285715,515,116.6890141557144,2631.230414540494,0.0,600.0000000000005,0,653,0,0,0,0.016681712227451594,0.29507555180938666,4733322193.748787,0.0,0,0.0,0.0,0.0,0.0,190,17,0.3999820129852048,0.41889428395927475,0.5138295375712251,0.27650588012070787,280.90909090909093,0.22
type=reactive_gate_sandbox_idle_timeout_s=300_ablate=_sandbox_cold_start_s=30.0_rate_per_min=2.0_think_snr=0.9_seed=8,reactive_gate,300,,30.0,2.0,0.9,reactive_gate,8,767,544,42,0.07167235494880546,0.23121387283236994,544,92.76883417778527,3758.9094235940283,4.725217565803242,600.0000000000005,0,834,0,0,0,0.02602890436550429,0.4746400801955295,5926543352.741127,0.0,0,0.0,0.0,0.0,0.0,243,5,0.36537733540536416,0.40156381932980506,0.5253435703873673,0.24852548582825099,296.72727272727275,0.23
type=reactive_gate_sandbox_idle_timeout_s=300_ablate=_sandbox_cold_start_s=30.0_rate_per_min=2.0_think_snr=0.9_seed=9,reactive_gate,300,,30.0,2.0,0.9,reactive_gate,9,887,654,49,0.06970128022759602,0.26344086021505375,654,95.78273062621906,3997.275503546667,21.539349765576254,600.0000000000005,0,966,1,0,0,0.01141195854413568,0.2564146616921739,2877906770.4463654,0.0,0,0.0,0.0,0.0,0.0,301,5,0.3386315820731064,0.38321358697111213,0.6712514176743396,0.24328365144791594,356.72727272727275,0.29
type=reactive_gate_sandbox_idle_timeout_s=300_ablate=_sandbox_cold_start_s=30.0_rate_per_min=2.0_think_snr=0.9_seed=10,reactive_gate,300,,30.0,2.0,0.9,reactive_gate,10,641,517,11,0.020833333333333332,0.09090909090909091,517,158.58878703609298,2412.1561710061014,10.697948126579481,600.0000000000005,0,335,0,0,0,0.0067618521544446026,0.2290751098286998,3997533807.833189,0.0,0,0.0,0.0,0.0,0.0,248,4,0.49379934688033894,0.5108982885077141,0.5684329870014245,0.30843020748194405,282.0,0.19
type=reactive_gate_sandbox_idle_timeout_s=300_ablate=_sandbox_cold_start_s=90.0_rate_per_min=2.0_think_snr=0.0_seed=1,reactive_gate,300,,90.0,2.0,0.0,reactive_gate,1,614,492,7,0.014028056112224449,0.050359712230215826,492,176.4149409220595,2536.818721237586,8.321836466345522,600.0000000000005,0,304,0,0,0,0.0030109687178653897,0.3140075001355347,4184864108.9629903,0.0,0,0.0,0.0,0.0,0.0,280,21,0.5345645187346794,0.5466743318444688,0.5560888158710503,0.3077866716637796,268.3636363636364,0.19
type=reactive_gate_sandbox_idle_timeout_s=300_ablate=_sandbox_cold_start_s=90.0_rate_per_min=2.0_think_snr=0.0_seed=2,reactive_gate,300,,90.0,2.0,0.0,reactive_gate,2,685,489,24,0.04678362573099415,0.1935483870967742,489,139.69298717948732,2822.733836834979,9.665589336279638,600.0000000000005,0,506,1,0,0,0.010723131299195587,0.25780610241828794,2943144905.54532,0.0,0,0.0,0.0,0.0,0.0,223,23,0.4024362176642742,0.4298668911963311,0.5672825065154753,0.3185973381251959,266.72727272727275,0.21
type=reactive_gate_sandbox_idle_timeout_s=300_ablate=_sandbox_cold_start_s=90.0_rate_per_min=2.0_think_snr=0.0_seed=3,reactive_gate,300,,90.0,2.0,0.0,reactive_gate,3,757,547,35,0.06013745704467354,0.19875776397515527,547,73.51371351901662,3006.5875834017115,1.8063354184192804,600.0000000000005,0,617,0,0,0,0.037561879330871045,0.42612548466635386,5299293890.269964,0.0,0,0.0,0.0,0.0,0.0,249,15,0.40335136240310837,0.43297444785989536,0.5018993440090003,0.2895305495121872,298.3636363636364,0.23
type=reactive_gate_sandbox_idle_timeout_s=300_ablate=_sandbox_cold_start_s=90.0_rate_per_min=2.0_think_snr=0.0_seed=4,reactive_gate,300,,90.0,2.0,0.0,reactive_gate,4,673,522,16,0.02973977695167286,0.10067114093959731,522,98.03514021224896,2198.973720145628,2.501259734765747,600.0000000000005,0,322,0,0,0,0.03719186079391339,0.2793288878837336,4977305668.955215,0.0,0,0.0,0.0,0.0,0.0,213,17,0.48655862843960934,0.5047399744069988,0.4972182591054779,0.3349351452563497,284.72727272727275,0.18
type=reactive_gate_sandbox_idle_timeout_s=300_ablate=_sandbox_cold_start_s=90.0_rate_per_min=2.0_think_snr=0.0_seed=5,reactive_gate,300,,90.0,2.0,0.0,reactive_gate,5,947,671,48,0.06675938803894298,0.23618090452261306,671,55.20974444444437,3742.0287064765203,5.0442633441561515,600.0000000000005,0,1253,0,0,0,0.021669528591340477,0.26681561286929983,5346546060.960266,0.0,0,0.0,0.0,0.0,0.0,288,3,0.3496041730046322,0.3873507919082055,0.6140767030400156,0.3703161666209628,366.0,0.3
type=reactive_gate_sandbox_idle_timeout_s=300_ablate=_sandbox_cold_start_s=90.0_rate_per_min=2.0_think_snr=0.0_seed=6,reactive_gate,300,,90.0,2.0,0.0,reactive_gate,6,576,416,29,0.0651685393258427,0.20863309352517986,416,164.19663452727673,3926.845378665681,16.247617565328504,600.0000000000005,0,603,1,0,0,0.012280664768815319,0.3483593203208065,4557319647.476909,0.0,0,0.0,0.0,0.0,0.0,223,20,0.416248278508221,0.4579838686059011,0.5233682273617586,0.31268066188184546,226.9090909090909,0.2
type=reactive_gate_sandbox_idle_timeout_s=300_ablate=_sandbox_cold_start_s=90.0_rate_per_min=2.0_think_snr=0.0_seed=7,reactive_gate,300,,90.0,2.0,0.0,reactive_gate,7,727,504,19,0.036328871892925434,0.10919540229885058,504,142.4215438815927,2864.1513558620527,0.9616674725674984,600.0000000000005,0,654,0,0,0,0.009409401339492909,0.26629491520129484,4326949510.607257,0.0,0,0.0,0.0,0.0,0.0,224,13,0.3999158158746735,0.41381265567472797,0.5375353194646788,0.3394319514893408,274.90909090909093,0.22
type=reactive_gate_sandbox_idle_timeout_s=300_ablate=_sandbox_cold_start_s=90.0_rate_per_min=2.0_think_snr=0.0_seed=8,reactive_gate,300,,90.0,2.0,0.0,reactive_gate,8,785,576,36,0.058823529411764705,0.19428571428571428,576,86.38996282417361,3694.355159376825,1.7257121452665707,600.0000000000005,0,854,0,0,0,0.02134329570298125,0.4115463199730583,5374978309.073271,0.0,0,0.0,0.0,0.0,0.0,248,3,0.3803275887720763,0.41386701422019667,0.5483853779582686,0.30618021900640563,314.1818181818182,0.25
type=reactive_gate_sandbox_idle_timeout_s=300_ablate=_sandbox_cold_start_s=90.0_rate_per_min=2.0_think_snr=0.0_seed=9,reactive_gate,300,,90.0,2.0,0.0,reactive_gate,9,803,581,42,0.06741573033707865,0.23333333333333334,581,142.77669265865552,3635.4354513787525,17.998782060995655,600.0000000000005,0,873,0,0,0,0.015974913274251313,0.20875163315118364,3678306806.642289,0.0,0,0.0,0.0,0.0,0.0,265,6,0.378527852319733,0.4181576540790258,0.6126683649151774,0.33376060434267074,316.90909090909093,0.26
type=reactive_gate_sandbox_idle_timeout_s=300_ablate=_sandbox_cold_start_s=90.0_rate_per_min=2.0_think_snr=0.0_seed=10,reactive_gate,300,,90.0,2.0,0.0,reactive_gate,10,643,513,13,0.024714828897338403,0.1111111111111111,513,129.6666861609956,2457.918874668803,4.272047290183416,600.0000000000005,0,390,1,0,0,0.010669850518773982,0.2314425449492986,4738308378.981172,0.0,0,0.0,0.0,0.0,0.0,211,5,0.45377045695750473,0.47330291464425994,0.5186542361192049,0.35520513160434714,279.8181818181818,0.19
type=reactive_gate_sandbox_idle_timeout_s=300_ablate=_sandbox_cold_start_s=90.0_rate_per_min=2.0_think_snr=0.9_seed=1,reactive_gate,300,,90.0,2.0,0.9,reactive_gate,1,599,457,12,0.0255863539445629,0.08270676691729323,457,197.01218440406728,2419.0049589450905,9.064438449265362,600.0000000000005,0,348,0,0,0,0.009633801471764458,0.28829702682316166,4239465105.806785,0.0,0,0.0,0.0,0.0,0.0,293,11,0.47967435430483024,0.49550457963590255,0.5589988652753497,0.30516937390774324,249.27272727272728,0.18
type=reactive_gate_sandbox_idle_timeout_s=300_ablate=_sandbox_cold_start_s=90.0_rate_per_min=2.0_think_snr=0.9_seed=2,reactive_gate,300,,90.0,2.0,0.9,reactive_gate,2,666,483,24,0.047337278106508875,0.1702127659574468,483,174.62907833931058,3487.94406298442,6.235894413620736,600.0000000000005,0,533,0,0,0,0.017113877850187063,0.2750974489787414,4102652504.6401625,0.0,0,0.0,0.0,0.0,0.0,245,17,0.39650420508004725,0.42091662911924377,0.5360199987495144,0.31998245231820316,263.45454545454544,0.21
type=reactive_gate_sandbox_idle_timeout_s=300_ablate=_sandbox_cold_start_s=90.0_rate_per_min=2.0_think_snr=0.9_seed=3,reactive_gate,300,,90.0,2.0,0.9,reactive_gate,3,730,515,30,0.05504587155963303,0.1895424836601307,515,68.12549938282518,3335.5037992996376,0.0,600.0000000000005,0,664,0,0,0,0.01381461874187706,0.41654518747310415,5992245224.829721,0.0,0,0.0,0.0,0.0,0.0,222,23,0.403940989697784,0.43343487732636743,0.4724636161980381,0.29692213971784254,280.90909090909093,0.21
type=reactive_gate_sandbox_idle_timeout_s=300_ablate=_sandbox_cold_start_s=90.0_rate_per_min=2.0_think_snr=0.9_seed=4,reactive_gate,300,,90.0,2.0,0.9,reactive_gate,4,688,523,18,0.033271719038817,0.12,523,98.59606165047865,2584.741045386843,2.4448925775709176,600.0000000000005,0,385,0,0,0,0.02015363315404613,0.2524243649115997,5712669884.418571,0.0,0,0.0,0.0,0.0,0.0,199,19,0.4617112926092548,0.4830428803175184,0.491839859342625,0.3285469227297264,285.2727272727273,0.18
type=reactive_gate_sandbox_idle_timeout_s=300_ablate=_sandbox_cold_start_s=90.0_rate_per_min=2.0_think_snr=0.9_seed=5,reactive_gate,300,,90.0,2.0,0.9,reactive_gate,5,917,650,51,0.07275320970042796,0.255,650,49.77292820512821,4074.4505989597997,4.898636902632986,600.0000000000005,0,1233,0,0,0,0.02407037249013083,0.25306935556909144,5775782564.052018,0.0,0,0.0,0.0,0.0,0.0,240,3,0.35983132786343747,0.4001106720431814,0.5798190888006669,0.3627103090022706,354.54545454545456,0.31
type=reactive_gate_sandbox_idle_timeout_s=300_ablate=_sandbox_cold_start_s=90.0_rate_per_min=2.0_think_snr=0.9_seed=6,reactive_gate,300,,90.0,2.0,0.9,reactive_gate,6,595,425,31,0.06798245614035088,0.21830985915492956,425,153.59230600496085,3632.1870268603197,0.0,600.0000000000005,0,668,0,0,0,0.017151900629073263,0.41032427656990317,5284528349.847249,0.0,0,0.0,0.0,0.0,0.0,210,16,0.3818190998028817,0.4223032795729047,0.46249158789821293,0.29684831870229156,231.81818181818184,0.19
type=reactive_gate_sandbox_idle_timeout_s=300_ablate=_sandbox_cold_start_s=90.0_rate_per_min=2.0_think_snr=0.9_seed=7,reactive_gate,300,,90.0,2.0,0.9,reactive_gate,7,704,493,21,0.04085603112840467,0.11602209944751381,493,140.5827995193231,2317.8005136257066,11.252232797429722,600.0000000000005,0,633,0,0,0,0.010816468801886418,0.2583383052077254,4584972785.379414,0.0,0,0.0,0.0,0.0,0.0,201,14,0.4200232686062754,0.4383376737617208,0.5154711668285419,0.3202833121142797,268.90909090909093,0.21
type=reactive_gate_sandbox_idle_timeout_s=300_ablate=_sandbox_cold_start_s=90.0_rate_per_min=2.0_think_snr=0.9_seed=8,reactive_gate,300,,90.0,2.0,0.9,reactive_gate,8,758,548,39,0.06643952299829642,0.21264367816091953,548,102.39233818970388,4124.209401672965,0.0,600.0000000000005,0,846,0,0,0,0.032930239444567064,0.40240951702660455,6759770887.882223,0.0,0,0.0,0.0,0.0,0.0,240,3,0.3784681864810052,0.4136595299956113,0.4891944159584629,0.3072073750223582,298.90909090909093,0.24
type=reactive_gate_sandbox_idle_timeout_s=300_ablate=_sandbox_cold_start_s=90.0_rate_per_min=2.0_think_snr=0.9_seed=9,reactive_gate,300,,90.0,2.0,0.9,reactive_gate,9,837,602,49,0.07526881720430108,0.2620320855614973,602,111.4871084397763,4051.016114228859,11.163596338948183,600.0000000000005,0,953,0,0,0,0.015934546979270606,0.24015574170995163,4497161055.829429,0.0,0,0.0,0.0,0.0,0.0,266,3,0.3603205851191157,0.40774608009554186,0.5850365602337477,0.30924700935616595,328.3636363636364,0.26
type=reactive_gate_sandbox_idle_timeout_s=300_ablate=_sandbox_cold_start_s=90.0_rate_per_min=2.0_think_snr=0.9_seed=10,reactive_gate,300,,90.0,2.0,0.9,reactive_gate,10,648,523,11,0.020599250936329586,0.09401709401709402,523,129.25148044641492,2464.2099460224244,4.757308053443578,600.0000000000005,0,373,0,0,0,0.007821423648857215,0.17680519173302647,4816288075.942699,0.0,0,0.0,0.0,0.0,0.0,224,5,0.48701443138656936,0.5052875360298679,0.5217626230008418,0.36567771307306346,285.2727272727273,0.19
type=reactive_gate_sandbox_idle_timeout_s=300_ablate=prewarm_sandbox_cold_start_s=3.0_rate_per_min=2.0_think_snr=0.0_seed=1,reactive_gate,300,prewarm,3.0,2.0,0.0,reactive_gate,1,616,492,7,0.014028056112224449,0.050359712230215826,492,177.65406354315678,2112.2835308586964,19.270821895753283,600.0000000000005,0,270,1,0,0,0.002067941954940711,0.35660116807734765,3693639531.6735096,0.0,0,0.0,0.0,0.0,0.0,274,32,0.5169424403679067,0.5288416224671106,0.6012413629524411,0.24266542988411247,268.3636363636364,0.19
type=reactive_gate_sandbox_idle_timeout_s=300_ablate=prewarm_sandbox_cold_start_s=3.0_rate_per_min=2.0_think_snr=0.0_seed=2,reactive_gate,300,prewarm,3.0,2.0,0.0,reactive_gate,2,686,512,19,0.035781544256120526,0.13380281690140844,512,140.09881831050006,2630.4624959917787,12.2481946426507,600.0000000000005,0,443,3,0,0,0.009741370818828,0.3388566535705316,2996871230.5481787,0.0,0,0.0,0.0,0.0,0.0,247,23,0.4182289692475473,0.4412076848088159,0.5727869068367974,0.27822087316773353,279.2727272727273,0.21
type=reactive_gate_sandbox_idle_timeout_s=300_ablate=prewarm_sandbox_cold_start_s=3.0_rate_per_min=2.0_think_snr=0.0_seed=3,reactive_gate,300,prewarm,3.0,2.0,0.0,reactive_gate,3,770,554,34,0.05782312925170068,0.19375,554,73.56534600754162,3081.950479156563,8.840636462053062,600.0000000000005,0,615,0,0,0,0.016124060354335907,0.4396904049251733,4587807695.295256,0.0,0,0.0,0.0,0.0,0.0,276,19,0.3947803496134008,0.4223087505545443,0.5561457757502914,0.24797747259072425,302.1818181818182,0.23
type=reactive_gate_sandbox_idle_timeout_s=300_ablate=prewarm_sandbox_cold_start_s=3.0_rate_per_min=2.0_think_snr=0.0_seed=4,reactive_gate,300,prewarm,3.0,2.0,0.0,reactive_gate,4,695,558,10,0.017605633802816902,0.057692307692307696,558,98.94350870239168,1992.786087356778,2.452603770157498,600.0000000000005,0,238,0,0,0,0.013792805678159568,0.31851156789712776,5088354626.529724,0.0,0,0.0,0.0,0.0,0.0,224,19,0.492599331068832,0.5025339652916216,0.5252149844518907,0.2836978157274059,304.3636363636364,0.18
type=reactive_gate_sandbox_idle_timeout_s=300_ablate=prewarm_sandbox_cold_start_s=3.0_rate_per_min=2.0_think_snr=0.0_seed=5,reactive_gate,300,prewarm,3.0,2.0,0.0,reactive_gate,5,992,725,51,0.06572164948453608,0.24519230769230768,725,59.5186619658125,4357.139391326038,20.033293791778526,600.0000000000005,0,1209,1,0,0,0.026587762490301564,0.2404824465969168,4067627402.1637144,0.0,0,0.0,0.0,0.0,0.0,313,4,0.34233315360184124,0.3772149102800458,0.7097142291949948,0.2984161451602247,395.4545454545455,0.33
type=reactive_gate_sandbox_idle_timeout_s=300_ablate=prewarm_sandbox_cold_start_s=3.0_rate_per_min=2.0_think_snr=0.0_seed=6,reactive_gate,300,prewarm,3.0,2.0,0.0,reactive_gate,6,605,445,26,0.055201698513800426,0.1925925925925926,445,133.82581292219857,3198.427637026624,19.285499154294953,600.0000000000005,0,599,0,0,0,0.01542621289949187,0.42370771252119915,3979008426.4927135,0.0,0,0.0,0.0,0.0,0.0,221,21,0.3844952884036298,0.41854580046470385,0.5383991590585341,0.24796657303756767,242.72727272727275,0.2
type=reactive_gate_sandbox_idle_timeout_s=300_ablate=prewarm_sandbox_cold_start_s=3.0_rate_per_min=2.0_think_snr=0.0_seed=7,reactive_gate,300,prewarm,3.0,2.0,0.0,reactive_gate,7,719,491,20,0.03913894324853229,0.11428571428571428,491,139.07307509827388,2785.935389571613,18.720412001080696,600.0000000000005,0,646,1,0,0,0.009138679123114078,0.3418536929846733,3442886007.413887,0.0,0,0.0,0.0,0.0,0.0,232,15,0.3758776699657566,0.38877417870989545,0.5742510470894846,0.27059790851823856,267.8181818181818,0.23
type=reactive_gate_sandbox_idle_timeout_s=300_ablate=prewarm_sandbox_cold_start_s=3.0_rate_per_min=2.0_think_snr=0.0_seed=8,reactive_gate,300,prewarm,3.0,2.0,0.0,reactive_gate,8,817,621,32,0.04900459418070444,0.16853932584269662,621,102.95075145866576,3719.124904724394,15.22643054834782,600.0000000000005,0,761,0,0,0,0.013458289841961393,0.42395525883499585,4559172815.5572195,0.0,0,0.0,0.0,0.0,0.0,267,5,0.3830564499082377,0.41228297561829963,0.6109508293471575,0.2534501161225141,338.72727272727275,0.25
type=reactive_gate_sandbox_idle_timeout_s=300_ablate=prewarm_sandbox_cold_start_s=3.0_rate_per_min=2.0_think_snr=0.0_seed=9,reactive_gate,300,prewarm,3.0,2.0,0.0,reactive_gate,9,806,592,38,0.06031746031746032,0.20218579234972678,592,137.32698656546745,3739.9856392022243,6.218600624669337,600.0000000000005,0,856,0,0,0,0.013116328439465863,0.3075354586532756,4563563754.199722,0.0,0,0.0,0.0,0.0,0.0,259,9,0.36800207165918924,0.4017064512737694,0.6062490548311642,0.2788311377147522,322.90909090909093,0.27
type=reactive_gate_sandbox_idle_timeout_s=300_ablate=prewarm_sandbox_cold_start_s=3.0_rate_per_min=2.0_think_snr=0.0_seed=10,reactive_gate,300,prewarm,3.0,2.0,0.0,reactive_gate,10,666,539,14,0.02531645569620253,0.11023622047244094,539,129.25148044641446,2402.496625470805,3.5821736886688034,600.0000000000005,0,321,1,0,0,0.011036604437468404,0.28732365035189206,4531423139.6691675,0.0,0,0.0,0.0,0.0,0.0,222,16,0.4399231885699153,0.4613168057824149,0.539261039214258,0.2918974013979209,294.0,0.18
type=reactive_gate_sandbox_idle_timeout_s=300_ablate=prewarm_sandbox_cold_start_s=3.0_rate_per_min=2.0_think_snr=0.9_seed=1,reactive_gate,300,prewarm,3.0,2.0,0.9,reactive_gate,1,609,477,8,0.016494845360824743,0.05185185185185185,477,207.1266525414694,2246.035056370087,28.146696988126994,600.0000000000005,0,308,1,0,0,0.01816582439768404,0.31154469268745116,3452450232.498527,0.0,0,0.0,0.0,0.0,0.0,289,9,0.4727294877075626,0.4787401154703896,0.6117666613935833,0.2414653667897197,260.1818181818182,0.2
type=reactive_gate_sandbox_idle_timeout_s=300_ablate=prewarm_sandbox_cold_start_s=3.0_rate_per_min=2.0_think_snr=0.9_seed=2,reactive_gate,300,prewarm,3.0,2.0,0.9,reactive_gate,2,684,498,19,0.0367504835589942,0.14074074074074075,498,160.02330983862726,3611.526846535154,10.24512856878265,600.0000000000005,0,492,1,0,0,0.009302466552737107,0.3031643311523123,2953854915.6199217,0.0,0,0.0,0.0,0.0,0.0,258,26,0.3983936598900834,0.4195018328231791,0.5974180682668027,0.26537471706355176,271.6363636363636,0.23
type=reactive_gate_sandbox_idle_timeout_s=300_ablate=prewarm_sandbox_cold_start_s=3.0_rate_per_min=2.0_think_snr=0.9_seed=3,reactive_gate,300,prewarm,3.0,2.0,0.9,reactive_gate,3,758,544,33,0.05719237435008666,0.2,544,56.776525875602886,2954.950149191214,3.4386544170698046,600.0000000000005,0,623,0,0,0,0.012650951325851464,0.45280604054636214,5538651702.992593,0.0,0,0.0,0.0,0.0,0.0,229,22,0.39787757892798764,0.4271936855196821,0.49506118765378143,0.2264126095226491,296.72727272727275,0.22
type=reactive_gate_sandbox_idle_timeout_s=300_ablate=prewarm_sandbox_cold_start_s=3.0_rate_per_min=2.0_think_snr=0.9_seed=4,reactive_gate,300,prewarm,3.0,2.0,0.9,reactive_gate,4,724,571,16,0.027257240204429302,0.09615384615384616,571,71.02836467074576,2251.4038700835595,1.5228587205783033,600.0000000000005,0,322,0,0,0,0.01586548154133978,0.3517501796761173,5254409361.532712,0.0,0,0.0,0.0,0.0,0.0,206,21,0.4563602355736526,0.4722514321595138,0.5242365066166472,0.2442485456166793,311.45454545454544,0.19
type=reactive_gate_sandbox_idle_timeout_s=300_ablate=prewarm_sandbox_cold_start_s=3.0_rate_per_min=2.0_think_snr=0.9_seed=5,reactive_gate,300,prewarm,3.0,2.0,0.9,reactive_gate,5,973,721,46,0.05997392438070404,0.22115384615384615,721,58.31615237727556,3713.3991225324035,14.53249457945094,600.0000000000005,0,1169,0,0,0,0.018529191667870506,0.2409231701087736,4483908250.330435,0.0,0,0.0,0.0,0.0,0.0,274,5,0.3541374443346757,0.3892466016381334,0.6612614370831714,0.30167049186860917,393.2727272727273,0.32
type=reactive_gate_sandbox_idle_timeout_s=300_ablate=prewarm_sandbox_cold_start_s=3.0_rate_per_min=2.0_think_snr=0.9_seed=6,reactive_gate,300,prewarm,3.0,2.0,0.9,reactive_gate,6,625,469,24,0.0486815415821501,0.1643835616438356,469,153.59230600496085,3607.083576318125,3.455093334747744,600.0000000000005,0,628,0,0,0,0.012072733474049937,0.4159543695993656,4537457466.881044,0.0,0,0.0,0.0,0.0,0.0,213,24,0.3861328616488516,0.41476637312126297,0.5125273244585276,0.2564520224909244,255.81818181818184,0.21
type=reactive_gate_sandbox_idle_timeout_s=300_ablate=prewarm_sandbox_cold_start_s=3.0_rate_per_min=2.0_think_snr=0.9_seed=7,reactive_gate,300,prewarm,3.0,2.0,0.9,reactive_gate,7,734,517,22,0.04081632653061224,0.12154696132596685,517,125.26029407573924,2747.4511781069727,0.0,600.0000000000005,0,615,0,0,0,0.012765660378559116,0.3123373652984931,4536673070.399018,0.0,0,0.0,0.0,0.0,0.0,203,17,0.40432045454505394,0.42259656200236384,0.5248997984735172,0.2662149696646032,282.0,0.21
type=reactive_gate_sandbox_idle_timeout_s=300_ablate=prewarm_sandbox_cold_start_s=3.0_rate_per_min=2.0_think_snr=0.9_seed=8,reactive_gate,300,prewarm,3.0,2.0,0.9,reactive_gate,8,794,578,35,0.057096247960848286,0.19411764705882353,578,93.71330897963708,3755.675182219425,1.911499829330591,600.0000000000005,0,809,0,0,0,0.02401682610055542,0.43242549862122104,6238603838.477404,0.0,0,0.0,0.0,0.0,0.0,260,5,0.371802217230254,0.4037191577146669,0.5429548172227079,0.254798974064418,315.2727272727273,0.25
type=reactive_gate_sandbox_idle_timeout_s=300_ablate=prewarm_sandbox_cold_start_s=3.0_rate_per_min=2.0_think_snr=0.9_seed=9,reactive_gate,300,prewarm,3.0,2.0,0.9,reactive_gate,9,830,597,48,0.07441860465116279,0.2553191489361702,597,131.56627017270694,3693.4786799471603,23.31040213318263,600.0000000000005,0,920,1,0,0,0.014732705818714591,0.3022984211333961,3362922688.515576,0.0,0,0.0,0.0,0.0,0.0,275,6,0.35064649929720093,0.39240531812919843,0.6521621525673401,0.2560936324678749,325.6363636363636,0.27
type=reactive_gate_sandbox_idle_timeout_s=300_ablate=prewarm_sandbox_cold_start_s=3.0_rate_per_min=2.0_think_snr=0.9_seed=10,reactive_gate,300,prewarm,3.0,2.0,0.9,reactive_gate,10,655,521,15,0.027985074626865673,0.1271186440677966,521,147.523179599787,2383.916934960732,11.82341325127642,600.0000000000005,0,358,0,0,0,0.00804446094186467,0.26735571163436767,4015620090.3324876,0.0,0,0.0,0.0,0.0,0.0,244,10,0.4660818760534305,0.48705230534832883,0.5774659500938877,0.27491743525372364,284.1818181818182,0.19
type=reactive_gate_sandbox_idle_timeout_s=300_ablate=prewarm_sandbox_cold_start_s=30.0_rate_per_min=2.0_think_snr=0.0_seed=1,reactive_gate,300,prewarm,30.0,2.0,0.0,reactive_gate,1,612,485,8,0.016227180527383367,0.058394160583941604,485,175.7081786145427,2124.103145651925,24.363386886816677,600.0000000000005,0,278,1,0,0,0.002520093184640315,0.343903937950245,3833044019.285392,0.0,0,0.0,0.0,0.0,0.0,271,30,0.5145053036723043,0.5281025610532544,0.5850527847100816,0.25874231981740914,264.54545454545456,0.19
type=reactive_gate_sandbox_idle_timeout_s=300_ablate=prewarm_sandbox_cold_start_s=30.0_rate_per_min=2.0_think_snr=0.0_seed=2,reactive_gate,300,prewarm,30.0,2.0,0.0,reactive_gate,2,694,517,25,0.046125461254612546,0.17647058823529413,517,134.82299227531894,2496.3158008374185,13.89520524024104,600.0000000000005,0,455,1,0,0,0.029927452606696547,0.26242844490510403,2920881808.810439,0.0,0,0.0,0.0,0.0,0.0,238,19,0.4133693574189091,0.4409393954748981,0.5814932820553289,0.304301051961584,282.0,0.22
type=reactive_gate_sandbox_idle_timeout_s=300_ablate=prewarm_sandbox_cold_start_s=30.0_rate_per_min=2.0_think_snr=0.0_seed=3,reactive_gate,300,prewarm,30.0,2.0,0.0,reactive_gate,3,762,557,33,0.05593220338983051,0.18012422360248448,557,73.61697849606662,3663.5312513564004,0.0,600.0000000000005,0,626,0,0,0,0.025998890498695398,0.43256145349683744,4770338089.001862,0.0,0,0.0,0.0,0.0,0.0,275,16,0.39365177441568067,0.4234196924801494,0.5344770097246504,0.26321283594898903,303.8181818181818,0.23
type=reactive_gate_sandbox_idle_timeout_s=300_ablate=prewarm_sandbox_cold_start_s=30.0_rate_per_min=2.0_think_snr=0.0_seed=4,reactive_gate,300,prewarm,30.0,2.0,0.0,reactive_gate,4,685,551,9,0.01607142857142857,0.050955414012738856,551,99.09375795933101,2214.724202988736,2.6920227918071373,600.0000000000005,0,245,1,0,0,0.013412549245880095,0.31022589018391356,5074009109.229729,0.0,0,0.0,0.0,0.0,0.0,214,17,0.5056801635705738,0.5166230643367488,0.5165126950555232,0.29454967131302345,300.54545454545456,0.18
type=reactive_gate_sandbox_idle_timeout_s=300_ablate=prewarm_sandbox_cold_start_s=30.0_rate_per_min=2.0_think_snr=0.0_seed=5,reactive_gate,300,prewarm,30.0,2.0,0.0,reactive_gate,5,973,703,48,0.06391478029294274,0.23039215686274508,703,66.80663709793362,4263.943432212782,25.220901427156885,600.0000000000005,0,1253,1,0,0,0.014454266794359604,0.2887659261879176,3900550078.7612343,0.0,0,0.0,0.0,0.0,0.0,310,4,0.3435226421081997,0.37914753799291223,0.7085382027000777,0.29883733361177306,383.4545454545455,0.33
type=reactive_gate_sandbox_idle_timeout_s=300_ablate=prewarm_sandbox_cold_start_s=30.0_rate_per_min=2.0_think_snr=0.0_seed=6,reactive_gate,300,prewarm,30.0,2.0,0.0,reactive_gate,6,589,427,31,0.06768558951965066,0.22627737226277372,427,153.59230600496085,3630.9945182568235,21.00924096267264,600.0000000000005,0,608,1,0,0,0.014069674809777428,0.39231995454728164,4117816817.959609,0.0,0,0.0,0.0,0.0,0.0,226,20,0.39646465200687697,0.4394489477459544,0.5460971823240417,0.27599389775112637,232.9090909090909,0.2
type=reactive_gate_sandbox_idle_timeout_s=300_ablate=prewarm_sandbox_cold_start_s=30.0_rate_per_min=2.0_think_snr=0.0_seed=7,reactive_gate,300,prewarm,30.0,2.0,0.0,reactive_gate,7,732,517,20,0.037243947858473,0.10810810810810811,517,149.753659386766,3042.5097864783224,13.913706336817617,600.0000000000005,0,640,0,0,0,0.009178310420170983,0.30735405344341016,3824928546.115045,0.0,0,0.0,0.0,0.0,0.0,218,15,0.3914902323024975,0.40497438496605426,0.5704753223905724,0.2962532266888561,282.0,0.24
type=reactive_gate_sandbox_idle_timeout_s=300_ablate=prewarm_sandbox_cold_start_s=30.0_rate_per_min=2.0_think_snr=0.0_seed=8,reactive_gate,300,prewarm,30.0,2.0,0.0,reactive_gate,8,809,606,35,0.054602184087363496,0.18994413407821228,606,102.03709719540677,3713.467499659139,15.793167079856493,600.0000000000005,0,797,0,0,0,0.015416266085878597,0.4326053724591814,4376005438.857455,0.0,0,0.0,0.0,0.0,0.0,256,3,0.3844237246900384,0.41842811764799526,0.6096119341087154,0.2525887459693017,330.54545454545456,0.25
type=reactive_gate_sandbox_idle_timeout_s=300_ablate=prewarm_sandbox_cold_start_s=30.0_rate_per_min=2.0_think_snr=0.0_seed=9,reactive_gate,300,prewarm,30.0,2.0,0.0,reactive_gate,9,814,608,37,0.05736434108527132,0.19672131147540983,608,147.06208386751086,3770.907206726356,17.493496404498696,600.0000000000005,0,816,1,0,0,0.010766581486240724,0.2612810683174488,3422340342.23363,0.0,0,0.0,0.0,0.0,0.0,284,11,0.3844982713385024,0.41845485464550003,0.6507619944598226,0.28933607547817375,331.6363636363636,0.27
type=reactive_gate_sandbox_idle_timeout_s=300_ablate=prewarm_sandbox_cold_start_s=30.0_rate_per_min=2.0_think_snr=0.0_seed=10,reactive_gate,300,prewarm,30.0,2.0,0.0,reactive_gate,10,657,533,11,0.02022058823529412,0.08943089430894309,533,127.91682464068344,2299.045749662106,1.7446526526008896,600.0000000000005,0,327,0,0,0,0.009323202598973948,0.27532085775891596,4912071897.587987,0.0,0,0.0,0.0,0.0,0.0,221,3,0.46362148588370433,0.48056245097593997,0.5308731965123997,0.31249127253657905,290.72727272727275,0.19
type=reactive_gate_sandbox_idle_timeout_s=300_ablate=prewarm_sandbox_cold_start_s=30.0_rate_per_min=2.0_think_snr=0.9_seed=1,reactive_gate,300,prewarm,30.0,2.0,0.9,reactive_gate,1,588,460,11,0.02335456475583864,0.07246376811594203,460,214.5156565729926,2715.579109269101,24.406129187912295,600.0000000000005,0,329,0,0,0,0.012278081253006421,0.3027142627183192,3427604243.15336,0.0,0,0.0,0.0,0.0,0.0,286,9,0.48000832938833277,0.49450882657852857,0.6023949546911422,0.26707990277686916,250.9090909090909,0.19
type=reactive_gate_sandbox_idle_timeout_s=300_ablate=prewarm_sandbox_cold_start_s=30.0_rate_per_min=2.0_think_snr=0.9_seed=2,reactive_gate,300,prewarm,30.0,2.0,0.9,reactive_gate,2,680,493,19,0.037109375,0.1450381679389313,493,166.1109268679511,3423.8048207533775,12.110641511617658,600.0000000000005,0,521,2,0,0,0.007703949892761044,0.2752823303604555,3080936606.541987,0.0,0,0.0,0.0,0.0,0.0,252,25,0.39290878799121526,0.41422357867863147,0.5896301782286001,0.28239927279373267,268.90909090909093,0.24
type=reactive_gate_sandbox_idle_timeout_s=300_ablate=prewarm_sandbox_cold_start_s=30.0_rate_per_min=2.0_think_snr=0.9_seed=3,reactive_gate,300,prewarm,30.0,2.0,0.9,reactive_gate,3,752,545,38,0.06518010291595197,0.21686746987951808,545,67.58156708754268,3074.352911416122,7.581545665123146,600.0000000000005,0,635,0,0,0,0.017724037716909585,0.41808496408861756,5366339890.092707,0.0,0,0.0,0.0,0.0,0.0,235,25,0.3963426152365827,0.4319286552053593,0.5129819358569672,0.25760578493410213,297.2727272727273,0.22
type=reactive_gate_sandbox_idle_timeout_s=300_ablate=prewarm_sandbox_cold_start_s=30.0_rate_per_min=2.0_think_snr=0.9_seed=4,reactive_gate,300,prewarm,30.0,2.0,0.9,reactive_gate,4,718,553,18,0.03152364273204904,0.12,553,79.97989581589218,2274.0715010047747,0.8493503535922031,600.0000000000005,0,339,0,0,0,0.015600769977581596,0.2694136102679755,5694399526.142295,0.0,0,0.0,0.0,0.0,0.0,201,19,0.4523396603675729,0.4746466894687735,0.5133328058186027,0.2922285764469003,301.6363636363636,0.19
type=reactive_gate_sandbox_idle_timeout_s=300_ablate=prewarm_sandbox_cold_start_s=30.0_rate_per_min=2.0_think_snr=0.9_seed=5,reactive_gate,300,prewarm,30.0,2.0,0.9,reactive_gate,5,926,669,50,0.06954102920723226,0.24390243902439024,669,70.63605347921884,4510.018166195216,10.240454402306757,600.0000000000005,0,1184,0,0,0,0.020242734912567555,0.2905793862344467,4698212501.678338,0.0,0,0.0,0.0,0.0,0.0,277,5,0.35701968698621844,0.3928869379494031,0.6282627840342528,0.3143711842222206,364.90909090909093,0.31
type=reactive_gate_sandbox_idle_timeout_s=300_ablate=prewarm_sandbox_cold_start_s=30.0_rate_per_min=2.0_think_snr=0.9_seed=6,reactive_gate,300,prewarm,30.0,2.0,0.9,reactive_gate,6,613,449,29,0.060669456066945605,0.1917808219178082,449,148.43555532246546,3632.2993404932367,4.899429582217634,600.0000000000005,0,641,0,0,0,0.01726620406544732,0.46199453983633504,5282565082.61054,0.0,0,0.0,0.0,0.0,0.0,194,23,0.3811221969298498,0.4135147903627074,0.47318173164335664,0.2558316907548007,244.9090909090909,0.2
type=reactive_gate_sandbox_idle_timeout_s=300_ablate=prewarm_sandbox_cold_start_s=30.0_rate_per_min=2.0_think_snr=0.9_seed=7,reactive_gate,300,prewarm,30.0,2.0,0.9,reactive_gate,7,736,515,24,0.04452690166975881,0.13714285714285715,515,116.6890141557144,2631.230414540494,0.0,600.0000000000005,0,653,0,0,0,0.016681712227451594,0.29507555180938666,4733322193.748787,0.0,0,0.0,0.0,0.0,0.0,190,17,0.3999820129852048,0.41889428395927475,0.5138295375712251,0.27650588012070787,280.90909090909093,0.22
type=reactive_gate_sandbox_idle_timeout_s=300_ablate=prewarm_sandbox_cold_start_s=30.0_rate_per_min=2.0_think_snr=0.9_seed=8,reactive_gate,300,prewarm,30.0,2.0,0.9,reactive_gate,8,767,544,42,0.07167235494880546,0.23121387283236994,544,92.76883417778527,3758.9094235940283,4.725217565803242,600.0000000000005,0,834,0,0,0,0.02602890436550429,0.4746400801955295,5926543352.741127,0.0,0,0.0,0.0,0.0,0.0,243,5,0.36537733540536416,0.40156381932980506,0.5253435703873673,0.24852548582825099,296.72727272727275,0.23
type=reactive_gate_sandbox_idle_timeout_s=300_ablate=prewarm_sandbox_cold_start_s=30.0_rate_per_min=2.0_think_snr=0.9_seed=9,reactive_gate,300,prewarm,30.0,2.0,0.9,reactive_gate,9,887,654,49,0.06970128022759602,0.26344086021505375,654,95.78273062621906,3997.275503546667,21.539349765576254,600.0000000000005,0,966,1,0,0,0.01141195854413568,0.2564146616921739,2877906770.4463654,0.0,0,0.0,0.0,0.0,0.0,301,5,0.3386315820731064,0.38321358697111213,0.6712514176743396,0.24328365144791594,356.72727272727275,0.29
type=reactive_gate_sandbox_idle_timeout_s=300_ablate=prewarm_sandbox_cold_start_s=30.0_rate_per_min=2.0_think_snr=0.9_seed=10,reactive_gate,300,prewarm,30.0,2.0,0.9,reactive_gate,10,641,517,11,0.020833333333333332,0.09090909090909091,517,158.58878703609298,2412.1561710061014,10.697948126579481,600.0000000000005,0,335,0,0,0,0.0067618521544446026,0.2290751098286998,3997533807.833189,0.0,0,0.0,0.0,0.0,0.0,248,4,0.49379934688033894,0.5108982885077141,0.5684329870014245,0.30843020748194405,282.0,0.19
type=reactive_gate_sandbox_idle_timeout_s=300_ablate=prewarm_sandbox_cold_start_s=90.0_rate_per_min=2.0_think_snr=0.0_seed=1,reactive_gate,300,prewarm,90.0,2.0,0.0,reactive_gate,1,614,492,7,0.014028056112224449,0.050359712230215826,492,176.4149409220595,2536.818721237586,8.321836466345522,600.0000000000005,0,304,0,0,0,0.0030109687178653897,0.3140075001355347,4184864108.9629903,0.0,0,0.0,0.0,0.0,0.0,280,21,0.5345645187346794,0.5466743318444688,0.5560888158710503,0.3077866716637796,268.3636363636364,0.19
type=reactive_gate_sandbox_idle_timeout_s=300_ablate=prewarm_sandbox_cold_start_s=90.0_rate_per_min=2.0_think_snr=0.0_seed=2,reactive_gate,300,prewarm,90.0,2.0,0.0,reactive_gate,2,685,489,24,0.04678362573099415,0.1935483870967742,489,139.69298717948732,2822.733836834979,9.665589336279638,600.0000000000005,0,506,1,0,0,0.010723131299195587,0.25780610241828794,2943144905.54532,0.0,0,0.0,0.0,0.0,0.0,223,23,0.4024362176642742,0.4298668911963311,0.5672825065154753,0.3185973381251959,266.72727272727275,0.21
type=reactive_gate_sandbox_idle_timeout_s=300_ablate=prewarm_sandbox_cold_start_s=90.0_rate_per_min=2.0_think_snr=0.0_seed=3,reactive_gate,300,prewarm,90.0,2.0,0.0,reactive_gate,3,757,547,35,0.06013745704467354,0.19875776397515527,547,73.51371351901662,3006.5875834017115,1.8063354184192804,600.0000000000005,0,617,0,0,0,0.037561879330871045,0.42612548466635386,5299293890.269964,0.0,0,0.0,0.0,0.0,0.0,249,15,0.40335136240310837,0.43297444785989536,0.5018993440090003,0.2895305495121872,298.3636363636364,0.22
type=reactive_gate_sandbox_idle_timeout_s=300_ablate=prewarm_sandbox_cold_start_s=90.0_rate_per_min=2.0_think_snr=0.0_seed=4,reactive_gate,300,prewarm,90.0,2.0,0.0,reactive_gate,4,673,522,16,0.02973977695167286,0.10067114093959731,522,98.03514021224896,2198.973720145628,2.501259734765747,600.0000000000005,0,322,0,0,0,0.03719186079391339,0.2793288878837336,4977305668.955215,0.0,0,0.0,0.0,0.0,0.0,213,17,0.48655862843960934,0.5047399744069988,0.4972182591054779,0.3349351452563497,284.72727272727275,0.19
type=reactive_gate_sandbox_idle_timeout_s=300_ablate=prewarm_sandbox_cold_start_s=90.0_rate_per_min=2.0_think_snr=0.0_seed=5,reactive_gate,300,prewarm,90.0,2.0,0.0,reactive_gate,5,947,671,48,0.06675938803894298,0.23618090452261306,671,55.20974444444437,3742.0287064765203,5.0442633441561515,600.0000000000005,0,1253,0,0,0,0.021669528591340477,0.26681561286929983,5346546060.960266,0.0,0,0.0,0.0,0.0,0.0,288,3,0.3496041730046322,0.3873507919082055,0.6140767030400156,0.3703161666209628,366.0,0.3
type=reactive_gate_sandbox_idle_timeout_s=300_ablate=prewarm_sandbox_cold_start_s=90.0_rate_per_min=2.0_think_snr=0.0_seed=6,reactive_gate,300,prewarm,90.0,2.0,0.0,reactive_gate,6,576,416,29,0.0651685393258427,0.20863309352517986,416,164.19663452727673,3926.845378665681,16.247617565328504,600.0000000000005,0,603,1,0,0,0.012280664768815319,0.3483593203208065,4557319647.476909,0.0,0,0.0,0.0,0.0,0.0,223,20,0.416248278508221,0.4579838686059011,0.5233682273617586,0.31268066188184546,226.9090909090909,0.2
type=reactive_gate_sandbox_idle_timeout_s=300_ablate=prewarm_sandbox_cold_start_s=90.0_rate_per_min=2.0_think_snr=0.0_seed=7,reactive_gate,300,prewarm,90.0,2.0,0.0,reactive_gate,7,727,504,19,0.036328871892925434,0.10919540229885058,504,142.4215438815927,2864.1513558620527,0.9616674725674984,600.0000000000005,0,654,0,0,0,0.009409401339492909,0.26629491520129484,4326949510.607257,0.0,0,0.0,0.0,0.0,0.0,224,13,0.3999158158746735,0.41381265567472797,0.5375353194646788,0.3394319514893408,274.90909090909093,0.22
type=reactive_gate_sandbox_idle_timeout_s=300_ablate=prewarm_sandbox_cold_start_s=90.0_rate_per_min=2.0_think_snr=0.0_seed=8,reactive_gate,300,prewarm,90.0,2.0,0.0,reactive_gate,8,785,576,36,0.058823529411764705,0.19428571428571428,576,86.38996282417361,3694.355159376825,1.7257121452665707,600.0000000000005,0,854,0,0,0,0.02134329570298125,0.4115463199730583,5374978309.073271,0.0,0,0.0,0.0,0.0,0.0,248,3,0.3803275887720763,0.41386701422019667,0.5483853779582686,0.30618021900640563,314.1818181818182,0.25
type=reactive_gate_sandbox_idle_timeout_s=300_ablate=prewarm_sandbox_cold_start_s=90.0_rate_per_min=2.0_think_snr=0.0_seed=9,reactive_gate,300,prewarm,90.0,2.0,0.0,reactive_gate,9,803,581,42,0.06741573033707865,0.23333333333333334,581,142.77669265865552,3635.4354513787525,17.998782060995655,600.0000000000005,0,873,0,0,0,0.015974913274251313,0.20875163315118364,3678306806.642289,0.0,0,0.0,0.0,0.0,0.0,265,6,0.378527852319733,0.4181576540790258,0.6126683649151774,0.33376060434267074,316.90909090909093,0.26
type=reactive_gate_sandbox_idle_timeout_s=300_ablate=prewarm_sandbox_cold_start_s=90.0_rate_per_min=2.0_think_snr=0.0_seed=10,reactive_gate,300,prewarm,90.0,2.0,0.0,reactive_gate,10,643,513,13,0.024714828897338403,0.1111111111111111,513,129.6666861609956,2457.918874668803,4.272047290183416,600.0000000000005,0,390,1,0,0,0.010669850518773982,0.2314425449492986,4738308378.981172,0.0,0,0.0,0.0,0.0,0.0,211,5,0.45377045695750473,0.47330291464425994,0.5186542361192049,0.35520513160434714,279.8181818181818,0.18
type=reactive_gate_sandbox_idle_timeout_s=300_ablate=prewarm_sandbox_cold_start_s=90.0_rate_per_min=2.0_think_snr=0.9_seed=1,reactive_gate,300,prewarm,90.0,2.0,0.9,reactive_gate,1,599,457,12,0.0255863539445629,0.08270676691729323,457,197.01218440406728,2419.0049589450905,9.064438449265362,600.0000000000005,0,348,0,0,0,0.009633801471764458,0.28829702682316166,4239465105.806785,0.0,0,0.0,0.0,0.0,0.0,293,11,0.47967435430483024,0.49550457963590255,0.5589988652753497,0.30516937390774324,249.27272727272728,0.19
type=reactive_gate_sandbox_idle_timeout_s=300_ablate=prewarm_sandbox_cold_start_s=90.0_rate_per_min=2.0_think_snr=0.9_seed=2,reactive_gate,300,prewarm,90.0,2.0,0.9,reactive_gate,2,666,483,24,0.047337278106508875,0.1702127659574468,483,174.62907833931058,3487.94406298442,6.235894413620736,600.0000000000005,0,533,0,0,0,0.017113877850187063,0.2750974489787414,4102652504.6401625,0.0,0,0.0,0.0,0.0,0.0,245,17,0.39650420508004725,0.42091662911924377,0.5360199987495144,0.31998245231820316,263.45454545454544,0.21
type=reactive_gate_sandbox_idle_timeout_s=300_ablate=prewarm_sandbox_cold_start_s=90.0_rate_per_min=2.0_think_snr=0.9_seed=3,reactive_gate,300,prewarm,90.0,2.0,0.9,reactive_gate,3,730,515,30,0.05504587155963303,0.1895424836601307,515,68.12549938282518,3335.5037992996376,0.0,600.0000000000005,0,664,0,0,0,0.01381461874187706,0.41654518747310415,5992245224.829721,0.0,0,0.0,0.0,0.0,0.0,222,23,0.403940989697784,0.43343487732636743,0.4724636161980381,0.29692213971784254,280.90909090909093,0.22
type=reactive_gate_sandbox_idle_timeout_s=300_ablate=prewarm_sandbox_cold_start_s=90.0_rate_per_min=2.0_think_snr=0.9_seed=4,reactive_gate,300,prewarm,90.0,2.0,0.9,reactive_gate,4,688,523,18,0.033271719038817,0.12,523,98.59606165047865,2584.741045386843,2.4448925775709176,600.0000000000005,0,385,0,0,0,0.02015363315404613,0.2524243649115997,5712669884.418571,0.0,0,0.0,0.0,0.0,0.0,199,19,0.4617112926092548,0.4830428803175184,0.491839859342625,0.3285469227297264,285.2727272727273,0.18
type=reactive_gate_sandbox_idle_timeout_s=300_ablate=prewarm_sandbox_cold_start_s=90.0_rate_per_min=2.0_think_snr=0.9_seed=5,reactive_gate,300,prewarm,90.0,2.0,0.9,reactive_gate,5,917,650,51,0.07275320970042796,0.255,650,49.77292820512821,4074.4505989597997,4.898636902632986,600.0000000000005,0,1233,0,0,0,0.02407037249013083,0.25306935556909144,5775782564.052018,0.0,0,0.0,0.0,0.0,0.0,240,3,0.35983132786343747,0.4001106720431814,0.5798190888006669,0.3627103090022706,354.54545454545456,0.3
type=reactive_gate_sandbox_idle_timeout_s=300_ablate=prewarm_sandbox_cold_start_s=90.0_rate_per_min=2.0_think_snr=0.9_seed=6,reactive_gate,300,prewarm,90.0,2.0,0.9,reactive_gate,6,595,425,31,0.06798245614035088,0.21830985915492956,425,153.59230600496085,3632.1870268603197,0.0,600.0000000000005,0,668,0,0,0,0.017151900629073263,0.41032427656990317,5284528349.847249,0.0,0,0.0,0.0,0.0,0.0,210,16,0.3818190998028817,0.4223032795729047,0.46249158789821293,0.29684831870229156,231.81818181818184,0.2
type=reactive_gate_sandbox_idle_timeout_s=300_ablate=prewarm_sandbox_cold_start_s=90.0_rate_per_min=2.0_think_snr=0.9_seed=7,reactive_gate,300,prewarm,90.0,2.0,0.9,reactive_gate,7,704,493,21,0.04085603112840467,0.11602209944751381,493,140.5827995193231,2317.8005136257066,11.252232797429722,600.0000000000005,0,633,0,0,0,0.010816468801886418,0.2583383052077254,4584972785.379414,0.0,0,0.0,0.0,0.0,0.0,201,14,0.4200232686062754,0.4383376737617208,0.5154711668285419,0.3202833121142797,268.90909090909093,0.21
type=reactive_gate_sandbox_idle_timeout_s=300_ablate=prewarm_sandbox_cold_start_s=90.0_rate_per_min=2.0_think_snr=0.9_seed=8,reactive_gate,300,prewarm,90.0,2.0,0.9,reactive_gate,8,758,548,39,0.06643952299829642,0.21264367816091953,548,102.39233818970388,4124.209401672965,0.0,600.0000000000005,0,846,0,0,0,0.032930239444567064,0.40240951702660455,6759770887.882223,0.0,0,0.0,0.0,0.0,0.0,240,3,0.3784681864810052,0.4136595299956113,0.4891944159584629,0.3072073750223582,298.90909090909093,0.24
type=reactive_gate_sandbox_idle_timeout_s=300_ablate=prewarm_sandbox_cold_start_s=90.0_rate_per_min=2.0_think_snr=0.9_seed=9,reactive_gate,300,prewarm,90.0,2.0,0.9,reactive_gate,9,837,602,49,0.07526881720430108,0.2620320855614973,602,111.4871084397763,4051.016114228859,11.163596338948183,600.0000000000005,0,953,0,0,0,0.015934546979270606,0.24015574170995163,4497161055.829429,0.0,0,0.0,0.0,0.0,0.0,266,3,0.3603205851191157,0.40774608009554186,0.5850365602337477,0.30924700935616595,328.3636363636364,0.26
type=reactive_gate_sandbox_idle_timeout_s=300_ablate=prewarm_sandbox_cold_start_s=90.0_rate_per_min=2.0_think_snr=0.9_seed=10,reactive_gate,300,prewarm,90.0,2.0,0.9,reactive_gate,10,648,523,11,0.020599250936329586,0.09401709401709402,523,129.25148044641492,2464.2099460224244,4.757308053443578,600.0000000000005,0,373,0,0,0,0.007821423648857215,0.17680519173302647,4816288075.942699,0.0,0,0.0,0.0,0.0,0.0,224,5,0.48701443138656936,0.5052875360298679,0.5217626230008418,0.36567771307306346,285.2727272727273,0.18
type=lease_sandbox_idle_timeout_s=0_ablate=_sandbox_cold_start_s=3.0_rate_per_min=2.0_think_snr=0.0_seed=1,lease,0,,3.0,2.0,0.0,lease,1,654,560,1,0.0017825311942959,0.00625,560,176.0797780382694,1728.1938268455865,52.33037019769073,600.0000000000002,0,86,1,0,0,0.0005808527248170763,0.32896266357806425,2317204659.8246865,8052.554224574456,43,713.4877185548304,488.41607635289165,825000.0,3689.5179079620557,302,63,0.6569073159045049,0.6584409957804152,0.7067419446184603,0.2882880059359818,305.45454545454544,0.49
type=lease_sandbox_idle_timeout_s=0_ablate=_sandbox_cold_start_s=3.0_rate_per_min=2.0_think_snr=0.0_seed=2,lease,0,,3.0,2.0,0.0,lease,2,732,580,6,0.010238907849829351,0.0410958904109589,580,316.0445834037466,2366.006572619499,57.98467484742211,600.0000000000005,0,298,3,0,0,0.004731066555969631,0.30029807124167596,968589163.9469569,4021.6002139575517,29,916.9529349746108,577.8926256713205,791400.0,9964.864688432706,255,32,0.47609452568112237,0.48216410406467514,0.7345471274888307,0.3094479818929315,316.3636363636364,0.54
type=lease_sandbox_idle_timeout_s=0_ablate=_sandbox_cold_start_s=3.0_rate_per_min=2.0_think_snr=0.0_seed=3,lease,0,,3.0,2.0,0.0,lease,3,807,623,13,0.020440251572327043,0.07142857142857142,623,147.9575217002989,2211.515917049787,53.63505129796227,600.0000000000005,0,416,1,0,0,0.0022441692984275833,0.41037859217839384,2297568422.217014,5001.810472838741,36,1048.4404023268044,486.5394149661133,825600.0,8493.849470307647,269,28,0.4284229652238883,0.44127822098300656,0.6905713908718596,0.2995626194058325,339.8181818181818,0.54
type=lease_sandbox_idle_timeout_s=0_ablate=_sandbox_cold_start_s=3.0_rate_per_min=2.0_think_snr=0.0_seed=4,lease,0,,3.0,2.0,0.0,lease,4,755,645,5,0.007692307692307693,0.023121387283236993,645,139.8688235076943,1952.644768747146,20.733979825241462,600.0,0,106,2,0,0,0.014419077329985626,0.311995450833064,2006622338.9579103,4489.625520684736,22,552.4652617824552,325.60733341185914,746400.0,1340.9521366957028,256,37,0.6440495377181222,0.6475713666275219,0.7118049519675926,0.32884824639654137,351.8181818181818,0.5
type=lease_sandbox_idle_timeout_s=0_ablate=_sandbox_cold_start_s=3.0_rate_per_min=2.0_think_snr=0.0_seed=5,lease,0,,3.0,2.0,0.0,lease,5,1023,812,17,0.020506634499396863,0.0730593607305936,812,219.73804858346534,3165.5168699802284,103.19490523495637,600.0000000000005,0,922,0,0,0,0.0104053047663044,0.2513299361277286,1846810585.7230697,1245.3526669903608,11,841.6163467989131,834.291782143557,982200.0,16603.720776983464,312,6,0.3891982188023125,0.40050432268673325,0.8462315487446581,0.3380629234379158,442.90909090909093,0.71
type=lease_sandbox_idle_timeout_s=0_ablate=_sandbox_cold_start_s=3.0_rate_per_min=2.0_think_snr=0.0_seed=6,lease,0,,3.0,2.0,0.0,lease,6,642,518,8,0.015209125475285171,0.05333333333333334,518,367.18948056089994,3118.67202862169,45.909236724863916,600.0000000000005,0,346,2,0,0,0.004994704753928045,0.4009093773997415,2714598054.626094,2814.6992905974594,14,1468.5267995541126,1076.0842646108943,693600.0,6673.993716809423,258,26,0.491553484728275,0.5028073338463317,0.6470693213424307,0.3027444477807707,282.54545454545456,0.5
type=lease_sandbox_idle_timeout_s=0_ablate=_sandbox_cold_start_s=3.0_rate_per_min=2.0_think_snr=0.0_seed=7,lease,0,,3.0,2.0,0.0,lease,7,801,635,8,0.012441679626749611,0.0380952380952381,635,220.55548605203285,2025.357951855313,86.63901294363058,600.0000000000005,0,340,2,0,0,0.009490672169484746,0.3566583130040617,1570722757.9074273,2354.2877796984776,18,1375.2215414826733,837.5286545673134,896400.0,9392.546476550895,246,27,0.4463788206732704,0.4537216198439644,0.7132956615149897,0.29443303501576373,346.3636363636364,0.55
type=lease_sandbox_idle_timeout_s=0_ablate=_sandbox_cold_start_s=3.0_rate_per_min=2.0_think_snr=0.0_seed=8,lease,0,,3.0,2.0,0.0,lease,8,887,706,9,0.012587412587412588,0.05056179775280899,706,221.03774429658608,2525.6058663480285,31.689586688185784,600.0000000000005,0,584,0,0,0,0.0059471906741645035,0.4593380678772492,3100754365.925734,1586.112327823239,18,805.948189822279,597.5313928285543,877200.0,9362.909280047541,295,16,0.4557594752246578,0.4648293182203839,0.7394236028109623,0.3152670243666198,385.0909090909091,0.59
type=lease_sandbox_idle_timeout_s=0_ablate=_sandbox_cold_start_s=3.0_rate_per_min=2.0_think_snr=0.0_seed=9,lease,0,,3.0,2.0,0.0,lease,9,858,674,16,0.02318840579710145,0.08791208791208792,674,323.4158236401296,2867.762948633733,40.59190574259549,600.0000000000005,0,575,3,0,0,0.004860148439506515,0.36020742835485575,1315338589.2654638,912.5055741959549,2,676.8120431620728,623.209054109911,838200.0,12343.967994307392,297,17,0.4398505866934361,0.4549368365404845,0.785443077825531,0.3179884773342985,367.6363636363636,0.61
type=lease_sandbox_idle_timeout_s=0_ablate=_sandbox_cold_start_s=3.0_rate_per_min=2.0_think_snr=0.0_seed=10,lease,0,,3.0,2.0,0.0,lease,10,723,618,3,0.004830917874396135,0.02158273381294964,618,220.86110136137768,1873.4087565882758,57.122691856977625,600.0000000000002,0,134,1,0,0,0.0027191218901216753,0.2724436474303246,1303684807.6154585,1331.528927734929,10,1453.18634637083,916.6539931213097,645000.0,4457.082296629662,247,30,0.5865898173306241,0.5902553545379303,0.7331861568448913,0.3432678684464351,337.0909090909091,0.5
type=lease_sandbox_idle_timeout_s=0_ablate=_sandbox_cold_start_s=3.0_rate_per_min=2.0_think_snr=0.9_seed=1,lease,0,,3.0,2.0,0.9,lease,1,648,536,2,0.0037174721189591076,0.006535947712418301,536,285.8635324833941,1993.884463344274,95.05511112466523,600.0000000000005,0,133,2,0,0,0.007989135949027474,0.2865119804261657,1719709591.1872485,2969.9113666050157,13,804.7433885797572,614.24971128276,793800.0,4762.54320986405,309,36,0.5762734547072913,0.5770431548541647,0.7273355634510166,0.29032534575001007,292.3636363636364,0.51
type=lease_sandbox_idle_timeout_s=0_ablate=_sandbox_cold_start_s=3.0_rate_per_min=2.0_think_snr=0.9_seed=2,lease,0,,3.0,2.0,0.9,lease,2,736,580,7,0.01192504258943782,0.0472972972972973,580,309.9553731980254,2083.789471930864,58.11891715307381,600.0000000000005,0,326,4,0,0,0.004311709927028592,0.3250264987923384,1418652200.7120183,3528.5693116882994,26,1227.126716119636,889.1792740910525,753000.0,8864.322695938958,255,25,0.4489815551587747,0.4527422821323237,0.7271443303103147,0.32163802390149343,316.3636363636364,0.54
type=lease_sandbox_idle_timeout_s=0_ablate=_sandbox_cold_start_s=3.0_rate_per_min=2.0_think_snr=0.9_seed=3,lease,0,,3.0,2.0,0.9,lease,3,794,611,13,0.020833333333333332,0.07142857142857142,611,144.80092662478955,2129.2935907954597,50.71799885381905,600.0000000000005,0,448,0,0,0,0.0030438951947069407,0.43927929760753126,2816575892.866525,4400.7566049598445,34,1022.9170323226433,471.63726488185375,798600.0,8875.54125200189,257,25,0.44503853315785047,0.4576113066109465,0.6572225143785613,0.28702741888705274,333.2727272727273,0.53
type=lease_sandbox_idle_timeout_s=0_ablate=_sandbox_cold_start_s=3.0_rate_per_min=2.0_think_snr=0.9_seed=4,lease,0,,3.0,2.0,0.9,lease,4,811,686,3,0.0043541364296081275,0.017241379310344827,686,119.99189309454323,2017.1569038757111,19.584200166903884,600.0000000000005,0,125,0,0,0,0.002759450439122277,0.33110611667416007,2888150299.4874067,4865.009750070953,18,591.1539554200319,504.8879566954579,744600.0,1712.9825840536591,232,38,0.6120036502676763,0.6146941917326365,0.6756089881831132,0.33678993773817606,374.1818181818182,0.49
type=lease_sandbox_idle_timeout_s=0_ablate=_sandbox_cold_start_s=3.0_rate_per_min=2.0_think_snr=0.9_seed=5,lease,0,,3.0,2.0,0.9,lease,5,988,771,22,0.027742749054224466,0.1,771,196.81502015080434,3326.3241832248445,76.08462924998506,600.0000000000005,0,964,2,0,0,0.008864837824442548,0.3003148257261213,1838806160.6035457,628.1574207981713,9,902.6765173078888,889.0711741707962,875400.0,10379.85394241317,266,12,0.3938736940526079,0.40730367251370037,0.8078359233116421,0.3429465294166119,420.54545454545456,0.68
type=lease_sandbox_idle_timeout_s=0_ablate=_sandbox_cold_start_s=3.0_rate_per_min=2.0_think_snr=0.9_seed=6,lease,0,,3.0,2.0,0.9,lease,6,670,548,13,0.023172905525846704,0.075,548,339.4503503658309,3057.691949124013,25.824389152803676,600.0000000000005,0,450,1,0,0,0.005788316504137708,0.418393656368763,2662426317.325676,3676.7007453934425,29,1510.610127198526,1081.1160230121548,677400.0,7111.673464889502,251,33,0.47891852125220635,0.4977679253683732,0.6342028945342851,0.31347196019916446,298.90909090909093,0.5
type=lease_sandbox_idle_timeout_s=0_ablate=_sandbox_cold_start_s=3.0_rate_per_min=2.0_think_snr=0.9_seed=7,lease,0,,3.0,2.0,0.9,lease,7,809,646,8,0.012232415902140673,0.037209302325581395,646,198.56844960964463,2048.480000073319,36.08715050517674,600.0000000000005,0,360,1,0,0,0.008931013309534894,0.34230861806061985,1541852233.1709132,4238.249118631817,21,790.3982924267366,585.4656417281062,869400.0,6709.310989705689,239,25,0.4892317030388432,0.49756579717093213,0.707132632693117,0.301402553232552,352.3636363636364,0.54
type=lease_sandbox_idle_timeout_s=0_ablate=_sandbox_cold_start_s=3.0_rate_per_min=2.0_think_snr=0.9_seed=8,lease,0,,3.0,2.0,0.9,lease,8,861,681,6,0.008733624454148471,0.03550295857988166,681,247.64271686750567,3039.88597222085,22.554854427714872,600.0000000000005,0,610,0,0,0,0.00761456052715915,0.42993777015319073,3452559393.15505,3454.0164098952064,14,899.4268292500201,865.0189139638405,795000.0,9497.599395738045,298,16,0.4558124649074781,0.46126157552883174,0.7126916941004597,0.3388092828752355,371.4545454545455,0.58
type=lease_sandbox_idle_timeout_s=0_ablate=_sandbox_cold_start_s=3.0_rate_per_min=2.0_think_snr=0.9_seed=9,lease,0,,3.0,2.0,0.9,lease,9,888,689,15,0.02130681818181818,0.08021390374331551,689,369.89651611466866,2832.7790501226577,63.54800215416385,600.0000000000005,0,688,1,0,0,0.003970204086082098,0.3292639408811929,991280342.8418826,669.7035195928189,7,685.5421263757326,651.8564755529759,898800.0,15119.999400057766,309,11,0.4071314400561565,0.41904026345765993,0.8248929036357162,0.29946486313988374,375.8181818181818,0.64
type=lease_sandbox_idle_timeout_s=0_ablate=_sandbox_cold_start_s=3.0_rate_per_min=2.0_think_snr=0.9_seed=10,lease,0,,3.0,2.0,0.9,lease,10,704,600,5,0.008264462809917356,0.03731343283582089,600,241.8649907001203,1899.419157349674,58.67576407919406,600.0,0,157,1,0,0,0.0042675640715537895,0.27783610839575584,1149767883.170302,522.3452471480989,8,1292.6986212309912,990.2576867086646,670200.0,4465.136673898627,259,18,0.5962043487414116,0.6021954849323816,0.7446177595668221,0.3204759449128079,327.2727272727273,0.53
type=lease_sandbox_idle_timeout_s=0_ablate=_sandbox_cold_start_s=30.0_rate_per_min=2.0_think_snr=0.0_seed=1,lease,0,,30.0,2.0,0.0,lease,1,653,552,1,0.0018083182640144665,0.006369426751592357,552,200.3023082545692,1591.6595315683996,48.250623579058605,600.0000000000002,0,107,1,0,0,0.001058155375116357,0.2763211698238844,2110012510.257766,1368.1948719138977,7,2455.6931575318617,1036.743448449125,825000.0,4317.28079381847,296,69,0.6663482640903275,0.667896375681568,0.6914347232177545,0.3484969560397222,301.0909090909091,0.47
type=lease_sandbox_idle_timeout_s=0_ablate=_sandbox_cold_start_s=30.0_rate_per_min=2.0_think_snr=0.0_seed=2,lease,0,,30.0,2.0,0.0,lease,2,730,578,5,0.008576329331046312,0.034482758620689655,578,312.6287240429542,2042.538325660535,50.05173704291573,600.0,0,301,3,0,0,0.005879964621687444,0.26562506921843654,1564317381.438926,244.45836500376413,0,1902.2740963899944,1366.3917169361234,794400.0,9947.835046353866,248,37,0.5082149303202587,0.5118558307145782,0.7003645443457007,0.37591735408901256,315.2727272727273,0.52
type=lease_sandbox_idle_timeout_s=0_ablate=_sandbox_cold_start_s=30.0_rate_per_min=2.0_think_snr=0.0_seed=3,lease,0,,30.0,2.0,0.0,lease,3,807,618,13,0.020602218700475437,0.0736196319018405,618,157.0770618230531,2101.636609165553,43.40561857888638,600.0000000000005,0,456,1,0,0,0.004366971751922723,0.36701996904893863,2415805819.059845,1454.3145552864823,7,1397.2926357317128,636.9505179211824,844800.0,8839.829963627013,268,30,0.45498553660763186,0.468569442258476,0.6733239643834176,0.3545171987835982,337.0909090909091,0.53
type=lease_sandbox_idle_timeout_s=0_ablate=_sandbox_cold_start_s=30.0_rate_per_min=2.0_think_snr=0.0_seed=4,lease,0,,30.0,2.0,0.0,lease,4,754,639,5,0.007763975155279503,0.023529411764705882,639,151.25453480013948,1916.3858446405397,22.791687150463304,600.0000000000005,0,113,1,0,0,0.00721339407797201,0.27713086761100475,2126655628.39905,0.0,0,1327.7926126922282,955.9496201493764,747600.0,1474.866775185451,250,37,0.6713082019952047,0.6766833950972319,0.6770138961975525,0.3792839234070627,348.54545454545456,0.48
type=lease_sandbox_idle_timeout_s=0_ablate=_sandbox_cold_start_s=30.0_rate_per_min=2.0_think_snr=0.0_seed=5,lease,0,,30.0,2.0,0.0,lease,5,1010,787,19,0.02357320099255583,0.08450704225352113,787,182.37934440630556,3090.6188289455654,67.24139507778065,600.0000000000005,0,970,1,0,0,0.007513973379951181,0.20065574897049343,1922548821.0428267,0.0,0,1046.4664258757778,1026.6419920322637,966600.0,16447.161080411024,295,6,0.4122768286663286,0.42715576404453415,0.8235082528611436,0.40701574130521784,429.2727272727273,0.7
type=lease_sandbox_idle_timeout_s=0_ablate=_sandbox_cold_start_s=30.0_rate_per_min=2.0_think_snr=0.0_seed=6,lease,0,,30.0,2.0,0.0,lease,6,625,503,10,0.01949317738791423,0.06711409395973154,503,411.7466135662976,3291.2348367707664,32.37732847669643,600.0000000000005,0,381,2,0,0,0.00749792762718075,0.37317509681675176,3155250320.488256,0.0,0,1786.9868210325576,1310.766539286738,673200.0,7139.7196503157265,252,30,0.510336159811861,0.5256467711911659,0.6221765148803744,0.34444522979700004,274.3636363636364,0.47
type=lease_sandbox_idle_timeout_s=0_ablate=_sandbox_cold_start_s=30.0_rate_per_min=2.0_think_snr=0.0_seed=7,lease,0,,30.0,2.0,0.0,lease,7,791,622,7,0.011128775834658187,0.03349282296650718,622,246.38240307446108,2011.7671353912137,49.93647293593386,600.0000000000005,0,353,1,0,0,0.009392069644705963,0.3114795297876949,1874629060.4957743,162.14745610970704,0,1446.425619434824,1289.898452056876,899400.0,8988.05698033805,245,27,0.48106104842507513,0.4881239674891181,0.6852492428774929,0.35457163350605203,339.2727272727273,0.53
type=lease_sandbox_idle_timeout_s=0_ablate=_sandbox_cold_start_s=30.0_rate_per_min=2.0_think_snr=0.0_seed=8,lease,0,,30.0,2.0,0.0,lease,8,871,699,6,0.00851063829787234,0.034482758620689655,699,231.49178542946902,2963.6789700379404,29.662801174132074,600.0000000000005,0,564,0,0,0,0.0019581927958981114,0.3695130275404214,3172424899.6733675,0.0,0,1480.752179053543,1299.0923406010963,879600.0,10390.019162471752,304,17,0.47515155574137924,0.4813244578502055,0.7116855134275447,0.38105878689558903,381.2727272727273,0.57
type=lease_sandbox_idle_timeout_s=0_ablate=_sandbox_cold_start_s=30.0_rate_per_min=2.0_think_snr=0.0_seed=9,lease,0,,30.0,2.0,0.0,lease,9,849,664,16,0.023529411764705882,0.08888888888888889,664,354.6408515896642,2675.7014253743696,32.171239032143255,600.0000000000005,0,622,2,0,0,0.0041950073107409405,0.30495211940944,1828058906.7546105,0.0,0,1791.8706839988483,1598.3141509129132,833400.0,13760.574451443,293,17,0.4493979392221182,0.46499007480989724,0.7514289518826083,0.3792492898646235,362.1818181818182,0.59
type=lease_sandbox_idle_timeout_s=0_ablate=_sandbox_cold_start_s=30.0_rate_per_min=2.0_think_snr=0.0_seed=10,lease,0,,30.0,2.0,0.0,lease,10,711,607,3,0.004918032786885246,0.02158273381294964,607,239.71674851938633,1896.5216656589062,32.5959422479955,600.0000000000005,0,134,1,0,0,0.004054307456329599,0.24037037226023422,1970564519.9730814,130.44814881819912,0,3468.6537613662695,2853.4906870594996,642600.0,6316.642255865167,245,25,0.6167207658601742,0.6206369076735018,0.6868640798570642,0.41242845737348927,331.0909090909091,0.48
type=lease_sandbox_idle_timeout_s=0_ablate=_sandbox_cold_start_s=30.0_rate_per_min=2.0_think_snr=0.9_seed=1,lease,0,,30.0,2.0,0.9,lease,1,644,533,2,0.003738317757009346,0.006666666666666667,533,257.3636552787898,1569.0766614635093,54.38757347286474,600.0000000000005,0,146,2,0,0,0.008562273457832479,0.26731905142520357,1804089113.915386,864.4046802330797,6,2758.098811900927,1414.338290647338,805200.0,5442.840376741724,309,43,0.6021053592009074,0.603012567467886,0.7101637598946193,0.35426455318347266,290.72727272727275,0.49
type=lease_sandbox_idle_timeout_s=0_ablate=_sandbox_cold_start_s=30.0_rate_per_min=2.0_think_snr=0.9_seed=2,lease,0,,30.0,2.0,0.9,lease,2,728,568,7,0.01217391304347826,0.04827586206896552,568,311.8885032614885,2227.1562188718385,42.65525791913023,600.0000000000005,0,321,1,0,0,0.004635807289817725,0.2926943247839248,1995148886.5546865,8.210246769959213,1,2242.466918959293,1720.5516048532768,755400.0,8627.822952194145,258,26,0.4743621681587736,0.48017297003298953,0.688807274758806,0.38165522917642425,309.8181818181818,0.51
type=lease_sandbox_idle_timeout_s=0_ablate=_sandbox_cold_start_s=30.0_rate_per_min=2.0_think_snr=0.9_seed=3,lease,0,,30.0,2.0,0.9,lease,3,791,611,13,0.020833333333333332,0.0718562874251497,611,141.4419887346794,2013.6374231422192,49.167916594822735,600.0000000000005,0,497,0,0,0,0.0033789080444948517,0.37122081382148897,2952168731.8316975,1092.650133871813,1,1301.6770517527127,644.8739214978232,799800.0,9192.250670602458,253,30,0.46458452081024937,0.47792817751179806,0.63140785365676,0.33987750850275694,333.2727272727273,0.52
type=lease_sandbox_idle_timeout_s=0_ablate=_sandbox_cold_start_s=30.0_rate_per_min=2.0_think_snr=0.9_seed=4,lease,0,,30.0,2.0,0.9,lease,4,798,667,4,0.005961251862891207,0.023668639053254437,667,157.11327474102745,1908.3948110840909,15.98213346065065,600.0000000000005,0,129,1,0,0,0.0035504773584292236,0.29811396954626457,2941236290.3703966,350.41084333848994,1,1349.6351956102826,834.8828040931367,731400.0,2799.41616277897,221,40,0.6241263648701465,0.6286868467142175,0.652604333879662,0.3841455775970881,363.8181818181818,0.48
type=lease_sandbox_idle_timeout_s=0_ablate=_sandbox_cold_start_s=30.0_rate_per_min=2.0_think_snr=0.9_seed=5,lease,0,,30.0,2.0,0.9,lease,5,1002,782,18,0.0225,0.08173076923076923,782,193.86697956077558,3396.963843724561,47.3571823204164,600.0000000000005,0,968,0,0,0,0.008352114367952296,0.25030444297730403,2377815852.6476817,0.0,0,1045.388434228988,1037.216411879433,867600.0,11488.158794068799,272,7,0.4136446574928265,0.42675903142568633,0.7796973434383903,0.4180951573952326,426.54545454545456,0.67
type=lease_sandbox_idle_timeout_s=0_ablate=_sandbox_cold_start_s=30.0_rate_per_min=2.0_think_snr=0.9_seed=6,lease,0,,30.0,2.0,0.9,lease,6,658,527,11,0.020446096654275093,0.07051282051282051,527,395.84779680749625,3224.5163607464665,33.257589473799115,600.0000000000005,0,432,2,0,0,0.00988316494766382,0.3908783719607424,3277499719.436524,0.0,0,1933.8588482539296,1417.3524224934426,663000.0,7577.205930097817,243,34,0.4795558877976775,0.4950899224324094,0.5999172606918545,0.35544990657911063,287.45454545454544,0.48
type=lease_sandbox_idle_timeout_s=0_ablate=_sandbox_cold_start_s=30.0_rate_per_min=2.0_think_snr=0.9_seed=7,lease,0,,30.0,2.0,0.9,lease,7,790,621,7,0.011146496815286623,0.03365384615384615,621,220.82697894312378,2037.644422266569,24.9164960673613,600.0000000000005,0,387,0,0,0,0.008186427048377947,0.30353940394022116,2257552227.79278,0.0,0,1192.3844363407036,992.4054014659064,847200.0,7149.183972880318,236,30,0.5100158717419699,0.5167719290612043,0.6569128908759065,0.3658178604942234,338.72727272727275,0.51
type=lease_sandbox_idle_timeout_s=0_ablate=_sandbox_cold_start_s=30.0_rate_per_min=2.0_think_snr=0.9_seed=8,lease,0,,30.0,2.0,0.9,lease,8,856,667,9,0.013313609467455622,0.05357142857142857,667,209.42975783987163,3183.8197823544924,18.53247545720552,600.0000000000005,0,621,0,0,0,0.010918819655544452,0.39534132160697943,3713362486.669662,459.59081464500935,1,1481.3206478766563,1336.3993332397956,801600.0,10286.712429622316,292,16,0.46456938872045594,0.474491242836303,0.6690463231999483,0.3782896711947126,363.8181818181818,0.55
type=lease_sandbox_idle_timeout_s=0_ablate=_sandbox_cold_start_s=30.0_rate_per_min=2.0_think_snr=0.9_seed=9,lease,0,,30.0,2.0,0.9,lease,9,886,685,15,0.02142857142857143,0.08241758241758242,685,382.4533168159196,2888.611572552075,41.66869779296956,600.0000000000005,0,720,1,0,0,0.0044090013424907485,0.2855718328408012,1302636348.4600098,0.0,0,1682.957513389324,1644.626444247432,891600.0,16324.678816648779,317,8,0.4241467993748813,0.43826330763849597,0.7902373549881831,0.36186900603478955,373.6363636363636,0.62
type=lease_sandbox_idle_timeout_s=0_ablate=_sandbox_cold_start_s=30.0_rate_per_min=2.0_think_snr=0.9_seed=10,lease,0,,30.0,2.0,0.9,lease,10,688,581,5,0.008532423208191127,0.03816793893129771,581,269.78661405179446,1929.0582018860873,65.26644396148389,600.0000000000005,0,157,1,0,0,0.0035982869601709246,0.21204693005724842,1281845565.0058336,0.0,0,3079.5923079772115,2790.904290271279,661800.0,3828.7159384774864,254,17,0.6000482859118551,0.6083197014498207,0.7240189450919451,0.3828674269381566,316.90909090909093,0.49
type=lease_sandbox_idle_timeout_s=0_ablate=_sandbox_cold_start_s=90.0_rate_per_min=2.0_think_snr=0.0_seed=1,lease,0,,90.0,2.0,0.0,lease,1,643,535,1,0.0018656716417910447,0.006535947712418301,535,264.4487070019477,1511.9045107685693,14.25659350588472,600.0000000000005,0,128,1,0,0,0.00299918168051499,0.23308572782735495,3269026443.822165,0.0,0,4989.172321873259,2065.8425782821705,811800.0,5367.4099105797095,298,46,0.6804910561148098,0.6819399785875272,0.6262206975119787,0.4606695378185617,291.8181818181818,0.45
type=lease_sandbox_idle_timeout_s=0_ablate=_sandbox_cold_start_s=90.0_rate_per_min=2.0_think_snr=0.0_seed=2,lease,0,,90.0,2.0,0.0,lease,2,704,545,8,0.014466546112115732,0.05755395683453238,545,352.0976381072178,2187.6345381139313,21.367298312129915,600.0000000000005,0,344,0,0,0,0.005778847394745009,0.2311848920292291,2986716901.1782513,0.0,0,2612.113305998988,1773.3001943269005,773400.0,11108.881222029246,249,27,0.51731213333415,0.5245427302671104,0.6179605920624515,0.4764467196075588,297.2727272727273,0.47
type=lease_sandbox_idle_timeout_s=0_ablate=_sandbox_cold_start_s=90.0_rate_per_min=2.0_think_snr=0.0_seed=3,lease,0,,90.0,2.0,0.0,lease,3,771,580,12,0.02027027027027027,0.07547169811320754,580,182.371173682036,2048.709415383921,17.8613103784103,600.0000000000005,0,522,1,0,0,0.0032395650970333503,0.2960602994731877,3522046309.444404,0.0,0,1465.451074222533,784.4905087811455,800400.0,9081.886812485838,251,24,0.4680734253327178,0.48115768870700043,0.5942989644400739,0.4573815658972994,316.3636363636364,0.49
type=lease_sandbox_idle_timeout_s=0_ablate=_sandbox_cold_start_s=90.0_rate_per_min=2.0_think_snr=0.0_seed=4,lease,0,,90.0,2.0,0.0,lease,4,714,592,5,0.008375209380234505,0.03048780487804878,592,257.9510536248281,2106.8644835041746,14.187543762052641,600.0000000000005,0,131,0,0,0,0.010443259950494511,0.20741343062652634,3250007670.2693605,0.0,0,2464.4547013391884,1960.2589001136218,730800.0,3943.056938582608,228,18,0.6467694371741144,0.6520532371067943,0.6094844275446776,0.46938883465774145,322.90909090909093,0.43
type=lease_sandbox_idle_timeout_s=0_ablate=_sandbox_cold_start_s=90.0_rate_per_min=2.0_think_snr=0.0_seed=5,lease,0,,90.0,2.0,0.0,lease,5,969,739,23,0.030183727034120734,0.10377358490566038,739,174.49105383181177,3421.210388470754,37.38514620418451,600.0000000000005,0,1057,2,0,0,0.014406158936482755,0.1557780149773785,3168369559.6465816,0.0,0,983.2828499008303,980.4460195825264,937200.0,18586.219518111462,293,3,0.42029003513807517,0.43685413061928285,0.7565837755439005,0.5267339844781463,403.0909090909091,0.65
type=lease_sandbox_idle_timeout_s=0_ablate=_sandbox_cold_start_s=90.0_rate_per_min=2.0_think_snr=0.0_seed=6,lease,0,,90.0,2.0,0.0,lease,6,605,476,9,0.018556701030927835,0.061224489795918366,476,420.59937827637793,3144.293117717255,9.05880067830854,600.0000000000005,0,454,0,0,0,0.00744207499810211,0.3033652237586323,4491001897.92151,0.0,0,1835.865701303576,1428.2312315825814,653400.0,7553.630921349082,254,24,0.5262514519247901,0.5401648347314614,0.5520103452837671,0.44845277502919806,259.6363636363636,0.44
type=lease_sandbox_idle_timeout_s=0_ablate=_sandbox_cold_start_s=90.0_rate_per_min=2.0_think_snr=0.0_seed=7,lease,0,,90.0,2.0,0.0,lease,7,761,581,8,0.013582342954159592,0.03980099502487562,581,290.8746517887512,1867.8238885980943,19.63168886537172,600.0000000000005,0,435,0,0,0,0.011712528012299486,0.2348247477934915,3209518811.0371866,0.0,0,1556.1591207423435,1298.6331671528862,862200.0,10104.386606766147,235,20,0.5092862852454836,0.5169113946781057,0.6027783507268195,0.46182302713032974,316.90909090909093,0.5
type=lease_sandbox_idle_timeout_s=0_ablate=_sandbox_cold_start_s=90.0_rate_per_min=2.0_think_snr=0.0_seed=8,lease,0,,90.0,2.0,0.0,lease,8,826,649,13,0.019637462235649546,0.07303370786516854,649,311.2436750408417,3355.6654279314453,7.439825661330214,600.0000000000005,0,687,0,0,0,0.007715211466482277,0.3203266907162538,4819028312.321957,0.0,0,1790.3333697051203,1647.1079918551857,849000.0,11437.980343853746,282,6,0.4789770003557216,0.49151886466651123,0.6187197471469503,0.46668500206133046,354.0,0.53
type=lease_sandbox_idle_timeout_s=0_ablate=_sandbox_cold_start_s=90.0_rate_per_min=2.0_think_snr=0.0_seed=9,lease,0,,90.0,2.0,0.0,lease,9,822,620,19,0.0297339593114241,0.10795454545454546,620,441.1864922386619,2822.2929143722517,11.68513241153252,600.0000000000005,0,714,1,0,0,0.010987113302289294,0.25131917584141716,3933386263.9086018,0.0,0,1946.4566305516323,1877.001197939307,785400.0,14752.33316146428,284,3,0.4502067756555127,0.4667297888067509,0.6444839178888242,0.4887116025797542,338.1818181818182,0.54
type=lease_sandbox_idle_timeout_s=0_ablate=_sandbox_cold_start_s=90.0_rate_per_min=2.0_think_snr=0.0_seed=10,lease,0,,90.0,2.0,0.0,lease,10,681,578,2,0.0034482758620689655,0.015384615384615385,578,359.3615316669617,1963.2227837584282,5.772950735572449,600.0000000000002,0,165,0,0,0,0.0027630430478478136,0.20307168385855917,3507465449.735679,0.0,0,5272.123966065341,5070.433359776205,609600.0,7214.073956854018,236,9,0.6237133751550036,0.6256940470001675,0.5885775844300376,0.5104520917464145,315.2727272727273,0.43
type=lease_sandbox_idle_timeout_s=0_ablate=_sandbox_cold_start_s=90.0_rate_per_min=2.0_think_snr=0.9_seed=1,lease,0,,90.0,2.0,0.9,lease,1,622,498,3,0.005988023952095809,0.0136986301369863,498,322.93117985630454,1781.8501127091138,28.39166983900046,600.0000000000005,0,187,0,0,0,0.005526052142038369,0.21468716732158288,2830186439.643535,352.16971732950196,1,5057.540100801083,1965.7861776656996,784200.0,6833.792345059558,310,42,0.6066748240312348,0.609528397898739,0.6398475002387659,0.45784410980512336,271.6363636363636,0.45
type=lease_sandbox_idle_timeout_s=0_ablate=_sandbox_cold_start_s=90.0_rate_per_min=2.0_think_snr=0.9_seed=2,lease,0,,90.0,2.0,0.9,lease,2,692,520,7,0.013282732447817837,0.050724637681159424,520,397.81964036710417,2266.7714555380235,26.726339109249682,600.0000000000005,0,377,2,0,0,0.005166857908731323,0.23965822274301368,3107867074.7233973,0.0,0,2535.601481906919,1443.1953824730426,709200.0,10048.270248930494,242,21,0.4816788013147606,0.4870214403355092,0.611198687771141,0.4736739212971737,283.6363636363636,0.46
type=lease_sandbox_idle_timeout_s=0_ablate=_sandbox_cold_start_s=90.0_rate_per_min=2.0_think_snr=0.9_seed=3,lease,0,,90.0,2.0,0.9,lease,3,769,579,13,0.02195945945945946,0.07453416149068323,579,149.28245780197403,2026.0830828122464,23.42173673315802,600.0000000000005,0,513,2,0,0,0.008133306755589443,0.3288107504949498,3653139481.5035696,0.0,0,1481.6911671809899,659.1145847221371,782400.0,9701.412268945402,246,27,0.46223939536480785,0.47523206300982096,0.5810231370556527,0.4273169548293334,315.8181818181818,0.47
type=lease_sandbox_idle_timeout_s=0_ablate=_sandbox_cold_start_s=90.0_rate_per_min=2.0_think_snr=0.9_seed=4,lease,0,,90.0,2.0,0.9,lease,4,758,620,4,0.00641025641025641,0.024844720496894408,620,241.4851371452079,2035.6513331884523,5.565607643393639,600.0000000000005,0,151,0,0,0,0.0037478333889655567,0.1995170383911945,3696144845.57496,0.0,0,2405.4706099838945,1563.7819573439647,708000.0,3433.649439584851,206,22,0.6293667829954012,0.6342327551903136,0.5810206738660645,0.49219810361949523,338.1818181818182,0.44
type=lease_sandbox_idle_timeout_s=0_ablate=_sandbox_cold_start_s=90.0_rate_per_min=2.0_think_snr=0.9_seed=5,lease,0,,90.0,2.0,0.9,lease,5,956,729,22,0.02929427430093209,0.09900990099009901,729,187.0318523485314,3557.8574489000775,13.14758319860118,600.0000000000005,0,1049,1,0,0,0.01298386344480387,0.18623449741406392,4047676561.391076,0.0,0,1172.3661212949053,1170.3892765705123,845400.0,14043.754743930653,265,2,0.4399083521870584,0.458101764681321,0.693067151664886,0.542255914287448,397.6363636363636,0.6
type=lease_sandbox_idle_timeout_s=0_ablate=_sandbox_cold_start_s=90.0_rate_per_min=2.0_think_snr=0.9_seed=6,lease,0,,90.0,2.0,0.9,lease,6,633,490,14,0.027777777777777776,0.08552631578947369,490,384.52157873003034,3120.5526632170445,11.34426545974111,600.0000000000005,0,509,0,0,0,0.007758004642923942,0.33894485658291196,4348663278.631254,0.0,0,1735.3386808634393,1268.7459156896607,632400.0,8715.313555455645,228,30,0.487757891185935,0.5072952697766584,0.5390880484532828,0.43312866791827026,267.2727272727273,0.45
type=lease_sandbox_idle_timeout_s=0_ablate=_sandbox_cold_start_s=90.0_rate_per_min=2.0_think_snr=0.9_seed=7,lease,0,,90.0,2.0,0.9,lease,7,741,563,6,0.01054481546572935,0.03,563,277.2775621485637,2265.6789483838097,14.175365121692415,600.0000000000005,0,479,0,0,0,0.0021347886121081774,0.22860555724671366,3335798674.2177286,0.0,0,1478.9207237334515,1291.7500297719412,802200.0,6958.82915588923,212,26,0.5011420365111591,0.5086496090635102,0.5890500778457654,0.45832045813635097,307.0909090909091,0.47
type=lease_sandbox_idle_timeout_s=0_ablate=_sandbox_cold_start_s=90.0_rate_per_min=2.0_think_snr=0.9_seed=8,lease,0,,90.0,2.0,0.9,lease,8,790,598,10,0.01644736842105263,0.059880239520958084,598,239.34490058179847,3603.4313814345755,5.383453517348762,600.0000000000005,0,705,0,0,0,0.009736424465113688,0.3513232281516822,5238522786.377002,329.5929301745748,1,1497.1361262132496,1353.187854309445,768600.0,11404.31540095366,274,5,0.4565172186575956,0.4657389892586689,0.5792396316975849,0.4567343627860317,326.1818181818182,0.5
type=lease_sandbox_idle_timeout_s=0_ablate=_sandbox_cold_start_s=90.0_rate_per_min=2.0_think_snr=0.9_seed=9,lease,0,,90.0,2.0,0.9,lease,9,859,653,18,0.026825633383010434,0.09944751381215469,653,511.92539501647366,3414.3630925584007,24.709649395123815,600.0000000000005,0,785,0,0,0,0.004193041831394122,0.2340942338091991,2862922092.137938,0.0,0,2247.6848724176484,2210.202579718266,879000.0,17263.154729487447,311,2,0.43661627921382745,0.4532849894503211,0.704899475046944,0.47971473899087114,356.1818181818182,0.57
type=lease_sandbox_idle_timeout_s=0_ablate=_sandbox_cold_start_s=90.0_rate_per_min=2.0_think_snr=0.9_seed=10,lease,0,,90.0,2.0,0.9,lease,10,684,579,3,0.005154639175257732,0.022900763358778626,579,355.6227744278044,1949.4411032857422,21.333378634218306,600.0000000000005,0,182,1,0,0,0.003589182669288184,0.1591035059026127,2667220285.0118103,0.0,0,5417.5292635762935,5180.85517717499,661800.0,7735.73635058028,256,13,0.6351191222323326,0.6396599438635299,0.6368837349132349,0.5112584745688229,315.8181818181818,0.46
type=lease_sandbox_idle_timeout_s=0_ablate=prewarm_sandbox_cold_start_s=3.0_rate_per_min=2.0_think_snr=0.0_seed=1,lease,0,prewarm,3.0,2.0,0.0,lease,1,655,559,1,0.0017857142857142857,0.00641025641025641,559,166.621666082905,1509.4882519074245,47.76011478253253,600.0,0,103,0,0,0,0.00041630062362523927,0.3479932752211132,2076667257.9469686,0.0,0,1064.0081321598518,410.1358756292884,829800.0,3385.275609249789,306,88,0.6693272207777571,0.67090400778418,0.6995263475216913,0.28401447621827486,304.90909090909093,0.48
type=lease_sandbox_idle_timeout_s=0_ablate=prewarm_sandbox_cold_start_s=3.0_rate_per_min=2.0_think_snr=0.0_seed=2,lease,0,prewarm,3.0,2.0,0.0,lease,2,743,594,4,0.006688963210702341,0.027586206896551724,594,298.1925004646864,2375.9161282445043,51.621895006732984,600.0000000000005,0,296,4,0,0,0.00506560680088165,0.3042750412352717,1122004493.1757488,0.0,0,939.6059751725966,582.4756277716174,802200.0,8894.571028548406,255,38,0.4907675115568916,0.4944629741312592,0.7359453844939782,0.3157178712210857,324.0,0.54
type=lease_sandbox_idle_timeout_s=0_ablate=prewarm_sandbox_cold_start_s=3.0_rate_per_min=2.0_think_snr=0.0_seed=3,lease,0,prewarm,3.0,2.0,0.0,lease,3,807,624,13,0.02040816326530612,0.07142857142857142,624,152.31952854079577,2083.9094528929368,50.525731152001505,600.0000000000005,0,434,1,0,0,0.00303341200648222,0.4117984675526729,1997388299.694095,0.0,0,1086.2954920541792,509.5652824004055,845400.0,8733.395491788979,275,28,0.4287132997481566,0.4415398822407049,0.6989794951316045,0.28907232381845566,340.3636363636364,0.55
type=lease_sandbox_idle_timeout_s=0_ablate=prewarm_sandbox_cold_start_s=3.0_rate_per_min=2.0_think_snr=0.0_seed=4,lease,0,prewarm,3.0,2.0,0.0,lease,4,760,650,6,0.009146341463414634,0.02824858757062147,650,124.1574938153301,1845.7560134239902,21.661001917846026,600.0000000000005,0,109,3,0,0,0.008138708210296525,0.34429258884702557,2204920700.181539,0.0,0,577.7759134189639,267.6385401989462,744000.0,1152.1140108237673,258,57,0.6534774618392144,0.659183952419258,0.6976636841936998,0.32501823318822515,354.54545454545456,0.49
type=lease_sandbox_idle_timeout_s=0_ablate=prewarm_sandbox_cold_start_s=3.0_rate_per_min=2.0_think_snr=0.0_seed=5,lease,0,prewarm,3.0,2.0,0.0,lease,5,1008,794,18,0.022167487684729065,0.07906976744186046,794,213.64943475752142,3541.059559223473,99.19473550557062,600.0000000000005,0,950,0,0,0,0.008140742313647488,0.26251160475251206,1675010969.4892898,0.0,0,916.0932559096063,898.2693612473062,976200.0,17143.77594415882,308,10,0.3948171739365019,0.4077587413497623,0.8476023451057044,0.3307524247451868,433.0909090909091,0.72
type=lease_sandbox_idle_timeout_s=0_ablate=prewarm_sandbox_cold_start_s=3.0_rate_per_min=2.0_think_snr=0.0_seed=6,lease,0,prewarm,3.0,2.0,0.0,lease,6,633,504,9,0.017543859649122806,0.060810810810810814,504,387.3726659820326,3482.9346071472914,51.98753777114405,600.0000000000005,0,377,3,0,0,0.006119556594242605,0.39893410828477066,2630074253.128821,0.0,0,1465.722219945214,1063.7105510513773,675600.0,6394.569489706334,252,32,0.4890108925232074,0.5019121807878946,0.6484210554665242,0.30592372538724016,274.90909090909093,0.49
type=lease_sandbox_idle_timeout_s=0_ablate=prewarm_sandbox_cold_start_s=3.0_rate_per_min=2.0_think_snr=0.0_seed=7,lease,0,prewarm,3.0,2.0,0.0,lease,7,800,636,7,0.01088646967340591,0.03317535545023697,636,209.14303564793045,2052.2579786704728,78.27842015930204,600.0000000000005,0,340,0,0,0,0.008929864600199714,0.35454721632612574,1588262233.0446527,0.0,0,1386.9441855757584,1105.5208064453718,904800.0,8246.777279395501,250,32,0.44886562606200386,0.4554794954177069,0.7159582449535419,0.2972517563737862,346.90909090909093,0.55
type=lease_sandbox_idle_timeout_s=0_ablate=prewarm_sandbox_cold_start_s=3.0_rate_per_min=2.0_think_snr=0.0_seed=8,lease,0,prewarm,3.0,2.0,0.0,lease,8,878,705,8,0.011220196353436185,0.0449438202247191,705,220.23064517236548,3077.107480708708,19.70109498951909,600.0000000000005,0,600,0,0,0,0.009132738683763344,0.453870053982509,3233797625.0182476,0.0,0,838.0624804911782,647.3203696796695,885000.0,10319.13353697057,303,21,0.4642345859004753,0.4718076604143261,0.7254247952967172,0.33631674215250895,384.54545454545456,0.58
type=lease_sandbox_idle_timeout_s=0_ablate=prewarm_sandbox_cold_start_s=3.0_rate_per_min=2.0_think_snr=0.0_seed=9,lease,0,prewarm,3.0,2.0,0.0,lease,9,854,666,14,0.020588235294117647,0.07692307692307693,666,309.01080834941735,2940.702948043444,40.52748371712411,600.0000000000005,0,570,1,0,0,0.002969253519263658,0.3450423606967246,1373681277.6981795,0.0,0,670.43073433517,617.0040234800392,830400.0,12869.030185382886,298,18,0.4424901240906289,0.45670663285569263,0.7892511635910386,0.319250580286224,363.2727272727273,0.6
type=lease_sandbox_idle_timeout_s=0_ablate=prewarm_sandbox_cold_start_s=3.0_rate_per_min=2.0_think_snr=0.0_seed=10,lease,0,prewarm,3.0,2.0,0.0,lease,10,720,615,3,0.0048543689320388345,0.021897810218978103,615,230.13613996952063,1872.0315766260087,50.66275097907738,600.0,0,130,0,0,0,0.003262265999682992,0.27141869424528475,1439520998.0353005,0.0,0,1472.4680833462219,888.0510667918311,636000.0,4579.002267894848,246,29,0.5958156393719541,0.5995186549904885,0.7271693853438229,0.34601006952711183,335.4545454545455,0.51
type=lease_sandbox_idle_timeout_s=0_ablate=prewarm_sandbox_cold_start_s=3.0_rate_per_min=2.0_think_snr=0.9_seed=1,lease,0,prewarm,3.0,2.0,0.9,lease,1,638,527,2,0.003780718336483932,0.006622516556291391,527,290.0934937364659,1726.1877088786134,75.03792949098083,600.0000000000005,0,134,3,0,0,0.008124858493601698,0.3112606234094391,1616767983.8125494,0.0,0,798.0253595154114,585.0257694698439,803400.0,5195.5485751757105,312,51,0.5672582201205971,0.5680170602759502,0.7350498558542153,0.28028036449221516,287.45454545454544,0.5
type=lease_sandbox_idle_timeout_s=0_ablate=prewarm_sandbox_cold_start_s=3.0_rate_per_min=2.0_think_snr=0.9_seed=2,lease,0,prewarm,3.0,2.0,0.9,lease,2,731,571,5,0.008680555555555556,0.03546099290780142,571,316.55648413765357,2333.203567019607,86.21549876726958,600.0000000000005,0,312,5,0,0,0.0043667627692595265,0.33468526156068207,1445253263.2134259,0.0,0,1226.2796823720391,878.9542346564153,747000.0,8817.57669223545,255,32,0.43545969324475026,0.43985974419469376,0.7174882318537944,0.31822238834521993,311.45454545454544,0.54
type=lease_sandbox_idle_timeout_s=0_ablate=prewarm_sandbox_cold_start_s=3.0_rate_per_min=2.0_think_snr=0.9_seed=3,lease,0,prewarm,3.0,2.0,0.9,lease,3,799,613,14,0.022328548644338118,0.07784431137724551,613,147.52230171829615,1860.309414561542,58.810004795178415,600.0000000000005,0,417,3,0,0,0.004491169441451554,0.44670288300804273,2438895455.6023164,0.0,0,1075.9313052548223,505.8828254628138,778200.0,8210.359202838412,255,31,0.45098106285281614,0.4650264722881824,0.6658105041601916,0.27894221447003265,334.3636363636364,0.52
type=lease_sandbox_idle_timeout_s=0_ablate=prewarm_sandbox_cold_start_s=3.0_rate_per_min=2.0_think_snr=0.9_seed=4,lease,0,prewarm,3.0,2.0,0.9,lease,4,806,683,4,0.005822416302765648,0.022598870056497175,683,136.67269677154854,1841.9135965681958,23.65992526360547,600.0,0,118,0,0,0,0.003511800374612387,0.33751619793000953,2446244027.0237513,0.0,0,605.9120510044431,510.02806498974587,735000.0,1882.6743166296992,235,47,0.6078487054869206,0.6122640355740714,0.6899681787749288,0.3270545015690758,372.54545454545456,0.5
type=lease_sandbox_idle_timeout_s=0_ablate=prewarm_sandbox_cold_start_s=3.0_rate_per_min=2.0_think_snr=0.9_seed=5,lease,0,prewarm,3.0,2.0,0.9,lease,5,1003,781,23,0.028606965174129355,0.1,781,181.55286146478284,3236.507229391722,53.38828647825744,600.0000000000005,0,952,3,0,0,0.010262252829941898,0.3039603493140047,1582457623.7124536,0.0,0,923.415487195929,907.6683217769652,864600.0,11072.053617393398,273,12,0.4034401363460121,0.42109702030702567,0.8110976546272015,0.3519402695186285,426.0,0.67
type=lease_sandbox_idle_timeout_s=0_ablate=prewarm_sandbox_cold_start_s=3.0_rate_per_min=2.0_think_snr=0.9_seed=6,lease,0,prewarm,3.0,2.0,0.9,lease,6,682,550,13,0.023090586145648313,0.08280254777070063,550,343.9835293147296,3013.7781796849486,43.36478701352425,600.0000000000005,0,422,0,0,0,0.0056809012800655605,0.4208599490340147,2516598370.806985,0.0,0,1544.6228032813378,1085.1466698500512,680400.0,6440.866274529382,253,40,0.4773371086298047,0.49627038013752967,0.6438946744204869,0.31021193482142256,300.0,0.51
type=lease_sandbox_idle_timeout_s=0_ablate=prewarm_sandbox_cold_start_s=3.0_rate_per_min=2.0_think_snr=0.9_seed=7,lease,0,prewarm,3.0,2.0,0.9,lease,7,810,649,7,0.010670731707317074,0.03286384976525822,649,206.85125966564067,2075.7686912722934,36.07229374002236,600.0000000000005,0,352,1,0,0,0.010602476534521201,0.33023812139104713,1438279392.3147004,0.0,0,1117.203998859566,534.8287606944045,865800.0,6677.838655607493,240,31,0.4905730894887535,0.4976919432231285,0.705076549889925,0.3081148685355139,354.0,0.53
type=lease_sandbox_idle_timeout_s=0_ablate=prewarm_sandbox_cold_start_s=3.0_rate_per_min=2.0_think_snr=0.9_seed=8,lease,0,prewarm,3.0,2.0,0.9,lease,8,865,673,10,0.014641288433382138,0.052941176470588235,673,229.37688021862346,2949.263688030061,30.324262009918478,600.0000000000005,0,581,2,0,0,0.00930454372180064,0.4408109250435478,3494748071.1813884,0.0,0,876.9006827277453,830.6448346527659,802800.0,9570.24017571102,295,22,0.4396988391778726,0.4490459861340146,0.7103305960324399,0.3228012585577659,367.0909090909091,0.58
type=lease_sandbox_idle_timeout_s=0_ablate=prewarm_sandbox_cold_start_s=3.0_rate_per_min=2.0_think_snr=0.9_seed=9,lease,0,prewarm,3.0,2.0,0.9,lease,9,885,683,17,0.024285714285714285,0.0918918918918919,683,371.39417212893864,3281.8940782156947,61.680118652862824,600.0000000000005,0,702,1,0,0,0.003475659709714476,0.32750944604066745,910821912.9207861,0.0,0,692.6005805909859,649.2818168358685,887400.0,15137.922353041487,313,14,0.39795308384948147,0.4133636998533457,0.8242159647233555,0.2910219524482165,372.54545454545456,0.65
type=lease_sandbox_idle_timeout_s=0_ablate=prewarm_sandbox_cold_start_s=3.0_rate_per_min=2.0_think_snr=0.9_seed=10,lease,0,prewarm,3.0,2.0,0.9,lease,10,702,598,7,0.011570247933884297,0.05185185185185185,598,259.4161832123689,1981.252410204219,62.03960767010973,600.0000000000005,0,158,4,0,0,0.00856108992781279,0.2763991170474804,1057485139.5672921,0.0,0,1293.190350180388,913.9716762239675,669000.0,5419.472538201131,258,20,0.5884637565910235,0.5961573140030922,0.7515263664853665,0.32310397842144123,326.1818181818182,0.53
type=lease_sandbox_idle_timeout_s=0_ablate=prewarm_sandbox_cold_start_s=30.0_rate_per_min=2.0_think_snr=0.0_seed=1,lease,0,prewarm,30.0,2.0,0.0,lease,1,652,550,1,0.0018148820326678765,0.00641025641025641,550,210.75166120109407,1501.235815953284,50.99452875924721,600.0,0,104,1,0,0,0.0019470789368504434,0.27555447599675786,2210375180.411354,0.0,0,2533.3199056236754,1001.6715234841033,817800.0,4206.220555798927,297,67,0.66450579352397,0.6660276178423309,0.6967581454933954,0.35023983181858687,300.0,0.5
type=lease_sandbox_idle_timeout_s=0_ablate=prewarm_sandbox_cold_start_s=30.0_rate_per_min=2.0_think_snr=0.0_seed=2,lease,0,prewarm,30.0,2.0,0.0,lease,2,730,578,5,0.008576329331046312,0.034482758620689655,578,312.6287240429542,2042.538325660535,50.05173704291573,600.0,0,301,3,0,0,0.005879964621687444,0.26562506921843654,1564317381.438926,0.0,0,1902.2740963899944,1366.3917169361234,794400.0,9947.835046353866,248,37,0.5082149303202587,0.5118558307145782,0.7003645443457007,0.37591735408901256,315.2727272727273,0.51
type=lease_sandbox_idle_timeout_s=0_ablate=prewarm_sandbox_cold_start_s=30.0_rate_per_min=2.0_think_snr=0.0_seed=3,lease,0,prewarm,30.0,2.0,0.0,lease,3,801,615,13,0.020700636942675158,0.07228915662650602,615,164.97918126900845,2087.966521635854,37.89516859529435,600.0000000000005,0,458,2,0,0,0.005304142693059138,0.37497493417783084,2651150267.4852557,0.0,0,1406.6859552092549,645.6766011426894,823200.0,8828.918623859441,267,31,0.4527105364157908,0.4662274411173376,0.6636556926719114,0.3523663257191921,335.4545454545455,0.53
type=lease_sandbox_idle_timeout_s=0_ablate=prewarm_sandbox_cold_start_s=30.0_rate_per_min=2.0_think_snr=0.0_seed=4,lease,0,prewarm,30.0,2.0,0.0,lease,4,754,639,5,0.007763975155279503,0.023529411764705882,639,151.25453480013948,1916.3858446405397,22.791687150463304,600.0000000000005,0,113,1,0,0,0.00721339407797201,0.27713086761100475,2126655628.39905,0.0,0,1327.7926126922282,955.9496201493764,747600.0,1474.866775185451,250,37,0.6713082019952047,0.6766833950972319,0.6770138961975525,0.3792839234070627,348.54545454545456,0.48
type=lease_sandbox_idle_timeout_s=0_ablate=prewarm_sandbox_cold_start_s=30.0_rate_per_min=2.0_think_snr=0.0_seed=5,lease,0,prewarm,30.0,2.0,0.0,lease,5,1010,787,19,0.02357320099255583,0.08450704225352113,787,182.37934440630556,3090.6188289455654,67.24139507778065,600.0000000000005,0,970,1,0,0,0.007513973379951181,0.20065574897049343,1922548821.0428267,0.0,0,1046.4664258757778,1026.6419920322637,966600.0,16447.161080411024,295,6,0.4122768286663286,0.42715576404453415,0.8235082528611436,0.40701574130521784,429.2727272727273,0.7
type=lease_sandbox_idle_timeout_s=0_ablate=prewarm_sandbox_cold_start_s=30.0_rate_per_min=2.0_think_snr=0.0_seed=6,lease,0,prewarm,30.0,2.0,0.0,lease,6,625,503,10,0.01949317738791423,0.06711409395973154,503,411.7466135662976,3291.2348367707664,32.37732847669643,600.0000000000005,0,381,2,0,0,0.00749792762718075,0.37317509681675176,3155250320.488256,0.0,0,1786.9868210325576,1310.766539286738,673200.0,7139.7196503157265,252,30,0.510336159811861,0.5256467711911659,0.6221765148803744,0.34444522979700004,274.3636363636364,0.47
type=lease_sandbox_idle_timeout_s=0_ablate=prewarm_sandbox_cold_start_s=30.0_rate_per_min=2.0_think_snr=0.0_seed=7,lease,0,prewarm,30.0,2.0,0.0,lease,7,789,613,5,0.008090614886731391,0.024271844660194174,613,263.6370838614116,2028.4984876687574,55.843133525737684,600.0000000000005,0,346,3,0,0,0.0016675032108943123,0.30287071868185805,1811051322.9147944,0.0,0,1464.9844805721318,1308.4573131941838,882600.0,10096.516178063739,243,27,0.4829775701294599,0.48896366149888115,0.689119425088222,0.3519482759523426,334.3636363636364,0.52
type=lease_sandbox_idle_timeout_s=0_ablate=prewarm_sandbox_cold_start_s=30.0_rate_per_min=2.0_think_snr=0.0_seed=8,lease,0,prewarm,30.0,2.0,0.0,lease,8,871,699,6,0.00851063829787234,0.034482758620689655,699,231.49178542946902,2963.6789700379404,29.662801174132074,600.0000000000005,0,564,0,0,0,0.0019581927958981114,0.3695130275404214,3172424899.6733675,0.0,0,1480.752179053543,1299.0923406010963,879600.0,10390.019162471752,304,17,0.47515155574137924,0.4813244578502055,0.7116855134275447,0.38105878689558903,381.2727272727273,0.57
type=lease_sandbox_idle_timeout_s=0_ablate=prewarm_sandbox_cold_start_s=30.0_rate_per_min=2.0_think_snr=0.0_seed=9,lease,0,prewarm,30.0,2.0,0.0,lease,9,849,664,16,0.023529411764705882,0.08888888888888889,664,354.6408515896642,2675.7014253743696,32.171239032143255,600.0000000000005,0,622,2,0,0,0.0041950073107409405,0.30495211940944,1828058906.7546105,0.0,0,1791.8706839988483,1598.3141509129132,833400.0,13760.574451443,293,17,0.4493979392221182,0.46499007480989724,0.7514289518826083,0.3792492898646235,362.1818181818182,0.59
type=lease_sandbox_idle_timeout_s=0_ablate=prewarm_sandbox_cold_start_s=30.0_rate_per_min=2.0_think_snr=0.0_seed=10,lease,0,prewarm,30.0,2.0,0.0,lease,10,712,612,3,0.004878048780487805,0.02158273381294964,612,240.64271068372977,1915.3407753915667,39.869952711248644,600.0000000000002,0,120,3,0,0,0.004914360420575311,0.2415182198764197,1943335152.7721674,0.0,0,3426.046063537445,2833.2254775827414,642000.0,5992.546853999181,246,25,0.6283244254627797,0.6323414774947592,0.6842420938633127,0.40966622514654794,333.8181818181818,0.48
type=lease_sandbox_idle_timeout_s=0_ablate=prewarm_sandbox_cold_start_s=30.0_rate_per_min=2.0_think_snr=0.9_seed=1,lease,0,prewarm,30.0,2.0,0.9,lease,1,648,533,2,0.003738317757009346,0.006756756756756757,533,271.3527134108572,1777.7130025621425,42.508474023802435,600.0000000000005,0,126,2,0,0,0.008936550527934477,0.26652964192346407,1865006364.6222105,0.0,0,2447.360426890995,1251.3203318968906,814200.0,5109.113744952701,313,45,0.6182610218210929,0.6192685222018864,0.7128233466070967,0.35560458120392757,290.72727272727275,0.49
type=lease_sandbox_idle_timeout_s=0_ablate=prewarm_sandbox_cold_start_s=30.0_rate_per_min=2.0_think_snr=0.9_seed=2,lease,0,prewarm,30.0,2.0,0.9,lease,2,730,570,7,0.012131715771230503,0.047619047619047616,570,316.3290890815971,2042.6245832355046,35.5953458173326,600.0000000000005,0,319,0,0,0,0.004007179341527815,0.292063907945578,2114512413.6065936,0.0,0,2260.1380773474193,1707.7371884845143,760200.0,9292.2872108891,264,26,0.4835689573057559,0.48939065094052225,0.682976826753108,0.38279648063773325,310.90909090909093,0.51
type=lease_sandbox_idle_timeout_s=0_ablate=prewarm_sandbox_cold_start_s=30.0_rate_per_min=2.0_think_snr=0.9_seed=3,lease,0,prewarm,30.0,2.0,0.9,lease,3,787,609,12,0.01932367149758454,0.06666666666666667,609,151.56796796292338,1951.7403502685233,39.44749350536198,600.0000000000005,0,486,2,0,0,0.005016941888731267,0.3687776825223406,2901171396.798717,0.0,0,1333.729258220909,676.9261279660195,801000.0,9191.787207534106,253,30,0.4619854494643357,0.47377806255741733,0.6355409158694315,0.3436946329874039,332.1818181818182,0.52
type=lease_sandbox_idle_timeout_s=0_ablate=prewarm_sandbox_cold_start_s=30.0_rate_per_min=2.0_think_snr=0.9_seed=4,lease,0,prewarm,30.0,2.0,0.9,lease,4,791,662,4,0.006006006006006006,0.023391812865497075,662,147.82704887085424,1886.3439062182974,15.706581139141486,600.0000000000005,0,133,0,0,0,0.003437338868644329,0.29444718775886736,2906254431.275332,0.0,0,1341.1056540898285,827.156943438225,721200.0,2614.975208405155,226,38,0.626486952302587,0.6313028032074605,0.648383695800149,0.3914957343615266,361.0909090909091,0.47
type=lease_sandbox_idle_timeout_s=0_ablate=prewarm_sandbox_cold_start_s=30.0_rate_per_min=2.0_think_snr=0.9_seed=5,lease,0,prewarm,30.0,2.0,0.9,lease,5,1002,782,18,0.0225,0.08173076923076923,782,193.86697956077558,3396.963843724561,47.3571823204164,600.0000000000005,0,968,0,0,0,0.008352114367952296,0.25030444297730403,2377815852.6476817,0.0,0,1045.388434228988,1037.216411879433,867600.0,11488.158794068799,272,7,0.4136446574928265,0.42675903142568633,0.7796973434383903,0.4180951573952326,426.54545454545456,0.67
type=lease_sandbox_idle_timeout_s=0_ablate=prewarm_sandbox_cold_start_s=30.0_rate_per_min=2.0_think_snr=0.9_seed=6,lease,0,prewarm,30.0,2.0,0.9,lease,6,658,527,11,0.020446096654275093,0.07051282051282051,527,395.84779680749625,3224.5163607464665,33.257589473799115,600.0000000000005,0,432,2,0,0,0.00988316494766382,0.3908783719607424,3277499719.436524,0.0,0,1933.8588482539296,1417.3524224934426,663000.0,7577.205930097817,243,34,0.4795558877976775,0.4950899224324094,0.5999172606918545,0.35544990657911063,287.45454545454544,0.49
type=lease_sandbox_idle_timeout_s=0_ablate=prewarm_sandbox_cold_start_s=30.0_rate_per_min=2.0_think_snr=0.9_seed=7,lease,0,prewarm,30.0,2.0,0.9,lease,7,790,621,7,0.011146496815286623,0.03365384615384615,621,220.82697894312378,2037.644422266569,24.9164960673613,600.0000000000005,0,387,0,0,0,0.008186427048377947,0.30353940394022116,2257552227.79278,0.0,0,1192.3844363407036,992.4054014659064,847200.0,7149.183972880318,236,30,0.5100158717419699,0.5167719290612043,0.6569128908759065,0.3658178604942234,338.72727272727275,0.5
type=lease_sandbox_idle_timeout_s=0_ablate=prewarm_sandbox_cold_start_s=30.0_rate_per_min=2.0_think_snr=0.9_seed=8,lease,0,prewarm,30.0,2.0,0.9,lease,8,856,667,9,0.013313609467455622,0.05357142857142857,667,209.42975783987163,3183.8197823544924,18.53247545720552,600.0000000000005,0,621,0,0,0,0.010918819655544452,0.39534132160697943,3713362486.669662,0.0,0,1481.3206478766563,1336.3993332397956,801600.0,10286.712429622316,292,16,0.46456938872045594,0.474491242836303,0.6690463231999483,0.3782896711947126,363.8181818181818,0.55
type=lease_sandbox_idle_timeout_s=0_ablate=prewarm_sandbox_cold_start_s=30.0_rate_per_min=2.0_think_snr=0.9_seed=9,lease,0,prewarm,30.0,2.0,0.9,lease,9,886,685,15,0.02142857142857143,0.08241758241758242,685,382.4533168159196,2888.611572552075,41.66869779296956,600.0000000000005,0,720,1,0,0,0.0044090013424907485,0.2855718328408012,1302636348.4600098,0.0,0,1682.957513389324,1644.626444247432,891600.0,16324.678816648779,317,8,0.4241467993748813,0.43826330763849597,0.7902373549881831,0.36186900603478955,373.6363636363636,0.61
type=lease_sandbox_idle_timeout_s=0_ablate=prewarm_sandbox_cold_start_s=30.0_rate_per_min=2.0_think_snr=0.9_seed=10,lease,0,prewarm,30.0,2.0,0.9,lease,10,688,581,5,0.008532423208191127,0.03816793893129771,581,269.78661405179446,1929.0582018860873,65.26644396148389,600.0000000000005,0,157,1,0,0,0.0035982869601709246,0.21204693005724842,1281845565.0058336,0.0,0,3079.5923079772115,2790.904290271279,661800.0,3828.7159384774864,254,17,0.6000482859118551,0.6083197014498207,0.7240189450919451,0.3828674269381566,316.90909090909093,0.5
type=lease_sandbox_idle_timeout_s=0_ablate=prewarm_sandbox_cold_start_s=90.0_rate_per_min=2.0_think_snr=0.0_seed=1,lease,0,prewarm,90.0,2.0,0.0,lease,1,643,535,1,0.0018656716417910447,0.006535947712418301,535,264.4487070019477,1511.9045107685693,14.25659350588472,600.0000000000005,0,128,1,0,0,0.00299918168051499,0.23308572782735495,3269026443.822165,0.0,0,4989.172321873259,2065.8425782821705,811800.0,5367.4099105797095,298,46,0.6804910561148098,0.6819399785875272,0.6262206975119787,0.4606695378185617,291.8181818181818,0.44
type=lease_sandbox_idle_timeout_s=0_ablate=prewarm_sandbox_cold_start_s=90.0_rate_per_min=2.0_think_snr=0.0_seed=2,lease,0,prewarm,90.0,2.0,0.0,lease,2,704,545,8,0.014466546112115732,0.05755395683453238,545,352.0976381072178,2187.6345381139313,21.367298312129915,600.0000000000005,0,344,0,0,0,0.005778847394745009,0.2311848920292291,2986716901.1782513,0.0,0,2612.113305998988,1773.3001943269005,773400.0,11108.881222029246,249,27,0.51731213333415,0.5245427302671104,0.6179605920624515,0.4764467196075588,297.2727272727273,0.48
type=lease_sandbox_idle_timeout_s=0_ablate=prewarm_sandbox_cold_start_s=90.0_rate_per_min=2.0_think_snr=0.0_seed=3,lease,0,prewarm,90.0,2.0,0.0,lease,3,771,580,12,0.02027027027027027,0.07547169811320754,580,182.371173682036,2048.709415383921,17.8613103784103,600.0000000000005,0,522,1,0,0,0.0032395650970333503,0.2960602994731877,3522046309.444404,0.0,0,1465.451074222533,784.4905087811455,800400.0,9081.886812485838,251,24,0.4680734253327178,0.48115768870700043,0.5942989644400739,0.4573815658972994,316.3636363636364,0.5
type=lease_sandbox_idle_timeout_s=0_ablate=prewarm_sandbox_cold_start_s=90.0_rate_per_min=2.0_think_snr=0.0_seed=4,lease,0,prewarm,90.0,2.0,0.0,lease,4,714,592,5,0.008375209380234505,0.03048780487804878,592,257.9510536248281,2106.8644835041746,14.187543762052641,600.0000000000005,0,131,0,0,0,0.010443259950494511,0.20741343062652634,3250007670.2693605,0.0,0,2464.4547013391884,1960.2589001136218,730800.0,3943.056938582608,228,18,0.6467694371741144,0.6520532371067943,0.6094844275446776,0.46938883465774145,322.90909090909093,0.44
type=lease_sandbox_idle_timeout_s=0_ablate=prewarm_sandbox_cold_start_s=90.0_rate_per_min=2.0_think_snr=0.0_seed=5,lease,0,prewarm,90.0,2.0,0.0,lease,5,969,739,23,0.030183727034120734,0.10377358490566038,739,174.49105383181177,3421.210388470754,37.38514620418451,600.0000000000005,0,1057,2,0,0,0.014406158936482755,0.1557780149773785,3168369559.6465816,0.0,0,983.2828499008303,980.4460195825264,937200.0,18586.219518111462,293,3,0.42029003513807517,0.43685413061928285,0.7565837755439005,0.5267339844781463,403.0909090909091,0.64
type=lease_sandbox_idle_timeout_s=0_ablate=prewarm_sandbox_cold_start_s=90.0_rate_per_min=2.0_think_snr=0.0_seed=6,lease,0,prewarm,90.0,2.0,0.0,lease,6,605,476,9,0.018556701030927835,0.061224489795918366,476,420.59937827637793,3144.293117717255,9.05880067830854,600.0000000000005,0,454,0,0,0,0.00744207499810211,0.3033652237586323,4491001897.92151,0.0,0,1835.865701303576,1428.2312315825814,653400.0,7553.630921349082,254,24,0.5262514519247901,0.5401648347314614,0.5520103452837671,0.44845277502919806,259.6363636363636,0.45
type=lease_sandbox_idle_timeout_s=0_ablate=prewarm_sandbox_cold_start_s=90.0_rate_per_min=2.0_think_snr=0.0_seed=7,lease,0,prewarm,90.0,2.0,0.0,lease,7,761,581,8,0.013582342954159592,0.03980099502487562,581,290.8746517887512,1867.8238885980943,19.63168886537172,600.0000000000005,0,435,0,0,0,0.011712528012299486,0.2348247477934915,3209518811.0371866,0.0,0,1556.1591207423435,1298.6331671528862,862200.0,10104.386606766147,235,20,0.5092862852454836,0.5169113946781057,0.6027783507268195,0.46182302713032974,316.90909090909093,0.49
type=lease_sandbox_idle_timeout_s=0_ablate=prewarm_sandbox_cold_start_s=90.0_rate_per_min=2.0_think_snr=0.0_seed=8,lease,0,prewarm,90.0,2.0,0.0,lease,8,826,649,13,0.019637462235649546,0.07303370786516854,649,311.2436750408417,3355.6654279314453,7.439825661330214,600.0000000000005,0,687,0,0,0,0.007715211466482277,0.3203266907162538,4819028312.321957,0.0,0,1790.3333697051203,1647.1079918551857,849000.0,11437.980343853746,282,6,0.4789770003557216,0.49151886466651123,0.6187197471469503,0.46668500206133046,354.0,0.54
type=lease_sandbox_idle_timeout_s=0_ablate=prewarm_sandbox_cold_start_s=90.0_rate_per_min=2.0_think_snr=0.0_seed=9,lease,0,prewarm,90.0,2.0,0.0,lease,9,822,620,19,0.0297339593114241,0.10795454545454546,620,441.1864922386619,2822.2929143722517,11.68513241153252,600.0000000000005,0,714,1,0,0,0.010987113302289294,0.25131917584141716,3933386263.9086018,0.0,0,1946.4566305516323,1877.001197939307,785400.0,14752.33316146428,284,3,0.4502067756555127,0.4667297888067509,0.6444839178888242,0.4887116025797542,338.1818181818182,0.53
type=lease_sandbox_idle_timeout_s=0_ablate=prewarm_sandbox_cold_start_s=90.0_rate_per_min=2.0_think_snr=0.0_seed=10,lease,0,prewarm,90.0,2.0,0.0,lease,10,681,578,2,0.0034482758620689655,0.015384615384615385,578,359.3615316669617,1963.2227837584282,5.772950735572449,600.0000000000002,0,165,0,0,0,0.0027630430478478136,0.20307168385855917,3507465449.735679,0.0,0,5272.123966065341,5070.433359776205,609600.0,7214.073956854018,236,9,0.6237133751550036,0.6256940470001675,0.5885775844300376,0.5104520917464145,315.2727272727273,0.44
type=lease_sandbox_idle_timeout_s=0_ablate=prewarm_sandbox_cold_start_s=90.0_rate_per_min=2.0_think_snr=0.9_seed=1,lease,0,prewarm,90.0,2.0,0.9,lease,1,612,491,4,0.00808080808080808,0.02054794520547945,491,318.1024290518799,1773.8471284718357,27.89448105133076,600.0000000000005,0,184,0,0,0,0.0047455536343225324,0.2181758929695795,2757663252.037635,0.0,0,5259.664350950357,2137.767758584047,780000.0,6747.364645686836,310,45,0.6163404386366116,0.6214669514563864,0.6391797586765087,0.44801306676630787,267.8181818181818,0.44
type=lease_sandbox_idle_timeout_s=0_ablate=prewarm_sandbox_cold_start_s=90.0_rate_per_min=2.0_think_snr=0.9_seed=2,lease,0,prewarm,90.0,2.0,0.9,lease,2,692,520,7,0.013282732447817837,0.050724637681159424,520,397.81964036710417,2266.7714555380235,26.726339109249682,600.0000000000005,0,377,2,0,0,0.005166857908731323,0.23965822274301368,3107867074.7233973,0.0,0,2535.601481906919,1443.1953824730426,709200.0,10048.270248930494,242,21,0.4816788013147606,0.4870214403355092,0.611198687771141,0.4736739212971737,283.6363636363636,0.46
type=lease_sandbox_idle_timeout_s=0_ablate=prewarm_sandbox_cold_start_s=90.0_rate_per_min=2.0_think_snr=0.9_seed=3,lease,0,prewarm,90.0,2.0,0.9,lease,3,769,579,13,0.02195945945945946,0.07453416149068323,579,149.28245780197403,2026.0830828122464,23.42173673315802,600.0000000000005,0,513,2,0,0,0.008133306755589443,0.3288107504949498,3653139481.5035696,0.0,0,1481.6911671809899,659.1145847221371,782400.0,9701.412268945402,246,27,0.46223939536480785,0.47523206300982096,0.5810231370556527,0.4273169548293334,315.8181818181818,0.48
type=lease_sandbox_idle_timeout_s=0_ablate=prewarm_sandbox_cold_start_s=90.0_rate_per_min=2.0_think_snr=0.9_seed=4,lease,0,prewarm,90.0,2.0,0.9,lease,4,758,620,4,0.00641025641025641,0.024844720496894408,620,241.4851371452079,2035.6513331884523,5.565607643393639,600.0000000000005,0,151,0,0,0,0.0037478333889655567,0.1995170383911945,3696144845.57496,0.0,0,2405.4706099838945,1563.7819573439647,708000.0,3433.649439584851,206,22,0.6293667829954012,0.6342327551903136,0.5810206738660645,0.49219810361949523,338.1818181818182,0.44
type=lease_sandbox_idle_timeout_s=0_ablate=prewarm_sandbox_cold_start_s=90.0_rate_per_min=2.0_think_snr=0.9_seed=5,lease,0,prewarm,90.0,2.0,0.9,lease,5,956,729,22,0.02929427430093209,0.09900990099009901,729,187.0318523485314,3557.8574489000775,13.14758319860118,600.0000000000005,0,1049,1,0,0,0.01298386344480387,0.18623449741406392,4047676561.391076,0.0,0,1172.3661212949053,1170.3892765705123,845400.0,14043.754743930653,265,2,0.4399083521870584,0.458101764681321,0.693067151664886,0.542255914287448,397.6363636363636,0.61
type=lease_sandbox_idle_timeout_s=0_ablate=prewarm_sandbox_cold_start_s=90.0_rate_per_min=2.0_think_snr=0.9_seed=6,lease,0,prewarm,90.0,2.0,0.9,lease,6,633,490,14,0.027777777777777776,0.08552631578947369,490,384.52157873003034,3120.5526632170445,11.34426545974111,600.0000000000005,0,509,0,0,0,0.007758004642923942,0.33894485658291196,4348663278.631254,0.0,0,1735.3386808634393,1268.7459156896607,632400.0,8715.313555455645,228,30,0.487757891185935,0.5072952697766584,0.5390880484532828,0.43312866791827026,267.2727272727273,0.44
type=lease_sandbox_idle_timeout_s=0_ablate=prewarm_sandbox_cold_start_s=90.0_rate_per_min=2.0_think_snr=0.9_seed=7,lease,0,prewarm,90.0,2.0,0.9,lease,7,741,563,6,0.01054481546572935,0.03,563,277.2775621485637,2265.6789483838097,14.175365121692415,600.0000000000005,0,479,0,0,0,0.0021347886121081774,0.22860555724671366,3335798674.2177286,0.0,0,1478.9207237334515,1291.7500297719412,802200.0,6958.82915588923,212,26,0.5011420365111591,0.5086496090635102,0.5890500778457654,0.45832045813635097,307.0909090909091,0.48
type=lease_sandbox_idle_timeout_s=0_ablate=prewarm_sandbox_cold_start_s=90.0_rate_per_min=2.0_think_snr=0.9_seed=8,lease,0,prewarm,90.0,2.0,0.9,lease,8,789,599,9,0.014802631578947368,0.04819277108433735,599,224.75557045715914,3671.1756149050034,5.522776468392309,600.0000000000005,0,695,0,0,0,0.010274110121094625,0.34977923221286317,5150509175.597319,0.0,0,1417.4580147147337,1273.432761532749,771000.0,10640.44679441195,272,5,0.4538692851521675,0.4629831179132193,0.5890952860900673,0.44933016273879445,326.72727272727275,0.5
type=lease_sandbox_idle_timeout_s=0_ablate=prewarm_sandbox_cold_start_s=90.0_rate_per_min=2.0_think_snr=0.9_seed=9,lease,0,prewarm,90.0,2.0,0.9,lease,9,859,653,18,0.026825633383010434,0.09944751381215469,653,511.92539501647366,3414.3630925584007,24.709649395123815,600.0000000000005,0,785,0,0,0,0.004193041831394122,0.2340942338091991,2862922092.137938,0.0,0,2247.6848724176484,2210.202579718266,879000.0,17263.154729487447,311,2,0.43661627921382745,0.4532849894503211,0.704899475046944,0.47971473899087114,356.1818181818182,0.58
type=lease_sandbox_idle_timeout_s=0_ablate=prewarm_sandbox_cold_start_s=90.0_rate_per_min=2.0_think_snr=0.9_seed=10,lease,0,prewarm,90.0,2.0,0.9,lease,10,684,579,3,0.005154639175257732,0.022900763358778626,579,355.6227744278044,1949.4411032857422,21.333378634218306,600.0000000000005,0,182,1,0,0,0.003589182669288184,0.1591035059026127,2667220285.0118103,0.0,0,5417.5292635762935,5180.85517717499,661800.0,7735.73635058028,256,13,0.6351191222323326,0.6396599438635299,0.6368837349132349,0.5112584745688229,315.8181818181818,0.45
type=lease_sandbox_idle_timeout_s=300_ablate=_sandbox_cold_start_s=3.0_rate_per_min=2.0_think_snr=0.0_seed=1,lease,300,,3.0,2.0,0.0,lease,1,654,561,2,0.003552397868561279,0.012269938650306749,561,183.40286134093026,1586.3677658538854,60.98722706074678,600.0000000000002,0,82,0,0,0,0.002768957223101876,0.32477786055018026,2222313545.2109575,7151.71687269662,40,690.8837235547322,494.788831552549,824400.0,3445.6511905092075,300,66,0.655725316723189,0.6567095958743102,0.7172000106392451,0.29433962509985717,306.0,0.5
type=lease_sandbox_idle_timeout_s=300_ablate=_sandbox_cold_start_s=3.0_rate_per_min=2.0_think_snr=0.0_seed=2,lease,300,,3.0,2.0,0.0,lease,2,738,590,4,0.006734006734006734,0.027586206896551724,590,287.87811642192196,2362.215454009235,48.601026103829376,600.0000000000005,0,287,5,0,0,0.005886440910753498,0.34405263161867505,1171643065.6044376,4237.108340264094,28,915.18450413977,577.7342872393849,796200.0,9267.374644350411,247,32,0.48400687298258566,0.48817345207988105,0.7268841588076276,0.3136260655208231,321.8181818181818,0.52
type=lease_sandbox_idle_timeout_s=300_ablate=_sandbox_cold_start_s=3.0_rate_per_min=2.0_think_snr=0.0_seed=3,lease,300,,3.0,2.0,0.0,lease,3,809,623,12,0.01889763779527559,0.06547619047619048,623,161.85201251782178,2294.076371231107,55.82033153788846,600.0000000000005,0,416,1,0,0,0.0025949499275035514,0.40992695981341415,2213995103.6442924,4918.430787448926,36,1050.139178516833,493.14813531161235,844800.0,8678.150546210716,268,28,0.42539847473345754,0.43671127142802224,0.6986269544483295,0.29154057444526726,339.8181818181818,0.56
type=lease_sandbox_idle_timeout_s=300_ablate=_sandbox_cold_start_s=3.0_rate_per_min=2.0_think_snr=0.0_seed=4,lease,300,,3.0,2.0,0.0,lease,4,762,652,6,0.00911854103343465,0.02824858757062147,652,135.9702710784627,1907.359572222507,21.338144355925447,600.0,0,107,0,0,0,0.007809997977971874,0.32889975195952803,1968331769.1354578,3989.7608726106487,25,563.4654263833406,354.56073721203165,747000.0,1395.4789620381848,258,41,0.646578020638036,0.6521744041338793,0.7010435512739576,0.3262495254467007,355.6363636363636,0.49
type=lease_sandbox_idle_timeout_s=300_ablate=_sandbox_cold_start_s=3.0_rate_per_min=2.0_think_snr=0.0_seed=5,lease,300,,3.0,2.0,0.0,lease,5,1004,784,21,0.02608695652173913,0.09259259259259259,784,194.67196596830672,3097.3614468171236,80.76218885285186,600.0000000000005,0,966,1,0,0,0.007413429935733751,0.27202933025400444,1795623494.5189059,1262.265765500665,13,887.0151157421178,881.9175442785819,964800.0,15948.214523375893,300,5,0.39463859147201824,0.4097709410494723,0.8370363490068958,0.3402617417026723,427.6363636363636,0.71
type=lease_sandbox_idle_timeout_s=300_ablate=_sandbox_cold_start_s=3.0_rate_per_min=2.0_think_snr=0.0_seed=6,lease,300,,3.0,2.0,0.0,lease,6,645,521,7,0.013257575757575758,0.046052631578947366,521,373.58696780359696,2994.8310417087832,41.801822508363166,600.0000000000005,0,308,3,0,0,0.006037048762903764,0.40198192598371907,2387126638.7878656,2678.701953328776,13,1413.464167335579,1039.7786130119227,708600.0,5639.445413541913,263,22,0.5095703175309705,0.5195398723579209,0.6678518569711539,0.30075357104614076,284.1818181818182,0.51
type=lease_sandbox_idle_timeout_s=300_ablate=_sandbox_cold_start_s=3.0_rate_per_min=2.0_think_snr=0.0_seed=7,lease,300,,3.0,2.0,0.0,lease,7,802,633,7,0.0109375,0.03333333333333333,633,210.33901418185633,2033.405250199786,102.54125016005035,600.0000000000005,0,347,0,0,0,0.008144327134546579,0.3569042334153508,1745883487.615922,2368.5811777475515,19,1364.6860260326453,1121.8425193337719,901200.0,8854.009759387209,250,27,0.44762144760962447,0.4541913226452827,0.7087116722837348,0.2939280804597982,345.2727272727273,0.55
type=lease_sandbox_idle_timeout_s=300_ablate=_sandbox_cold_start_s=3.0_rate_per_min=2.0_think_snr=0.0_seed=8,lease,300,,3.0,2.0,0.0,lease,8,880,706,9,0.012587412587412588,0.05,706,193.9523904763126,2732.865744942636,25.402635915514267,600.0000000000005,0,598,0,0,0,0.007938983627247398,0.4446746110080427,3341561791.0733232,1847.0712346603145,19,799.3886169880509,625.8721987947422,873000.0,10219.830564697044,299,13,0.4568874454305671,0.46544173743470496,0.7262563069234007,0.3290233600617597,385.0909090909091,0.59
type=lease_sandbox_idle_timeout_s=300_ablate=_sandbox_cold_start_s=3.0_rate_per_min=2.0_think_snr=0.0_seed=9,lease,300,,3.0,2.0,0.0,lease,9,856,672,16,0.023255813953488372,0.08695652173913043,672,335.66236019610346,2512.745136282076,36.95215424781654,600.0000000000005,0,589,1,0,0,0.0037916740402451736,0.34666042687550325,1757894424.8105447,950.39803317492,2,674.0812905543635,621.9274802846339,834600.0,12751.873759167318,306,23,0.42861833443792685,0.44238630295973974,0.7694668690632285,0.31740292256365077,366.54545454545456,0.59
type=lease_sandbox_idle_timeout_s=300_ablate=_sandbox_cold_start_s=3.0_rate_per_min=2.0_think_snr=0.0_seed=10,lease,300,,3.0,2.0,0.0,lease,10,722,616,3,0.004846526655896607,0.021897810218978103,616,219.40098655992006,1932.3207200764223,45.58230138538902,600.0000000000005,0,129,1,0,0,0.00340299197501013,0.2779554125823598,1348085055.6839466,1370.750139217436,13,1448.9408305038678,934.0781967010707,630600.0,4711.977757198085,248,21,0.5937705843505499,0.597516889992849,0.730739417759324,0.3490427264289158,336.0,0.51
type=lease_sandbox_idle_timeout_s=300_ablate=_sandbox_cold_start_s=3.0_rate_per_min=2.0_think_snr=0.9_seed=1,lease,300,,3.0,2.0,0.9,lease,1,635,522,2,0.003816793893129771,0.006756756756756757,522,271.82582901599335,1760.2847578070014,77.9214432041615,600.0000000000005,0,158,4,0,0,0.008300441767456297,0.3086846209347797,1696065245.1209302,2486.9045389184007,10,713.0228073983683,554.6770514811706,805200.0,5634.477989345859,311,32,0.5681030684877185,0.5688040590926307,0.7160349700692826,0.28376212308602267,284.72727272727275,0.49
type=lease_sandbox_idle_timeout_s=300_ablate=_sandbox_cold_start_s=3.0_rate_per_min=2.0_think_snr=0.9_seed=2,lease,300,,3.0,2.0,0.9,lease,2,727,571,5,0.008680555555555556,0.035211267605633804,571,310.83967535142483,2202.372011513764,38.34924134162674,600.0000000000005,0,336,6,0,0,0.0041587692346537995,0.3297963545099919,1692450500.924989,3563.775169682028,26,1228.391491287381,893.6577115042467,741000.0,9538.9948356886,254,25,0.4550083392484447,0.4599290484530198,0.7072238030667249,0.32600016116373837,311.45454545454544,0.53
type=lease_sandbox_idle_timeout_s=300_ablate=_sandbox_cold_start_s=3.0_rate_per_min=2.0_think_snr=0.9_seed=3,lease,300,,3.0,2.0,0.9,lease,3,790,608,12,0.01935483870967742,0.06666666666666667,608,136.48185225132465,2106.866015944184,42.872000260285105,600.0000000000005,0,491,1,0,0,0.0025629438912514973,0.41954567923682334,2768303012.9406266,4405.800708035051,35,1017.7784370795126,507.202311317114,788400.0,8974.516664380397,256,26,0.44736718044038914,0.45908334878224466,0.6537659629912911,0.2891490653329717,331.6363636363636,0.52
type=lease_sandbox_idle_timeout_s=300_ablate=_sandbox_cold_start_s=3.0_rate_per_min=2.0_think_snr=0.9_seed=4,lease,300,,3.0,2.0,0.9,lease,4,804,676,3,0.004418262150220913,0.017341040462427744,676,135.08279880390955,1945.3540081467418,20.569253332589565,600.0000000000005,0,133,0,0,0,0.002113908001407173,0.3312506836887292,2683857184.4618416,6485.12959463902,25,573.3607396668024,508.8065496833169,739800.0,2170.044534067072,231,25,0.5946099544906558,0.5971729984696714,0.6653459089816434,0.3253586762215502,368.72727272727275,0.5
type=lease_sandbox_idle_timeout_s=300_ablate=_sandbox_cold_start_s=3.0_rate_per_min=2.0_think_snr=0.9_seed=5,lease,300,,3.0,2.0,0.9,lease,5,994,761,23,0.029336734693877552,0.10344827586206896,761,182.38750579882003,3351.1657056278345,56.4388169777932,600.0000000000005,0,977,3,0,0,0.010826519864135986,0.2863211453852309,1885886354.9811008,695.0041657066604,12,894.6009739881483,883.2305802444105,856200.0,11017.957224170928,265,9,0.39911206071950356,0.41511105001045434,0.801405960988086,0.34773243815829163,415.0909090909091,0.68
type=lease_sandbox_idle_timeout_s=300_ablate=_sandbox_cold_start_s=3.0_rate_per_min=2.0_think_snr=0.9_seed=6,lease,300,,3.0,2.0,0.9,lease,6,668,533,14,0.025594149908592323,0.08280254777070063,533,332.2270728989415,2939.2592331006017,27.075442499968805,600.0000000000005,0,432,1,0,0,0.007408537517185464,0.43322789703293246,2701267041.18237,3783.446960271409,26,1486.3227188241465,1057.2371138720891,668400.0,7476.628263592186,249,34,0.47065994877914097,0.4903024045289834,0.635291833875615,0.3016923756960687,290.72727272727275,0.49
type=lease_sandbox_idle_timeout_s=300_ablate=_sandbox_cold_start_s=3.0_rate_per_min=2.0_think_snr=0.9_seed=7,lease,300,,3.0,2.0,0.9,lease,7,804,650,9,0.013657056145675266,0.04128440366972477,650,200.69391310908645,2114.0979741088777,36.84414188228304,600.0000000000005,0,361,3,0,0,0.013992995459459345,0.33865979912032995,1574596055.9330804,5134.014523046309,20,778.565804770751,562.1713511526391,864600.0,6840.92089957211,242,26,0.49359703657722376,0.5018747163063424,0.7009814365813585,0.30689229870091406,354.54545454545456,0.54
type=lease_sandbox_idle_timeout_s=300_ablate=_sandbox_cold_start_s=3.0_rate_per_min=2.0_think_snr=0.9_seed=8,lease,300,,3.0,2.0,0.9,lease,8,850,670,8,0.011799410029498525,0.046511627906976744,670,256.4913632048507,3090.005361777331,35.15762464623809,600.0000000000005,0,588,0,0,0,0.008191545007141046,0.43086525957203564,3324046505.576149,4021.130821073345,13,855.7057091634233,829.9219874775567,795600.0,9696.299184378118,296,14,0.44454155790906136,0.45093069512619965,0.7032395500801282,0.32974205546843727,365.4545454545455,0.57
type=lease_sandbox_idle_timeout_s=300_ablate=_sandbox_cold_start_s=3.0_rate_per_min=2.0_think_snr=0.9_seed=9,lease,300,,3.0,2.0,0.9,lease,9,886,682,15,0.021520803443328552,0.08241758241758242,682,332.6021389305149,2967.390708502034,56.88732723982236,600.0000000000005,0,710,2,0,0,0.005187221675419357,0.3251862730914876,990827117.5654546,652.3852462030496,7,657.5405631386958,633.9398768044755,883800.0,17136.606890927746,312,13,0.399198561816246,0.41148326387269296,0.8170370100888695,0.294383490066801,372.0,0.64
type=lease_sandbox_idle_timeout_s=300_ablate=_sandbox_cold_start_s=3.0_rate_per_min=2.0_think_snr=0.9_seed=10,lease,300,,3.0,2.0,0.9,lease,10,698,599,5,0.008278145695364239,0.03787878787878788,599,245.04552438819064,1943.0366972579343,55.13399394808941,600.0,0,169,2,0,0,0.006043990207855845,0.25768195081740924,1205980952.0029233,622.9209946547553,8,1543.7528030010828,947.1930049459961,673800.0,4997.747399894958,263,13,0.5755705333763911,0.5796420318394258,0.7391611678159804,0.3398962081041394,326.72727272727275,0.51
type=lease_sandbox_idle_timeout_s=300_ablate=_sandbox_cold_start_s=30.0_rate_per_min=2.0_think_snr=0.0_seed=1,lease,300,,30.0,2.0,0.0,lease,1,641,533,3,0.005597014925373134,0.0196078431372549,533,215.97800203092675,1624.2746663041428,18.202177490662855,600.0000000000005,0,195,2,0,0,0.002268801041143963,0.29408414242277975,2994929453.200731,288.1108272999536,0,1083.154086527229,654.214046493403,822600.0,4983.6880592048665,293,16,0.6013748013249645,0.6067825820092946,0.6343664431656306,0.30191712194336784,290.72727272727275,0.45
type=lease_sandbox_idle_timeout_s=300_ablate=_sandbox_cold_start_s=30.0_rate_per_min=2.0_think_snr=0.0_seed=2,lease,300,,30.0,2.0,0.0,lease,2,684,501,14,0.027184466019417475,0.112,501,171.5742175687783,2128.63421527817,14.82156205811237,600.0000000000005,0,497,0,0,0,0.006824374639256676,0.28804939595485207,2874706862.9184685,244.45836500376413,0,1091.1225868390234,701.7707337477377,762000.0,8552.238240940907,242,21,0.403236442036983,0.4178979327429434,0.585822322973323,0.3053156448711866,273.2727272727273,0.45
type=lease_sandbox_idle_timeout_s=300_ablate=_sandbox_cold_start_s=30.0_rate_per_min=2.0_think_snr=0.0_seed=3,lease,300,,30.0,2.0,0.0,lease,3,765,556,29,0.04957264957264957,0.1761006289308176,556,85.79197959925898,2709.8019214821393,5.106329642571136,600.0000000000005,0,648,0,0,0,0.016379053625658453,0.38693147688843293,3712034303.306218,1406.09819185493,4,1109.5254255219866,603.6433299335631,771600.0,6171.14988228516,254,20,0.4029454882839196,0.4265173361530951,0.5728466620977403,0.290020533850826,303.2727272727273,0.48
type=lease_sandbox_idle_timeout_s=300_ablate=_sandbox_cold_start_s=30.0_rate_per_min=2.0_think_snr=0.0_seed=4,lease,300,,30.0,2.0,0.0,lease,4,691,555,9,0.015957446808510637,0.05063291139240506,555,131.93211501151745,2160.657384784559,9.83478958958789,600.0000000000005,0,246,0,0,0,0.0122336184806596,0.29514356662722513,4095752086.5745378,0.0,0,680.9216299226082,508.2374055655132,697800.0,2918.117423236419,230,17,0.5080821036557983,0.5164607590358373,0.5562516305725524,0.31889441431534843,302.72727272727275,0.42
type=lease_sandbox_idle_timeout_s=300_ablate=_sandbox_cold_start_s=30.0_rate_per_min=2.0_think_snr=0.0_seed=5,lease,300,,30.0,2.0,0.0,lease,5,961,700,35,0.047619047619047616,0.175,700,84.24160373046743,3626.9274124212875,35.37494925158076,600.0000000000005,0,1229,1,0,0,0.013258008605408055,0.21363093127881477,3616955059.469662,63.13503554204431,0,811.6722151323102,807.0533703606222,924600.0,15368.99480047818,303,4,0.3439869107858784,0.3660918476221444,0.7198437679640961,0.3103252222434206,381.8181818181818,0.62
type=lease_sandbox_idle_timeout_s=300_ablate=_sandbox_cold_start_s=30.0_rate_per_min=2.0_think_snr=0.0_seed=6,lease,300,,30.0,2.0,0.0,lease,6,599,444,24,0.05128205128205128,0.17391304347826086,444,172.83673003971205,3656.584657088871,14.808628603662095,600.0000000000005,0,638,0,0,0,0.011472538313508097,0.40028449747532974,4252154802.0192122,0.0,0,1504.4335807764342,1148.3508684408653,598200.0,5325.661305196772,236,21,0.3987304003362149,0.42880044012267593,0.5362883063973064,0.28097276205217825,242.1818181818182,0.42
type=lease_sandbox_idle_timeout_s=300_ablate=_sandbox_cold_start_s=30.0_rate_per_min=2.0_think_snr=0.0_seed=7,lease,300,,30.0,2.0,0.0,lease,7,747,538,10,0.01824817518248175,0.05649717514124294,538,159.01009332169224,2463.882470846028,34.7155405284205,600.0000000000005,0,602,0,0,0,0.0025802864948207853,0.31796266067047846,3224637859.5174384,98.66299892792767,0,1380.4386385878727,1297.0439095546476,838800.0,5904.356327501642,230,15,0.400264328886292,0.409302305286886,0.592950558420746,0.29038413223388126,293.45454545454544,0.48
type=lease_sandbox_idle_timeout_s=300_ablate=_sandbox_cold_start_s=30.0_rate_per_min=2.0_think_snr=0.0_seed=8,lease,300,,30.0,2.0,0.0,lease,8,803,599,30,0.04769475357710652,0.1686046511627907,599,95.28783313892654,3682.7807004073816,1.2567602389392325,600.0000000000005,0,844,1,0,0,0.018440696551957087,0.42341990063683865,4942340815.597136,0.0,0,860.9394100122956,819.4821015390203,759600.0,10926.045546130832,252,3,0.3748734826075871,0.403793094139449,0.571623976447164,0.2811285299926161,326.72727272727275,0.48
type=lease_sandbox_idle_timeout_s=300_ablate=_sandbox_cold_start_s=30.0_rate_per_min=2.0_think_snr=0.0_seed=9,lease,300,,30.0,2.0,0.0,lease,9,814,610,27,0.0423861852433281,0.15606936416184972,610,135.41880172349897,3603.880286599081,12.977938681406485,600.0000000000005,0,884,0,0,0,0.007346320113903088,0.2980807866953719,4492544837.545971,51.149579559537074,1,708.8355270112139,669.2964203590977,722400.0,12554.622915458007,265,10,0.35925527155846065,0.38131605880569724,0.6055730437953251,0.30596900579697245,332.72727272727275,0.52
type=lease_sandbox_idle_timeout_s=300_ablate=_sandbox_cold_start_s=30.0_rate_per_min=2.0_think_snr=0.0_seed=10,lease,300,,30.0,2.0,0.0,lease,10,674,556,9,0.01592920353982301,0.072,556,153.075490234813,2111.8214455524253,11.765695385881319,600.0000000000005,0,349,0,0,0,0.0064661021148783426,0.23231727111783113,3380302828.422038,126.81531492054364,0,1425.1495451102412,1353.9702421386498,594000.0,10178.473801299091,227,3,0.4779732784540796,0.4886371325992529,0.5906475901401839,0.3201471715648861,303.2727272727273,0.45
type=lease_sandbox_idle_timeout_s=300_ablate=_sandbox_cold_start_s=30.0_rate_per_min=2.0_think_snr=0.9_seed=1,lease,300,,30.0,2.0,0.9,lease,1,626,510,3,0.005847953216374269,0.013605442176870748,510,288.26747085769034,1822.7766468275363,30.63888151320173,600.0000000000005,0,203,3,0,0,0.005714504811320926,0.2755119600681258,2684463341.982535,168.4570827991838,0,1420.789995574701,944.044829691298,804000.0,7104.428791416431,310,19,0.5635258643146597,0.566121495255136,0.6624351164529915,0.3230313310148694,278.1818181818182,0.46
type=lease_sandbox_idle_timeout_s=300_ablate=_sandbox_cold_start_s=30.0_rate_per_min=2.0_think_snr=0.9_seed=2,lease,300,,30.0,2.0,0.9,lease,2,702,532,11,0.020257826887661142,0.07913669064748201,532,244.9110163810135,2088.2047653618697,18.88636997864678,600.0000000000005,0,436,1,0,0,0.003643812454909435,0.29492677848881715,3085889688.796157,0.0,0,1381.2675350027093,943.3965658825387,733800.0,10060.945254436392,256,21,0.43896958444053163,0.4521166001922389,0.6246325983310671,0.3365214338689248,290.1818181818182,0.49
type=lease_sandbox_idle_timeout_s=300_ablate=_sandbox_cold_start_s=30.0_rate_per_min=2.0_think_snr=0.9_seed=3,lease,300,,30.0,2.0,0.9,lease,3,768,570,18,0.030612244897959183,0.1069182389937107,570,95.99394591629539,2372.400499439193,9.283904442514707,600.0000000000005,0,590,0,0,0,0.004299851796365794,0.39036192395083835,4146668437.7668524,917.2330012846064,1,1094.7188369347773,566.0315707424731,769200.0,6297.949908316232,254,26,0.4335643265373597,0.45259385087080245,0.560744842649249,0.3035147598270169,310.90909090909093,0.47
type=lease_sandbox_idle_timeout_s=300_ablate=_sandbox_cold_start_s=30.0_rate_per_min=2.0_think_snr=0.9_seed=4,lease,300,,30.0,2.0,0.9,lease,4,753,610,5,0.008130081300813009,0.031055900621118012,610,126.26168306337127,2018.774332360507,11.686439890723426,600.0000000000005,0,228,0,0,0,0.0032614916991002816,0.25002944449726955,3859236093.4021363,0.0,0,832.8837219267539,589.0711458509061,696600.0,3203.523268799847,208,20,0.5314819343338949,0.5369021472070573,0.5910845433542153,0.34120701183724783,332.72727272727275,0.45
type=lease_sandbox_idle_timeout_s=300_ablate=_sandbox_cold_start_s=30.0_rate_per_min=2.0_think_snr=0.9_seed=5,lease,300,,30.0,2.0,0.9,lease,5,961,713,30,0.040376850605652756,0.15306122448979592,713,71.52305427350439,3615.8786246801915,18.91604079349953,600.0000000000005,0,1190,0,0,0,0.012103417800179326,0.2453478297349176,4135060281.8968987,0.0,0,961.190613077679,956.4677949989682,834000.0,9448.097875229378,260,5,0.3691217140041211,0.39025870223942205,0.6768431906363312,0.3699220326053199,388.90909090909093,0.6
type=lease_sandbox_idle_timeout_s=300_ablate=_sandbox_cold_start_s=30.0_rate_per_min=2.0_think_snr=0.9_seed=6,lease,300,,30.0,2.0,0.9,lease,6,626,469,17,0.03497942386831276,0.11805555555555555,469,211.0339275863571,3099.9879138071497,6.484556550275085,600.0000000000005,0,638,1,0,0,0.010507973065936494,0.4271957661207774,4696910682.841573,41.28630508572928,1,1534.894463098724,1072.2471565303658,617400.0,7095.050587577802,227,24,0.4024562016885236,0.4234456722962088,0.5245759496932466,0.2804870246703353,255.81818181818184,0.44
type=lease_sandbox_idle_timeout_s=300_ablate=_sandbox_cold_start_s=30.0_rate_per_min=2.0_think_snr=0.9_seed=7,lease,300,,30.0,2.0,0.9,lease,7,761,572,5,0.008665511265164644,0.026881720430107527,572,181.5841790468968,2159.372836481087,21.99102478549656,600.0000000000005,0,545,3,0,0,0.004843386268555623,0.293892151056651,3235949165.269165,148.92849026274234,1,1447.804659018961,1355.2141493351241,819000.0,6856.260094092192,219,17,0.4323590255920466,0.4377406010500154,0.5962821002452409,0.30235752965923945,312.0,0.48
type=lease_sandbox_idle_timeout_s=300_ablate=_sandbox_cold_start_s=30.0_rate_per_min=2.0_think_snr=0.9_seed=8,lease,300,,30.0,2.0,0.9,lease,8,814,618,13,0.020602218700475437,0.07647058823529412,618,160.2166881308658,3610.8889502748657,12.409015185673868,600.0000000000005,0,759,0,0,0,0.013085166287487624,0.4091320116191404,4696670550.723694,459.59081464500923,1,1312.5935444451857,1007.6311793614741,833400.0,9576.47675471906,291,6,0.4139740416803563,0.42403166103722956,0.6114953261217949,0.31362850908948986,337.0909090909091,0.53
type=lease_sandbox_idle_timeout_s=300_ablate=_sandbox_cold_start_s=30.0_rate_per_min=2.0_think_snr=0.9_seed=9,lease,300,,30.0,2.0,0.9,lease,9,846,618,30,0.046296296296296294,0.16574585635359115,618,165.13048890899972,3137.588448644148,46.33733099616933,600.0000000000005,0,898,1,0,0,0.011463905377087543,0.24217891568750274,2474016207.3787074,0.0,0,688.1810905941859,670.9896569397443,837600.0,16341.556695172832,296,5,0.35356816510340566,0.37320394616670294,0.7095743386994949,0.3013928693450114,337.0909090909091,0.57
type=lease_sandbox_idle_timeout_s=300_ablate=_sandbox_cold_start_s=30.0_rate_per_min=2.0_think_snr=0.9_seed=10,lease,300,,30.0,2.0,0.9,lease,10,676,560,7,0.012345679012345678,0.056451612903225805,560,227.35309979573617,1925.8627146559634,23.352604980368707,600.0000000000005,0,294,1,0,0,0.003963294375880786,0.2112789043867615,2602539031.079296,0.0,0,1265.823720052122,1122.3882254472735,681000.0,7728.679279765447,261,5,0.54520526802936,0.5555967502329747,0.6469370549242425,0.34125465567996555,305.45454545454544,0.47
type=lease_sandbox_idle_timeout_s=300_ablate=_sandbox_cold_start_s=90.0_rate_per_min=2.0_think_snr=0.0_seed=1,lease,300,,90.0,2.0,0.0,lease,1,601,470,6,0.012605042016806723,0.04411764705882353,470,178.87670777210178,2053.8379300063,9.15663330452449,600.0000000000005,0,332,0,0,0,0.0027844513860965977,0.295692509182621,4425773759.61919,0.0,0,1568.8383072195336,424.7715220814832,758400.0,5955.659565371178,268,30,0.5090407293942506,0.5188071374971951,0.5447109488555426,0.3208159596694501,256.3636363636364,0.4
type=lease_sandbox_idle_timeout_s=300_ablate=_sandbox_cold_start_s=90.0_rate_per_min=2.0_think_snr=0.0_seed=2,lease,300,,90.0,2.0,0.0,lease,2,658,465,17,0.035269709543568464,0.14049586776859505,465,152.35762543302417,2502.4977147629925,7.806407219120474,600.0000000000005,0,554,0,0,0,0.009321771359794569,0.27516380641466065,3612082242.5930376,0.0,0,1297.7245098036205,295.15290707347026,738600.0,9312.47132284789,239,23,0.381989572664289,0.39741958654575105,0.5382183663720539,0.3358626604303497,253.63636363636365,0.42
type=lease_sandbox_idle_timeout_s=300_ablate=_sandbox_cold_start_s=90.0_rate_per_min=2.0_think_snr=0.0_seed=3,lease,300,,90.0,2.0,0.0,lease,3,749,538,30,0.0528169014084507,0.1830065359477124,538,88.10273592008957,3637.3105438687203,2.71080450660883,600.0000000000005,0,684,0,0,0,0.022880796814675353,0.345590324568129,4234965505.3270845,0.0,0,894.9651910005721,477.58769108486854,752400.0,4961.937185048719,265,16,0.39486523099019,0.42105539710581275,0.5352043506903976,0.3207107108768528,293.45454545454544,0.47
type=lease_sandbox_idle_timeout_s=300_ablate=_sandbox_cold_start_s=90.0_rate_per_min=2.0_think_snr=0.0_seed=4,lease,300,,90.0,2.0,0.0,lease,4,664,516,9,0.017142857142857144,0.05333333333333334,516,106.74694159086437,2135.966352608562,0.8770382694802382,600.0000000000005,0,356,0,0,0,0.015323662819546814,0.277226334695926,4513337839.324432,0.0,0,806.9426496220676,423.92178830861735,684000.0,2908.1599283390346,216,17,0.48360326431270506,0.49181701479570333,0.49641154924647113,0.33830789078295975,281.45454545454544,0.4
type=lease_sandbox_idle_timeout_s=300_ablate=_sandbox_cold_start_s=90.0_rate_per_min=2.0_think_snr=0.0_seed=5,lease,300,,90.0,2.0,0.0,lease,5,947,679,41,0.05694444444444444,0.20707070707070707,679,66.31910211326704,4406.6834850393525,16.171256913454556,600.0000000000005,0,1315,1,0,0,0.01832289787264228,0.18582457291336377,4631813970.548188,0.0,0,487.7785502331482,485.09821205543665,868200.0,15982.683578539836,297,3,0.3353271058880969,0.3626565652504575,0.6569011868889213,0.3774992857369731,370.3636363636364,0.57
type=lease_sandbox_idle_timeout_s=300_ablate=_sandbox_cold_start_s=90.0_rate_per_min=2.0_think_snr=0.0_seed=6,lease,300,,90.0,2.0,0.0,lease,6,604,440,20,0.043478260869565216,0.15748031496062992,440,159.8622063444849,3643.9135064135135,10.17340075210239,600.0000000000005,0,672,0,0,0,0.011219850711762402,0.36916709893891475,4614591076.012479,0.0,0,946.4381412906664,696.3966399587738,574200.0,5365.955823709065,231,16,0.39201829281195816,0.417607576186202,0.5125167715496309,0.3042200178245674,240.0,0.41
type=lease_sandbox_idle_timeout_s=300_ablate=_sandbox_cold_start_s=90.0_rate_per_min=2.0_think_snr=0.0_seed=7,lease,300,,90.0,2.0,0.0,lease,7,720,502,18,0.03461538461538462,0.10285714285714286,502,140.0162661832892,2450.531476572949,1.853308282038884,600.0000000000005,0,676,0,0,0,0.008259498489526913,0.26380678764780524,3917036248.3060493,0.0,0,1829.661211479302,1748.4571439607864,789000.0,7450.906424368159,227,13,0.38911850145289184,0.4025554198641855,0.531668825818279,0.3422707688380817,273.8181818181818,0.45
type=lease_sandbox_idle_timeout_s=300_ablate=_sandbox_cold_start_s=90.0_rate_per_min=2.0_think_snr=0.0_seed=8,lease,300,,90.0,2.0,0.0,lease,8,783,563,37,0.06166666666666667,0.21686746987951808,563,96.18731687432637,3711.213434428402,2.9550378765632814,600.0000000000005,0,908,0,0,0,0.019262022758203837,0.414322596245171,4397562562.624944,0.0,0,981.3731214986444,847.3566521720181,740400.0,10142.732139773976,240,2,0.36791451646015333,0.4025323524817208,0.5669896370718402,0.3043900538955017,307.0909090909091,0.46
type=lease_sandbox_idle_timeout_s=300_ablate=_sandbox_cold_start_s=90.0_rate_per_min=2.0_think_snr=0.0_seed=9,lease,300,,90.0,2.0,0.0,lease,9,805,583,38,0.061191626409017714,0.21468926553672316,583,135.49113359949376,3757.453433465997,14.39462237235529,600.0000000000005,0,951,1,0,0,0.009163475339852114,0.2389419550754636,4058002708.4190507,0.0,0,983.5720896821575,967.4531447856652,724800.0,10885.381809956318,260,6,0.360458251228102,0.3942078307942605,0.6088001665938229,0.3364683732871589,318.0,0.51
type=lease_sandbox_idle_timeout_s=300_ablate=_sandbox_cold_start_s=90.0_rate_per_min=2.0_think_snr=0.0_seed=10,lease,300,,90.0,2.0,0.0,lease,10,641,509,10,0.019267822736030827,0.08771929824561403,509,130.76240579106707,2144.3016422199075,6.603703881950111,600.0000000000005,0,424,0,0,0,0.006811197021161748,0.21765558741600632,4144312419.0436773,0.0,0,1446.1859456735147,1167.1674146384428,514200.0,10466.57398934989,210,5,0.44631483920639525,0.4603807917523159,0.5226228936723,0.3624139662522228,277.6363636363636,0.4
type=lease_sandbox_idle_timeout_s=300_ablate=_sandbox_cold_start_s=90.0_rate_per_min=2.0_think_snr=0.9_seed=1,lease,300,,90.0,2.0,0.9,lease,1,587,454,6,0.013043478260869565,0.045454545454545456,454,257.23515788750797,2147.9270788200733,18.46245578272328,600.0000000000005,0,345,0,0,0,0.0025489657639489022,0.2615664130194843,3381381889.7387643,0.0,0,2289.7873810601986,1092.911941384412,795000.0,6262.1794635717315,297,10,0.5030116563114774,0.5096922273134319,0.5832544609638047,0.3365423213071946,247.63636363636365,0.41
type=lease_sandbox_idle_timeout_s=300_ablate=_sandbox_cold_start_s=90.0_rate_per_min=2.0_think_snr=0.9_seed=2,lease,300,,90.0,2.0,0.9,lease,2,666,474,14,0.028688524590163935,0.11290322580645161,474,184.5995544181153,2680.1939996844935,9.388431666087985,600.0000000000005,0,566,0,0,0,0.003716505572546929,0.2580364559249564,3371210712.3508706,0.0,0,1278.9356692669996,644.5170008651071,687000.0,8857.461318288722,241,17,0.38221083575623527,0.39806764458786886,0.5542042324770138,0.3497228890927215,258.54545454545456,0.44
type=lease_sandbox_idle_timeout_s=300_ablate=_sandbox_cold_start_s=90.0_rate_per_min=2.0_think_snr=0.9_seed=3,lease,300,,90.0,2.0,0.9,lease,3,743,522,30,0.05434782608695652,0.18666666666666668,522,85.60948576406236,2541.9666824705723,15.913399680028682,600.0000000000005,0,688,0,0,0,0.010606511259736818,0.39024146105057633,4136488782.686329,0.0,0,795.4001543439178,300.3448211697321,707400.0,6149.658456979152,236,21,0.39806974755188496,0.42807018930492974,0.5152984577222546,0.2990656491205849,284.72727272727275,0.44
type=lease_sandbox_idle_timeout_s=300_ablate=_sandbox_cold_start_s=90.0_rate_per_min=2.0_think_snr=0.9_seed=4,lease,300,,90.0,2.0,0.9,lease,4,694,541,10,0.018148820326678767,0.06622516556291391,541,110.38276757804124,2238.32139126797,5.52856347863128,600.0000000000005,0,332,0,0,0,0.011412792469360352,0.21113136940664656,4836158058.009024,0.0,0,926.0918545090349,455.484062965508,651000.0,3627.919504849943,204,19,0.49691463377332723,0.507253603631632,0.5172823194120695,0.37104093050300657,295.0909090909091,0.41
type=lease_sandbox_idle_timeout_s=300_ablate=_sandbox_cold_start_s=90.0_rate_per_min=2.0_think_snr=0.9_seed=5,lease,300,,90.0,2.0,0.9,lease,5,919,662,43,0.06099290780141844,0.21608040201005024,662,81.78295203699622,3759.763387215709,16.309772164813605,600.0000000000005,0,1254,0,0,0,0.020603403973398382,0.17750170555102052,4563177050.708818,0.0,0,936.5758057821104,934.332754626491,772200.0,9892.466483388316,255,3,0.3630839073359352,0.39122392385715415,0.632336053232647,0.40900203263177615,361.0909090909091,0.56
type=lease_sandbox_idle_timeout_s=300_ablate=_sandbox_cold_start_s=90.0_rate_per_min=2.0_think_snr=0.9_seed=6,lease,300,,90.0,2.0,0.9,lease,6,611,447,23,0.04893617021276596,0.16428571428571428,447,206.89522758635712,3643.409585464202,6.217373696539934,600.0000000000005,0,664,0,0,0,0.019667051036367383,0.3709851723847371,4504536961.373226,0.0,0,1571.652493618532,1177.620458843448,590400.0,6395.6757694186035,221,11,0.39427751174706255,0.4214071222753302,0.48910722074915824,0.3214860962414625,243.81818181818184,0.42
type=lease_sandbox_idle_timeout_s=300_ablate=_sandbox_cold_start_s=90.0_rate_per_min=2.0_think_snr=0.9_seed=7,lease,300,,90.0,2.0,0.9,lease,7,717,504,13,0.025145067698259187,0.07514450867052024,504,143.99075003002804,2315.9677893132307,16.667712711591193,600.0000000000005,0,650,1,0,0,0.005921194297967388,0.2667221143265689,3732379973.1503677,0.0,0,1120.3375494155516,1060.0234927755137,774600.0,7442.111659594117,205,15,0.4077436226425845,0.4160836495606476,0.5292964095239252,0.32101899534707723,274.90909090909093,0.43
type=lease_sandbox_idle_timeout_s=300_ablate=_sandbox_cold_start_s=90.0_rate_per_min=2.0_think_snr=0.9_seed=8,lease,300,,90.0,2.0,0.9,lease,8,763,557,19,0.03298611111111111,0.10975609756097561,557,121.83729776150358,3718.677788680764,0.0888666579377815,600.0000000000005,0,798,0,0,0,0.02537697538852412,0.3822819225108447,6110591092.368446,0.0,0,1314.9698966183555,1178.3450639992034,747600.0,10527.491508873052,272,4,0.3994329555394669,0.4145045226639821,0.5130828074373543,0.36841022636450776,303.8181818181818,0.46
type=lease_sandbox_idle_timeout_s=300_ablate=_sandbox_cold_start_s=90.0_rate_per_min=2.0_think_snr=0.9_seed=9,lease,300,,90.0,2.0,0.9,lease,9,802,566,40,0.066006600660066,0.22346368715083798,566,144.4444568752847,4056.5237780322254,13.90372460636748,600.0000000000005,0,1034,0,0,0,0.007242334156531593,0.28750080336010675,3519687472.4026484,0.0,0,704.8995878046712,688.3478291761872,844200.0,13347.537442775847,276,3,0.3428099164425331,0.377521550683569,0.6309834939458691,0.30506643345119544,308.72727272727275,0.51
type=lease_sandbox_idle_timeout_s=300_ablate=_sandbox_cold_start_s=90.0_rate_per_min=2.0_think_snr=0.9_seed=10,lease,300,,90.0,2.0,0.9,lease,10,661,533,8,0.014787430683918669,0.06779661016949153,533,148.8232780242297,2165.6389865391957,5.07530414378712,600.0000000000005,0,398,0,0,0,0.0074088205005835685,0.16177059081714154,3697595182.583319,0.0,0,1179.4910081564437,927.5817609062192,645600.0,8611.626935569024,248,5,0.5029948874811535,0.5131045700351068,0.5461904962930588,0.37620433797376757,290.72727272727275,0.42
type=lease_sandbox_idle_timeout_s=300_ablate=prewarm_sandbox_cold_start_s=3.0_rate_per_min=2.0_think_snr=0.0_seed=1,lease,300,prewarm,3.0,2.0,0.0,lease,1,652,548,2,0.0036363636363636364,0.012903225806451613,548,186.80970698846068,1691.1006613077639,39.928958662977955,600.0000000000005,0,112,1,0,0,0.0011172821705203106,0.35092214166057883,2362963418.260741,0.0,0,752.5536030625876,241.03354535522612,822000.0,5192.648964151296,300,84,0.6379350560569492,0.6415850870124117,0.6860858225281663,0.2905244404356019,298.90909090909093,0.48
type=lease_sandbox_idle_timeout_s=300_ablate=prewarm_sandbox_cold_start_s=3.0_rate_per_min=2.0_think_snr=0.0_seed=2,lease,300,prewarm,3.0,2.0,0.0,lease,2,737,580,4,0.00684931506849315,0.028169014084507043,580,298.87006529228915,2031.618055570381,62.15395651786107,600.0,0,285,3,0,0,0.00414095904967795,0.3093415949434838,1021257206.4068998,0.0,0,928.9195937067873,584.6545837951721,780600.0,9036.49844969213,252,33,0.474712461790905,0.4781386439823189,0.7316658568254663,0.3083785121266906,316.3636363636364,0.53
type=lease_sandbox_idle_timeout_s=300_ablate=prewarm_sandbox_cold_start_s=3.0_rate_per_min=2.0_think_snr=0.0_seed=3,lease,300,prewarm,3.0,2.0,0.0,lease,3,809,624,13,0.02040816326530612,0.07100591715976332,624,150.42433042494343,2139.6503036048566,64.6488819221037,600.0000000000005,0,443,2,0,0,0.003020380462407973,0.4151498347808626,2180193723.808027,0.0,0,1065.908185609631,498.1359917429045,846600.0,8680.19984874791,275,28,0.43211399860500715,0.4451072985111209,0.6930845066287878,0.28478058490126756,340.3636363636364,0.55
type=lease_sandbox_idle_timeout_s=300_ablate=prewarm_sandbox_cold_start_s=3.0_rate_per_min=2.0_think_snr=0.0_seed=4,lease,300,prewarm,3.0,2.0,0.0,lease,4,765,656,5,0.007564296520423601,0.02247191011235955,656,139.183201705207,1966.5495908376529,16.84990702037666,600.0,0,118,0,0,0,0.011298291548396478,0.32695907137178787,2367938040.7087264,0.0,0,580.4494052631699,185.99606429979985,747600.0,1275.2508238453756,260,74,0.6534900986252651,0.6572480285400263,0.6894141606934733,0.32910040240266364,357.8181818181818,0.48
type=lease_sandbox_idle_timeout_s=300_ablate=prewarm_sandbox_cold_start_s=3.0_rate_per_min=2.0_think_snr=0.0_seed=5,lease,300,prewarm,3.0,2.0,0.0,lease,5,1001,784,18,0.022443890274314215,0.07906976744186046,784,212.8227274455287,3251.9828184266116,95.00637772694314,600.0000000000005,0,967,1,0,0,0.008329610711448375,0.25948970888159817,1785309710.6460752,0.0,0,920.2606621754999,907.4461049365045,964800.0,18501.9160671501,300,7,0.3865627876442672,0.3991946136542306,0.8424878558865903,0.3369224525442084,427.6363636363636,0.71
type=lease_sandbox_idle_timeout_s=300_ablate=prewarm_sandbox_cold_start_s=3.0_rate_per_min=2.0_think_snr=0.0_seed=6,lease,300,prewarm,3.0,2.0,0.0,lease,6,640,524,7,0.013182674199623353,0.045454545454545456,524,427.74704417887597,2991.363057185796,45.779058493267634,600.0000000000005,0,331,0,0,0,0.0034045608818440314,0.4067408001077227,2341953419.0200872,0.0,0,1434.0229145145088,1046.7276484836557,687600.0,5628.235281997364,259,29,0.5025607016521487,0.5123844443354778,0.6574953108569671,0.295177886984088,285.8181818181818,0.51
type=lease_sandbox_idle_timeout_s=300_ablate=prewarm_sandbox_cold_start_s=3.0_rate_per_min=2.0_think_snr=0.0_seed=7,lease,300,prewarm,3.0,2.0,0.0,lease,7,809,640,5,0.007751937984496124,0.024271844660194174,640,196.842987452133,2030.3662141561856,64.80885477502711,600.0000000000005,0,358,1,0,0,0.002086329711522247,0.3557181705661483,1700297319.441344,0.0,0,1386.7229068409033,824.9189665389899,894000.0,9584.448891651766,251,32,0.45325491366175974,0.4587844505830769,0.70948841431543,0.29538280087921853,349.0909090909091,0.55
type=lease_sandbox_idle_timeout_s=300_ablate=prewarm_sandbox_cold_start_s=3.0_rate_per_min=2.0_think_snr=0.0_seed=8,lease,300,prewarm,3.0,2.0,0.0,lease,8,888,714,9,0.012448132780082987,0.05,714,213.87890158924176,2737.2546007622163,24.533580605222017,600.0000000000005,0,580,0,0,0,0.009341529794536141,0.4545845749162526,3242600706.315175,0.0,0,799.6799082136235,634.5837813752082,878400.0,9604.896687412622,296,22,0.4611191666269211,0.469190601182778,0.7302243758417509,0.31486876796090946,389.4545454545455,0.59
type=lease_sandbox_idle_timeout_s=300_ablate=prewarm_sandbox_cold_start_s=3.0_rate_per_min=2.0_think_snr=0.0_seed=9,lease,300,prewarm,3.0,2.0,0.0,lease,9,862,671,17,0.024709302325581394,0.09392265193370165,671,326.31293109842545,2313.590269246348,33.48569640942345,600.0000000000005,0,573,3,0,0,0.005718418791639994,0.3482109232600939,1657860071.3403459,0.0,0,678.2677268018513,626.5801159240236,843000.0,12515.226397239005,305,22,0.43093351878391806,0.445279209807351,0.7793907188956877,0.32545917862215873,366.0,0.6
type=lease_sandbox_idle_timeout_s=300_ablate=prewarm_sandbox_cold_start_s=3.0_rate_per_min=2.0_think_snr=0.0_seed=10,lease,300,prewarm,3.0,2.0,0.0,lease,10,718,609,3,0.004901960784313725,0.021739130434782608,609,209.15349908217513,1965.2307082627558,46.28583978455905,600.0000000000005,0,132,2,0,0,0.0034934751312305046,0.27916344093915174,1425131234.358436,0.0,0,1444.387763655388,975.9109318305414,643800.0,5210.564269983064,248,26,0.5937342964199086,0.597472079110942,0.7265888721955128,0.3459479320525604,332.1818181818182,0.51
type=lease_sandbox_idle_timeout_s=300_ablate=prewarm_sandbox_cold_start_s=3.0_rate_per_min=2.0_think_snr=0.9_seed=1,lease,300,prewarm,3.0,2.0,0.9,lease,1,640,521,2,0.0038240917782026767,0.006802721088435374,521,263.062416816912,1739.5559117222756,70.5491872683841,600.0000000000005,0,146,3,0,0,0.008370198130112376,0.3092507238316817,1857239564.168304,0.0,0,713.3251045062893,536.4569544485607,792600.0,5309.920272117163,305,36,0.5661901926902405,0.5668893288465852,0.7185654225751101,0.2834014391954731,284.1818181818182,0.49
type=lease_sandbox_idle_timeout_s=300_ablate=prewarm_sandbox_cold_start_s=3.0_rate_per_min=2.0_think_snr=0.9_seed=2,lease,300,prewarm,3.0,2.0,0.9,lease,2,737,580,5,0.008547008547008548,0.03424657534246575,580,309.55616252203436,2045.201286053403,46.62544115048316,600.0000000000005,0,321,4,0,0,0.00506547254229894,0.3413360766579705,1594416509.56372,0.0,0,1219.4806023186843,878.184467634856,748200.0,8560.339219017318,255,30,0.46205476204789375,0.4651306211124264,0.7092601518793706,0.3192380863469472,316.3636363636364,0.53
type=lease_sandbox_idle_timeout_s=300_ablate=prewarm_sandbox_cold_start_s=3.0_rate_per_min=2.0_think_snr=0.9_seed=3,lease,300,prewarm,3.0,2.0,0.9,lease,3,796,614,12,0.019169329073482427,0.0658682634730539,614,128.72744945600584,2073.2295413631136,45.33128047698101,600.0000000000005,0,474,0,0,0,0.002610063098420903,0.4134300299883499,2800143950.403437,0.0,0,1040.1567419754697,477.1316579140903,795000.0,8977.045038970487,257,31,0.4429747278382756,0.4544979226947956,0.6580455693028037,0.2888244292440341,334.90909090909093,0.52
type=lease_sandbox_idle_timeout_s=300_ablate=prewarm_sandbox_cold_start_s=3.0_rate_per_min=2.0_think_snr=0.9_seed=4,lease,300,prewarm,3.0,2.0,0.9,lease,4,803,678,3,0.004405286343612335,0.01764705882352941,678,142.7580458448051,1892.4223620429768,26.014741656124862,600.0000000000005,0,114,3,0,0,0.004519193305030193,0.2974215286093804,2625030675.701538,0.0,0,587.8558257533994,482.4830315070715,739200.0,2254.655962518897,230,51,0.5989976967562349,0.601637669396165,0.6829682441441661,0.33016930402573397,369.8181818181818,0.5
type=lease_sandbox_idle_timeout_s=300_ablate=prewarm_sandbox_cold_start_s=3.0_rate_per_min=2.0_think_snr=0.9_seed=5,lease,300,prewarm,3.0,2.0,0.9,lease,5,1000,768,25,0.031525851197982346,0.11274509803921569,768,146.3542728856703,3171.127735752962,57.16355802331459,600.0000000000005,0,970,2,0,0,0.01013043907129753,0.28242565384873686,1862259072.3285725,0.0,0,865.1099716383271,852.9798031295114,868200.0,10969.265776353715,268,9,0.40217337601582615,0.4190682028376859,0.7996248543649639,0.35508138447772863,418.90909090909093,0.67
type=lease_sandbox_idle_timeout_s=300_ablate=prewarm_sandbox_cold_start_s=3.0_rate_per_min=2.0_think_snr=0.9_seed=6,lease,300,prewarm,3.0,2.0,0.9,lease,6,675,549,11,0.019642857142857142,0.06875,549,348.02687884515217,3003.4565363167617,26.906291693872543,600.0000000000005,0,413,2,0,0,0.005860205201681627,0.41875790788087763,2504025016.3442817,0.0,0,1820.6820586582894,1364.2471141909004,682800.0,6709.9608454529225,255,40,0.4874604084794463,0.5037313369460071,0.6421187050958301,0.3128552892817331,299.45454545454544,0.5
type=lease_sandbox_idle_timeout_s=300_ablate=prewarm_sandbox_cold_start_s=3.0_rate_per_min=2.0_think_snr=0.9_seed=7,lease,300,prewarm,3.0,2.0,0.9,lease,7,805,646,10,0.01524390243902439,0.046296296296296294,646,199.63946736819412,2059.9882194632323,33.15641663263725,600.0000000000005,0,358,1,0,0,0.011906219615295498,0.32986622252074493,1474343302.989099,0.0,0,774.1996858589763,560.1784369730763,868800.0,6644.759446056152,242,31,0.48412781732814986,0.4929991113537828,0.7059036797623672,0.3089533591036661,352.3636363636364,0.55
type=lease_sandbox_idle_timeout_s=300_ablate=prewarm_sandbox_cold_start_s=3.0_rate_per_min=2.0_think_snr=0.9_seed=8,lease,300,prewarm,3.0,2.0,0.9,lease,8,860,676,8,0.011695906432748537,0.046511627906976744,676,227.5090804793216,3140.0675803262425,29.05189774734733,600.0000000000005,0,590,3,0,0,0.00756087985681189,0.44109800448371317,3065642274.251956,0.0,0,886.2761560481449,839.9016271834687,799200.0,9534.899893081922,298,22,0.4478449835944714,0.4554580639455853,0.7207045837380213,0.32246327749739817,368.72727272727275,0.57
type=lease_sandbox_idle_timeout_s=300_ablate=prewarm_sandbox_cold_start_s=3.0_rate_per_min=2.0_think_snr=0.9_seed=9,lease,300,prewarm,3.0,2.0,0.9,lease,9,882,681,17,0.024355300859598854,0.09090909090909091,681,312.0120416902673,3139.1097270610658,64.95435625101504,600.0000000000005,0,707,1,0,0,0.005507782382105996,0.3521984369952275,968580439.638268,0.0,0,660.9683723332855,626.7050537113619,893400.0,15876.071906579635,311,13,0.4006631934566094,0.4147089288521432,0.8163044838327183,0.28560860575238517,371.4545454545455,0.65
type=lease_sandbox_idle_timeout_s=300_ablate=prewarm_sandbox_cold_start_s=3.0_rate_per_min=2.0_think_snr=0.9_seed=10,lease,300,prewarm,3.0,2.0,0.9,lease,10,704,602,5,0.008237232289950576,0.03676470588235294,602,245.71904525336663,2038.4141252049203,61.460832846312506,600.0000000000005,0,162,2,0,0,0.004034859533013785,0.2763105676739584,1120039630.6160657,0.0,0,1274.160527218918,872.3816246201852,673200.0,5129.589272872979,261,14,0.5822065210831802,0.5891744673312487,0.7412766354207136,0.32234824631051806,328.3636363636364,0.51
type=lease_sandbox_idle_timeout_s=300_ablate=prewarm_sandbox_cold_start_s=30.0_rate_per_min=2.0_think_snr=0.0_seed=1,lease,300,prewarm,30.0,2.0,0.0,lease,1,639,531,1,0.0018796992481203006,0.006666666666666667,531,231.30006918834124,1851.9415595049572,16.104591213453386,600.0000000000005,0,197,0,0,0,0.0006171905609621142,0.2884084348425028,3310629372.859504,0.0,0,1088.9602367408593,651.0720192636597,825600.0,5022.62276632001,289,20,0.596280706814842,0.597495446133944,0.6313163291690947,0.31097419152373573,289.6363636363636,0.46
type=lease_sandbox_idle_timeout_s=300_ablate=prewarm_sandbox_cold_start_s=30.0_rate_per_min=2.0_think_snr=0.0_seed=2,lease,300,prewarm,30.0,2.0,0.0,lease,2,674,489,13,0.025896414342629483,0.10483870967741936,489,175.84143397443063,2268.7147057437696,20.635591438116272,600.0000000000005,0,489,3,0,0,0.006433779053916967,0.29064582291781565,2654591775.786815,0.0,0,1050.9669930167204,604.6394735981785,753600.0,8570.601801174456,237,21,0.39705889862359817,0.41022109277087704,0.5956764115068959,0.30135191697118285,266.72727272727275,0.45
type=lease_sandbox_idle_timeout_s=300_ablate=prewarm_sandbox_cold_start_s=30.0_rate_per_min=2.0_think_snr=0.0_seed=3,lease,300,prewarm,30.0,2.0,0.0,lease,3,761,553,28,0.04819277108433735,0.16875,553,84.85946710866801,2704.3739847528163,4.54208611087125,600.0000000000005,0,648,0,0,0,0.014759439067310911,0.38809730147291266,3986796750.880864,0.0,0,1083.1708309041328,490.15201090846153,752400.0,6164.477822777941,250,23,0.4045027910837859,0.4270537027839417,0.5751667763128075,0.289021427752821,301.6363636363636,0.47
type=lease_sandbox_idle_timeout_s=300_ablate=prewarm_sandbox_cold_start_s=30.0_rate_per_min=2.0_think_snr=0.0_seed=4,lease,300,prewarm,30.0,2.0,0.0,lease,4,691,555,9,0.015957446808510637,0.05063291139240506,555,131.93211501151745,2160.657384784559,9.83478958958789,600.0000000000005,0,246,0,0,0,0.0122336184806596,0.29514356662722513,4095752086.5745378,0.0,0,680.9216299226082,508.2374055655132,697800.0,2918.117423236419,230,17,0.5080821036557983,0.5164607590358373,0.5562516305725524,0.31889441431534843,302.72727272727275,0.42
type=lease_sandbox_idle_timeout_s=300_ablate=prewarm_sandbox_cold_start_s=30.0_rate_per_min=2.0_think_snr=0.0_seed=5,lease,300,prewarm,30.0,2.0,0.0,lease,5,961,700,35,0.047619047619047616,0.175,700,84.24160373046743,3626.9274124212875,35.37494925158076,600.0000000000005,0,1229,1,0,0,0.013258008605408055,0.21363093127881477,3616955059.469662,0.0,0,811.6722151323102,807.0533703606222,924600.0,15368.99480047818,303,4,0.3439869107858784,0.3660918476221444,0.7198437679640961,0.3103252222434206,381.8181818181818,0.62
type=lease_sandbox_idle_timeout_s=300_ablate=prewarm_sandbox_cold_start_s=30.0_rate_per_min=2.0_think_snr=0.0_seed=6,lease,300,prewarm,30.0,2.0,0.0,lease,6,599,444,24,0.05128205128205128,0.17391304347826086,444,172.83673003971205,3656.584657088871,14.808628603662095,600.0000000000005,0,638,0,0,0,0.011472538313508097,0.40028449747532974,4252154802.0192122,0.0,0,1504.4335807764342,1148.3508684408653,598200.0,5325.661305196772,236,21,0.3987304003362149,0.42880044012267593,0.5362883063973064,0.28097276205217825,242.1818181818182,0.42
type=lease_sandbox_idle_timeout_s=300_ablate=prewarm_sandbox_cold_start_s=30.0_rate_per_min=2.0_think_snr=0.0_seed=7,lease,300,prewarm,30.0,2.0,0.0,lease,7,747,538,10,0.01824817518248175,0.05649717514124294,538,159.01009332169224,2463.882470846028,34.7155405284205,600.0000000000005,0,602,0,0,0,0.0025802864948207853,0.31796266067047846,3224637859.5174384,0.0,0,1380.4386385878727,1297.0439095546476,838800.0,5904.356327501642,230,15,0.400264328886292,0.409302305286886,0.592950558420746,0.29038413223388126,293.45454545454544,0.48
type=lease_sandbox_idle_timeout_s=300_ablate=prewarm_sandbox_cold_start_s=30.0_rate_per_min=2.0_think_snr=0.0_seed=8,lease,300,prewarm,30.0,2.0,0.0,lease,8,803,599,30,0.04769475357710652,0.1686046511627907,599,95.28783313892654,3682.7807004073816,1.2567602389392325,600.0000000000005,0,844,1,0,0,0.018440696551957087,0.42341990063683865,4942340815.597136,0.0,0,860.9394100122956,819.4821015390203,759600.0,10926.045546130832,252,3,0.3748734826075871,0.403793094139449,0.571623976447164,0.2811285299926161,326.72727272727275,0.48
type=lease_sandbox_idle_timeout_s=300_ablate=prewarm_sandbox_cold_start_s=30.0_rate_per_min=2.0_think_snr=0.0_seed=9,lease,300,prewarm,30.0,2.0,0.0,lease,9,814,610,27,0.0423861852433281,0.15606936416184972,610,135.41880172349897,3603.880286599081,12.977938681406485,600.0000000000005,0,884,0,0,0,0.007346320113903088,0.2979589506525062,4492553479.971219,0.0,0,708.8355270112139,669.2964203590977,722400.0,12554.622915458007,265,10,0.3592552715584607,0.38131605880569724,0.6055730437953251,0.30615839973636644,332.72727272727275,0.53
type=lease_sandbox_idle_timeout_s=300_ablate=prewarm_sandbox_cold_start_s=30.0_rate_per_min=2.0_think_snr=0.0_seed=10,lease,300,prewarm,30.0,2.0,0.0,lease,10,673,553,9,0.01601423487544484,0.072,553,156.1811564983377,1938.3211830237478,7.177525709572808,600.0000000000005,0,369,0,0,0,0.005744552853887698,0.23996350913492132,3690007181.4942956,0.0,0,1423.2807924808062,1352.1014895092148,584400.0,10293.538700071882,235,3,0.46897559624875784,0.4822493545880195,0.5789781911988475,0.32440217940104316,301.6363636363636,0.43
type=lease_sandbox_idle_timeout_s=300_ablate=prewarm_sandbox_cold_start_s=30.0_rate_per_min=2.0_think_snr=0.9_seed=1,lease,300,prewarm,30.0,2.0,0.9,lease,1,629,513,3,0.005813953488372093,0.013422818791946308,513,296.0737722110089,1833.3306559065888,29.014162313387533,600.0000000000005,0,205,0,0,0,0.0055413085162283465,0.2756172997359779,2819157575.2437453,0.0,0,1404.701833883181,928.188666190714,805200.0,7077.222182588329,309,19,0.566208278800516,0.5688043407177573,0.6600834069298758,0.32306623847053667,279.8181818181818,0.47
type=lease_sandbox_idle_timeout_s=300_ablate=prewarm_sandbox_cold_start_s=30.0_rate_per_min=2.0_think_snr=0.9_seed=2,lease,300,prewarm,30.0,2.0,0.9,lease,2,702,532,11,0.020257826887661142,0.07913669064748201,532,244.9110163810135,2088.2047653618697,18.88636997864678,600.0000000000005,0,436,1,0,0,0.003643812454909435,0.29492677848881715,3085889688.796157,0.0,0,1381.2675350027093,943.3965658825387,733800.0,10060.945254436392,256,21,0.43896958444053163,0.4521166001922389,0.6246325983310671,0.3365214338689248,290.1818181818182,0.48
type=lease_sandbox_idle_timeout_s=300_ablate=prewarm_sandbox_cold_start_s=30.0_rate_per_min=2.0_think_snr=0.9_seed=3,lease,300,prewarm,30.0,2.0,0.9,lease,3,776,570,17,0.028960817717206135,0.10526315789473684,570,87.59737583889375,2366.3126154473566,15.52961631640693,600.0000000000005,0,594,1,0,0,0.004429747902019164,0.3905919315762668,4170636741.8435655,0.0,0,1082.3534827890949,551.4840319133657,769800.0,6909.124250618651,251,28,0.43124533930819353,0.44810079239179784,0.5687864620038526,0.30348895994898345,310.90909090909093,0.47
type=lease_sandbox_idle_timeout_s=300_ablate=prewarm_sandbox_cold_start_s=30.0_rate_per_min=2.0_think_snr=0.9_seed=4,lease,300,prewarm,30.0,2.0,0.9,lease,4,753,610,5,0.008130081300813009,0.031055900621118012,610,126.26168306337127,2018.774332360507,11.686439890723426,600.0000000000005,0,228,0,0,0,0.0032614916991002816,0.25002944449726955,3859236093.4021363,0.0,0,832.8837219267539,589.0711458509061,696600.0,3203.523268799847,208,20,0.5314819343338949,0.5369021472070573,0.5910845433542153,0.34120701183724783,332.72727272727275,0.45
type=lease_sandbox_idle_timeout_s=300_ablate=prewarm_sandbox_cold_start_s=30.0_rate_per_min=2.0_think_snr=0.9_seed=5,lease,300,prewarm,30.0,2.0,0.9,lease,5,961,713,30,0.040376850605652756,0.15306122448979592,713,71.52305427350439,3615.8786246801915,18.91604079349953,600.0000000000005,0,1190,0,0,0,0.012103417800179326,0.2453478297349176,4135060281.8968987,0.0,0,961.190613077679,956.4677949989682,834000.0,9448.097875229378,260,5,0.3691217140041211,0.39025870223942205,0.6768431906363312,0.3699220326053199,388.90909090909093,0.6
type=lease_sandbox_idle_timeout_s=300_ablate=prewarm_sandbox_cold_start_s=30.0_rate_per_min=2.0_think_snr=0.9_seed=6,lease,300,prewarm,30.0,2.0,0.9,lease,6,626,473,15,0.030737704918032786,0.10416666666666667,473,213.8117373745547,3491.521942817269,9.012264323935712,600.0000000000005,0,634,1,0,0,0.010619289228606572,0.4290564081865115,4651867318.110992,0.0,0,1560.9810693705836,1098.3308634721766,602400.0,7084.887918490067,215,24,0.40059423016471296,0.4186269458265874,0.5154510529412717,0.27881681369224676,258.0,0.44
type=lease_sandbox_idle_timeout_s=300_ablate=prewarm_sandbox_cold_start_s=30.0_rate_per_min=2.0_think_snr=0.9_seed=7,lease,300,prewarm,30.0,2.0,0.9,lease,7,761,572,5,0.008665511265164644,0.026881720430107527,572,181.5841790468968,2159.372836481087,21.99102478549656,600.0000000000005,0,545,3,0,0,0.004843386268555623,0.293892151056651,3235949165.269165,0.0,0,1447.804659018961,1354.7188913884281,819000.0,6856.260094092192,219,17,0.4322935640396591,0.43767432809847434,0.5962821002452409,0.30235752965923945,312.0,0.48
type=lease_sandbox_idle_timeout_s=300_ablate=prewarm_sandbox_cold_start_s=30.0_rate_per_min=2.0_think_snr=0.9_seed=8,lease,300,prewarm,30.0,2.0,0.9,lease,8,814,618,13,0.020602218700475437,0.07647058823529412,618,160.2166881308658,3610.8889502748657,12.409015185673868,600.0000000000005,0,759,0,0,0,0.013085166287487624,0.4091320116191404,4696670550.723694,0.0,0,1312.5935444451857,1007.6311793614741,833400.0,9576.47675471906,291,6,0.4139740416803563,0.42403166103722956,0.6114953261217949,0.31362850908948986,337.0909090909091,0.53
type=lease_sandbox_idle_timeout_s=300_ablate=prewarm_sandbox_cold_start_s=30.0_rate_per_min=2.0_think_snr=0.9_seed=9,lease,300,prewarm,30.0,2.0,0.9,lease,9,846,618,30,0.046296296296296294,0.16574585635359115,618,165.13048890899972,3137.588448644148,46.33733099616933,600.0000000000005,0,898,1,0,0,0.011463905377087543,0.24217891568750274,2474016207.3787074,0.0,0,688.1810905941859,670.9896569397443,837600.0,16341.556695172832,296,5,0.35356816510340566,0.37320394616670294,0.7095743386994949,0.3013928693450114,337.0909090909091,0.56
type=lease_sandbox_idle_timeout_s=300_ablate=prewarm_sandbox_cold_start_s=30.0_rate_per_min=2.0_think_snr=0.9_seed=10,lease,300,prewarm,30.0,2.0,0.9,lease,10,676,560,7,0.012345679012345678,0.056451612903225805,560,227.35309979573617,1925.8627146559634,23.352604980368707,600.0000000000005,0,294,1,0,0,0.003963294375880786,0.2112789043867615,2602539031.079296,0.0,0,1265.823720052122,1122.3882254472735,681000.0,7728.679279765447,261,5,0.54520526802936,0.5555967502329747,0.6469370549242425,0.34125465567996555,305.45454545454544,0.46
type=lease_sandbox_idle_timeout_s=300_ablate=prewarm_sandbox_cold_start_s=90.0_rate_per_min=2.0_think_snr=0.0_seed=1,lease,300,prewarm,90.0,2.0,0.0,lease,1,601,470,6,0.012605042016806723,0.04411764705882353,470,178.87670777210178,2053.8379300063,9.15663330452449,600.0000000000005,0,332,0,0,0,0.0027844513860965977,0.295692509182621,4425773759.61919,0.0,0,1568.8383072195336,424.7715220814832,758400.0,5955.659565371178,268,30,0.5090407293942506,0.5188071374971951,0.5447109488555426,0.3208159596694501,256.3636363636364,0.4
type=lease_sandbox_idle_timeout_s=300_ablate=prewarm_sandbox_cold_start_s=90.0_rate_per_min=2.0_think_snr=0.0_seed=2,lease,300,prewarm,90.0,2.0,0.0,lease,2,658,465,17,0.035269709543568464,0.14049586776859505,465,152.35762543302417,2502.4977147629925,7.806407219120474,600.0000000000005,0,554,0,0,0,0.009321771359794569,0.27516380641466065,3612082242.5930376,0.0,0,1297.7245098036205,295.15290707347026,738600.0,9312.47132284789,239,23,0.381989572664289,0.39741958654575105,0.5382183663720539,0.3358626604303497,253.63636363636365,0.43
type=lease_sandbox_idle_timeout_s=300_ablate=prewarm_sandbox_cold_start_s=90.0_rate_per_min=2.0_think_snr=0.0_seed=3,lease,300,prewarm,90.0,2.0,0.0,lease,3,749,538,30,0.0528169014084507,0.1830065359477124,538,88.10273592008957,3637.3105438687203,2.71080450660883,600.0000000000005,0,684,0,0,0,0.022880796814675353,0.345590324568129,4234965505.3270845,0.0,0,894.9651910005721,477.58769108486854,752400.0,4961.937185048719,265,16,0.39486523099019,0.42105539710581275,0.5352043506903976,0.3207107108768528,293.45454545454544,0.46
type=lease_sandbox_idle_timeout_s=300_ablate=prewarm_sandbox_cold_start_s=90.0_rate_per_min=2.0_think_snr=0.0_seed=4,lease,300,prewarm,90.0,2.0,0.0,lease,4,664,516,9,0.017142857142857144,0.05333333333333334,516,106.74694159086437,2135.966352608562,0.8770382694802382,600.0000000000005,0,356,0,0,0,0.015323662819546814,0.277226334695926,4513337839.324432,0.0,0,806.9426496220676,423.92178830861735,684000.0,2908.1599283390346,216,17,0.48360326431270506,0.49181701479570333,0.49641154924647113,0.33830789078295975,281.45454545454544,0.39
type=lease_sandbox_idle_timeout_s=300_ablate=prewarm_sandbox_cold_start_s=90.0_rate_per_min=2.0_think_snr=0.0_seed=5,lease,300,prewarm,90.0,2.0,0.0,lease,5,947,679,41,0.05694444444444444,0.20707070707070707,679,66.31910211326704,4406.6834850393525,16.171256913454556,600.0000000000005,0,1315,1,0,0,0.01832289787264228,0.18582457291336377,4631813970.548188,0.0,0,487.7785502331482,485.09821205543665,868200.0,15982.683578539836,297,3,0.3353271058880969,0.3626565652504575,0.6569011868889213,0.3774992857369731,370.3636363636364,0.57
type=lease_sandbox_idle_timeout_s=300_ablate=prewarm_sandbox_cold_start_s=90.0_rate_per_min=2.0_think_snr=0.0_seed=6,lease,300,prewarm,90.0,2.0,0.0,lease,6,604,440,20,0.043478260869565216,0.15748031496062992,440,159.8622063444849,3643.9135064135135,10.17340075210239,600.0000000000005,0,672,0,0,0,0.011219850711762402,0.36916709893891475,4614591076.012479,0.0,0,946.4381412906664,696.3966399587738,574200.0,5365.955823709065,231,16,0.39201829281195816,0.417607576186202,0.5125167715496309,0.3042200178245674,240.0,0.41
type=lease_sandbox_idle_timeout_s=300_ablate=prewarm_sandbox_cold_start_s=90.0_rate_per_min=2.0_think_snr=0.0_seed=7,lease,300,prewarm,90.0,2.0,0.0,lease,7,720,502,18,0.03461538461538462,0.10285714285714286,502,140.0162661832892,2450.531476572949,1.853308282038884,600.0000000000005,0,676,0,0,0,0.008259498489526913,0.26380678764780524,3917036248.3060493,0.0,0,1829.661211479302,1748.4571439607864,789000.0,7450.906424368159,227,13,0.38911850145289184,0.4025554198641855,0.531668825818279,0.3422707688380817,273.8181818181818,0.45
type=lease_sandbox_idle_timeout_s=300_ablate=prewarm_sandbox_cold_start_s=90.0_rate_per_min=2.0_think_snr=0.0_seed=8,lease,300,prewarm,90.0,2.0,0.0,lease,8,783,563,37,0.06166666666666667,0.21686746987951808,563,96.18731687432637,3711.213434428402,2.9550378765632814,600.0000000000005,0,908,0,0,0,0.019262022758203837,0.414322596245171,4397562562.624944,0.0,0,981.3731214986444,847.3566521720181,740400.0,10142.732139773976,240,2,0.36791451646015333,0.4025323524817208,0.5669896370718402,0.3043900538955017,307.0909090909091,0.46
type=lease_sandbox_idle_timeout_s=300_ablate=prewarm_sandbox_cold_start_s=90.0_rate_per_min=2.0_think_snr=0.0_seed=9,lease,300,prewarm,90.0,2.0,0.0,lease,9,805,583,38,0.061191626409017714,0.21468926553672316,583,135.49113359949376,3757.453433465997,14.39462237235529,600.0000000000005,0,951,1,0,0,0.009163475339852114,0.2389419550754636,4058002708.4190507,0.0,0,983.5720896821575,967.4531447856652,724800.0,10885.381809956318,260,6,0.360458251228102,0.3942078307942605,0.6088001665938229,0.3364683732871589,318.0,0.51
type=lease_sandbox_idle_timeout_s=300_ablate=prewarm_sandbox_cold_start_s=90.0_rate_per_min=2.0_think_snr=0.0_seed=10,lease,300,prewarm,90.0,2.0,0.0,lease,10,641,509,10,0.019267822736030827,0.08771929824561403,509,130.76240579106707,2144.3016422199075,6.603703881950111,600.0000000000005,0,424,0,0,0,0.006811197021161748,0.21765558741600632,4144312419.0436773,0.0,0,1446.1859456735147,1167.1674146384428,514200.0,10466.57398934989,210,5,0.44631483920639525,0.4603807917523159,0.5226228936723,0.3624139662522228,277.6363636363636,0.4
type=lease_sandbox_idle_timeout_s=300_ablate=prewarm_sandbox_cold_start_s=90.0_rate_per_min=2.0_think_snr=0.9_seed=1,lease,300,prewarm,90.0,2.0,0.9,lease,1,587,454,6,0.013043478260869565,0.045454545454545456,454,257.23515788750797,2147.9270788200733,18.46245578272328,600.0000000000005,0,345,0,0,0,0.0025489657639489022,0.2615664130194843,3381381889.7387643,0.0,0,2289.7873810601986,1092.911941384412,795000.0,6262.1794635717315,297,10,0.5030116563114774,0.5096922273134319,0.5832544609638047,0.3365423213071946,247.63636363636365,0.41
type=lease_sandbox_idle_timeout_s=300_ablate=prewarm_sandbox_cold_start_s=90.0_rate_per_min=2.0_think_snr=0.9_seed=2,lease,300,prewarm,90.0,2.0,0.9,lease,2,666,474,14,0.028688524590163935,0.11290322580645161,474,184.5995544181153,2680.1939996844935,9.388431666087985,600.0000000000005,0,566,0,0,0,0.003716505572546929,0.2580364559249564,3371210712.3508706,0.0,0,1278.9356692669996,644.5170008651071,687000.0,8857.461318288722,241,17,0.38221083575623527,0.39806764458786886,0.5542042324770138,0.3497228890927215,258.54545454545456,0.44
type=lease_sandbox_idle_timeout_s=300_ablate=prewarm_sandbox_cold_start_s=90.0_rate_per_min=2.0_think_snr=0.9_seed=3,lease,300,prewarm,90.0,2.0,0.9,lease,3,743,522,30,0.05434782608695652,0.18666666666666668,522,85.60948576406236,2541.9666824705723,15.913399680028682,600.0000000000005,0,688,0,0,0,0.010606511259736818,0.39024146105057633,4136488782.686329,0.0,0,795.4001543439178,300.3448211697321,707400.0,6149.658456979152,236,21,0.39806974755188496,0.42807018930492974,0.5152984577222546,0.2990656491205849,284.72727272727275,0.44
type=lease_sandbox_idle_timeout_s=300_ablate=prewarm_sandbox_cold_start_s=90.0_rate_per_min=2.0_think_snr=0.9_seed=4,lease,300,prewarm,90.0,2.0,0.9,lease,4,694,541,10,0.018148820326678767,0.06622516556291391,541,110.38276757804124,2238.32139126797,5.52856347863128,600.0000000000005,0,332,0,0,0,0.011412792469360352,0.21113136940664656,4836158058.009024,0.0,0,926.0918545090349,455.484062965508,651000.0,3627.919504849943,204,19,0.49691463377332723,0.507253603631632,0.5172823194120695,0.37104093050300657,295.0909090909091,0.41
type=lease_sandbox_idle_timeout_s=300_ablate=prewarm_sandbox_cold_start_s=90.0_rate_per_min=2.0_think_snr=0.9_seed=5,lease,300,prewarm,90.0,2.0,0.9,lease,5,919,662,43,0.06099290780141844,0.21608040201005024,662,81.78295203699622,3759.763387215709,16.309772164813605,600.0000000000005,0,1254,0,0,0,0.020603403973398382,0.17750170555102052,4563177050.708818,0.0,0,936.5758057821104,934.332754626491,772200.0,9892.466483388316,255,3,0.3630839073359352,0.39122392385715415,0.632336053232647,0.40900203263177615,361.0909090909091,0.56
type=lease_sandbox_idle_timeout_s=300_ablate=prewarm_sandbox_cold_start_s=90.0_rate_per_min=2.0_think_snr=0.9_seed=6,lease,300,prewarm,90.0,2.0,0.9,lease,6,611,447,23,0.04893617021276596,0.16428571428571428,447,206.89522758635712,3643.409585464202,6.217373696539934,600.0000000000005,0,664,0,0,0,0.019667051036367383,0.3709851723847371,4504536961.373226,0.0,0,1571.652493618532,1177.620458843448,590400.0,6395.6757694186035,221,11,0.39427751174706255,0.4214071222753302,0.48910722074915824,0.3214860962414625,243.81818181818184,0.42
type=lease_sandbox_idle_timeout_s=300_ablate=prewarm_sandbox_cold_start_s=90.0_rate_per_min=2.0_think_snr=0.9_seed=7,lease,300,prewarm,90.0,2.0,0.9,lease,7,717,504,13,0.025145067698259187,0.07514450867052024,504,143.99075003002804,2315.9677893132307,16.667712711591193,600.0000000000005,0,650,1,0,0,0.005921194297967388,0.2667221143265689,3732379973.1503677,0.0,0,1120.3375494155516,1060.0234927755137,774600.0,7442.111659594117,205,15,0.4077436226425845,0.4160836495606476,0.5292964095239252,0.32101899534707723,274.90909090909093,0.43
type=lease_sandbox_idle_timeout_s=300_ablate=prewarm_sandbox_cold_start_s=90.0_rate_per_min=2.0_think_snr=0.9_seed=8,lease,300,prewarm,90.0,2.0,0.9,lease,8,763,557,19,0.03298611111111111,0.10975609756097561,557,121.83729776150358,3718.677788680764,0.0888666579377815,600.0000000000005,0,798,0,0,0,0.02537697538852412,0.3822819225108447,6110591092.368446,0.0,0,1314.9698966183555,1178.3450639992034,747600.0,10527.491508873052,272,4,0.3994329555394669,0.4145045226639821,0.5130828074373543,0.36841022636450776,303.8181818181818,0.47
type=lease_sandbox_idle_timeout_s=300_ablate=prewarm_sandbox_cold_start_s=90.0_rate_per_min=2.0_think_snr=0.9_seed=9,lease,300,prewarm,90.0,2.0,0.9,lease,9,802,566,40,0.066006600660066,0.22346368715083798,566,144.4444568752847,4056.5237780322254,13.90372460636748,600.0000000000005,0,1034,0,0,0,0.007242334156531593,0.28750080336010675,3519687472.4026484,0.0,0,704.8995878046712,688.3478291761872,844200.0,13347.537442775847,276,3,0.3428099164425331,0.377521550683569,0.6309834939458691,0.30506643345119544,308.72727272727275,0.5
type=lease_sandbox_idle_timeout_s=300_ablate=prewarm_sandbox_cold_start_s=90.0_rate_per_min=2.0_think_snr=0.9_seed=10,lease,300,prewarm,90.0,2.0,0.9,lease,10,661,533,8,0.014787430683918669,0.06779661016949153,533,148.8232780242297,2165.6389865391957,5.07530414378712,600.0000000000005,0,398,0,0,0,0.0074088205005835685,0.16177059081714154,3697595182.583319,0.0,0,1179.4910081564437,927.5817609062192,645600.0,8611.626935569024,248,5,0.5029948874811535,0.5131045700351068,0.5461904962930588,0.37620433797376757,290.72727272727275,0.42
