run,type,sandbox_idle_timeout_s,ablate,rate_per_min,think_snr,policy,seed,req_started,req_done,req_failed,failure_rate,session_fail_finished,tct_n,tct_p50,tct_p99,chat_wait_p99,block_wait_max,n429,timeouts,evicted,deadlock_breaks,cycles_seen,token_waste,tool_waste,kv_unused_token_s,prewarm_idle_s,prewarm_hits,lease_cpu_issued,lease_cpu_unused,lease_budget_issued,lease_budget_unused,par_groups,par_groups_parallel,jain_all,jain_survivors,util_model,util_cpu,throughput_rph,wall_s
type=reactive_gate_sandbox_idle_timeout_s=0_ablate=_rate_per_min=2.0_think_snr=0.0_seed=1,reactive_gate,0,,2.0,0.0,reactive_gate,1,659,558,1,0.0017889087656529517,0.006289308176100629,558,206.5662561790976,1477.7004968829347,37.90464530480544,600.0000000000005,0,71,2,0,0,0.0009867345836209955,0.3143606853292889,2201748866.803826,0.0,0,0.0,0.0,0.0,0.0,302,74,0.6476137050680907,0.6490825564743758,0.7271745806542994,0.2979102121912399,304.3636363636364,0.23
type=reactive_gate_sandbox_idle_timeout_s=0_ablate=_rate_per_min=2.0_think_snr=0.0_seed=2,reactive_gate,0,,2.0,0.0,reactive_gate,2,734,574,6,0.010344827586206896,0.0425531914893617,574,284.23971850142243,2184.1441966754173,43.081982131700066,600.0,0,232,2,0,0,0.003624943299250565,0.3043504790697046,1163920457.273324,0.0,0,0.0,0.0,0.0,0.0,251,36,0.4769768789835484,0.48224235158923295,0.725466558218402,0.31582290658714324,313.0909090909091,0.27
type=reactive_gate_sandbox_idle_timeout_s=0_ablate=_rate_per_min=2.0_think_snr=0.0_seed=3,reactive_gate,0,,2.0,0.0,reactive_gate,3,803,607,16,0.025682182985553772,0.09316770186335403,607,156.04647232426396,2236.122744946142,48.654026882764576,600.0000000000005,0,358,2,0,0,0.003777590447737631,0.41862133430683646,2852362571.503503,0.0,0,0.0,0.0,0.0,0.0,259,28,0.42947198875809695,0.44561171526792054,0.6948616707621083,0.2814895358813595,331.0909090909091,0.28
type=reactive_gate_sandbox_idle_timeout_s=0_ablate=_rate_per_min=2.0_think_snr=0.0_seed=4,reactive_gate,0,,2.0,0.0,reactive_gate,4,755,640,5,0.007751937984496124,0.023121387283236993,640,120.80819599698839,1908.3519801364198,21.068664259765956,600.0,0,107,1,0,0,0.005572835985919441,0.3268358921187024,2333459665.313705,0.0,0,0.0,0.0,0.0,0.0,253,57,0.6428803448314493,0.6478210068618732,0.6997347166172948,0.3290911455288295,349.0909090909091,0.22
type=reactive_gate_sandbox_idle_timeout_s=0_ablate=_rate_per_min=2.0_think_snr=0.0_seed=5,reactive_gate,0,,2.0,0.0,reactive_gate,5,1025,802,28,0.033734939759036145,0.12217194570135746,802,233.52101049768146,3219.021892592091,44.71508949366199,600.0000000000005,0,787,4,0,0,0.012769333423912227,0.2610186457622327,1903286470.435836,0.0,0,0.0,0.0,0.0,0.0,302,8,0.41706489536308744,0.4370504383971805,0.862916472465035,0.35996679391743014,437.4545454545455,0.38
type=reactive_gate_sandbox_idle_timeout_s=0_ablate=_rate_per_min=2.0_think_snr=0.0_seed=6,reactive_gate,0,,2.0,0.0,reactive_gate,6,647,528,10,0.01858736059479554,0.06493506493506493,528,390.4556151850554,2997.944748839457,32.41619373774111,600.0000000000005,0,275,0,0,0,0.004562790420121322,0.390825010484214,2958349920.183508,0.0,0,0.0,0.0,0.0,0.0,260,31,0.5073182734014522,0.5225341543095214,0.6540890200563326,0.3162192191069291,288.0,0.23
type=reactive_gate_sandbox_idle_timeout_s=0_ablate=_rate_per_min=2.0_think_snr=0.0_seed=7,reactive_gate,0,,2.0,0.0,reactive_gate,7,805,640,7,0.010819165378670788,0.028846153846153848,640,206.86750353801386,2009.5105342815687,34.99679052881079,600.0,0,290,1,0,0,0.012505930482832476,0.35004523567971063,1655800206.7295787,0.0,0,0.0,0.0,0.0,0.0,239,31,0.45760801053907435,0.4633431029059079,0.7176644440559442,0.2955831766222122,349.0909090909091,0.28
type=reactive_gate_sandbox_idle_timeout_s=0_ablate=_rate_per_min=2.0_think_snr=0.0_seed=8,reactive_gate,0,,2.0,0.0,reactive_gate,8,892,713,11,0.015193370165745856,0.06179775280898876,713,209.33000440258138,2749.5088635110205,31.75465552803866,600.0000000000005,0,448,1,0,0,0.006078036224965268,0.4431187053981864,2942896612.8723226,0.0,0,0.0,0.0,0.0,0.0,286,19,0.45700111867376036,0.4667641307465673,0.7547195452481547,0.323457733861587,388.90909090909093,0.28
type=reactive_gate_sandbox_idle_timeout_s=0_ablate=_rate_per_min=2.0_think_snr=0.0_seed=9,reactive_gate,0,,2.0,0.0,reactive_gate,9,841,646,20,0.03003003003003003,0.10810810810810811,646,326.38753170440395,2893.1093523296367,31.677361276060854,600.0000000000005,0,484,3,0,0,0.008621458173857429,0.34818835170384976,1468832062.6029758,0.0,0,0.0,0.0,0.0,0.0,289,22,0.4320706916249206,0.4480109643636279,0.7858072138856514,0.31464651809399485,352.3636363636364,0.31
type=reactive_gate_sandbox_idle_timeout_s=0_ablate=_rate_per_min=2.0_think_snr=0.0_seed=10,reactive_gate,0,,2.0,0.0,reactive_gate,10,726,622,3,0.0048,0.02142857142857143,622,217.66440985303143,1866.708365691106,50.049290198347904,600.0000000000002,0,105,2,0,0,0.0034973556963891683,0.27263253217703004,1606784881.250985,0.0,0,0.0,0.0,0.0,0.0,246,27,0.6125470132708758,0.6163560989026715,0.7354258474043318,0.3438239071674351,339.2727272727273,0.25
type=reactive_gate_sandbox_idle_timeout_s=0_ablate=_rate_per_min=2.0_think_snr=0.9_seed=1,reactive_gate,0,,2.0,0.9,reactive_gate,1,647,527,2,0.003780718336483932,0.006711409395973154,527,249.32150059660398,1832.8370095979578,43.55837683723144,600.0000000000005,0,115,3,0,0,0.007875806530508605,0.31009648434898246,1894959841.3258286,0.0,0,0.0,0.0,0.0,0.0,312,48,0.583260712190084,0.5840548363647715,0.7418350100119788,0.2947456877289926,287.45454545454544,0.24
type=reactive_gate_sandbox_idle_timeout_s=0_ablate=_rate_per_min=2.0_think_snr=0.9_seed=2,reactive_gate,0,,2.0,0.9,reactive_gate,2,736,575,8,0.0137221269296741,0.05442176870748299,575,291.42857733765504,2154.6641310725113,35.00729697919198,600.0000000000005,0,255,1,0,0,0.0035497563292533037,0.33964171126361026,1422084896.9953673,0.0,0,0.0,0.0,0.0,0.0,258,32,0.4526285457685464,0.4606760141952561,0.727458926593661,0.3209552898985512,313.6363636363636,0.27
type=reactive_gate_sandbox_idle_timeout_s=0_ablate=_rate_per_min=2.0_think_snr=0.9_seed=3,reactive_gate,0,,2.0,0.9,reactive_gate,3,806,623,15,0.023510971786833857,0.08333333333333333,623,136.75058210469024,1992.397350368714,44.76984898930581,600.0000000000005,0,338,0,0,0,0.0025937719209658773,0.44313533521619153,3208668532.0004888,0.0,0,0.0,0.0,0.0,0.0,244,31,0.4446611184987471,0.45955097558140656,0.6614247974658444,0.282179047256437,339.8181818181818,0.25
type=reactive_gate_sandbox_idle_timeout_s=0_ablate=_rate_per_min=2.0_think_snr=0.9_seed=4,reactive_gate,0,,2.0,0.9,reactive_gate,4,816,693,4,0.005738880918220947,0.022598870056497175,693,130.20060285476802,1813.2056786096605,20.280239318764178,600.0,0,114,1,0,0,0.0034320812869014818,0.3259752068156077,2872730140.8672156,0.0,0,0.0,0.0,0.0,0.0,231,51,0.6131635712555799,0.6175844446326485,0.6901283292217043,0.3338487530610075,378.0,0.24
type=reactive_gate_sandbox_idle_timeout_s=0_ablate=_rate_per_min=2.0_think_snr=0.9_seed=5,reactive_gate,0,,2.0,0.9,reactive_gate,5,1012,783,29,0.03571428571428571,0.13270142180094788,783,224.68731482958674,3642.71654840002,49.21414848512884,600.0000000000005,0,827,0,0,0,0.01504719783394652,0.28538307004491276,1908026675.7178051,0.0,0,0.0,0.0,0.0,0.0,273,11,0.40681813389305493,0.4273778772846333,0.8146651555053743,0.36722923413233066,427.0909090909091,0.36
type=reactive_gate_sandbox_idle_timeout_s=0_ablate=_rate_per_min=2.0_think_snr=0.9_seed=6,reactive_gate,0,,2.0,0.9,reactive_gate,6,674,535,14,0.025500910746812388,0.09090909090909091,535,324.5085204361444,3238.5311846412756,32.04380623209385,600.0000000000005,0,374,5,0,0,0.009400079702159583,0.42283975291154346,2526102816.610888,0.0,0,0.0,0.0,0.0,0.0,242,40,0.4699229137159581,0.48732520914125915,0.6406779637561514,0.3159160821334681,291.8181818181818,0.25
type=reactive_gate_sandbox_idle_timeout_s=0_ablate=_rate_per_min=2.0_think_snr=0.9_seed=7,reactive_gate,0,,2.0,0.9,reactive_gate,7,825,677,8,0.01167883211678832,0.03669724770642202,677,209.74126253107488,1977.940989935201,23.286291296518385,600.0000000000005,0,283,3,0,0,0.012801266015693242,0.32970372828671934,1718432133.5087912,0.0,0,0.0,0.0,0.0,0.0,245,30,0.5172072842320877,0.5260951826413204,0.6999727139342139,0.3207437225623996,369.2727272727273,0.26
type=reactive_gate_sandbox_idle_timeout_s=0_ablate=_rate_per_min=2.0_think_snr=0.9_seed=8,reactive_gate,0,,2.0,0.9,reactive_gate,8,881,689,11,0.015714285714285715,0.05952380952380952,689,216.8639663460308,2908.213804517998,34.97511582471095,600.0000000000005,0,458,0,0,0,0.007036518099240466,0.44569271263824556,3164774910.9405384,0.0,0,0.0,0.0,0.0,0.0,280,21,0.4527863983985817,0.4615927576820374,0.7210955149694056,0.3212917543605205,375.8181818181818,0.3
type=reactive_gate_sandbox_idle_timeout_s=0_ablate=_rate_per_min=2.0_think_snr=0.9_seed=9,reactive_gate,0,,2.0,0.9,reactive_gate,9,879,675,20,0.02877697841726619,0.10695187165775401,675,304.73456151864593,3133.227958827753,48.50417351619217,600.0000000000005,0,600,1,0,0,0.005488741514113491,0.3399909191735458,1513572610.9742885,0.0,0,0.0,0.0,0.0,0.0,292,13,0.3971224561793613,0.41487246211060474,0.8002239427447553,0.2969224104429611,368.1818181818182,0.36
type=reactive_gate_sandbox_idle_timeout_s=0_ablate=_rate_per_min=2.0_think_snr=0.9_seed=10,reactive_gate,0,,2.0,0.9,reactive_gate,10,699,598,5,0.008291873963515755,0.03759398496240601,598,238.7624922702787,1954.2138124811281,46.97184456707632,600.0000000000005,0,129,2,0,0,0.002972316684042502,0.2676020104467434,1235319775.1505685,0.0,0,0.0,0.0,0.0,0.0,259,17,0.565567778767096,0.5720367209888811,0.7555616716240936,0.32100924475134857,326.1818181818182,0.26
type=reactive_gate_sandbox_idle_timeout_s=0_ablate=vtfq_rate_per_min=2.0_think_snr=0.0_seed=1,reactive_gate,0,vtfq,2.0,0.0,reactive_gate,1,659,558,1,0.0017889087656529517,0.006289308176100629,558,206.5662561790976,1477.7004968829347,37.90464530480544,600.0000000000005,0,71,2,0,0,0.0009867345836209955,0.3143606853292889,2201748866.803826,0.0,0,0.0,0.0,0.0,0.0,302,74,0.6476137050680907,0.6490825564743758,0.7271745806542994,0.2979102121912399,304.3636363636364,0.25
type=reactive_gate_sandbox_idle_timeout_s=0_ablate=vtfq_rate_per_min=2.0_think_snr=0.0_seed=2,reactive_gate,0,vtfq,2.0,0.0,reactive_gate,2,734,574,6,0.010344827586206896,0.0425531914893617,574,284.23971850142243,2184.1441966754173,43.081982131700066,600.0,0,232,2,0,0,0.003624943299250565,0.3043504790697046,1163920457.273324,0.0,0,0.0,0.0,0.0,0.0,251,36,0.4769768789835484,0.48224235158923295,0.725466558218402,0.31582290658714324,313.0909090909091,0.26
type=reactive_gate_sandbox_idle_timeout_s=0_ablate=vtfq_rate_per_min=2.0_think_snr=0.0_seed=3,reactive_gate,0,vtfq,2.0,0.0,reactive_gate,3,803,607,16,0.025682182985553772,0.09316770186335403,607,156.04647232426396,2236.122744946142,48.654026882764576,600.0000000000005,0,358,2,0,0,0.003777590447737631,0.41862133430683646,2852362571.503503,0.0,0,0.0,0.0,0.0,0.0,259,28,0.42947198875809695,0.44561171526792054,0.6948616707621083,0.2814895358813595,331.0909090909091,0.29
type=reactive_gate_sandbox_idle_timeout_s=0_ablate=vtfq_rate_per_min=2.0_think_snr=0.0_seed=4,reactive_gate,0,vtfq,2.0,0.0,reactive_gate,4,755,640,5,0.007751937984496124,0.023121387283236993,640,120.80819599698839,1908.3519801364198,21.068664259765956,600.0,0,107,1,0,0,0.005572835985919441,0.3268358921187024,2333459665.313705,0.0,0,0.0,0.0,0.0,0.0,253,57,0.6428803448314493,0.6478210068618732,0.6997347166172948,0.3290911455288295,349.0909090909091,0.23
type=reactive_gate_sandbox_idle_timeout_s=0_ablate=vtfq_rate_per_min=2.0_think_snr=0.0_seed=5,reactive_gate,0,vtfq,2.0,0.0,reactive_gate,5,1025,802,28,0.033734939759036145,0.12217194570135746,802,233.52101049768146,3219.021892592091,44.71508949366199,600.0000000000005,0,787,4,0,0,0.012769333423912227,0.2610186457622327,1903286470.435836,0.0,0,0.0,0.0,0.0,0.0,302,8,0.41706489536308744,0.4370504383971805,0.862916472465035,0.35996679391743014,437.4545454545455,0.39
type=reactive_gate_sandbox_idle_timeout_s=0_ablate=vtfq_rate_per_min=2.0_think_snr=0.0_seed=6,reactive_gate,0,vtfq,2.0,0.0,reactive_gate,6,647,528,10,0.01858736059479554,0.06493506493506493,528,390.4556151850554,2997.944748839457,32.41619373774111,600.0000000000005,0,275,0,0,0,0.004562790420121322,0.390825010484214,2958349920.183508,0.0,0,0.0,0.0,0.0,0.0,260,31,0.5073182734014522,0.5225341543095214,0.6540890200563326,0.3162192191069291,288.0,0.24
type=reactive_gate_sandbox_idle_timeout_s=0_ablate=vtfq_rate_per_min=2.0_think_snr=0.0_seed=7,reactive_gate,0,vtfq,2.0,0.0,reactive_gate,7,805,640,7,0.010819165378670788,0.028846153846153848,640,206.86750353801386,2009.5105342815687,34.99679052881079,600.0,0,290,1,0,0,0.012505930482832476,0.35004523567971063,1655800206.7295787,0.0,0,0.0,0.0,0.0,0.0,239,31,0.45760801053907435,0.4633431029059079,0.7176644440559442,0.2955831766222122,349.0909090909091,0.29
type=reactive_gate_sandbox_idle_timeout_s=0_ablate=vtfq_rate_per_min=2.0_think_snr=0.0_seed=8,reactive_gate,0,vtfq,2.0,0.0,reactive_gate,8,892,713,11,0.015193370165745856,0.06179775280898876,713,209.33000440258138,2749.5088635110205,31.75465552803866,600.0000000000005,0,448,1,0,0,0.006078036224965268,0.4431187053981864,2942896612.8723226,0.0,0,0.0,0.0,0.0,0.0,286,19,0.45700111867376036,0.4667641307465673,0.7547195452481547,0.323457733861587,388.90909090909093,0.31
type=reactive_gate_sandbox_idle_timeout_s=0_ablate=vtfq_rate_per_min=2.0_think_snr=0.0_seed=9,reactive_gate,0,vtfq,2.0,0.0,reactive_gate,9,841,646,20,0.03003003003003003,0.10810810810810811,646,326.38753170440395,2893.1093523296367,31.677361276060854,600.0000000000005,0,484,3,0,0,0.008621458173857429,0.34818835170384976,1468832062.6029758,0.0,0,0.0,0.0,0.0,0.0,289,22,0.4320706916249206,0.4480109643636279,0.7858072138856514,0.31464651809399485,352.3636363636364,0.3
type=reactive_gate_sandbox_idle_timeout_s=0_ablate=vtfq_rate_per_min=2.0_think_snr=0.0_seed=10,reactive_gate,0,vtfq,2.0,0.0,reactive_gate,10,726,622,3,0.0048,0.02142857142857143,622,217.66440985303143,1866.708365691106,50.049290198347904,600.0000000000002,0,105,2,0,0,0.0034973556963891683,0.27263253217703004,1606784881.250985,0.0,0,0.0,0.0,0.0,0.0,246,27,0.6125470132708758,0.6163560989026715,0.7354258474043318,0.3438239071674351,339.2727272727273,0.26
type=reactive_gate_sandbox_idle_timeout_s=0_ablate=vtfq_rate_per_min=2.0_think_snr=0.9_seed=1,reactive_gate,0,vtfq,2.0,0.9,reactive_gate,1,647,527,2,0.003780718336483932,0.006711409395973154,527,249.32150059660398,1832.8370095979578,43.55837683723144,600.0000000000005,0,115,3,0,0,0.007875806530508605,0.31009648434898246,1894959841.3258286,0.0,0,0.0,0.0,0.0,0.0,312,48,0.583260712190084,0.5840548363647715,0.7418350100119788,0.2947456877289926,287.45454545454544,0.25
type=reactive_gate_sandbox_idle_timeout_s=0_ablate=vtfq_rate_per_min=2.0_think_snr=0.9_seed=2,reactive_gate,0,vtfq,2.0,0.9,reactive_gate,2,736,575,8,0.0137221269296741,0.05442176870748299,575,291.42857733765504,2154.6641310725113,35.00729697919198,600.0000000000005,0,255,1,0,0,0.0035497563292533037,0.33964171126361026,1422084896.9953673,0.0,0,0.0,0.0,0.0,0.0,258,32,0.4526285457685464,0.4606760141952561,0.727458926593661,0.3209552898985512,313.6363636363636,0.28
type=reactive_gate_sandbox_idle_timeout_s=0_ablate=vtfq_rate_per_min=2.0_think_snr=0.9_seed=3,reactive_gate,0,vtfq,2.0,0.9,reactive_gate,3,806,623,15,0.023510971786833857,0.08333333333333333,623,136.75058210469024,1992.397350368714,44.76984898930581,600.0000000000005,0,338,0,0,0,0.0025937719209658773,0.44313533521619153,3208668532.0004888,0.0,0,0.0,0.0,0.0,0.0,244,31,0.4446611184987471,0.45955097558140656,0.6614247974658444,0.282179047256437,339.8181818181818,0.26
type=reactive_gate_sandbox_idle_timeout_s=0_ablate=vtfq_rate_per_min=2.0_think_snr=0.9_seed=4,reactive_gate,0,vtfq,2.0,0.9,reactive_gate,4,816,693,4,0.005738880918220947,0.022598870056497175,693,130.20060285476802,1813.2056786096605,20.280239318764178,600.0,0,114,1,0,0,0.0034320812869014818,0.3259752068156077,2872730140.8672156,0.0,0,0.0,0.0,0.0,0.0,231,51,0.6131635712555799,0.6175844446326485,0.6901283292217043,0.3338487530610075,378.0,0.24
type=reactive_gate_sandbox_idle_timeout_s=0_ablate=vtfq_rate_per_min=2.0_think_snr=0.9_seed=5,reactive_gate,0,vtfq,2.0,0.9,reactive_gate,5,1012,783,29,0.03571428571428571,0.13270142180094788,783,224.68731482958674,3642.71654840002,49.21414848512884,600.0000000000005,0,827,0,0,0,0.01504719783394652,0.28538307004491276,1908026675.7178051,0.0,0,0.0,0.0,0.0,0.0,273,11,0.40681813389305493,0.4273778772846333,0.8146651555053743,0.36722923413233066,427.0909090909091,0.36
type=reactive_gate_sandbox_idle_timeout_s=0_ablate=vtfq_rate_per_min=2.0_think_snr=0.9_seed=6,reactive_gate,0,vtfq,2.0,0.9,reactive_gate,6,674,535,14,0.025500910746812388,0.09090909090909091,535,324.5085204361444,3238.5311846412756,32.04380623209385,600.0000000000005,0,374,5,0,0,0.009400079702159583,0.42283975291154346,2526102816.610888,0.0,0,0.0,0.0,0.0,0.0,242,40,0.4699229137159581,0.48732520914125915,0.6406779637561514,0.3159160821334681,291.8181818181818,0.24
type=reactive_gate_sandbox_idle_timeout_s=0_ablate=vtfq_rate_per_min=2.0_think_snr=0.9_seed=7,reactive_gate,0,vtfq,2.0,0.9,reactive_gate,7,825,677,8,0.01167883211678832,0.03669724770642202,677,209.74126253107488,1977.940989935201,23.286291296518385,600.0000000000005,0,283,3,0,0,0.012801266015693242,0.32970372828671934,1718432133.5087912,0.0,0,0.0,0.0,0.0,0.0,245,30,0.5172072842320877,0.5260951826413204,0.6999727139342139,0.3207437225623996,369.2727272727273,0.25
type=reactive_gate_sandbox_idle_timeout_s=0_ablate=vtfq_rate_per_min=2.0_think_snr=0.9_seed=8,reactive_gate,0,vtfq,2.0,0.9,reactive_gate,8,881,689,11,0.015714285714285715,0.05952380952380952,689,216.8639663460308,2908.213804517998,34.97511582471095,600.0000000000005,0,458,0,0,0,0.007036518099240466,0.44569271263824556,3164774910.9405384,0.0,0,0.0,0.0,0.0,0.0,280,21,0.4527863983985817,0.4615927576820374,0.7210955149694056,0.3212917543605205,375.8181818181818,0.29
type=reactive_gate_sandbox_idle_timeout_s=0_ablate=vtfq_rate_per_min=2.0_think_snr=0.9_seed=9,reactive_gate,0,vtfq,2.0,0.9,reactive_gate,9,879,675,20,0.02877697841726619,0.10695187165775401,675,304.73456151864593,3133.227958827753,48.50417351619217,600.0000000000005,0,600,1,0,0,0.005488741514113491,0.3399909191735458,1513572610.9742885,0.0,0,0.0,0.0,0.0,0.0,292,13,0.3971224561793613,0.41487246211060474,0.8002239427447553,0.2969224104429611,368.1818181818182,0.34
type=reactive_gate_sandbox_idle_timeout_s=0_ablate=vtfq_rate_per_min=2.0_think_snr=0.9_seed=10,reactive_gate,0,vtfq,2.0,0.9,reactive_gate,10,699,598,5,0.008291873963515755,0.03759398496240601,598,238.7624922702787,1954.2138124811281,46.97184456707632,600.0000000000005,0,129,2,0,0,0.002972316684042502,0.2676020104467434,1235319775.1505685,0.0,0,0.0,0.0,0.0,0.0,259,17,0.565567778767096,0.5720367209888811,0.7555616716240936,0.32100924475134857,326.1818181818182,0.25
type=reactive_gate_sandbox_idle_timeout_s=0_ablate=park+prewarm_rate_per_min=2.0_think_snr=0.0_seed=1,reactive_gate,0,park+prewarm,2.0,0.0,reactive_gate,1,659,558,1,0.0017889087656529517,0.006289308176100629,558,206.5662561790976,1477.7004968829347,37.90464530480544,600.0000000000005,0,71,2,0,0,0.0009867345836209955,0.3143606853292889,2201748866.803826,0.0,0,0.0,0.0,0.0,0.0,302,74,0.6476137050680907,0.6490825564743758,0.7271745806542994,0.2979102121912399,304.3636363636364,0.24
type=reactive_gate_sandbox_idle_timeout_s=0_ablate=park+prewarm_rate_per_min=2.0_think_snr=0.0_seed=2,reactive_gate,0,park+prewarm,2.0,0.0,reactive_gate,2,734,574,6,0.010344827586206896,0.0425531914893617,574,284.23971850142243,2184.1441966754173,43.081982131700066,600.0,0,232,2,0,0,0.003624943299250565,0.3043504790697046,1163920457.273324,0.0,0,0.0,0.0,0.0,0.0,251,36,0.4769768789835484,0.48224235158923295,0.725466558218402,0.31582290658714324,313.0909090909091,0.26
type=reactive_gate_sandbox_idle_timeout_s=0_ablate=park+prewarm_rate_per_min=2.0_think_snr=0.0_seed=3,reactive_gate,0,park+prewarm,2.0,0.0,reactive_gate,3,803,607,16,0.025682182985553772,0.09316770186335403,607,156.04647232426396,2236.122744946142,48.654026882764576,600.0000000000005,0,358,2,0,0,0.003777590447737631,0.41862133430683646,2852362571.503503,0.0,0,0.0,0.0,0.0,0.0,259,28,0.42947198875809695,0.44561171526792054,0.6948616707621083,0.2814895358813595,331.0909090909091,0.28
type=reactive_gate_sandbox_idle_timeout_s=0_ablate=park+prewarm_rate_per_min=2.0_think_snr=0.0_seed=4,reactive_gate,0,park+prewarm,2.0,0.0,reactive_gate,4,755,640,5,0.007751937984496124,0.023121387283236993,640,120.80819599698839,1908.3519801364198,21.068664259765956,600.0,0,107,1,0,0,0.005572835985919441,0.3268358921187024,2333459665.313705,0.0,0,0.0,0.0,0.0,0.0,253,57,0.6428803448314493,0.6478210068618732,0.6997347166172948,0.3290911455288295,349.0909090909091,0.22
type=reactive_gate_sandbox_idle_timeout_s=0_ablate=park+prewarm_rate_per_min=2.0_think_snr=0.0_seed=5,reactive_gate,0,park+prewarm,2.0,0.0,reactive_gate,5,1025,802,28,0.033734939759036145,0.12217194570135746,802,233.52101049768146,3219.021892592091,44.71508949366199,600.0000000000005,0,787,4,0,0,0.012769333423912227,0.2610186457622327,1903286470.435836,0.0,0,0.0,0.0,0.0,0.0,302,8,0.41706489536308744,0.4370504383971805,0.862916472465035,0.35996679391743014,437.4545454545455,0.39
type=reactive_gate_sandbox_idle_timeout_s=0_ablate=park+prewarm_rate_per_min=2.0_think_snr=0.0_seed=6,reactive_gate,0,park+prewarm,2.0,0.0,reactive_gate,6,647,528,10,0.01858736059479554,0.06493506493506493,528,390.4556151850554,2997.944748839457,32.41619373774111,600.0000000000005,0,275,0,0,0,0.004562790420121322,0.390825010484214,2958349920.183508,0.0,0,0.0,0.0,0.0,0.0,260,31,0.5073182734014522,0.5225341543095214,0.6540890200563326,0.3162192191069291,288.0,0.25
type=reactive_gate_sandbox_idle_timeout_s=0_ablate=park+prewarm_rate_per_min=2.0_think_snr=0.0_seed=7,reactive_gate,0,park+prewarm,2.0,0.0,reactive_gate,7,805,640,7,0.010819165378670788,0.028846153846153848,640,206.86750353801386,2009.5105342815687,34.99679052881079,600.0,0,290,1,0,0,0.012505930482832476,0.35004523567971063,1655800206.7295787,0.0,0,0.0,0.0,0.0,0.0,239,31,0.45760801053907435,0.4633431029059079,0.7176644440559442,0.2955831766222122,349.0909090909091,0.27
type=reactive_gate_sandbox_idle_timeout_s=0_ablate=park+prewarm_rate_per_min=2.0_think_snr=0.0_seed=8,reactive_gate,0,park+prewarm,2.0,0.0,reactive_gate,8,892,713,11,0.015193370165745856,0.06179775280898876,713,209.33000440258138,2749.5088635110205,31.75465552803866,600.0000000000005,0,448,1,0,0,0.006078036224965268,0.4431187053981864,2942896612.8723226,0.0,0,0.0,0.0,0.0,0.0,286,19,0.45700111867376036,0.4667641307465673,0.7547195452481547,0.323457733861587,388.90909090909093,0.3
type=reactive_gate_sandbox_idle_timeout_s=0_ablate=park+prewarm_rate_per_min=2.0_think_snr=0.0_seed=9,reactive_gate,0,park+prewarm,2.0,0.0,reactive_gate,9,841,646,20,0.03003003003003003,0.10810810810810811,646,326.38753170440395,2893.1093523296367,31.677361276060854,600.0000000000005,0,484,3,0,0,0.008621458173857429,0.34818835170384976,1468832062.6029758,0.0,0,0.0,0.0,0.0,0.0,289,22,0.4320706916249206,0.4480109643636279,0.7858072138856514,0.31464651809399485,352.3636363636364,0.3
type=reactive_gate_sandbox_idle_timeout_s=0_ablate=park+prewarm_rate_per_min=2.0_think_snr=0.0_seed=10,reactive_gate,0,park+prewarm,2.0,0.0,reactive_gate,10,726,622,3,0.0048,0.02142857142857143,622,217.66440985303143,1866.708365691106,50.049290198347904,600.0000000000002,0,105,2,0,0,0.0034973556963891683,0.27263253217703004,1606784881.250985,0.0,0,0.0,0.0,0.0,0.0,246,27,0.6125470132708758,0.6163560989026715,0.7354258474043318,0.3438239071674351,339.2727272727273,0.25
type=reactive_gate_sandbox_idle_timeout_s=0_ablate=park+prewarm_rate_per_min=2.0_think_snr=0.9_seed=1,reactive_gate,0,park+prewarm,2.0,0.9,reactive_gate,1,647,527,2,0.003780718336483932,0.006711409395973154,527,249.32150059660398,1832.8370095979578,43.55837683723144,600.0000000000005,0,115,3,0,0,0.007875806530508605,0.31009648434898246,1894959841.3258286,0.0,0,0.0,0.0,0.0,0.0,312,48,0.583260712190084,0.5840548363647715,0.7418350100119788,0.2947456877289926,287.45454545454544,0.24
type=reactive_gate_sandbox_idle_timeout_s=0_ablate=park+prewarm_rate_per_min=2.0_think_snr=0.9_seed=2,reactive_gate,0,park+prewarm,2.0,0.9,reactive_gate,2,736,575,8,0.0137221269296741,0.05442176870748299,575,291.42857733765504,2154.6641310725113,35.00729697919198,600.0000000000005,0,255,1,0,0,0.0035497563292533037,0.33964171126361026,1422084896.9953673,0.0,0,0.0,0.0,0.0,0.0,258,32,0.4526285457685464,0.4606760141952561,0.727458926593661,0.3209552898985512,313.6363636363636,0.27
type=reactive_gate_sandbox_idle_timeout_s=0_ablate=park+prewarm_rate_per_min=2.0_think_snr=0.9_seed=3,reactive_gate,0,park+prewarm,2.0,0.9,reactive_gate,3,806,623,15,0.023510971786833857,0.08333333333333333,623,136.75058210469024,1992.397350368714,44.76984898930581,600.0000000000005,0,338,0,0,0,0.0025937719209658773,0.44313533521619153,3208668532.0004888,0.0,0,0.0,0.0,0.0,0.0,244,31,0.4446611184987471,0.45955097558140656,0.6614247974658444,0.282179047256437,339.8181818181818,0.26
type=reactive_gate_sandbox_idle_timeout_s=0_ablate=park+prewarm_rate_per_min=2.0_think_snr=0.9_seed=4,reactive_gate,0,park+prewarm,2.0,0.9,reactive_gate,4,816,693,4,0.005738880918220947,0.022598870056497175,693,130.20060285476802,1813.2056786096605,20.280239318764178,600.0,0,114,1,0,0,0.0034320812869014818,0.3259752068156077,2872730140.8672156,0.0,0,0.0,0.0,0.0,0.0,231,51,0.6131635712555799,0.6175844446326485,0.6901283292217043,0.3338487530610075,378.0,0.23
type=reactive_gate_sandbox_idle_timeout_s=0_ablate=park+prewarm_rate_per_min=2.0_think_snr=0.9_seed=5,reactive_gate,0,park+prewarm,2.0,0.9,reactive_gate,5,1012,783,29,0.03571428571428571,0.13270142180094788,783,224.68731482958674,3642.71654840002,49.21414848512884,600.0000000000005,0,827,0,0,0,0.01504719783394652,0.28538307004491276,1908026675.7178051,0.0,0,0.0,0.0,0.0,0.0,273,11,0.40681813389305493,0.4273778772846333,0.8146651555053743,0.36722923413233066,427.0909090909091,0.37
type=reactive_gate_sandbox_idle_timeout_s=0_ablate=park+prewarm_rate_per_min=2.0_think_snr=0.9_seed=6,reactive_gate,0,park+prewarm,2.0,0.9,reactive_gate,6,674,535,14,0.025500910746812388,0.09090909090909091,535,324.5085204361444,3238.5311846412756,32.04380623209385,600.0000000000005,0,374,5,0,0,0.009400079702159583,0.42283975291154346,2526102816.610888,0.0,0,0.0,0.0,0.0,0.0,242,40,0.4699229137159581,0.48732520914125915,0.6406779637561514,0.3159160821334681,291.8181818181818,0.23
type=reactive_gate_sandbox_idle_timeout_s=0_ablate=park+prewarm_rate_per_min=2.0_think_snr=0.9_seed=7,reactive_gate,0,park+prewarm,2.0,0.9,reactive_gate,7,825,677,8,0.01167883211678832,0.03669724770642202,677,209.74126253107488,1977.940989935201,23.286291296518385,600.0000000000005,0,283,3,0,0,0.012801266015693242,0.32970372828671934,1718432133.5087912,0.0,0,0.0,0.0,0.0,0.0,245,30,0.5172072842320877,0.5260951826413204,0.6999727139342139,0.3207437225623996,369.2727272727273,0.27
type=reactive_gate_sandbox_idle_timeout_s=0_ablate=park+prewarm_rate_per_min=2.0_think_snr=0.9_seed=8,reactive_gate,0,park+prewarm,2.0,0.9,reactive_gate,8,881,689,11,0.015714285714285715,0.05952380952380952,689,216.8639663460308,2908.213804517998,34.97511582471095,600.0000000000005,0,458,0,0,0,0.007036518099240466,0.44569271263824556,3164774910.9405384,0.0,0,0.0,0.0,0.0,0.0,280,21,0.4527863983985817,0.4615927576820374,0.7210955149694056,0.3212917543605205,375.8181818181818,0.28
type=reactive_gate_sandbox_idle_timeout_s=0_ablate=park+prewarm_rate_per_min=2.0_think_snr=0.9_seed=9,reactive_gate,0,park+prewarm,2.0,0.9,reactive_gate,9,879,675,20,0.02877697841726619,0.10695187165775401,675,304.73456151864593,3133.227958827753,48.50417351619217,600.0000000000005,0,600,1,0,0,0.005488741514113491,0.3399909191735458,1513572610.9742885,0.0,0,0.0,0.0,0.0,0.0,292,13,0.3971224561793613,0.41487246211060474,0.8002239427447553,0.2969224104429611,368.1818181818182,0.36
type=reactive_gate_sandbox_idle_timeout_s=0_ablate=park+prewarm_rate_per_min=2.0_think_snr=0.9_seed=10,reactive_gate,0,park+prewarm,2.0,0.9,reactive_gate,10,699,598,5,0.008291873963515755,0.03759398496240601,598,238.7624922702787,1954.2138124811281,46.97184456707632,600.0000000000005,0,129,2,0,0,0.002972316684042502,0.2676020104467434,1235319775.1505685,0.0,0,0.0,0.0,0.0,0.0,259,17,0.565567778767096,0.5720367209888811,0.7555616716240936,0.32100924475134857,326.1818181818182,0.26
type=reactive_gate_sandbox_idle_timeout_s=0_ablate=vtfq+park+prewarm+kv+gang+budget_rate_per_min=2.0_think_snr=0.0_seed=1,reactive_gate,0,vtfq+park+prewarm+kv+gang+budget,2.0,0.0,reactive_gate,1,659,558,1,0.0017889087656529517,0.006289308176100629,558,206.5662561790976,1477.7004968829347,37.90464530480544,600.0000000000005,0,71,2,0,0,0.0009867345836209955,0.3143606853292889,2201748866.803826,0.0,0,0.0,0.0,0.0,0.0,302,74,0.6476137050680907,0.6490825564743758,0.7271745806542994,0.2979102121912399,304.3636363636364,0.24
type=reactive_gate_sandbox_idle_timeout_s=0_ablate=vtfq+park+prewarm+kv+gang+budget_rate_per_min=2.0_think_snr=0.0_seed=2,reactive_gate,0,vtfq+park+prewarm+kv+gang+budget,2.0,0.0,reactive_gate,2,734,574,6,0.010344827586206896,0.0425531914893617,574,284.23971850142243,2184.1441966754173,43.081982131700066,600.0,0,232,2,0,0,0.003624943299250565,0.3043504790697046,1163920457.273324,0.0,0,0.0,0.0,0.0,0.0,251,36,0.4769768789835484,0.48224235158923295,0.725466558218402,0.31582290658714324,313.0909090909091,0.26
type=reactive_gate_sandbox_idle_timeout_s=0_ablate=vtfq+park+prewarm+kv+gang+budget_rate_per_min=2.0_think_snr=0.0_seed=3,reactive_gate,0,vtfq+park+prewarm+kv+gang+budget,2.0,0.0,reactive_gate,3,803,607,16,0.025682182985553772,0.09316770186335403,607,156.04647232426396,2236.122744946142,48.654026882764576,600.0000000000005,0,358,2,0,0,0.003777590447737631,0.41862133430683646,2852362571.503503,0.0,0,0.0,0.0,0.0,0.0,259,28,0.42947198875809695,0.44561171526792054,0.6948616707621083,0.2814895358813595,331.0909090909091,0.28
type=reactive_gate_sandbox_idle_timeout_s=0_ablate=vtfq+park+prewarm+kv+gang+budget_rate_per_min=2.0_think_snr=0.0_seed=4,reactive_gate,0,vtfq+park+prewarm+kv+gang+budget,2.0,0.0,reactive_gate,4,755,640,5,0.007751937984496124,0.023121387283236993,640,120.80819599698839,1908.3519801364198,21.068664259765956,600.0,0,107,1,0,0,0.005572835985919441,0.3268358921187024,2333459665.313705,0.0,0,0.0,0.0,0.0,0.0,253,57,0.6428803448314493,0.6478210068618732,0.6997347166172948,0.3290911455288295,349.0909090909091,0.23
type=reactive_gate_sandbox_idle_timeout_s=0_ablate=vtfq+park+prewarm+kv+gang+budget_rate_per_min=2.0_think_snr=0.0_seed=5,reactive_gate,0,vtfq+park+prewarm+kv+gang+budget,2.0,0.0,reactive_gate,5,1025,802,28,0.033734939759036145,0.12217194570135746,802,233.52101049768146,3219.021892592091,44.71508949366199,600.0000000000005,0,787,4,0,0,0.012769333423912227,0.2610186457622327,1903286470.435836,0.0,0,0.0,0.0,0.0,0.0,302,8,0.41706489536308744,0.4370504383971805,0.862916472465035,0.35996679391743014,437.4545454545455,0.37
type=reactive_gate_sandbox_idle_timeout_s=0_ablate=vtfq+park+prewarm+kv+gang+budget_rate_per_min=2.0_think_snr=0.0_seed=6,reactive_gate,0,vtfq+park+prewarm+kv+gang+budget,2.0,0.0,reactive_gate,6,647,528,10,0.01858736059479554,0.06493506493506493,528,390.4556151850554,2997.944748839457,32.41619373774111,600.0000000000005,0,275,0,0,0,0.004562790420121322,0.390825010484214,2958349920.183508,0.0,0,0.0,0.0,0.0,0.0,260,31,0.5073182734014522,0.5225341543095214,0.6540890200563326,0.3162192191069291,288.0,0.24
type=reactive_gate_sandbox_idle_timeout_s=0_ablate=vtfq+park+prewarm+kv+gang+budget_rate_per_min=2.0_think_snr=0.0_seed=7,reactive_gate,0,vtfq+park+prewarm+kv+gang+budget,2.0,0.0,reactive_gate,7,805,640,7,0.010819165378670788,0.028846153846153848,640,206.86750353801386,2009.5105342815687,34.99679052881079,600.0,0,290,1,0,0,0.012505930482832476,0.35004523567971063,1655800206.7295787,0.0,0,0.0,0.0,0.0,0.0,239,31,0.45760801053907435,0.4633431029059079,0.7176644440559442,0.2955831766222122,349.0909090909091,0.27
type=reactive_gate_sandbox_idle_timeout_s=0_ablate=vtfq+park+prewarm+kv+gang+budget_rate_per_min=2.0_think_snr=0.0_seed=8,reactive_gate,0,vtfq+park+prewarm+kv+gang+budget,2.0,0.0,reactive_gate,8,892,713,11,0.015193370165745856,0.06179775280898876,713,209.33000440258138,2749.5088635110205,31.75465552803866,600.0000000000005,0,448,1,0,0,0.006078036224965268,0.4431187053981864,2942896612.8723226,0.0,0,0.0,0.0,0.0,0.0,286,19,0.45700111867376036,0.4667641307465673,0.7547195452481547,0.323457733861587,388.90909090909093,0.3
type=reactive_gate_sandbox_idle_timeout_s=0_ablate=vtfq+park+prewarm+kv+gang+budget_rate_per_min=2.0_think_snr=0.0_seed=9,reactive_gate,0,vtfq+park+prewarm+kv+gang+budget,2.0,0.0,reactive_gate,9,841,646,20,0.03003003003003003,0.10810810810810811,646,326.38753170440395,2893.1093523296367,31.677361276060854,600.0000000000005,0,484,3,0,0,0.008621458173857429,0.34818835170384976,1468832062.6029758,0.0,0,0.0,0.0,0.0,0.0,289,22,0.4320706916249206,0.4480109643636279,0.7858072138856514,0.31464651809399485,352.3636363636364,0.3
type=reactive_gate_sandbox_idle_timeout_s=0_ablate=vtfq+park+prewarm+kv+gang+budget_rate_per_min=2.0_think_snr=0.0_seed=10,reactive_gate,0,vtfq+park+prewarm+kv+gang+budget,2.0,0.0,reactive_gate,10,726,622,3,0.0048,0.02142857142857143,622,217.66440985303143,1866.708365691106,50.049290198347904,600.0000000000002,0,105,2,0,0,0.0034973556963891683,0.27263253217703004,1606784881.250985,0.0,0,0.0,0.0,0.0,0.0,246,27,0.6125470132708758,0.6163560989026715,0.7354258474043318,0.3438239071674351,339.2727272727273,0.25
type=reactive_gate_sandbox_idle_timeout_s=0_ablate=vtfq+park+prewarm+kv+gang+budget_rate_per_min=2.0_think_snr=0.9_seed=1,reactive_gate,0,vtfq+park+prewarm+kv+gang+budget,2.0,0.9,reactive_gate,1,647,527,2,0.003780718336483932,0.006711409395973154,527,249.32150059660398,1832.8370095979578,43.55837683723144,600.0000000000005,0,115,3,0,0,0.007875806530508605,0.31009648434898246,1894959841.3258286,0.0,0,0.0,0.0,0.0,0.0,312,48,0.583260712190084,0.5840548363647715,0.7418350100119788,0.2947456877289926,287.45454545454544,0.25
type=reactive_gate_sandbox_idle_timeout_s=0_ablate=vtfq+park+prewarm+kv+gang+budget_rate_per_min=2.0_think_snr=0.9_seed=2,reactive_gate,0,vtfq+park+prewarm+kv+gang+budget,2.0,0.9,reactive_gate,2,736,575,8,0.0137221269296741,0.05442176870748299,575,291.42857733765504,2154.6641310725113,35.00729697919198,600.0000000000005,0,255,1,0,0,0.0035497563292533037,0.33964171126361026,1422084896.9953673,0.0,0,0.0,0.0,0.0,0.0,258,32,0.4526285457685464,0.4606760141952561,0.727458926593661,0.3209552898985512,313.6363636363636,0.26
type=reactive_gate_sandbox_idle_timeout_s=0_ablate=vtfq+park+prewarm+kv+gang+budget_rate_per_min=2.0_think_snr=0.9_seed=3,reactive_gate,0,vtfq+park+prewarm+kv+gang+budget,2.0,0.9,reactive_gate,3,806,623,15,0.023510971786833857,0.08333333333333333,623,136.75058210469024,1992.397350368714,44.76984898930581,600.0000000000005,0,338,0,0,0,0.0025937719209658773,0.44313533521619153,3208668532.0004888,0.0,0,0.0,0.0,0.0,0.0,244,31,0.4446611184987471,0.45955097558140656,0.6614247974658444,0.282179047256437,339.8181818181818,0.27
type=reactive_gate_sandbox_idle_timeout_s=0_ablate=vtfq+park+prewarm+kv+gang+budget_rate_per_min=2.0_think_snr=0.9_seed=4,reactive_gate,0,vtfq+park+prewarm+kv+gang+budget,2.0,0.9,reactive_gate,4,816,693,4,0.005738880918220947,0.022598870056497175,693,130.20060285476802,1813.2056786096605,20.280239318764178,600.0,0,114,1,0,0,0.0034320812869014818,0.3259752068156077,2872730140.8672156,0.0,0,0.0,0.0,0.0,0.0,231,51,0.6131635712555799,0.6175844446326485,0.6901283292217043,0.3338487530610075,378.0,0.22
type=reactive_gate_sandbox_idle_timeout_s=0_ablate=vtfq+park+prewarm+kv+gang+budget_rate_per_min=2.0_think_snr=0.9_seed=5,reactive_gate,0,vtfq+park+prewarm+kv+gang+budget,2.0,0.9,reactive_gate,5,1012,783,29,0.03571428571428571,0.13270142180094788,783,224.68731482958674,3642.71654840002,49.21414848512884,600.0000000000005,0,827,0,0,0,0.01504719783394652,0.28538307004491276,1908026675.7178051,0.0,0,0.0,0.0,0.0,0.0,273,11,0.40681813389305493,0.4273778772846333,0.8146651555053743,0.36722923413233066,427.0909090909091,0.37
type=reactive_gate_sandbox_idle_timeout_s=0_ablate=vtfq+park+prewarm+kv+gang+budget_rate_per_min=2.0_think_snr=0.9_seed=6,reactive_gate,0,vtfq+park+prewarm+kv+gang+budget,2.0,0.9,reactive_gate,6,674,535,14,0.025500910746812388,0.09090909090909091,535,324.5085204361444,3238.5311846412756,32.04380623209385,600.0000000000005,0,374,5,0,0,0.009400079702159583,0.42283975291154346,2526102816.610888,0.0,0,0.0,0.0,0.0,0.0,242,40,0.4699229137159581,0.48732520914125915,0.6406779637561514,0.3159160821334681,291.8181818181818,0.23
type=reactive_gate_sandbox_idle_timeout_s=0_ablate=vtfq+park+prewarm+kv+gang+budget_rate_per_min=2.0_think_snr=0.9_seed=7,reactive_gate,0,vtfq+park+prewarm+kv+gang+budget,2.0,0.9,reactive_gate,7,825,677,8,0.01167883211678832,0.03669724770642202,677,209.74126253107488,1977.940989935201,23.286291296518385,600.0000000000005,0,283,3,0,0,0.012801266015693242,0.32970372828671934,1718432133.5087912,0.0,0,0.0,0.0,0.0,0.0,245,30,0.5172072842320877,0.5260951826413204,0.6999727139342139,0.3207437225623996,369.2727272727273,0.26
type=reactive_gate_sandbox_idle_timeout_s=0_ablate=vtfq+park+prewarm+kv+gang+budget_rate_per_min=2.0_think_snr=0.9_seed=8,reactive_gate,0,vtfq+park+prewarm+kv+gang+budget,2.0,0.9,reactive_gate,8,881,689,11,0.015714285714285715,0.05952380952380952,689,216.8639663460308,2908.213804517998,34.97511582471095,600.0000000000005,0,458,0,0,0,0.007036518099240466,0.44569271263824556,3164774910.9405384,0.0,0,0.0,0.0,0.0,0.0,280,21,0.4527863983985817,0.4615927576820374,0.7210955149694056,0.3212917543605205,375.8181818181818,0.28
type=reactive_gate_sandbox_idle_timeout_s=0_ablate=vtfq+park+prewarm+kv+gang+budget_rate_per_min=2.0_think_snr=0.9_seed=9,reactive_gate,0,vtfq+park+prewarm+kv+gang+budget,2.0,0.9,reactive_gate,9,879,675,20,0.02877697841726619,0.10695187165775401,675,304.73456151864593,3133.227958827753,48.50417351619217,600.0000000000005,0,600,1,0,0,0.005488741514113491,0.3399909191735458,1513572610.9742885,0.0,0,0.0,0.0,0.0,0.0,292,13,0.3971224561793613,0.41487246211060474,0.8002239427447553,0.2969224104429611,368.1818181818182,0.34
type=reactive_gate_sandbox_idle_timeout_s=0_ablate=vtfq+park+prewarm+kv+gang+budget_rate_per_min=2.0_think_snr=0.9_seed=10,reactive_gate,0,vtfq+park+prewarm+kv+gang+budget,2.0,0.9,reactive_gate,10,699,598,5,0.008291873963515755,0.03759398496240601,598,238.7624922702787,1954.2138124811281,46.97184456707632,600.0000000000005,0,129,2,0,0,0.002972316684042502,0.2676020104467434,1235319775.1505685,0.0,0,0.0,0.0,0.0,0.0,259,17,0.565567778767096,0.5720367209888811,0.7555616716240936,0.32100924475134857,326.1818181818182,0.27
type=reactive_gate_sandbox_idle_timeout_s=60_ablate=_rate_per_min=2.0_think_snr=0.0_seed=1,reactive_gate,60,,2.0,0.0,reactive_gate,1,656,558,1,0.0017889087656529517,0.006289308176100629,558,188.20117386950187,1635.097859909446,30.975898618855922,600.0000000000005,0,109,1,0,0,0.0019597894175723985,0.31993157419460416,2689124745.703344,0.0,0,0.0,0.0,0.0,0.0,299,57,0.6338536138545496,0.6352765564935793,0.6927429590739121,0.2888906750912113,304.3636363636364,0.22
type=reactive_gate_sandbox_idle_timeout_s=60_ablate=_rate_per_min=2.0_think_snr=0.0_seed=2,reactive_gate,60,,2.0,0.0,reactive_gate,2,722,561,11,0.019230769230769232,0.07971014492753623,561,239.0805870942877,2174.260496460707,35.89715029906332,600.0000000000005,0,303,3,0,0,0.005496789503287326,0.2877101020220823,1488466146.278751,0.0,0,0.0,0.0,0.0,0.0,256,30,0.4610646806250791,0.4743292059534369,0.6916740717430717,0.30155863979900543,306.0,0.25
type=reactive_gate_sandbox_idle_timeout_s=60_ablate=_rate_per_min=2.0_think_snr=0.0_seed=3,reactive_gate,60,,2.0,0.0,reactive_gate,3,788,589,20,0.03284072249589491,0.12025316455696203,589,126.69524658067758,2624.3124159196955,33.02369836201078,600.0000000000005,0,487,2,0,0,0.007278590056242587,0.3805936805256795,2922307398.412826,0.0,0,0.0,0.0,0.0,0.0,261,28,0.4153209419459162,0.43431917898691197,0.6714271339031339,0.26201789094342987,321.2727272727273,0.26
type=reactive_gate_sandbox_idle_timeout_s=60_ablate=_rate_per_min=2.0_think_snr=0.0_seed=4,reactive_gate,60,,2.0,0.0,reactive_gate,4,738,622,7,0.011128775834658187,0.03571428571428571,622,115.14666745744921,1816.5216327862256,12.756612799669382,600.0000000000005,0,139,0,0,0,0.01389123666944372,0.3171404993457469,3266334115.865236,0.0,0,0.0,0.0,0.0,0.0,250,29,0.6079504527266634,0.6136433765337244,0.6429453272832492,0.32089265793052074,339.2727272727273,0.2
type=reactive_gate_sandbox_idle_timeout_s=60_ablate=_rate_per_min=2.0_think_snr=0.0_seed=5,reactive_gate,60,,2.0,0.0,reactive_gate,5,996,759,39,0.04887218045112782,0.16666666666666666,759,124.26060554437515,3200.4892931536397,48.47183010915915,600.0000000000005,0,933,3,0,0,0.014287325777804259,0.19294592816767742,2076337319.0313935,0.0,0,0.0,0.0,0.0,0.0,325,6,0.3767685699565878,0.4017658843830948,0.8362096117424243,0.32984240923014024,414.0,0.36
type=reactive_gate_sandbox_idle_timeout_s=60_ablate=_rate_per_min=2.0_think_snr=0.0_seed=6,reactive_gate,60,,2.0,0.0,reactive_gate,6,623,488,14,0.027888446215139442,0.09859154929577464,488,243.23397400325416,3499.822830968844,16.99249042698062,600.0000000000005,0,444,1,0,0,0.010152064499949657,0.42079081058383283,3924450731.861386,0.0,0,0.0,0.0,0.0,0.0,248,28,0.4467305841141077,0.46600575760296287,0.5905277041002979,0.2938033467567171,266.1818181818182,0.23
type=reactive_gate_sandbox_idle_timeout_s=60_ablate=_rate_per_min=2.0_think_snr=0.0_seed=7,reactive_gate,60,,2.0,0.0,reactive_gate,7,792,619,10,0.01589825119236884,0.04807692307692308,619,167.88779834110574,2286.85158679168,27.510454607724878,600.0000000000005,0,377,1,0,0,0.003180260778428133,0.3280678306477254,2219118199.8499227,0.0,0,0.0,0.0,0.0,0.0,241,26,0.4403236922765766,0.4490907535034499,0.6721992624279657,0.2909062153039491,337.6363636363636,0.25
type=reactive_gate_sandbox_idle_timeout_s=60_ablate=_rate_per_min=2.0_think_snr=0.0_seed=8,reactive_gate,60,,2.0,0.0,reactive_gate,8,842,665,15,0.022058823529411766,0.08287292817679558,665,124.68514768302975,3439.9787602839356,14.250842046313975,600.0000000000005,0,596,1,0,0,0.012400641697723437,0.3932891326697981,3984617706.0332737,0.0,0,0.0,0.0,0.0,0.0,279,10,0.44758417499808756,0.45921472812517533,0.6776642175561708,0.3249200000165547,362.72727272727275,0.28
type=reactive_gate_sandbox_idle_timeout_s=60_ablate=_rate_per_min=2.0_think_snr=0.0_seed=9,reactive_gate,60,,2.0,0.0,reactive_gate,9,847,646,25,0.037257824143070044,0.13736263736263737,646,202.57355207781234,2991.301085568075,35.88724796675856,600.0000000000005,0,612,0,0,0,0.010168083144474566,0.3421032233587102,2405870294.309372,0.0,0,0.0,0.0,0.0,0.0,274,17,0.4055434282320203,0.4271597252163928,0.7210087491582492,0.29529061866984163,352.3636363636364,0.28
type=reactive_gate_sandbox_idle_timeout_s=60_ablate=_rate_per_min=2.0_think_snr=0.0_seed=10,reactive_gate,60,,2.0,0.0,reactive_gate,10,704,592,6,0.010033444816053512,0.046153846153846156,592,201.5896564000509,2029.2192861109188,34.07768338337564,600.0000000000005,0,175,0,0,0,0.0034315774497983586,0.23815730199495494,2344994524.9632335,0.0,0,0.0,0.0,0.0,0.0,244,18,0.5423776582257377,0.5513626830947304,0.6820442099480382,0.3442632603648002,322.90909090909093,0.23
type=reactive_gate_sandbox_idle_timeout_s=60_ablate=_rate_per_min=2.0_think_snr=0.9_seed=1,reactive_gate,60,,2.0,0.9,reactive_gate,1,640,509,3,0.005859375,0.014084507042253521,509,258.41458688705006,1667.1688153364278,43.25277624347192,600.0000000000005,0,162,1,0,0,0.0014026441824820028,0.3046276361352549,2563981625.8987613,0.0,0,0.0,0.0,0.0,0.0,298,46,0.537414809213119,0.5396286807616903,0.6921285579432142,0.27754395604058313,277.6363636363636,0.22
type=reactive_gate_sandbox_idle_timeout_s=60_ablate=_rate_per_min=2.0_think_snr=0.9_seed=2,reactive_gate,60,,2.0,0.9,reactive_gate,2,725,557,14,0.024518388791593695,0.0979020979020979,557,233.42937681188687,2568.3276116726074,20.895083445161948,600.0000000000005,0,366,1,0,0,0.007208167660528636,0.3246206044765756,1847313320.5994234,0.0,0,0.0,0.0,0.0,0.0,253,29,0.4327933405625252,0.44483915564642124,0.6783336556753432,0.3101381816160385,303.8181818181818,0.25
type=reactive_gate_sandbox_idle_timeout_s=60_ablate=_rate_per_min=2.0_think_snr=0.9_seed=3,reactive_gate,60,,2.0,0.9,reactive_gate,3,806,618,21,0.03286384976525822,0.11976047904191617,618,97.8477353376677,2343.483040334046,20.506119604121032,600.0000000000005,0,438,1,0,0,0.007223871020451649,0.4364743496932067,3963724410.1244464,0.0,0,0.0,0.0,0.0,0.0,248,27,0.4468687149842397,0.4647183039921735,0.6195338373195092,0.2768743433551324,337.0909090909091,0.24
type=reactive_gate_sandbox_idle_timeout_s=60_ablate=_rate_per_min=2.0_think_snr=0.9_seed=4,reactive_gate,60,,2.0,0.9,reactive_gate,4,787,656,4,0.006060606060606061,0.024390243902439025,656,120.34342091237704,2008.1149503504078,12.908189316556513,600.0000000000005,0,153,0,0,0,0.003932122422462281,0.3225282510595843,3559291419.790422,0.0,0,0.0,0.0,0.0,0.0,221,37,0.5630254570502036,0.5670608738920954,0.6383470101576665,0.30343665649579443,357.8181818181818,0.22
type=reactive_gate_sandbox_idle_timeout_s=60_ablate=_rate_per_min=2.0_think_snr=0.9_seed=5,reactive_gate,60,,2.0,0.9,reactive_gate,5,998,772,33,0.040993788819875775,0.13761467889908258,772,108.55287495096388,3729.667808362288,32.11940632566514,600.0000000000005,0,942,1,0,0,0.020170970696846122,0.2817377910784049,2352663052.9750896,0.0,0,0.0,0.0,0.0,0.0,268,7,0.394005210098269,0.4115174597731436,0.7977880250339938,0.33797097840746126,421.0909090909091,0.34
type=reactive_gate_sandbox_idle_timeout_s=60_ablate=_rate_per_min=2.0_think_snr=0.9_seed=6,reactive_gate,60,,2.0,0.9,reactive_gate,6,665,517,15,0.02819548872180451,0.0958904109589041,517,192.78746443907676,3276.8224105800414,19.02191498105716,600.0000000000005,0,484,2,0,0,0.01114856059275201,0.4472561572308599,3042131187.739703,0.0,0,0.0,0.0,0.0,0.0,232,35,0.44045425657796555,0.45934695354116245,0.5976709863620177,0.28473585609630886,282.0,0.23
type=reactive_gate_sandbox_idle_timeout_s=60_ablate=_rate_per_min=2.0_think_snr=0.9_seed=7,reactive_gate,60,,2.0,0.9,reactive_gate,7,790,614,11,0.0176,0.05472636815920398,614,176.9314986590498,2422.332265944745,18.36502247596997,600.0000000000005,0,403,0,0,0,0.003051625488436178,0.3084618781139416,2472954520.77608,0.0,0,0.0,0.0,0.0,0.0,228,28,0.46209128021332807,0.472458182917741,0.6513627804568118,0.2934163586171604,334.90909090909093,0.24
type=reactive_gate_sandbox_idle_timeout_s=60_ablate=_rate_per_min=2.0_think_snr=0.9_seed=8,reactive_gate,60,,2.0,0.9,reactive_gate,8,849,651,20,0.029806259314456036,0.10857142857142857,651,148.7854544042657,3628.466958018852,12.302918714771087,600.0000000000005,0,610,0,0,0,0.012104402442479668,0.4555074072131185,4016135952.5947685,0.0,0,0.0,0.0,0.0,0.0,278,13,0.43643335342268247,0.4560077862074839,0.6562602700482388,0.29497616497765194,355.0909090909091,0.27
type=reactive_gate_sandbox_idle_timeout_s=60_ablate=_rate_per_min=2.0_think_snr=0.9_seed=9,reactive_gate,60,,2.0,0.9,reactive_gate,9,858,655,30,0.043795620437956206,0.15463917525773196,655,243.029486931458,3608.241795184716,27.177000573188288,600.0000000000005,0,687,2,0,0,0.008492673140064539,0.3467657633387073,1519625509.4423563,0.0,0,0.0,0.0,0.0,0.0,293,11,0.3994852758744021,0.4265841141185269,0.7737379552698459,0.2879591782800691,357.2727272727273,0.3
type=reactive_gate_sandbox_idle_timeout_s=60_ablate=_rate_per_min=2.0_think_snr=0.9_seed=10,reactive_gate,60,,2.0,0.9,reactive_gate,10,695,583,7,0.011864406779661017,0.0546875,583,211.00457804950202,1922.7767540181396,35.404672435891065,600.0000000000002,0,170,4,0,0,0.004387989106770865,0.24693629333696113,1637323226.54998,0.0,0,0.0,0.0,0.0,0.0,262,15,0.5698494470174699,0.5794082812945567,0.7142775183080808,0.32676995304886297,318.0,0.23
type=reactive_gate_sandbox_idle_timeout_s=60_ablate=vtfq_rate_per_min=2.0_think_snr=0.0_seed=1,reactive_gate,60,vtfq,2.0,0.0,reactive_gate,1,656,558,1,0.0017889087656529517,0.006289308176100629,558,188.20117386950187,1635.097859909446,30.975898618855922,600.0000000000005,0,109,1,0,0,0.0019597894175723985,0.31993157419460416,2689124745.703344,0.0,0,0.0,0.0,0.0,0.0,299,57,0.6338536138545496,0.6352765564935793,0.6927429590739121,0.2888906750912113,304.3636363636364,0.22
type=reactive_gate_sandbox_idle_timeout_s=60_ablate=vtfq_rate_per_min=2.0_think_snr=0.0_seed=2,reactive_gate,60,vtfq,2.0,0.0,reactive_gate,2,722,561,11,0.019230769230769232,0.07971014492753623,561,239.0805870942877,2174.260496460707,35.89715029906332,600.0000000000005,0,303,3,0,0,0.005496789503287326,0.2877101020220823,1488466146.278751,0.0,0,0.0,0.0,0.0,0.0,256,30,0.4610646806250791,0.4743292059534369,0.6916740717430717,0.30155863979900543,306.0,0.25
type=reactive_gate_sandbox_idle_timeout_s=60_ablate=vtfq_rate_per_min=2.0_think_snr=0.0_seed=3,reactive_gate,60,vtfq,2.0,0.0,reactive_gate,3,788,589,20,0.03284072249589491,0.12025316455696203,589,126.69524658067758,2624.3124159196955,33.02369836201078,600.0000000000005,0,487,2,0,0,0.007278590056242587,0.3805936805256795,2922307398.412826,0.0,0,0.0,0.0,0.0,0.0,261,28,0.4153209419459162,0.43431917898691197,0.6714271339031339,0.26201789094342987,321.2727272727273,0.25
type=reactive_gate_sandbox_idle_timeout_s=60_ablate=vtfq_rate_per_min=2.0_think_snr=0.0_seed=4,reactive_gate,60,vtfq,2.0,0.0,reactive_gate,4,738,622,7,0.011128775834658187,0.03571428571428571,622,115.14666745744921,1816.5216327862256,12.756612799669382,600.0000000000005,0,139,0,0,0,0.01389123666944372,0.3171404993457469,3266334115.865236,0.0,0,0.0,0.0,0.0,0.0,250,29,0.6079504527266634,0.6136433765337244,0.6429453272832492,0.32089265793052074,339.2727272727273,0.21
type=reactive_gate_sandbox_idle_timeout_s=60_ablate=vtfq_rate_per_min=2.0_think_snr=0.0_seed=5,reactive_gate,60,vtfq,2.0,0.0,reactive_gate,5,996,759,39,0.04887218045112782,0.16666666666666666,759,124.26060554437515,3200.4892931536397,48.47183010915915,600.0000000000005,0,933,3,0,0,0.014287325777804259,0.19294592816767742,2076337319.0313935,0.0,0,0.0,0.0,0.0,0.0,325,6,0.3767685699565878,0.4017658843830948,0.8362096117424243,0.32984240923014024,414.0,0.36
type=reactive_gate_sandbox_idle_timeout_s=60_ablate=vtfq_rate_per_min=2.0_think_snr=0.0_seed=6,reactive_gate,60,vtfq,2.0,0.0,reactive_gate,6,623,488,14,0.027888446215139442,0.09859154929577464,488,243.23397400325416,3499.822830968844,16.99249042698062,600.0000000000005,0,444,1,0,0,0.010152064499949657,0.42079081058383283,3924450731.861386,0.0,0,0.0,0.0,0.0,0.0,248,28,0.4467305841141077,0.46600575760296287,0.5905277041002979,0.2938033467567171,266.1818181818182,0.22
type=reactive_gate_sandbox_idle_timeout_s=60_ablate=vtfq_rate_per_min=2.0_think_snr=0.0_seed=7,reactive_gate,60,vtfq,2.0,0.0,reactive_gate,7,792,619,10,0.01589825119236884,0.04807692307692308,619,167.88779834110574,2286.85158679168,27.510454607724878,600.0000000000005,0,377,1,0,0,0.003180260778428133,0.3280678306477254,2219118199.8499227,0.0,0,0.0,0.0,0.0,0.0,241,26,0.4403236922765766,0.4490907535034499,0.6721992624279657,0.2909062153039491,337.6363636363636,0.25
type=reactive_gate_sandbox_idle_timeout_s=60_ablate=vtfq_rate_per_min=2.0_think_snr=0.0_seed=8,reactive_gate,60,vtfq,2.0,0.0,reactive_gate,8,842,665,15,0.022058823529411766,0.08287292817679558,665,124.68514768302975,3439.9787602839356,14.250842046313975,600.0000000000005,0,596,1,0,0,0.012400641697723437,0.3932891326697981,3984617706.0332737,0.0,0,0.0,0.0,0.0,0.0,279,10,0.44758417499808756,0.45921472812517533,0.6776642175561708,0.3249200000165547,362.72727272727275,0.27
type=reactive_gate_sandbox_idle_timeout_s=60_ablate=vtfq_rate_per_min=2.0_think_snr=0.0_seed=9,reactive_gate,60,vtfq,2.0,0.0,reactive_gate,9,847,646,25,0.037257824143070044,0.13736263736263737,646,202.57355207781234,2991.301085568075,35.88724796675856,600.0000000000005,0,612,0,0,0,0.010168083144474566,0.3421032233587102,2405870294.309372,0.0,0,0.0,0.0,0.0,0.0,274,17,0.4055434282320203,0.4271597252163928,0.7210087491582492,0.29529061866984163,352.3636363636364,0.29
type=reactive_gate_sandbox_idle_timeout_s=60_ablate=vtfq_rate_per_min=2.0_think_snr=0.0_seed=10,reactive_gate,60,vtfq,2.0,0.0,reactive_gate,10,704,592,6,0.010033444816053512,0.046153846153846156,592,201.5896564000509,2029.2192861109188,34.07768338337564,600.0000000000005,0,175,0,0,0,0.0034315774497983586,0.23815730199495494,2344994524.9632335,0.0,0,0.0,0.0,0.0,0.0,244,18,0.5423776582257377,0.5513626830947304,0.6820442099480382,0.3442632603648002,322.90909090909093,0.23
type=reactive_gate_sandbox_idle_timeout_s=60_ablate=vtfq_rate_per_min=2.0_think_snr=0.9_seed=1,reactive_gate,60,vtfq,2.0,0.9,reactive_gate,1,640,509,3,0.005859375,0.014084507042253521,509,258.41458688705006,1667.1688153364278,43.25277624347192,600.0000000000005,0,162,1,0,0,0.0014026441824820028,0.3046276361352549,2563981625.8987613,0.0,0,0.0,0.0,0.0,0.0,298,46,0.537414809213119,0.5396286807616903,0.6921285579432142,0.27754395604058313,277.6363636363636,0.22
type=reactive_gate_sandbox_idle_timeout_s=60_ablate=vtfq_rate_per_min=2.0_think_snr=0.9_seed=2,reactive_gate,60,vtfq,2.0,0.9,reactive_gate,2,725,557,14,0.024518388791593695,0.0979020979020979,557,233.42937681188687,2568.3276116726074,20.895083445161948,600.0000000000005,0,366,1,0,0,0.007208167660528636,0.3246206044765756,1847313320.5994234,0.0,0,0.0,0.0,0.0,0.0,253,29,0.4327933405625252,0.44483915564642124,0.6783336556753432,0.3101381816160385,303.8181818181818,0.25
type=reactive_gate_sandbox_idle_timeout_s=60_ablate=vtfq_rate_per_min=2.0_think_snr=0.9_seed=3,reactive_gate,60,vtfq,2.0,0.9,reactive_gate,3,806,618,21,0.03286384976525822,0.11976047904191617,618,97.8477353376677,2343.483040334046,20.506119604121032,600.0000000000005,0,438,1,0,0,0.007223871020451649,0.4364743496932067,3963724410.1244464,0.0,0,0.0,0.0,0.0,0.0,248,27,0.4468687149842397,0.4647183039921735,0.6195338373195092,0.2768743433551324,337.0909090909091,0.24
type=reactive_gate_sandbox_idle_timeout_s=60_ablate=vtfq_rate_per_min=2.0_think_snr=0.9_seed=4,reactive_gate,60,vtfq,2.0,0.9,reactive_gate,4,787,656,4,0.006060606060606061,0.024390243902439025,656,120.34342091237704,2008.1149503504078,12.908189316556513,600.0000000000005,0,153,0,0,0,0.003932122422462281,0.3225282510595843,3559291419.790422,0.0,0,0.0,0.0,0.0,0.0,221,37,0.5630254570502036,0.5670608738920954,0.6383470101576665,0.30343665649579443,357.8181818181818,0.22
type=reactive_gate_sandbox_idle_timeout_s=60_ablate=vtfq_rate_per_min=2.0_think_snr=0.9_seed=5,reactive_gate,60,vtfq,2.0,0.9,reactive_gate,5,998,772,33,0.040993788819875775,0.13761467889908258,772,108.55287495096388,3729.667808362288,32.11940632566514,600.0000000000005,0,942,1,0,0,0.020170970696846122,0.2817377910784049,2352663052.9750896,0.0,0,0.0,0.0,0.0,0.0,268,7,0.394005210098269,0.4115174597731436,0.7977880250339938,0.33797097840746126,421.0909090909091,0.34
type=reactive_gate_sandbox_idle_timeout_s=60_ablate=vtfq_rate_per_min=2.0_think_snr=0.9_seed=6,reactive_gate,60,vtfq,2.0,0.9,reactive_gate,6,665,517,15,0.02819548872180451,0.0958904109589041,517,192.78746443907676,3276.8224105800414,19.02191498105716,600.0000000000005,0,484,2,0,0,0.01114856059275201,0.4472561572308599,3042131187.739703,0.0,0,0.0,0.0,0.0,0.0,232,35,0.44045425657796555,0.45934695354116245,0.5976709863620177,0.28473585609630886,282.0,0.23
type=reactive_gate_sandbox_idle_timeout_s=60_ablate=vtfq_rate_per_min=2.0_think_snr=0.9_seed=7,reactive_gate,60,vtfq,2.0,0.9,reactive_gate,7,790,614,11,0.0176,0.05472636815920398,614,176.9314986590498,2422.332265944745,18.36502247596997,600.0000000000005,0,403,0,0,0,0.003051625488436178,0.3084618781139416,2472954520.77608,0.0,0,0.0,0.0,0.0,0.0,228,28,0.46209128021332807,0.472458182917741,0.6513627804568118,0.2934163586171604,334.90909090909093,0.25
type=reactive_gate_sandbox_idle_timeout_s=60_ablate=vtfq_rate_per_min=2.0_think_snr=0.9_seed=8,reactive_gate,60,vtfq,2.0,0.9,reactive_gate,8,849,651,20,0.029806259314456036,0.10857142857142857,651,148.7854544042657,3628.466958018852,12.302918714771087,600.0000000000005,0,610,0,0,0,0.012104402442479668,0.4555074072131185,4016135952.5947685,0.0,0,0.0,0.0,0.0,0.0,278,13,0.43643335342268247,0.4560077862074839,0.6562602700482388,0.29497616497765194,355.0909090909091,0.27
type=reactive_gate_sandbox_idle_timeout_s=60_ablate=vtfq_rate_per_min=2.0_think_snr=0.9_seed=9,reactive_gate,60,vtfq,2.0,0.9,reactive_gate,9,858,655,30,0.043795620437956206,0.15463917525773196,655,243.029486931458,3608.241795184716,27.177000573188288,600.0000000000005,0,687,2,0,0,0.008492673140064539,0.3467657633387073,1519625509.4423563,0.0,0,0.0,0.0,0.0,0.0,293,11,0.3994852758744021,0.4265841141185269,0.7737379552698459,0.2879591782800691,357.2727272727273,0.3
type=reactive_gate_sandbox_idle_timeout_s=60_ablate=vtfq_rate_per_min=2.0_think_snr=0.9_seed=10,reactive_gate,60,vtfq,2.0,0.9,reactive_gate,10,695,583,7,0.011864406779661017,0.0546875,583,211.00457804950202,1922.7767540181396,35.404672435891065,600.0000000000002,0,170,4,0,0,0.004387989106770865,0.24693629333696113,1637323226.54998,0.0,0,0.0,0.0,0.0,0.0,262,15,0.5698494470174699,0.5794082812945567,0.7142775183080808,0.32676995304886297,318.0,0.23
type=reactive_gate_sandbox_idle_timeout_s=60_ablate=park+prewarm_rate_per_min=2.0_think_snr=0.0_seed=1,reactive_gate,60,park+prewarm,2.0,0.0,reactive_gate,1,656,558,1,0.0017889087656529517,0.006289308176100629,558,188.20117386950187,1635.097859909446,30.975898618855922,600.0000000000005,0,109,1,0,0,0.0019597894175723985,0.31993157419460416,2689124745.703344,0.0,0,0.0,0.0,0.0,0.0,299,57,0.6338536138545496,0.6352765564935793,0.6927429590739121,0.2888906750912113,304.3636363636364,0.22
type=reactive_gate_sandbox_idle_timeout_s=60_ablate=park+prewarm_rate_per_min=2.0_think_snr=0.0_seed=2,reactive_gate,60,park+prewarm,2.0,0.0,reactive_gate,2,722,561,11,0.019230769230769232,0.07971014492753623,561,239.0805870942877,2174.260496460707,35.89715029906332,600.0000000000005,0,303,3,0,0,0.005496789503287326,0.2877101020220823,1488466146.278751,0.0,0,0.0,0.0,0.0,0.0,256,30,0.4610646806250791,0.4743292059534369,0.6916740717430717,0.30155863979900543,306.0,0.26
type=reactive_gate_sandbox_idle_timeout_s=60_ablate=park+prewarm_rate_per_min=2.0_think_snr=0.0_seed=3,reactive_gate,60,park+prewarm,2.0,0.0,reactive_gate,3,788,589,20,0.03284072249589491,0.12025316455696203,589,126.69524658067758,2624.3124159196955,33.02369836201078,600.0000000000005,0,487,2,0,0,0.007278590056242587,0.3805936805256795,2922307398.412826,0.0,0,0.0,0.0,0.0,0.0,261,28,0.4153209419459162,0.43431917898691197,0.6714271339031339,0.26201789094342987,321.2727272727273,0.25
type=reactive_gate_sandbox_idle_timeout_s=60_ablate=park+prewarm_rate_per_min=2.0_think_snr=0.0_seed=4,reactive_gate,60,park+prewarm,2.0,0.0,reactive_gate,4,738,622,7,0.011128775834658187,0.03571428571428571,622,115.14666745744921,1816.5216327862256,12.756612799669382,600.0000000000005,0,139,0,0,0,0.01389123666944372,0.3171404993457469,3266334115.865236,0.0,0,0.0,0.0,0.0,0.0,250,29,0.6079504527266634,0.6136433765337244,0.6429453272832492,0.32089265793052074,339.2727272727273,0.21
type=reactive_gate_sandbox_idle_timeout_s=60_ablate=park+prewarm_rate_per_min=2.0_think_snr=0.0_seed=5,reactive_gate,60,park+prewarm,2.0,0.0,reactive_gate,5,996,759,39,0.04887218045112782,0.16666666666666666,759,124.26060554437515,3200.4892931536397,48.47183010915915,600.0000000000005,0,933,3,0,0,0.014287325777804259,0.19294592816767742,2076337319.0313935,0.0,0,0.0,0.0,0.0,0.0,325,6,0.3767685699565878,0.4017658843830948,0.8362096117424243,0.32984240923014024,414.0,0.36
type=reactive_gate_sandbox_idle_timeout_s=60_ablate=park+prewarm_rate_per_min=2.0_think_snr=0.0_seed=6,reactive_gate,60,park+prewarm,2.0,0.0,reactive_gate,6,623,488,14,0.027888446215139442,0.09859154929577464,488,243.23397400325416,3499.822830968844,16.99249042698062,600.0000000000005,0,444,1,0,0,0.010152064499949657,0.42079081058383283,3924450731.861386,0.0,0,0.0,0.0,0.0,0.0,248,28,0.4467305841141077,0.46600575760296287,0.5905277041002979,0.2938033467567171,266.1818181818182,0.21
type=reactive_gate_sandbox_idle_timeout_s=60_ablate=park+prewarm_rate_per_min=2.0_think_snr=0.0_seed=7,reactive_gate,60,park+prewarm,2.0,0.0,reactive_gate,7,792,619,10,0.01589825119236884,0.04807692307692308,619,167.88779834110574,2286.85158679168,27.510454607724878,600.0000000000005,0,377,1,0,0,0.003180260778428133,0.3280678306477254,2219118199.8499227,0.0,0,0.0,0.0,0.0,0.0,241,26,0.4403236922765766,0.4490907535034499,0.6721992624279657,0.2909062153039491,337.6363636363636,0.25
type=reactive_gate_sandbox_idle_timeout_s=60_ablate=park+prewarm_rate_per_min=2.0_think_snr=0.0_seed=8,reactive_gate,60,park+prewarm,2.0,0.0,reactive_gate,8,842,665,15,0.022058823529411766,0.08287292817679558,665,124.68514768302975,3439.9787602839356,14.250842046313975,600.0000000000005,0,596,1,0,0,0.012400641697723437,0.3932891326697981,3984617706.0332737,0.0,0,0.0,0.0,0.0,0.0,279,10,0.44758417499808756,0.45921472812517533,0.6776642175561708,0.3249200000165547,362.72727272727275,0.27
type=reactive_gate_sandbox_idle_timeout_s=60_ablate=park+prewarm_rate_per_min=2.0_think_snr=0.0_seed=9,reactive_gate,60,park+prewarm,2.0,0.0,reactive_gate,9,847,646,25,0.037257824143070044,0.13736263736263737,646,202.57355207781234,2991.301085568075,35.88724796675856,600.0000000000005,0,612,0,0,0,0.010168083144474566,0.3421032233587102,2405870294.309372,0.0,0,0.0,0.0,0.0,0.0,274,17,0.4055434282320203,0.4271597252163928,0.7210087491582492,0.29529061866984163,352.3636363636364,0.3
type=reactive_gate_sandbox_idle_timeout_s=60_ablate=park+prewarm_rate_per_min=2.0_think_snr=0.0_seed=10,reactive_gate,60,park+prewarm,2.0,0.0,reactive_gate,10,704,592,6,0.010033444816053512,0.046153846153846156,592,201.5896564000509,2029.2192861109188,34.07768338337564,600.0000000000005,0,175,0,0,0,0.0034315774497983586,0.23815730199495494,2344994524.9632335,0.0,0,0.0,0.0,0.0,0.0,244,18,0.5423776582257377,0.5513626830947304,0.6820442099480382,0.3442632603648002,322.90909090909093,0.22
type=reactive_gate_sandbox_idle_timeout_s=60_ablate=park+prewarm_rate_per_min=2.0_think_snr=0.9_seed=1,reactive_gate,60,park+prewarm,2.0,0.9,reactive_gate,1,640,509,3,0.005859375,0.014084507042253521,509,258.41458688705006,1667.1688153364278,43.25277624347192,600.0000000000005,0,162,1,0,0,0.0014026441824820028,0.3046276361352549,2563981625.8987613,0.0,0,0.0,0.0,0.0,0.0,298,46,0.537414809213119,0.5396286807616903,0.6921285579432142,0.27754395604058313,277.6363636363636,0.22
type=reactive_gate_sandbox_idle_timeout_s=60_ablate=park+prewarm_rate_per_min=2.0_think_snr=0.9_seed=2,reactive_gate,60,park+prewarm,2.0,0.9,reactive_gate,2,725,557,14,0.024518388791593695,0.0979020979020979,557,233.42937681188687,2568.3276116726074,20.895083445161948,600.0000000000005,0,366,1,0,0,0.007208167660528636,0.3246206044765756,1847313320.5994234,0.0,0,0.0,0.0,0.0,0.0,253,29,0.4327933405625252,0.44483915564642124,0.6783336556753432,0.3101381816160385,303.8181818181818,0.25
type=reactive_gate_sandbox_idle_timeout_s=60_ablate=park+prewarm_rate_per_min=2.0_think_snr=0.9_seed=3,reactive_gate,60,park+prewarm,2.0,0.9,reactive_gate,3,806,618,21,0.03286384976525822,0.11976047904191617,618,97.8477353376677,2343.483040334046,20.506119604121032,600.0000000000005,0,438,1,0,0,0.007223871020451649,0.4364743496932067,3963724410.1244464,0.0,0,0.0,0.0,0.0,0.0,248,27,0.4468687149842397,0.4647183039921735,0.6195338373195092,0.2768743433551324,337.0909090909091,0.24
type=reactive_gate_sandbox_idle_timeout_s=60_ablate=park+prewarm_rate_per_min=2.0_think_snr=0.9_seed=4,reactive_gate,60,park+prewarm,2.0,0.9,reactive_gate,4,787,656,4,0.006060606060606061,0.024390243902439025,656,120.34342091237704,2008.1149503504078,12.908189316556513,600.0000000000005,0,153,0,0,0,0.003932122422462281,0.3225282510595843,3559291419.790422,0.0,0,0.0,0.0,0.0,0.0,221,37,0.5630254570502036,0.5670608738920954,0.6383470101576665,0.30343665649579443,357.8181818181818,0.21
type=reactive_gate_sandbox_idle_timeout_s=60_ablate=park+prewarm_rate_per_min=2.0_think_snr=0.9_seed=5,reactive_gate,60,park+prewarm,2.0,0.9,reactive_gate,5,998,772,33,0.040993788819875775,0.13761467889908258,772,108.55287495096388,3729.667808362288,32.11940632566514,600.0000000000005,0,942,1,0,0,0.020170970696846122,0.2817377910784049,2352663052.9750896,0.0,0,0.0,0.0,0.0,0.0,268,7,0.394005210098269,0.4115174597731436,0.7977880250339938,0.33797097840746126,421.0909090909091,0.35
type=reactive_gate_sandbox_idle_timeout_s=60_ablate=park+prewarm_rate_per_min=2.0_think_snr=0.9_seed=6,reactive_gate,60,park+prewarm,2.0,0.9,reactive_gate,6,665,517,15,0.02819548872180451,0.0958904109589041,517,192.78746443907676,3276.8224105800414,19.02191498105716,600.0000000000005,0,484,2,0,0,0.01114856059275201,0.4472561572308599,3042131187.739703,0.0,0,0.0,0.0,0.0,0.0,232,35,0.44045425657796555,0.45934695354116245,0.5976709863620177,0.28473585609630886,282.0,0.22
type=reactive_gate_sandbox_idle_timeout_s=60_ablate=park+prewarm_rate_per_min=2.0_think_snr=0.9_seed=7,reactive_gate,60,park+prewarm,2.0,0.9,reactive_gate,7,790,614,11,0.0176,0.05472636815920398,614,176.9314986590498,2422.332265944745,18.36502247596997,600.0000000000005,0,403,0,0,0,0.003051625488436178,0.3084618781139416,2472954520.77608,0.0,0,0.0,0.0,0.0,0.0,228,28,0.46209128021332807,0.472458182917741,0.6513627804568118,0.2934163586171604,334.90909090909093,0.24
type=reactive_gate_sandbox_idle_timeout_s=60_ablate=park+prewarm_rate_per_min=2.0_think_snr=0.9_seed=8,reactive_gate,60,park+prewarm,2.0,0.9,reactive_gate,8,849,651,20,0.029806259314456036,0.10857142857142857,651,148.7854544042657,3628.466958018852,12.302918714771087,600.0000000000005,0,610,0,0,0,0.012104402442479668,0.4555074072131185,4016135952.5947685,0.0,0,0.0,0.0,0.0,0.0,278,13,0.43643335342268247,0.4560077862074839,0.6562602700482388,0.29497616497765194,355.0909090909091,0.27
type=reactive_gate_sandbox_idle_timeout_s=60_ablate=park+prewarm_rate_per_min=2.0_think_snr=0.9_seed=9,reactive_gate,60,park+prewarm,2.0,0.9,reactive_gate,9,858,655,30,0.043795620437956206,0.15463917525773196,655,243.029486931458,3608.241795184716,27.177000573188288,600.0000000000005,0,687,2,0,0,0.008492673140064539,0.3467657633387073,1519625509.4423563,0.0,0,0.0,0.0,0.0,0.0,293,11,0.3994852758744021,0.4265841141185269,0.7737379552698459,0.2879591782800691,357.2727272727273,0.32
type=reactive_gate_sandbox_idle_timeout_s=60_ablate=park+prewarm_rate_per_min=2.0_think_snr=0.9_seed=10,reactive_gate,60,park+prewarm,2.0,0.9,reactive_gate,10,695,583,7,0.011864406779661017,0.0546875,583,211.00457804950202,1922.7767540181396,35.404672435891065,600.0000000000002,0,170,4,0,0,0.004387989106770865,0.24693629333696113,1637323226.54998,0.0,0,0.0,0.0,0.0,0.0,262,15,0.5698494470174699,0.5794082812945567,0.7142775183080808,0.32676995304886297,318.0,0.22
type=reactive_gate_sandbox_idle_timeout_s=60_ablate=vtfq+park+prewarm+kv+gang+budget_rate_per_min=2.0_think_snr=0.0_seed=1,reactive_gate,60,vtfq+park+prewarm+kv+gang+budget,2.0,0.0,reactive_gate,1,656,558,1,0.0017889087656529517,0.006289308176100629,558,188.20117386950187,1635.097859909446,30.975898618855922,600.0000000000005,0,109,1,0,0,0.0019597894175723985,0.31993157419460416,2689124745.703344,0.0,0,0.0,0.0,0.0,0.0,299,57,0.6338536138545496,0.6352765564935793,0.6927429590739121,0.2888906750912113,304.3636363636364,0.23
type=reactive_gate_sandbox_idle_timeout_s=60_ablate=vtfq+park+prewarm+kv+gang+budget_rate_per_min=2.0_think_snr=0.0_seed=2,reactive_gate,60,vtfq+park+prewarm+kv+gang+budget,2.0,0.0,reactive_gate,2,722,561,11,0.019230769230769232,0.07971014492753623,561,239.0805870942877,2174.260496460707,35.89715029906332,600.0000000000005,0,303,3,0,0,0.005496789503287326,0.2877101020220823,1488466146.278751,0.0,0,0.0,0.0,0.0,0.0,256,30,0.4610646806250791,0.4743292059534369,0.6916740717430717,0.30155863979900543,306.0,0.24
type=reactive_gate_sandbox_idle_timeout_s=60_ablate=vtfq+park+prewarm+kv+gang+budget_rate_per_min=2.0_think_snr=0.0_seed=3,reactive_gate,60,vtfq+park+prewarm+kv+gang+budget,2.0,0.0,reactive_gate,3,788,589,20,0.03284072249589491,0.12025316455696203,589,126.69524658067758,2624.3124159196955,33.02369836201078,600.0000000000005,0,487,2,0,0,0.007278590056242587,0.3805936805256795,2922307398.412826,0.0,0,0.0,0.0,0.0,0.0,261,28,0.4153209419459162,0.43431917898691197,0.6714271339031339,0.26201789094342987,321.2727272727273,0.27
type=reactive_gate_sandbox_idle_timeout_s=60_ablate=vtfq+park+prewarm+kv+gang+budget_rate_per_min=2.0_think_snr=0.0_seed=4,reactive_gate,60,vtfq+park+prewarm+kv+gang+budget,2.0,0.0,reactive_gate,4,738,622,7,0.011128775834658187,0.03571428571428571,622,115.14666745744921,1816.5216327862256,12.756612799669382,600.0000000000005,0,139,0,0,0,0.01389123666944372,0.3171404993457469,3266334115.865236,0.0,0,0.0,0.0,0.0,0.0,250,29,0.6079504527266634,0.6136433765337244,0.6429453272832492,0.32089265793052074,339.2727272727273,0.2
type=reactive_gate_sandbox_idle_timeout_s=60_ablate=vtfq+park+prewarm+kv+gang+budget_rate_per_min=2.0_think_snr=0.0_seed=5,reactive_gate,60,vtfq+park+prewarm+kv+gang+budget,2.0,0.0,reactive_gate,5,996,759,39,0.04887218045112782,0.16666666666666666,759,124.26060554437515,3200.4892931536397,48.47183010915915,600.0000000000005,0,933,3,0,0,0.014287325777804259,0.19294592816767742,2076337319.0313935,0.0,0,0.0,0.0,0.0,0.0,325,6,0.3767685699565878,0.4017658843830948,0.8362096117424243,0.32984240923014024,414.0,0.37
type=reactive_gate_sandbox_idle_timeout_s=60_ablate=vtfq+park+prewarm+kv+gang+budget_rate_per_min=2.0_think_snr=0.0_seed=6,reactive_gate,60,vtfq+park+prewarm+kv+gang+budget,2.0,0.0,reactive_gate,6,623,488,14,0.027888446215139442,0.09859154929577464,488,243.23397400325416,3499.822830968844,16.99249042698062,600.0000000000005,0,444,1,0,0,0.010152064499949657,0.42079081058383283,3924450731.861386,0.0,0,0.0,0.0,0.0,0.0,248,28,0.4467305841141077,0.46600575760296287,0.5905277041002979,0.2938033467567171,266.1818181818182,0.22
type=reactive_gate_sandbox_idle_timeout_s=60_ablate=vtfq+park+prewarm+kv+gang+budget_rate_per_min=2.0_think_snr=0.0_seed=7,reactive_gate,60,vtfq+park+prewarm+kv+gang+budget,2.0,0.0,reactive_gate,7,792,619,10,0.01589825119236884,0.04807692307692308,619,167.88779834110574,2286.85158679168,27.510454607724878,600.0000000000005,0,377,1,0,0,0.003180260778428133,0.3280678306477254,2219118199.8499227,0.0,0,0.0,0.0,0.0,0.0,241,26,0.4403236922765766,0.4490907535034499,0.6721992624279657,0.2909062153039491,337.6363636363636,0.26
type=reactive_gate_sandbox_idle_timeout_s=60_ablate=vtfq+park+prewarm+kv+gang+budget_rate_per_min=2.0_think_snr=0.0_seed=8,reactive_gate,60,vtfq+park+prewarm+kv+gang+budget,2.0,0.0,reactive_gate,8,842,665,15,0.022058823529411766,0.08287292817679558,665,124.68514768302975,3439.9787602839356,14.250842046313975,600.0000000000005,0,596,1,0,0,0.012400641697723437,0.3932891326697981,3984617706.0332737,0.0,0,0.0,0.0,0.0,0.0,279,10,0.44758417499808756,0.45921472812517533,0.6776642175561708,0.3249200000165547,362.72727272727275,0.26
type=reactive_gate_sandbox_idle_timeout_s=60_ablate=vtfq+park+prewarm+kv+gang+budget_rate_per_min=2.0_think_snr=0.0_seed=9,reactive_gate,60,vtfq+park+prewarm+kv+gang+budget,2.0,0.0,reactive_gate,9,847,646,25,0.037257824143070044,0.13736263736263737,646,202.57355207781234,2991.301085568075,35.88724796675856,600.0000000000005,0,612,0,0,0,0.010168083144474566,0.3421032233587102,2405870294.309372,0.0,0,0.0,0.0,0.0,0.0,274,17,0.4055434282320203,0.4271597252163928,0.7210087491582492,0.29529061866984163,352.3636363636364,0.3
type=reactive_gate_sandbox_idle_timeout_s=60_ablate=vtfq+park+prewarm+kv+gang+budget_rate_per_min=2.0_think_snr=0.0_seed=10,reactive_gate,60,vtfq+park+prewarm+kv+gang+budget,2.0,0.0,reactive_gate,10,704,592,6,0.010033444816053512,0.046153846153846156,592,201.5896564000509,2029.2192861109188,34.07768338337564,600.0000000000005,0,175,0,0,0,0.0034315774497983586,0.23815730199495494,2344994524.9632335,0.0,0,0.0,0.0,0.0,0.0,244,18,0.5423776582257377,0.5513626830947304,0.6820442099480382,0.3442632603648002,322.90909090909093,0.22
type=reactive_gate_sandbox_idle_timeout_s=60_ablate=vtfq+park+prewarm+kv+gang+budget_rate_per_min=2.0_think_snr=0.9_seed=1,reactive_gate,60,vtfq+park+prewarm+kv+gang+budget,2.0,0.9,reactive_gate,1,640,509,3,0.005859375,0.014084507042253521,509,258.41458688705006,1667.1688153364278,43.25277624347192,600.0000000000005,0,162,1,0,0,0.0014026441824820028,0.3046276361352549,2563981625.8987613,0.0,0,0.0,0.0,0.0,0.0,298,46,0.537414809213119,0.5396286807616903,0.6921285579432142,0.27754395604058313,277.6363636363636,0.23
type=reactive_gate_sandbox_idle_timeout_s=60_ablate=vtfq+park+prewarm+kv+gang+budget_rate_per_min=2.0_think_snr=0.9_seed=2,reactive_gate,60,vtfq+park+prewarm+kv+gang+budget,2.0,0.9,reactive_gate,2,725,557,14,0.024518388791593695,0.0979020979020979,557,233.42937681188687,2568.3276116726074,20.895083445161948,600.0000000000005,0,366,1,0,0,0.007208167660528636,0.3246206044765756,1847313320.5994234,0.0,0,0.0,0.0,0.0,0.0,253,29,0.4327933405625252,0.44483915564642124,0.6783336556753432,0.3101381816160385,303.8181818181818,0.24
type=reactive_gate_sandbox_idle_timeout_s=60_ablate=vtfq+park+prewarm+kv+gang+budget_rate_per_min=2.0_think_snr=0.9_seed=3,reactive_gate,60,vtfq+park+prewarm+kv+gang+budget,2.0,0.9,reactive_gate,3,806,618,21,0.03286384976525822,0.11976047904191617,618,97.8477353376677,2343.483040334046,20.506119604121032,600.0000000000005,0,438,1,0,0,0.007223871020451649,0.4364743496932067,3963724410.1244464,0.0,0,0.0,0.0,0.0,0.0,248,27,0.4468687149842397,0.4647183039921735,0.6195338373195092,0.2768743433551324,337.0909090909091,0.25
type=reactive_gate_sandbox_idle_timeout_s=60_ablate=vtfq+park+prewarm+kv+gang+budget_rate_per_min=2.0_think_snr=0.9_seed=4,reactive_gate,60,vtfq+park+prewarm+kv+gang+budget,2.0,0.9,reactive_gate,4,787,656,4,0.006060606060606061,0.024390243902439025,656,120.34342091237704,2008.1149503504078,12.908189316556513,600.0000000000005,0,153,0,0,0,0.003932122422462281,0.3225282510595843,3559291419.790422,0.0,0,0.0,0.0,0.0,0.0,221,37,0.5630254570502036,0.5670608738920954,0.6383470101576665,0.30343665649579443,357.8181818181818,0.21
type=reactive_gate_sandbox_idle_timeout_s=60_ablate=vtfq+park+prewarm+kv+gang+budget_rate_per_min=2.0_think_snr=0.9_seed=5,reactive_gate,60,vtfq+park+prewarm+kv+gang+budget,2.0,0.9,reactive_gate,5,998,772,33,0.040993788819875775,0.13761467889908258,772,108.55287495096388,3729.667808362288,32.11940632566514,600.0000000000005,0,942,1,0,0,0.020170970696846122,0.2817377910784049,2352663052.9750896,0.0,0,0.0,0.0,0.0,0.0,268,7,0.394005210098269,0.4115174597731436,0.7977880250339938,0.33797097840746126,421.0909090909091,0.35
type=reactive_gate_sandbox_idle_timeout_s=60_ablate=vtfq+park+prewarm+kv+gang+budget_rate_per_min=2.0_think_snr=0.9_seed=6,reactive_gate,60,vtfq+park+prewarm+kv+gang+budget,2.0,0.9,reactive_gate,6,665,517,15,0.02819548872180451,0.0958904109589041,517,192.78746443907676,3276.8224105800414,19.02191498105716,600.0000000000005,0,484,2,0,0,0.01114856059275201,0.4472561572308599,3042131187.739703,0.0,0,0.0,0.0,0.0,0.0,232,35,0.44045425657796555,0.45934695354116245,0.5976709863620177,0.28473585609630886,282.0,0.22
type=reactive_gate_sandbox_idle_timeout_s=60_ablate=vtfq+park+prewarm+kv+gang+budget_rate_per_min=2.0_think_snr=0.9_seed=7,reactive_gate,60,vtfq+park+prewarm+kv+gang+budget,2.0,0.9,reactive_gate,7,790,614,11,0.0176,0.05472636815920398,614,176.9314986590498,2422.332265944745,18.36502247596997,600.0000000000005,0,403,0,0,0,0.003051625488436178,0.3084618781139416,2472954520.77608,0.0,0,0.0,0.0,0.0,0.0,228,28,0.46209128021332807,0.472458182917741,0.6513627804568118,0.2934163586171604,334.90909090909093,0.25
type=reactive_gate_sandbox_idle_timeout_s=60_ablate=vtfq+park+prewarm+kv+gang+budget_rate_per_min=2.0_think_snr=0.9_seed=8,reactive_gate,60,vtfq+park+prewarm+kv+gang+budget,2.0,0.9,reactive_gate,8,849,651,20,0.029806259314456036,0.10857142857142857,651,148.7854544042657,3628.466958018852,12.302918714771087,600.0000000000005,0,610,0,0,0,0.012104402442479668,0.4555074072131185,4016135952.5947685,0.0,0,0.0,0.0,0.0,0.0,278,13,0.43643335342268247,0.4560077862074839,0.6562602700482388,0.29497616497765194,355.0909090909091,0.26
type=reactive_gate_sandbox_idle_timeout_s=60_ablate=vtfq+park+prewarm+kv+gang+budget_rate_per_min=2.0_think_snr=0.9_seed=9,reactive_gate,60,vtfq+park+prewarm+kv+gang+budget,2.0,0.9,reactive_gate,9,858,655,30,0.043795620437956206,0.15463917525773196,655,243.029486931458,3608.241795184716,27.177000573188288,600.0000000000005,0,687,2,0,0,0.008492673140064539,0.3467657633387073,1519625509.4423563,0.0,0,0.0,0.0,0.0,0.0,293,11,0.3994852758744021,0.4265841141185269,0.7737379552698459,0.2879591782800691,357.2727272727273,0.31
type=reactive_gate_sandbox_idle_timeout_s=60_ablate=vtfq+park+prewarm+kv+gang+budget_rate_per_min=2.0_think_snr=0.9_seed=10,reactive_gate,60,vtfq+park+prewarm+kv+gang+budget,2.0,0.9,reactive_gate,10,695,583,7,0.011864406779661017,0.0546875,583,211.00457804950202,1922.7767540181396,35.404672435891065,600.0000000000002,0,170,4,0,0,0.004387989106770865,0.24693629333696113,1637323226.54998,0.0,0,0.0,0.0,0.0,0.0,262,15,0.5698494470174699,0.5794082812945567,0.7142775183080808,0.32676995304886297,318.0,0.22
type=reactive_gate_sandbox_idle_timeout_s=300_ablate=_rate_per_min=2.0_think_snr=0.0_seed=1,reactive_gate,300,,2.0,0.0,reactive_gate,1,616,492,7,0.014028056112224449,0.050359712230215826,492,177.65406354315678,2112.2835308586964,19.270821895753283,600.0000000000005,0,270,1,0,0,0.002067941954940711,0.35660116807734765,3693639531.6735096,0.0,0,0.0,0.0,0.0,0.0,274,32,0.5169424403679067,0.5288416224671106,0.6012413629524411,0.24266542988411247,268.3636363636364,0.2
type=reactive_gate_sandbox_idle_timeout_s=300_ablate=_rate_per_min=2.0_think_snr=0.0_seed=2,reactive_gate,300,,2.0,0.0,reactive_gate,2,686,512,19,0.035781544256120526,0.13380281690140844,512,140.09881831050006,2630.4624959917787,12.2481946426507,600.0000000000005,0,443,3,0,0,0.009741370818828,0.3388566535705316,2996871230.5481787,0.0,0,0.0,0.0,0.0,0.0,247,23,0.4182289692475473,0.4412076848088159,0.5727869068367974,0.27822087316773353,279.2727272727273,0.21
type=reactive_gate_sandbox_idle_timeout_s=300_ablate=_rate_per_min=2.0_think_snr=0.0_seed=3,reactive_gate,300,,2.0,0.0,reactive_gate,3,770,554,34,0.05782312925170068,0.19375,554,73.56534600754162,3081.950479156563,8.840636462053062,600.0000000000005,0,615,0,0,0,0.016124060354335907,0.4396904049251733,4587807695.295256,0.0,0,0.0,0.0,0.0,0.0,276,19,0.3947803496134008,0.4223087505545443,0.5561457757502914,0.24797747259072425,302.1818181818182,0.23
type=reactive_gate_sandbox_idle_timeout_s=300_ablate=_rate_per_min=2.0_think_snr=0.0_seed=4,reactive_gate,300,,2.0,0.0,reactive_gate,4,695,558,10,0.017605633802816902,0.057692307692307696,558,98.94350870239168,1992.786087356778,2.452603770157498,600.0000000000005,0,238,0,0,0,0.013792805678159568,0.31851156789712776,5088354626.529724,0.0,0,0.0,0.0,0.0,0.0,224,19,0.492599331068832,0.5025339652916216,0.5252149844518907,0.2836978157274059,304.3636363636364,0.19
type=reactive_gate_sandbox_idle_timeout_s=300_ablate=_rate_per_min=2.0_think_snr=0.0_seed=5,reactive_gate,300,,2.0,0.0,reactive_gate,5,992,725,51,0.06572164948453608,0.24519230769230768,725,59.5186619658125,4357.139391326038,20.033293791778526,600.0000000000005,0,1209,1,0,0,0.026587762490301564,0.2404824465969168,4067627402.1637144,0.0,0,0.0,0.0,0.0,0.0,313,4,0.34233315360184124,0.3772149102800458,0.7097142291949948,0.2984161451602247,395.4545454545455,0.32
type=reactive_gate_sandbox_idle_timeout_s=300_ablate=_rate_per_min=2.0_think_snr=0.0_seed=6,reactive_gate,300,,2.0,0.0,reactive_gate,6,605,445,26,0.055201698513800426,0.1925925925925926,445,133.82581292219857,3198.427637026624,19.285499154294953,600.0000000000005,0,599,0,0,0,0.01542621289949187,0.42370771252119915,3979008426.4927135,0.0,0,0.0,0.0,0.0,0.0,221,21,0.3844952884036298,0.41854580046470385,0.5383991590585341,0.24796657303756767,242.72727272727275,0.21
type=reactive_gate_sandbox_idle_timeout_s=300_ablate=_rate_per_min=2.0_think_snr=0.0_seed=7,reactive_gate,300,,2.0,0.0,reactive_gate,7,719,491,20,0.03913894324853229,0.11428571428571428,491,139.07307509827388,2785.935389571613,18.720412001080696,600.0000000000005,0,646,1,0,0,0.009138679123114078,0.3418536929846733,3442886007.413887,0.0,0,0.0,0.0,0.0,0.0,232,15,0.3758776699657566,0.38877417870989545,0.5742510470894846,0.27059790851823856,267.8181818181818,0.23
type=reactive_gate_sandbox_idle_timeout_s=300_ablate=_rate_per_min=2.0_think_snr=0.0_seed=8,reactive_gate,300,,2.0,0.0,reactive_gate,8,817,621,32,0.04900459418070444,0.16853932584269662,621,102.95075145866576,3719.124904724394,15.22643054834782,600.0000000000005,0,761,0,0,0,0.013458289841961393,0.42395525883499585,4559172815.5572195,0.0,0,0.0,0.0,0.0,0.0,267,5,0.3830564499082377,0.41228297561829963,0.6109508293471575,0.2534501161225141,338.72727272727275,0.26
type=reactive_gate_sandbox_idle_timeout_s=300_ablate=_rate_per_min=2.0_think_snr=0.0_seed=9,reactive_gate,300,,2.0,0.0,reactive_gate,9,806,592,38,0.06031746031746032,0.20218579234972678,592,137.32698656546745,3739.9856392022243,6.218600624669337,600.0000000000005,0,856,0,0,0,0.013116328439465863,0.3075354586532756,4563563754.199722,0.0,0,0.0,0.0,0.0,0.0,259,9,0.36800207165918924,0.4017064512737694,0.6062490548311642,0.2788311377147522,322.90909090909093,0.26
type=reactive_gate_sandbox_idle_timeout_s=300_ablate=_rate_per_min=2.0_think_snr=0.0_seed=10,reactive_gate,300,,2.0,0.0,reactive_gate,10,666,539,14,0.02531645569620253,0.11023622047244094,539,129.25148044641446,2402.496625470805,3.5821736886688034,600.0000000000005,0,321,1,0,0,0.011036604437468404,0.28732365035189206,4531423139.6691675,0.0,0,0.0,0.0,0.0,0.0,222,16,0.4399231885699153,0.4613168057824149,0.539261039214258,0.2918974013979209,294.0,0.19
type=reactive_gate_sandbox_idle_timeout_s=300_ablate=_rate_per_min=2.0_think_snr=0.9_seed=1,reactive_gate,300,,2.0,0.9,reactive_gate,1,609,477,8,0.016494845360824743,0.05185185185185185,477,207.1266525414694,2246.035056370087,28.146696988126994,600.0000000000005,0,308,1,0,0,0.01816582439768404,0.31154469268745116,3452450232.498527,0.0,0,0.0,0.0,0.0,0.0,289,9,0.4727294877075626,0.4787401154703896,0.6117666613935833,0.2414653667897197,260.1818181818182,0.2
type=reactive_gate_sandbox_idle_timeout_s=300_ablate=_rate_per_min=2.0_think_snr=0.9_seed=2,reactive_gate,300,,2.0,0.9,reactive_gate,2,684,498,19,0.0367504835589942,0.14074074074074075,498,160.02330983862726,3611.526846535154,10.24512856878265,600.0000000000005,0,492,1,0,0,0.009302466552737107,0.3031643311523123,2953854915.6199217,0.0,0,0.0,0.0,0.0,0.0,258,26,0.3983936598900834,0.4195018328231791,0.5974180682668027,0.26537471706355176,271.6363636363636,0.22
type=reactive_gate_sandbox_idle_timeout_s=300_ablate=_rate_per_min=2.0_think_snr=0.9_seed=3,reactive_gate,300,,2.0,0.9,reactive_gate,3,758,544,33,0.05719237435008666,0.2,544,56.776525875602886,2954.950149191214,3.4386544170698046,600.0000000000005,0,623,0,0,0,0.012650951325851464,0.45280604054636214,5538651702.992593,0.0,0,0.0,0.0,0.0,0.0,229,22,0.39787757892798764,0.4271936855196821,0.49506118765378143,0.2264126095226491,296.72727272727275,0.23
type=reactive_gate_sandbox_idle_timeout_s=300_ablate=_rate_per_min=2.0_think_snr=0.9_seed=4,reactive_gate,300,,2.0,0.9,reactive_gate,4,724,571,16,0.027257240204429302,0.09615384615384616,571,71.02836467074576,2251.4038700835595,1.5228587205783033,600.0000000000005,0,322,0,0,0,0.01586548154133978,0.3517501796761173,5254409361.532712,0.0,0,0.0,0.0,0.0,0.0,206,21,0.4563602355736526,0.4722514321595138,0.5242365066166472,0.2442485456166793,311.45454545454544,0.19
type=reactive_gate_sandbox_idle_timeout_s=300_ablate=_rate_per_min=2.0_think_snr=0.9_seed=5,reactive_gate,300,,2.0,0.9,reactive_gate,5,973,721,46,0.05997392438070404,0.22115384615384615,721,58.31615237727556,3713.3991225324035,14.53249457945094,600.0000000000005,0,1169,0,0,0,0.018529191667870506,0.2409231701087736,4483908250.330435,0.0,0,0.0,0.0,0.0,0.0,274,5,0.3541374443346757,0.3892466016381334,0.6612614370831714,0.30167049186860917,393.2727272727273,0.32
type=reactive_gate_sandbox_idle_timeout_s=300_ablate=_rate_per_min=2.0_think_snr=0.9_seed=6,reactive_gate,300,,2.0,0.9,reactive_gate,6,625,469,24,0.0486815415821501,0.1643835616438356,469,153.59230600496085,3607.083576318125,3.455093334747744,600.0000000000005,0,628,0,0,0,0.012072733474049937,0.4159543695993656,4537457466.881044,0.0,0,0.0,0.0,0.0,0.0,213,24,0.3861328616488516,0.41476637312126297,0.5125273244585276,0.2564520224909244,255.81818181818184,0.21
type=reactive_gate_sandbox_idle_timeout_s=300_ablate=_rate_per_min=2.0_think_snr=0.9_seed=7,reactive_gate,300,,2.0,0.9,reactive_gate,7,734,517,22,0.04081632653061224,0.12154696132596685,517,125.26029407573924,2747.4511781069727,0.0,600.0000000000005,0,615,0,0,0,0.012765660378559116,0.3123373652984931,4536673070.399018,0.0,0,0.0,0.0,0.0,0.0,203,17,0.40432045454505394,0.42259656200236384,0.5248997984735172,0.2662149696646032,282.0,0.22
type=reactive_gate_sandbox_idle_timeout_s=300_ablate=_rate_per_min=2.0_think_snr=0.9_seed=8,reactive_gate,300,,2.0,0.9,reactive_gate,8,794,578,35,0.057096247960848286,0.19411764705882353,578,93.71330897963708,3755.675182219425,1.911499829330591,600.0000000000005,0,809,0,0,0,0.02401682610055542,0.43242549862122104,6238603838.477404,0.0,0,0.0,0.0,0.0,0.0,260,5,0.371802217230254,0.4037191577146669,0.5429548172227079,0.254798974064418,315.2727272727273,0.24
type=reactive_gate_sandbox_idle_timeout_s=300_ablate=_rate_per_min=2.0_think_snr=0.9_seed=9,reactive_gate,300,,2.0,0.9,reactive_gate,9,830,597,48,0.07441860465116279,0.2553191489361702,597,131.56627017270694,3693.4786799471603,23.31040213318263,600.0000000000005,0,920,1,0,0,0.014732705818714591,0.3022984211333961,3362922688.515576,0.0,0,0.0,0.0,0.0,0.0,275,6,0.35064649929720093,0.39240531812919843,0.6521621525673401,0.2560936324678749,325.6363636363636,0.28
type=reactive_gate_sandbox_idle_timeout_s=300_ablate=_rate_per_min=2.0_think_snr=0.9_seed=10,reactive_gate,300,,2.0,0.9,reactive_gate,10,655,521,15,0.027985074626865673,0.1271186440677966,521,147.523179599787,2383.916934960732,11.82341325127642,600.0000000000005,0,358,0,0,0,0.00804446094186467,0.26735571163436767,4015620090.3324876,0.0,0,0.0,0.0,0.0,0.0,244,10,0.4660818760534305,0.48705230534832883,0.5774659500938877,0.27491743525372364,284.1818181818182,0.19
type=reactive_gate_sandbox_idle_timeout_s=300_ablate=vtfq_rate_per_min=2.0_think_snr=0.0_seed=1,reactive_gate,300,vtfq,2.0,0.0,reactive_gate,1,616,492,7,0.014028056112224449,0.050359712230215826,492,177.65406354315678,2112.2835308586964,19.270821895753283,600.0000000000005,0,270,1,0,0,0.002067941954940711,0.35660116807734765,3693639531.6735096,0.0,0,0.0,0.0,0.0,0.0,274,32,0.5169424403679067,0.5288416224671106,0.6012413629524411,0.24266542988411247,268.3636363636364,0.19
type=reactive_gate_sandbox_idle_timeout_s=300_ablate=vtfq_rate_per_min=2.0_think_snr=0.0_seed=2,reactive_gate,300,vtfq,2.0,0.0,reactive_gate,2,686,512,19,0.035781544256120526,0.13380281690140844,512,140.09881831050006,2630.4624959917787,12.2481946426507,600.0000000000005,0,443,3,0,0,0.009741370818828,0.3388566535705316,2996871230.5481787,0.0,0,0.0,0.0,0.0,0.0,247,23,0.4182289692475473,0.4412076848088159,0.5727869068367974,0.27822087316773353,279.2727272727273,0.22
type=reactive_gate_sandbox_idle_timeout_s=300_ablate=vtfq_rate_per_min=2.0_think_snr=0.0_seed=3,reactive_gate,300,vtfq,2.0,0.0,reactive_gate,3,770,554,34,0.05782312925170068,0.19375,554,73.56534600754162,3081.950479156563,8.840636462053062,600.0000000000005,0,615,0,0,0,0.016124060354335907,0.4396904049251733,4587807695.295256,0.0,0,0.0,0.0,0.0,0.0,276,19,0.3947803496134008,0.4223087505545443,0.5561457757502914,0.24797747259072425,302.1818181818182,0.23
type=reactive_gate_sandbox_idle_timeout_s=300_ablate=vtfq_rate_per_min=2.0_think_snr=0.0_seed=4,reactive_gate,300,vtfq,2.0,0.0,reactive_gate,4,695,558,10,0.017605633802816902,0.057692307692307696,558,98.94350870239168,1992.786087356778,2.452603770157498,600.0000000000005,0,238,0,0,0,0.013792805678159568,0.31851156789712776,5088354626.529724,0.0,0,0.0,0.0,0.0,0.0,224,19,0.492599331068832,0.5025339652916216,0.5252149844518907,0.2836978157274059,304.3636363636364,0.19
type=reactive_gate_sandbox_idle_timeout_s=300_ablate=vtfq_rate_per_min=2.0_think_snr=0.0_seed=5,reactive_gate,300,vtfq,2.0,0.0,reactive_gate,5,992,725,51,0.06572164948453608,0.24519230769230768,725,59.5186619658125,4357.139391326038,20.033293791778526,600.0000000000005,0,1209,1,0,0,0.026587762490301564,0.2404824465969168,4067627402.1637144,0.0,0,0.0,0.0,0.0,0.0,313,4,0.34233315360184124,0.3772149102800458,0.7097142291949948,0.2984161451602247,395.4545454545455,0.32
type=reactive_gate_sandbox_idle_timeout_s=300_ablate=vtfq_rate_per_min=2.0_think_snr=0.0_seed=6,reactive_gate,300,vtfq,2.0,0.0,reactive_gate,6,605,445,26,0.055201698513800426,0.1925925925925926,445,133.82581292219857,3198.427637026624,19.285499154294953,600.0000000000005,0,599,0,0,0,0.01542621289949187,0.42370771252119915,3979008426.4927135,0.0,0,0.0,0.0,0.0,0.0,221,21,0.3844952884036298,0.41854580046470385,0.5383991590585341,0.24796657303756767,242.72727272727275,0.21
type=reactive_gate_sandbox_idle_timeout_s=300_ablate=vtfq_rate_per_min=2.0_think_snr=0.0_seed=7,reactive_gate,300,vtfq,2.0,0.0,reactive_gate,7,719,491,20,0.03913894324853229,0.11428571428571428,491,139.07307509827388,2785.935389571613,18.720412001080696,600.0000000000005,0,646,1,0,0,0.009138679123114078,0.3418536929846733,3442886007.413887,0.0,0,0.0,0.0,0.0,0.0,232,15,0.3758776699657566,0.38877417870989545,0.5742510470894846,0.27059790851823856,267.8181818181818,0.22
type=reactive_gate_sandbox_idle_timeout_s=300_ablate=vtfq_rate_per_min=2.0_think_snr=0.0_seed=8,reactive_gate,300,vtfq,2.0,0.0,reactive_gate,8,817,621,32,0.04900459418070444,0.16853932584269662,621,102.95075145866576,3719.124904724394,15.22643054834782,600.0000000000005,0,761,0,0,0,0.013458289841961393,0.42395525883499585,4559172815.5572195,0.0,0,0.0,0.0,0.0,0.0,267,5,0.3830564499082377,0.41228297561829963,0.6109508293471575,0.2534501161225141,338.72727272727275,0.26
type=reactive_gate_sandbox_idle_timeout_s=300_ablate=vtfq_rate_per_min=2.0_think_snr=0.0_seed=9,reactive_gate,300,vtfq,2.0,0.0,reactive_gate,9,806,592,38,0.06031746031746032,0.20218579234972678,592,137.32698656546745,3739.9856392022243,6.218600624669337,600.0000000000005,0,856,0,0,0,0.013116328439465863,0.3075354586532756,4563563754.199722,0.0,0,0.0,0.0,0.0,0.0,259,9,0.36800207165918924,0.4017064512737694,0.6062490548311642,0.2788311377147522,322.90909090909093,0.26
type=reactive_gate_sandbox_idle_timeout_s=300_ablate=vtfq_rate_per_min=2.0_think_snr=0.0_seed=10,reactive_gate,300,vtfq,2.0,0.0,reactive_gate,10,666,539,14,0.02531645569620253,0.11023622047244094,539,129.25148044641446,2402.496625470805,3.5821736886688034,600.0000000000005,0,321,1,0,0,0.011036604437468404,0.28732365035189206,4531423139.6691675,0.0,0,0.0,0.0,0.0,0.0,222,16,0.4399231885699153,0.4613168057824149,0.539261039214258,0.2918974013979209,294.0,0.18
type=reactive_gate_sandbox_idle_timeout_s=300_ablate=vtfq_rate_per_min=2.0_think_snr=0.9_seed=1,reactive_gate,300,vtfq,2.0,0.9,reactive_gate,1,609,477,8,0.016494845360824743,0.05185185185185185,477,207.1266525414694,2246.035056370087,28.146696988126994,600.0000000000005,0,308,1,0,0,0.01816582439768404,0.31154469268745116,3452450232.498527,0.0,0,0.0,0.0,0.0,0.0,289,9,0.4727294877075626,0.4787401154703896,0.6117666613935833,0.2414653667897197,260.1818181818182,0.21
type=reactive_gate_sandbox_idle_timeout_s=300_ablate=vtfq_rate_per_min=2.0_think_snr=0.9_seed=2,reactive_gate,300,vtfq,2.0,0.9,reactive_gate,2,684,498,19,0.0367504835589942,0.14074074074074075,498,160.02330983862726,3611.526846535154,10.24512856878265,600.0000000000005,0,492,1,0,0,0.009302466552737107,0.3031643311523123,2953854915.6199217,0.0,0,0.0,0.0,0.0,0.0,258,26,0.3983936598900834,0.4195018328231791,0.5974180682668027,0.26537471706355176,271.6363636363636,0.22
type=reactive_gate_sandbox_idle_timeout_s=300_ablate=vtfq_rate_per_min=2.0_think_snr=0.9_seed=3,reactive_gate,300,vtfq,2.0,0.9,reactive_gate,3,758,544,33,0.05719237435008666,0.2,544,56.776525875602886,2954.950149191214,3.4386544170698046,600.0000000000005,0,623,0,0,0,0.012650951325851464,0.45280604054636214,5538651702.992593,0.0,0,0.0,0.0,0.0,0.0,229,22,0.39787757892798764,0.4271936855196821,0.49506118765378143,0.2264126095226491,296.72727272727275,0.23
type=reactive_gate_sandbox_idle_timeout_s=300_ablate=vtfq_rate_per_min=2.0_think_snr=0.9_seed=4,reactive_gate,300,vtfq,2.0,0.9,reactive_gate,4,724,571,16,0.027257240204429302,0.09615384615384616,571,71.02836467074576,2251.4038700835595,1.5228587205783033,600.0000000000005,0,322,0,0,0,0.01586548154133978,0.3517501796761173,5254409361.532712,0.0,0,0.0,0.0,0.0,0.0,206,21,0.4563602355736526,0.4722514321595138,0.5242365066166472,0.2442485456166793,311.45454545454544,0.19
type=reactive_gate_sandbox_idle_timeout_s=300_ablate=vtfq_rate_per_min=2.0_think_snr=0.9_seed=5,reactive_gate,300,vtfq,2.0,0.9,reactive_gate,5,973,721,46,0.05997392438070404,0.22115384615384615,721,58.31615237727556,3713.3991225324035,14.53249457945094,600.0000000000005,0,1169,0,0,0,0.018529191667870506,0.2409231701087736,4483908250.330435,0.0,0,0.0,0.0,0.0,0.0,274,5,0.3541374443346757,0.3892466016381334,0.6612614370831714,0.30167049186860917,393.2727272727273,0.32
type=reactive_gate_sandbox_idle_timeout_s=300_ablate=vtfq_rate_per_min=2.0_think_snr=0.9_seed=6,reactive_gate,300,vtfq,2.0,0.9,reactive_gate,6,625,469,24,0.0486815415821501,0.1643835616438356,469,153.59230600496085,3607.083576318125,3.455093334747744,600.0000000000005,0,628,0,0,0,0.012072733474049937,0.4159543695993656,4537457466.881044,0.0,0,0.0,0.0,0.0,0.0,213,24,0.3861328616488516,0.41476637312126297,0.5125273244585276,0.2564520224909244,255.81818181818184,0.2
type=reactive_gate_sandbox_idle_timeout_s=300_ablate=vtfq_rate_per_min=2.0_think_snr=0.9_seed=7,reactive_gate,300,vtfq,2.0,0.9,reactive_gate,7,734,517,22,0.04081632653061224,0.12154696132596685,517,125.26029407573924,2747.4511781069727,0.0,600.0000000000005,0,615,0,0,0,0.012765660378559116,0.3123373652984931,4536673070.399018,0.0,0,0.0,0.0,0.0,0.0,203,17,0.40432045454505394,0.42259656200236384,0.5248997984735172,0.2662149696646032,282.0,0.21
type=reactive_gate_sandbox_idle_timeout_s=300_ablate=vtfq_rate_per_min=2.0_think_snr=0.9_seed=8,reactive_gate,300,vtfq,2.0,0.9,reactive_gate,8,794,578,35,0.057096247960848286,0.19411764705882353,578,93.71330897963708,3755.675182219425,1.911499829330591,600.0000000000005,0,809,0,0,0,0.02401682610055542,0.43242549862122104,6238603838.477404,0.0,0,0.0,0.0,0.0,0.0,260,5,0.371802217230254,0.4037191577146669,0.5429548172227079,0.254798974064418,315.2727272727273,0.25
type=reactive_gate_sandbox_idle_timeout_s=300_ablate=vtfq_rate_per_min=2.0_think_snr=0.9_seed=9,reactive_gate,300,vtfq,2.0,0.9,reactive_gate,9,830,597,48,0.07441860465116279,0.2553191489361702,597,131.56627017270694,3693.4786799471603,23.31040213318263,600.0000000000005,0,920,1,0,0,0.014732705818714591,0.3022984211333961,3362922688.515576,0.0,0,0.0,0.0,0.0,0.0,275,6,0.35064649929720093,0.39240531812919843,0.6521621525673401,0.2560936324678749,325.6363636363636,0.27
type=reactive_gate_sandbox_idle_timeout_s=300_ablate=vtfq_rate_per_min=2.0_think_snr=0.9_seed=10,reactive_gate,300,vtfq,2.0,0.9,reactive_gate,10,655,521,15,0.027985074626865673,0.1271186440677966,521,147.523179599787,2383.916934960732,11.82341325127642,600.0000000000005,0,358,0,0,0,0.00804446094186467,0.26735571163436767,4015620090.3324876,0.0,0,0.0,0.0,0.0,0.0,244,10,0.4660818760534305,0.48705230534832883,0.5774659500938877,0.27491743525372364,284.1818181818182,0.2
type=reactive_gate_sandbox_idle_timeout_s=300_ablate=park+prewarm_rate_per_min=2.0_think_snr=0.0_seed=1,reactive_gate,300,park+prewarm,2.0,0.0,reactive_gate,1,616,492,7,0.014028056112224449,0.050359712230215826,492,177.65406354315678,2112.2835308586964,19.270821895753283,600.0000000000005,0,270,1,0,0,0.002067941954940711,0.35660116807734765,3693639531.6735096,0.0,0,0.0,0.0,0.0,0.0,274,32,0.5169424403679067,0.5288416224671106,0.6012413629524411,0.24266542988411247,268.3636363636364,0.19
type=reactive_gate_sandbox_idle_timeout_s=300_ablate=park+prewarm_rate_per_min=2.0_think_snr=0.0_seed=2,reactive_gate,300,park+prewarm,2.0,0.0,reactive_gate,2,686,512,19,0.035781544256120526,0.13380281690140844,512,140.09881831050006,2630.4624959917787,12.2481946426507,600.0000000000005,0,443,3,0,0,0.009741370818828,0.3388566535705316,2996871230.5481787,0.0,0,0.0,0.0,0.0,0.0,247,23,0.4182289692475473,0.4412076848088159,0.5727869068367974,0.27822087316773353,279.2727272727273,0.22
type=reactive_gate_sandbox_idle_timeout_s=300_ablate=park+prewarm_rate_per_min=2.0_think_snr=0.0_seed=3,reactive_gate,300,park+prewarm,2.0,0.0,reactive_gate,3,770,554,34,0.05782312925170068,0.19375,554,73.56534600754162,3081.950479156563,8.840636462053062,600.0000000000005,0,615,0,0,0,0.016124060354335907,0.4396904049251733,4587807695.295256,0.0,0,0.0,0.0,0.0,0.0,276,19,0.3947803496134008,0.4223087505545443,0.5561457757502914,0.24797747259072425,302.1818181818182,0.23
type=reactive_gate_sandbox_idle_timeout_s=300_ablate=park+prewarm_rate_per_min=2.0_think_snr=0.0_seed=4,reactive_gate,300,park+prewarm,2.0,0.0,reactive_gate,4,695,558,10,0.017605633802816902,0.057692307692307696,558,98.94350870239168,1992.786087356778,2.452603770157498,600.0000000000005,0,238,0,0,0,0.013792805678159568,0.31851156789712776,5088354626.529724,0.0,0,0.0,0.0,0.0,0.0,224,19,0.492599331068832,0.5025339652916216,0.5252149844518907,0.2836978157274059,304.3636363636364,0.18
type=reactive_gate_sandbox_idle_timeout_s=300_ablate=park+prewarm_rate_per_min=2.0_think_snr=0.0_seed=5,reactive_gate,300,park+prewarm,2.0,0.0,reactive_gate,5,992,725,51,0.06572164948453608,0.24519230769230768,725,59.5186619658125,4357.139391326038,20.033293791778526,600.0000000000005,0,1209,1,0,0,0.026587762490301564,0.2404824465969168,4067627402.1637144,0.0,0,0.0,0.0,0.0,0.0,313,4,0.34233315360184124,0.3772149102800458,0.7097142291949948,0.2984161451602247,395.4545454545455,0.33
type=reactive_gate_sandbox_idle_timeout_s=300_ablate=park+prewarm_rate_per_min=2.0_think_snr=0.0_seed=6,reactive_gate,300,park+prewarm,2.0,0.0,reactive_gate,6,605,445,26,0.055201698513800426,0.1925925925925926,445,133.82581292219857,3198.427637026624,19.285499154294953,600.0000000000005,0,599,0,0,0,0.01542621289949187,0.42370771252119915,3979008426.4927135,0.0,0,0.0,0.0,0.0,0.0,221,21,0.3844952884036298,0.41854580046470385,0.5383991590585341,0.24796657303756767,242.72727272727275,0.2
type=reactive_gate_sandbox_idle_timeout_s=300_ablate=park+prewarm_rate_per_min=2.0_think_snr=0.0_seed=7,reactive_gate,300,park+prewarm,2.0,0.0,reactive_gate,7,719,491,20,0.03913894324853229,0.11428571428571428,491,139.07307509827388,2785.935389571613,18.720412001080696,600.0000000000005,0,646,1,0,0,0.009138679123114078,0.3418536929846733,3442886007.413887,0.0,0,0.0,0.0,0.0,0.0,232,15,0.3758776699657566,0.38877417870989545,0.5742510470894846,0.27059790851823856,267.8181818181818,0.23
type=reactive_gate_sandbox_idle_timeout_s=300_ablate=park+prewarm_rate_per_min=2.0_think_snr=0.0_seed=8,reactive_gate,300,park+prewarm,2.0,0.0,reactive_gate,8,817,621,32,0.04900459418070444,0.16853932584269662,621,102.95075145866576,3719.124904724394,15.22643054834782,600.0000000000005,0,761,0,0,0,0.013458289841961393,0.42395525883499585,4559172815.5572195,0.0,0,0.0,0.0,0.0,0.0,267,5,0.3830564499082377,0.41228297561829963,0.6109508293471575,0.2534501161225141,338.72727272727275,0.25
type=reactive_gate_sandbox_idle_timeout_s=300_ablate=park+prewarm_rate_per_min=2.0_think_snr=0.0_seed=9,reactive_gate,300,park+prewarm,2.0,0.0,reactive_gate,9,806,592,38,0.06031746031746032,0.20218579234972678,592,137.32698656546745,3739.9856392022243,6.218600624669337,600.0000000000005,0,856,0,0,0,0.013116328439465863,0.3075354586532756,4563563754.199722,0.0,0,0.0,0.0,0.0,0.0,259,9,0.36800207165918924,0.4017064512737694,0.6062490548311642,0.2788311377147522,322.90909090909093,0.27
type=reactive_gate_sandbox_idle_timeout_s=300_ablate=park+prewarm_rate_per_min=2.0_think_snr=0.0_seed=10,reactive_gate,300,park+prewarm,2.0,0.0,reactive_gate,10,666,539,14,0.02531645569620253,0.11023622047244094,539,129.25148044641446,2402.496625470805,3.5821736886688034,600.0000000000005,0,321,1,0,0,0.011036604437468404,0.28732365035189206,4531423139.6691675,0.0,0,0.0,0.0,0.0,0.0,222,16,0.4399231885699153,0.4613168057824149,0.539261039214258,0.2918974013979209,294.0,0.18
type=reactive_gate_sandbox_idle_timeout_s=300_ablate=park+prewarm_rate_per_min=2.0_think_snr=0.9_seed=1,reactive_gate,300,park+prewarm,2.0,0.9,reactive_gate,1,609,477,8,0.016494845360824743,0.05185185185185185,477,207.1266525414694,2246.035056370087,28.146696988126994,600.0000000000005,0,308,1,0,0,0.01816582439768404,0.31154469268745116,3452450232.498527,0.0,0,0.0,0.0,0.0,0.0,289,9,0.4727294877075626,0.4787401154703896,0.6117666613935833,0.2414653667897197,260.1818181818182,0.21
type=reactive_gate_sandbox_idle_timeout_s=300_ablate=park+prewarm_rate_per_min=2.0_think_snr=0.9_seed=2,reactive_gate,300,park+prewarm,2.0,0.9,reactive_gate,2,684,498,19,0.0367504835589942,0.14074074074074075,498,160.02330983862726,3611.526846535154,10.24512856878265,600.0000000000005,0,492,1,0,0,0.009302466552737107,0.3031643311523123,2953854915.6199217,0.0,0,0.0,0.0,0.0,0.0,258,26,0.3983936598900834,0.4195018328231791,0.5974180682668027,0.26537471706355176,271.6363636363636,0.22
type=reactive_gate_sandbox_idle_timeout_s=300_ablate=park+prewarm_rate_per_min=2.0_think_snr=0.9_seed=3,reactive_gate,300,park+prewarm,2.0,0.9,reactive_gate,3,758,544,33,0.05719237435008666,0.2,544,56.776525875602886,2954.950149191214,3.4386544170698046,600.0000000000005,0,623,0,0,0,0.012650951325851464,0.45280604054636214,5538651702.992593,0.0,0,0.0,0.0,0.0,0.0,229,22,0.39787757892798764,0.4271936855196821,0.49506118765378143,0.2264126095226491,296.72727272727275,0.22
type=reactive_gate_sandbox_idle_timeout_s=300_ablate=park+prewarm_rate_per_min=2.0_think_snr=0.9_seed=4,reactive_gate,300,park+prewarm,2.0,0.9,reactive_gate,4,724,571,16,0.027257240204429302,0.09615384615384616,571,71.02836467074576,2251.4038700835595,1.5228587205783033,600.0000000000005,0,322,0,0,0,0.01586548154133978,0.3517501796761173,5254409361.532712,0.0,0,0.0,0.0,0.0,0.0,206,21,0.4563602355736526,0.4722514321595138,0.5242365066166472,0.2442485456166793,311.45454545454544,0.19
type=reactive_gate_sandbox_idle_timeout_s=300_ablate=park+prewarm_rate_per_min=2.0_think_snr=0.9_seed=5,reactive_gate,300,park+prewarm,2.0,0.9,reactive_gate,5,973,721,46,0.05997392438070404,0.22115384615384615,721,58.31615237727556,3713.3991225324035,14.53249457945094,600.0000000000005,0,1169,0,0,0,0.018529191667870506,0.2409231701087736,4483908250.330435,0.0,0,0.0,0.0,0.0,0.0,274,5,0.3541374443346757,0.3892466016381334,0.6612614370831714,0.30167049186860917,393.2727272727273,0.31
type=reactive_gate_sandbox_idle_timeout_s=300_ablate=park+prewarm_rate_per_min=2.0_think_snr=0.9_seed=6,reactive_gate,300,park+prewarm,2.0,0.9,reactive_gate,6,625,469,24,0.0486815415821501,0.1643835616438356,469,153.59230600496085,3607.083576318125,3.455093334747744,600.0000000000005,0,628,0,0,0,0.012072733474049937,0.4159543695993656,4537457466.881044,0.0,0,0.0,0.0,0.0,0.0,213,24,0.3861328616488516,0.41476637312126297,0.5125273244585276,0.2564520224909244,255.81818181818184,0.21
type=reactive_gate_sandbox_idle_timeout_s=300_ablate=park+prewarm_rate_per_min=2.0_think_snr=0.9_seed=7,reactive_gate,300,park+prewarm,2.0,0.9,reactive_gate,7,734,517,22,0.04081632653061224,0.12154696132596685,517,125.26029407573924,2747.4511781069727,0.0,600.0000000000005,0,615,0,0,0,0.012765660378559116,0.3123373652984931,4536673070.399018,0.0,0,0.0,0.0,0.0,0.0,203,17,0.40432045454505394,0.42259656200236384,0.5248997984735172,0.2662149696646032,282.0,0.21
type=reactive_gate_sandbox_idle_timeout_s=300_ablate=park+prewarm_rate_per_min=2.0_think_snr=0.9_seed=8,reactive_gate,300,park+prewarm,2.0,0.9,reactive_gate,8,794,578,35,0.057096247960848286,0.19411764705882353,578,93.71330897963708,3755.675182219425,1.911499829330591,600.0000000000005,0,809,0,0,0,0.02401682610055542,0.43242549862122104,6238603838.477404,0.0,0,0.0,0.0,0.0,0.0,260,5,0.371802217230254,0.4037191577146669,0.5429548172227079,0.254798974064418,315.2727272727273,0.25
type=reactive_gate_sandbox_idle_timeout_s=300_ablate=park+prewarm_rate_per_min=2.0_think_snr=0.9_seed=9,reactive_gate,300,park+prewarm,2.0,0.9,reactive_gate,9,830,597,48,0.07441860465116279,0.2553191489361702,597,131.56627017270694,3693.4786799471603,23.31040213318263,600.0000000000005,0,920,1,0,0,0.014732705818714591,0.3022984211333961,3362922688.515576,0.0,0,0.0,0.0,0.0,0.0,275,6,0.35064649929720093,0.39240531812919843,0.6521621525673401,0.2560936324678749,325.6363636363636,0.27
type=reactive_gate_sandbox_idle_timeout_s=300_ablate=park+prewarm_rate_per_min=2.0_think_snr=0.9_seed=10,reactive_gate,300,park+prewarm,2.0,0.9,reactive_gate,10,655,521,15,0.027985074626865673,0.1271186440677966,521,147.523179599787,2383.916934960732,11.82341325127642,600.0000000000005,0,358,0,0,0,0.00804446094186467,0.26735571163436767,4015620090.3324876,0.0,0,0.0,0.0,0.0,0.0,244,10,0.4660818760534305,0.48705230534832883,0.5774659500938877,0.27491743525372364,284.1818181818182,0.2
type=reactive_gate_sandbox_idle_timeout_s=300_ablate=vtfq+park+prewarm+kv+gang+budget_rate_per_min=2.0_think_snr=0.0_seed=1,reactive_gate,300,vtfq+park+prewarm+kv+gang+budget,2.0,0.0,reactive_gate,1,616,492,7,0.014028056112224449,0.050359712230215826,492,177.65406354315678,2112.2835308586964,19.270821895753283,600.0000000000005,0,270,1,0,0,0.002067941954940711,0.35660116807734765,3693639531.6735096,0.0,0,0.0,0.0,0.0,0.0,274,32,0.5169424403679067,0.5288416224671106,0.6012413629524411,0.24266542988411247,268.3636363636364,0.19
type=reactive_gate_sandbox_idle_timeout_s=300_ablate=vtfq+park+prewarm+kv+gang+budget_rate_per_min=2.0_think_snr=0.0_seed=2,reactive_gate,300,vtfq+park+prewarm+kv+gang+budget,2.0,0.0,reactive_gate,2,686,512,19,0.035781544256120526,0.13380281690140844,512,140.09881831050006,2630.4624959917787,12.2481946426507,600.0000000000005,0,443,3,0,0,0.009741370818828,0.3388566535705316,2996871230.5481787,0.0,0,0.0,0.0,0.0,0.0,247,23,0.4182289692475473,0.4412076848088159,0.5727869068367974,0.27822087316773353,279.2727272727273,0.21
type=reactive_gate_sandbox_idle_timeout_s=300_ablate=vtfq+park+prewarm+kv+gang+budget_rate_per_min=2.0_think_snr=0.0_seed=3,reactive_gate,300,vtfq+park+prewarm+kv+gang+budget,2.0,0.0,reactive_gate,3,770,554,34,0.05782312925170068,0.19375,554,73.56534600754162,3081.950479156563,8.840636462053062,600.0000000000005,0,615,0,0,0,0.016124060354335907,0.4396904049251733,4587807695.295256,0.0,0,0.0,0.0,0.0,0.0,276,19,0.3947803496134008,0.4223087505545443,0.5561457757502914,0.24797747259072425,302.1818181818182,0.23
type=reactive_gate_sandbox_idle_timeout_s=300_ablate=vtfq+park+prewarm+kv+gang+budget_rate_per_min=2.0_think_snr=0.0_seed=4,reactive_gate,300,vtfq+park+prewarm+kv+gang+budget,2.0,0.0,reactive_gate,4,695,558,10,0.017605633802816902,0.057692307692307696,558,98.94350870239168,1992.786087356778,2.452603770157498,600.0000000000005,0,238,0,0,0,0.013792805678159568,0.31851156789712776,5088354626.529724,0.0,0,0.0,0.0,0.0,0.0,224,19,0.492599331068832,0.5025339652916216,0.5252149844518907,0.2836978157274059,304.3636363636364,0.18
type=reactive_gate_sandbox_idle_timeout_s=300_ablate=vtfq+park+prewarm+kv+gang+budget_rate_per_min=2.0_think_snr=0.0_seed=5,reactive_gate,300,vtfq+park+prewarm+kv+gang+budget,2.0,0.0,reactive_gate,5,992,725,51,0.06572164948453608,0.24519230769230768,725,59.5186619658125,4357.139391326038,20.033293791778526,600.0000000000005,0,1209,1,0,0,0.026587762490301564,0.2404824465969168,4067627402.1637144,0.0,0,0.0,0.0,0.0,0.0,313,4,0.34233315360184124,0.3772149102800458,0.7097142291949948,0.2984161451602247,395.4545454545455,0.33
type=reactive_gate_sandbox_idle_timeout_s=300_ablate=vtfq+park+prewarm+kv+gang+budget_rate_per_min=2.0_think_snr=0.0_seed=6,reactive_gate,300,vtfq+park+prewarm+kv+gang+budget,2.0,0.0,reactive_gate,6,605,445,26,0.055201698513800426,0.1925925925925926,445,133.82581292219857,3198.427637026624,19.285499154294953,600.0000000000005,0,599,0,0,0,0.01542621289949187,0.42370771252119915,3979008426.4927135,0.0,0,0.0,0.0,0.0,0.0,221,21,0.3844952884036298,0.41854580046470385,0.5383991590585341,0.24796657303756767,242.72727272727275,0.2
type=reactive_gate_sandbox_idle_timeout_s=300_ablate=vtfq+park+prewarm+kv+gang+budget_rate_per_min=2.0_think_snr=0.0_seed=7,reactive_gate,300,vtfq+park+prewarm+kv+gang+budget,2.0,0.0,reactive_gate,7,719,491,20,0.03913894324853229,0.11428571428571428,491,139.07307509827388,2785.935389571613,18.720412001080696,600.0000000000005,0,646,1,0,0,0.009138679123114078,0.3418536929846733,3442886007.413887,0.0,0,0.0,0.0,0.0,0.0,232,15,0.3758776699657566,0.38877417870989545,0.5742510470894846,0.27059790851823856,267.8181818181818,0.23
type=reactive_gate_sandbox_idle_timeout_s=300_ablate=vtfq+park+prewarm+kv+gang+budget_rate_per_min=2.0_think_snr=0.0_seed=8,reactive_gate,300,vtfq+park+prewarm+kv+gang+budget,2.0,0.0,reactive_gate,8,817,621,32,0.04900459418070444,0.16853932584269662,621,102.95075145866576,3719.124904724394,15.22643054834782,600.0000000000005,0,761,0,0,0,0.013458289841961393,0.42395525883499585,4559172815.5572195,0.0,0,0.0,0.0,0.0,0.0,267,5,0.3830564499082377,0.41228297561829963,0.6109508293471575,0.2534501161225141,338.72727272727275,0.25
type=reactive_gate_sandbox_idle_timeout_s=300_ablate=vtfq+park+prewarm+kv+gang+budget_rate_per_min=2.0_think_snr=0.0_seed=9,reactive_gate,300,vtfq+park+prewarm+kv+gang+budget,2.0,0.0,reactive_gate,9,806,592,38,0.06031746031746032,0.20218579234972678,592,137.32698656546745,3739.9856392022243,6.218600624669337,600.0000000000005,0,856,0,0,0,0.013116328439465863,0.3075354586532756,4563563754.199722,0.0,0,0.0,0.0,0.0,0.0,259,9,0.36800207165918924,0.4017064512737694,0.6062490548311642,0.2788311377147522,322.90909090909093,0.27
type=reactive_gate_sandbox_idle_timeout_s=300_ablate=vtfq+park+prewarm+kv+gang+budget_rate_per_min=2.0_think_snr=0.0_seed=10,reactive_gate,300,vtfq+park+prewarm+kv+gang+budget,2.0,0.0,reactive_gate,10,666,539,14,0.02531645569620253,0.11023622047244094,539,129.25148044641446,2402.496625470805,3.5821736886688034,600.0000000000005,0,321,1,0,0,0.011036604437468404,0.28732365035189206,4531423139.6691675,0.0,0,0.0,0.0,0.0,0.0,222,16,0.4399231885699153,0.4613168057824149,0.539261039214258,0.2918974013979209,294.0,0.18
type=reactive_gate_sandbox_idle_timeout_s=300_ablate=vtfq+park+prewarm+kv+gang+budget_rate_per_min=2.0_think_snr=0.9_seed=1,reactive_gate,300,vtfq+park+prewarm+kv+gang+budget,2.0,0.9,reactive_gate,1,609,477,8,0.016494845360824743,0.05185185185185185,477,207.1266525414694,2246.035056370087,28.146696988126994,600.0000000000005,0,308,1,0,0,0.01816582439768404,0.31154469268745116,3452450232.498527,0.0,0,0.0,0.0,0.0,0.0,289,9,0.4727294877075626,0.4787401154703896,0.6117666613935833,0.2414653667897197,260.1818181818182,0.2
type=reactive_gate_sandbox_idle_timeout_s=300_ablate=vtfq+park+prewarm+kv+gang+budget_rate_per_min=2.0_think_snr=0.9_seed=2,reactive_gate,300,vtfq+park+prewarm+kv+gang+budget,2.0,0.9,reactive_gate,2,684,498,19,0.0367504835589942,0.14074074074074075,498,160.02330983862726,3611.526846535154,10.24512856878265,600.0000000000005,0,492,1,0,0,0.009302466552737107,0.3031643311523123,2953854915.6199217,0.0,0,0.0,0.0,0.0,0.0,258,26,0.3983936598900834,0.4195018328231791,0.5974180682668027,0.26537471706355176,271.6363636363636,0.23
type=reactive_gate_sandbox_idle_timeout_s=300_ablate=vtfq+park+prewarm+kv+gang+budget_rate_per_min=2.0_think_snr=0.9_seed=3,reactive_gate,300,vtfq+park+prewarm+kv+gang+budget,2.0,0.9,reactive_gate,3,758,544,33,0.05719237435008666,0.2,544,56.776525875602886,2954.950149191214,3.4386544170698046,600.0000000000005,0,623,0,0,0,0.012650951325851464,0.45280604054636214,5538651702.992593,0.0,0,0.0,0.0,0.0,0.0,229,22,0.39787757892798764,0.4271936855196821,0.49506118765378143,0.2264126095226491,296.72727272727275,0.22
type=reactive_gate_sandbox_idle_timeout_s=300_ablate=vtfq+park+prewarm+kv+gang+budget_rate_per_min=2.0_think_snr=0.9_seed=4,reactive_gate,300,vtfq+park+prewarm+kv+gang+budget,2.0,0.9,reactive_gate,4,724,571,16,0.027257240204429302,0.09615384615384616,571,71.02836467074576,2251.4038700835595,1.5228587205783033,600.0000000000005,0,322,0,0,0,0.01586548154133978,0.3517501796761173,5254409361.532712,0.0,0,0.0,0.0,0.0,0.0,206,21,0.4563602355736526,0.4722514321595138,0.5242365066166472,0.2442485456166793,311.45454545454544,0.19
type=reactive_gate_sandbox_idle_timeout_s=300_ablate=vtfq+park+prewarm+kv+gang+budget_rate_per_min=2.0_think_snr=0.9_seed=5,reactive_gate,300,vtfq+park+prewarm+kv+gang+budget,2.0,0.9,reactive_gate,5,973,721,46,0.05997392438070404,0.22115384615384615,721,58.31615237727556,3713.3991225324035,14.53249457945094,600.0000000000005,0,1169,0,0,0,0.018529191667870506,0.2409231701087736,4483908250.330435,0.0,0,0.0,0.0,0.0,0.0,274,5,0.3541374443346757,0.3892466016381334,0.6612614370831714,0.30167049186860917,393.2727272727273,0.32
type=reactive_gate_sandbox_idle_timeout_s=300_ablate=vtfq+park+prewarm+kv+gang+budget_rate_per_min=2.0_think_snr=0.9_seed=6,reactive_gate,300,vtfq+park+prewarm+kv+gang+budget,2.0,0.9,reactive_gate,6,625,469,24,0.0486815415821501,0.1643835616438356,469,153.59230600496085,3607.083576318125,3.455093334747744,600.0000000000005,0,628,0,0,0,0.012072733474049937,0.4159543695993656,4537457466.881044,0.0,0,0.0,0.0,0.0,0.0,213,24,0.3861328616488516,0.41476637312126297,0.5125273244585276,0.2564520224909244,255.81818181818184,0.21
type=reactive_gate_sandbox_idle_timeout_s=300_ablate=vtfq+park+prewarm+kv+gang+budget_rate_per_min=2.0_think_snr=0.9_seed=7,reactive_gate,300,vtfq+park+prewarm+kv+gang+budget,2.0,0.9,reactive_gate,7,734,517,22,0.04081632653061224,0.12154696132596685,517,125.26029407573924,2747.4511781069727,0.0,600.0000000000005,0,615,0,0,0,0.012765660378559116,0.3123373652984931,4536673070.399018,0.0,0,0.0,0.0,0.0,0.0,203,17,0.40432045454505394,0.42259656200236384,0.5248997984735172,0.2662149696646032,282.0,0.22
type=reactive_gate_sandbox_idle_timeout_s=300_ablate=vtfq+park+prewarm+kv+gang+budget_rate_per_min=2.0_think_snr=0.9_seed=8,reactive_gate,300,vtfq+park+prewarm+kv+gang+budget,2.0,0.9,reactive_gate,8,794,578,35,0.057096247960848286,0.19411764705882353,578,93.71330897963708,3755.675182219425,1.911499829330591,600.0000000000005,0,809,0,0,0,0.02401682610055542,0.43242549862122104,6238603838.477404,0.0,0,0.0,0.0,0.0,0.0,260,5,0.371802217230254,0.4037191577146669,0.5429548172227079,0.254798974064418,315.2727272727273,0.24
type=reactive_gate_sandbox_idle_timeout_s=300_ablate=vtfq+park+prewarm+kv+gang+budget_rate_per_min=2.0_think_snr=0.9_seed=9,reactive_gate,300,vtfq+park+prewarm+kv+gang+budget,2.0,0.9,reactive_gate,9,830,597,48,0.07441860465116279,0.2553191489361702,597,131.56627017270694,3693.4786799471603,23.31040213318263,600.0000000000005,0,920,1,0,0,0.014732705818714591,0.3022984211333961,3362922688.515576,0.0,0,0.0,0.0,0.0,0.0,275,6,0.35064649929720093,0.39240531812919843,0.6521621525673401,0.2560936324678749,325.6363636363636,0.28
type=reactive_gate_sandbox_idle_timeout_s=300_ablate=vtfq+park+prewarm+kv+gang+budget_rate_per_min=2.0_think_snr=0.9_seed=10,reactive_gate,300,vtfq+park+prewarm+kv+gang+budget,2.0,0.9,reactive_gate,10,655,521,15,0.027985074626865673,0.1271186440677966,521,147.523179599787,2383.916934960732,11.82341325127642,600.0000000000005,0,358,0,0,0,0.00804446094186467,0.26735571163436767,4015620090.3324876,0.0,0,0.0,0.0,0.0,0.0,244,10,0.4660818760534305,0.48705230534832883,0.5774659500938877,0.27491743525372364,284.1818181818182,0.19
type=lease_sandbox_idle_timeout_s=0_ablate=_rate_per_min=2.0_think_snr=0.0_seed=1,lease,0,,2.0,0.0,lease,1,654,560,1,0.0017825311942959,0.00625,560,176.0797780382694,1728.1938268455865,52.33037019769073,600.0000000000002,0,86,1,0,0,0.0005808527248170763,0.32896266357806425,2317204659.8246865,8052.554224574456,43,713.4877185548304,488.41607635289165,825000.0,3689.5179079620557,302,63,0.6569073159045049,0.6584409957804152,0.7067419446184603,0.2882880059359818,305.45454545454544,0.49
type=lease_sandbox_idle_timeout_s=0_ablate=_rate_per_min=2.0_think_snr=0.0_seed=2,lease,0,,2.0,0.0,lease,2,732,580,6,0.010238907849829351,0.0410958904109589,580,316.0445834037466,2366.006572619499,57.98467484742211,600.0000000000005,0,298,3,0,0,0.004731066555969631,0.30029807124167596,968589163.9469569,4021.6002139575517,29,916.9529349746108,577.8926256713205,791400.0,9964.864688432706,255,32,0.47609452568112237,0.48216410406467514,0.7345471274888307,0.3094479818929315,316.3636363636364,0.53
type=lease_sandbox_idle_timeout_s=0_ablate=_rate_per_min=2.0_think_snr=0.0_seed=3,lease,0,,2.0,0.0,lease,3,807,623,13,0.020440251572327043,0.07142857142857142,623,147.9575217002989,2211.515917049787,53.63505129796227,600.0000000000005,0,416,1,0,0,0.0022441692984275833,0.41037859217839384,2297568422.217014,5001.810472838741,36,1048.4404023268044,486.5394149661133,825600.0,8493.849470307647,269,28,0.4284229652238883,0.44127822098300656,0.6905713908718596,0.2995626194058325,339.8181818181818,0.54
type=lease_sandbox_idle_timeout_s=0_ablate=_rate_per_min=2.0_think_snr=0.0_seed=4,lease,0,,2.0,0.0,lease,4,755,645,5,0.007692307692307693,0.023121387283236993,645,139.8688235076943,1952.644768747146,20.733979825241462,600.0,0,106,2,0,0,0.014419077329985626,0.311995450833064,2006622338.9579103,4489.625520684736,22,552.4652617824552,325.60733341185914,746400.0,1340.9521366957028,256,37,0.6440495377181222,0.6475713666275219,0.7118049519675926,0.32884824639654137,351.8181818181818,0.48
type=lease_sandbox_idle_timeout_s=0_ablate=_rate_per_min=2.0_think_snr=0.0_seed=5,lease,0,,2.0,0.0,lease,5,1023,812,17,0.020506634499396863,0.0730593607305936,812,219.73804858346534,3165.5168699802284,103.19490523495637,600.0000000000005,0,922,0,0,0,0.0104053047663044,0.2513299361277286,1846810585.7230697,1245.3526669903608,11,841.6163467989131,834.291782143557,982200.0,16603.720776983464,312,6,0.3891982188023125,0.40050432268673325,0.8462315487446581,0.3380629234379158,442.90909090909093,0.72
type=lease_sandbox_idle_timeout_s=0_ablate=_rate_per_min=2.0_think_snr=0.0_seed=6,lease,0,,2.0,0.0,lease,6,642,518,8,0.015209125475285171,0.05333333333333334,518,367.18948056089994,3118.67202862169,45.909236724863916,600.0000000000005,0,346,2,0,0,0.004994704753928045,0.4009093773997415,2714598054.626094,2814.6992905974594,14,1468.5267995541126,1076.0842646108943,693600.0,6673.993716809423,258,26,0.491553484728275,0.5028073338463317,0.6470693213424307,0.3027444477807707,282.54545454545456,0.5
type=lease_sandbox_idle_timeout_s=0_ablate=_rate_per_min=2.0_think_snr=0.0_seed=7,lease,0,,2.0,0.0,lease,7,801,635,8,0.012441679626749611,0.0380952380952381,635,220.55548605203285,2025.357951855313,86.63901294363058,600.0000000000005,0,340,2,0,0,0.009490672169484746,0.3566583130040617,1570722757.9074273,2354.2877796984776,18,1375.2215414826733,837.5286545673134,896400.0,9392.546476550895,246,27,0.4463788206732704,0.4537216198439644,0.7132956615149897,0.29443303501576373,346.3636363636364,0.54
type=lease_sandbox_idle_timeout_s=0_ablate=_rate_per_min=2.0_think_snr=0.0_seed=8,lease,0,,2.0,0.0,lease,8,887,706,9,0.012587412587412588,0.05056179775280899,706,221.03774429658608,2525.6058663480285,31.689586688185784,600.0000000000005,0,584,0,0,0,0.0059471906741645035,0.4593380678772492,3100754365.925734,1586.112327823239,18,805.948189822279,597.5313928285543,877200.0,9362.909280047541,295,16,0.4557594752246578,0.4648293182203839,0.7394236028109623,0.3152670243666198,385.0909090909091,0.59
type=lease_sandbox_idle_timeout_s=0_ablate=_rate_per_min=2.0_think_snr=0.0_seed=9,lease,0,,2.0,0.0,lease,9,858,674,16,0.02318840579710145,0.08791208791208792,674,323.4158236401296,2867.762948633733,40.59190574259549,600.0000000000005,0,575,3,0,0,0.004860148439506515,0.36020742835485575,1315338589.2654638,912.5055741959549,2,676.8120431620728,623.209054109911,838200.0,12343.967994307392,297,17,0.4398505866934361,0.4549368365404845,0.785443077825531,0.3179884773342985,367.6363636363636,0.61
type=lease_sandbox_idle_timeout_s=0_ablate=_rate_per_min=2.0_think_snr=0.0_seed=10,lease,0,,2.0,0.0,lease,10,723,618,3,0.004830917874396135,0.02158273381294964,618,220.86110136137768,1873.4087565882758,57.122691856977625,600.0000000000002,0,134,1,0,0,0.0027191218901216753,0.2724436474303246,1303684807.6154585,1331.528927734929,10,1453.18634637083,916.6539931213097,645000.0,4457.082296629662,247,30,0.5865898173306241,0.5902553545379303,0.7331861568448913,0.3432678684464351,337.0909090909091,0.5
type=lease_sandbox_idle_timeout_s=0_ablate=_rate_per_min=2.0_think_snr=0.9_seed=1,lease,0,,2.0,0.9,lease,1,648,536,2,0.0037174721189591076,0.006535947712418301,536,285.8635324833941,1993.884463344274,95.05511112466523,600.0000000000005,0,133,2,0,0,0.007989135949027474,0.2865119804261657,1719709591.1872485,2969.9113666050157,13,804.7433885797572,614.24971128276,793800.0,4762.54320986405,309,36,0.5762734547072913,0.5770431548541647,0.7273355634510166,0.29032534575001007,292.3636363636364,0.51
type=lease_sandbox_idle_timeout_s=0_ablate=_rate_per_min=2.0_think_snr=0.9_seed=2,lease,0,,2.0,0.9,lease,2,736,580,7,0.01192504258943782,0.0472972972972973,580,309.9553731980254,2083.789471930864,58.11891715307381,600.0000000000005,0,326,4,0,0,0.004311709927028592,0.3250264987923384,1418652200.7120183,3528.5693116882994,26,1227.126716119636,889.1792740910525,753000.0,8864.322695938958,255,25,0.4489815551587747,0.4527422821323237,0.7271443303103147,0.32163802390149343,316.3636363636364,0.53
type=lease_sandbox_idle_timeout_s=0_ablate=_rate_per_min=2.0_think_snr=0.9_seed=3,lease,0,,2.0,0.9,lease,3,794,611,13,0.020833333333333332,0.07142857142857142,611,144.80092662478955,2129.2935907954597,50.71799885381905,600.0000000000005,0,448,0,0,0,0.0030438951947069407,0.43927929760753126,2816575892.866525,4400.7566049598445,34,1022.9170323226433,471.63726488185375,798600.0,8875.54125200189,257,25,0.44503853315785047,0.4576113066109465,0.6572225143785613,0.28702741888705274,333.2727272727273,0.53
type=lease_sandbox_idle_timeout_s=0_ablate=_rate_per_min=2.0_think_snr=0.9_seed=4,lease,0,,2.0,0.9,lease,4,811,686,3,0.0043541364296081275,0.017241379310344827,686,119.99189309454323,2017.1569038757111,19.584200166903884,600.0000000000005,0,125,0,0,0,0.002759450439122277,0.33110611667416007,2888150299.4874067,4865.009750070953,18,591.1539554200319,504.8879566954579,744600.0,1712.9825840536591,232,38,0.6120036502676763,0.6146941917326365,0.6756089881831132,0.33678993773817606,374.1818181818182,0.49
type=lease_sandbox_idle_timeout_s=0_ablate=_rate_per_min=2.0_think_snr=0.9_seed=5,lease,0,,2.0,0.9,lease,5,988,771,22,0.027742749054224466,0.1,771,196.81502015080434,3326.3241832248445,76.08462924998506,600.0000000000005,0,964,2,0,0,0.008864837824442548,0.3003148257261213,1838806160.6035457,628.1574207981713,9,902.6765173078888,889.0711741707962,875400.0,10379.85394241317,266,12,0.3938736940526079,0.40730367251370037,0.8078359233116421,0.3429465294166119,420.54545454545456,0.68
type=lease_sandbox_idle_timeout_s=0_ablate=_rate_per_min=2.0_think_snr=0.9_seed=6,lease,0,,2.0,0.9,lease,6,670,548,13,0.023172905525846704,0.075,548,339.4503503658309,3057.691949124013,25.824389152803676,600.0000000000005,0,450,1,0,0,0.005788316504137708,0.418393656368763,2662426317.325676,3676.7007453934425,29,1510.610127198526,1081.1160230121548,677400.0,7111.673464889502,251,33,0.47891852125220635,0.4977679253683732,0.6342028945342851,0.31347196019916446,298.90909090909093,0.49
type=lease_sandbox_idle_timeout_s=0_ablate=_rate_per_min=2.0_think_snr=0.9_seed=7,lease,0,,2.0,0.9,lease,7,809,646,8,0.012232415902140673,0.037209302325581395,646,198.56844960964463,2048.480000073319,36.08715050517674,600.0000000000005,0,360,1,0,0,0.008931013309534894,0.34230861806061985,1541852233.1709132,4238.249118631817,21,790.3982924267366,585.4656417281062,869400.0,6709.310989705689,239,25,0.4892317030388432,0.49756579717093213,0.707132632693117,0.301402553232552,352.3636363636364,0.54
type=lease_sandbox_idle_timeout_s=0_ablate=_rate_per_min=2.0_think_snr=0.9_seed=8,lease,0,,2.0,0.9,lease,8,861,681,6,0.008733624454148471,0.03550295857988166,681,247.64271686750567,3039.88597222085,22.554854427714872,600.0000000000005,0,610,0,0,0,0.00761456052715915,0.42993777015319073,3452559393.15505,3454.0164098952064,14,899.4268292500201,865.0189139638405,795000.0,9497.599395738045,298,16,0.4558124649074781,0.46126157552883174,0.7126916941004597,0.3388092828752355,371.4545454545455,0.56
type=lease_sandbox_idle_timeout_s=0_ablate=_rate_per_min=2.0_think_snr=0.9_seed=9,lease,0,,2.0,0.9,lease,9,888,689,15,0.02130681818181818,0.08021390374331551,689,369.89651611466866,2832.7790501226577,63.54800215416385,600.0000000000005,0,688,1,0,0,0.003970204086082098,0.3292639408811929,991280342.8418826,669.7035195928189,7,685.5421263757326,651.8564755529759,898800.0,15119.999400057766,309,11,0.4071314400561565,0.41904026345765993,0.8248929036357162,0.29946486313988374,375.8181818181818,0.65
type=lease_sandbox_idle_timeout_s=0_ablate=_rate_per_min=2.0_think_snr=0.9_seed=10,lease,0,,2.0,0.9,lease,10,704,600,5,0.008264462809917356,0.03731343283582089,600,241.8649907001203,1899.419157349674,58.67576407919406,600.0,0,157,1,0,0,0.0042675640715537895,0.27783610839575584,1149767883.170302,522.3452471480989,8,1292.6986212309912,990.2576867086646,670200.0,4465.136673898627,259,18,0.5962043487414116,0.6021954849323816,0.7446177595668221,0.3204759449128079,327.2727272727273,0.53
type=lease_sandbox_idle_timeout_s=0_ablate=vtfq_rate_per_min=2.0_think_snr=0.0_seed=1,lease,0,vtfq,2.0,0.0,lease,1,656,558,1,0.0017889087656529517,0.00625,558,183.2345582626416,1436.634270692679,37.84017122056382,600.0000000000002,0,73,2,0,0,0.0013212386077817622,0.31376416184004013,2226542383.955692,7360.8869523025605,39,726.4795554492435,382.1821511955336,817200.0,3486.6960877928327,301,64,0.6473815785245,0.6488670083463596,0.7156854180021368,0.2987858642599098,304.3636363636364,0.49
type=lease_sandbox_idle_timeout_s=0_ablate=vtfq_rate_per_min=2.0_think_snr=0.0_seed=2,lease,0,vtfq,2.0,0.0,lease,2,738,578,7,0.011965811965811967,0.04895104895104895,578,281.2534958695287,2300.9959939452583,41.487017585326086,600.0000000000005,0,230,2,0,0,0.004428264536839156,0.3090405475631126,1180531374.5481184,4412.195171774292,27,958.4683565492919,618.731450649457,793200.0,8302.423879970747,252,31,0.48746150315930215,0.4952727888847697,0.7227174048133579,0.32112146772183237,315.2727272727273,0.54
type=lease_sandbox_idle_timeout_s=0_ablate=vtfq_rate_per_min=2.0_think_snr=0.0_seed=3,lease,0,vtfq,2.0,0.0,lease,3,810,622,16,0.025078369905956112,0.08928571428571429,622,153.79400664558796,2342.088066626549,48.0584039526005,600.0000000000005,0,340,3,0,0,0.004751021997862264,0.3961878475085701,2067986158.3009338,5001.810472838741,36,1074.7748224171437,512.8738350564527,847200.0,8717.321025473831,261,28,0.42691103382046336,0.43935648183523524,0.705612928702085,0.29255132563509106,339.2727272727273,0.55
type=lease_sandbox_idle_timeout_s=0_ablate=vtfq_rate_per_min=2.0_think_snr=0.0_seed=4,lease,0,vtfq,2.0,0.0,lease,4,754,648,5,0.007656967840735069,0.022727272727272728,648,129.74384428919984,1894.24502604207,13.64279643351628,600.0,0,117,2,0,0,0.015047769515404342,0.3251624679836168,2095278885.3766837,4681.606777426181,29,553.2502467438665,217.59292211428874,746400.0,1122.2152162328634,258,41,0.6613514869243399,0.6652634032127429,0.6879226968482907,0.33196890321859046,353.4545454545455,0.48
type=lease_sandbox_idle_timeout_s=0_ablate=vtfq_rate_per_min=2.0_think_snr=0.0_seed=5,lease,0,vtfq,2.0,0.0,lease,5,1013,803,31,0.03717026378896882,0.12931034482758622,803,228.21551576797037,3360.6520659901576,48.36342786327787,600.0000000000005,0,788,1,0,0,0.015927764596734895,0.2459036889209957,1644133930.4832668,1210.373203489228,11,823.5734199666113,816.4717891720946,992400.0,15239.943262557032,293,8,0.4197782614136158,0.43927507644708413,0.8555956459304584,0.36518621400771767,438.0,0.71
type=lease_sandbox_idle_timeout_s=0_ablate=vtfq_rate_per_min=2.0_think_snr=0.0_seed=6,lease,0,vtfq,2.0,0.0,lease,6,640,516,10,0.019011406844106463,0.06666666666666667,516,386.7055174156603,2992.6000682362264,33.14859488823981,600.0000000000005,0,281,1,0,0,0.0057780544426080434,0.4068035251673915,2811649348.2746463,2814.6992905974594,14,1453.7632466128644,1061.320711669646,673200.0,6650.609452908336,260,26,0.4979373682858896,0.5127910574465445,0.6566327456860269,0.3035154187164431,281.45454545454544,0.48
type=lease_sandbox_idle_timeout_s=0_ablate=vtfq_rate_per_min=2.0_think_snr=0.0_seed=7,lease,0,vtfq,2.0,0.0,lease,7,796,622,10,0.015822784810126583,0.04326923076923077,622,203.74969751110422,2040.7657549187604,37.679864646396304,600.0000000000005,0,308,2,0,0,0.017585329879189256,0.3541762295798677,1527612905.9020672,2367.121372287686,18,1056.7239291822798,817.6535572934763,891000.0,7704.1678030454295,240,29,0.45428461830323574,0.46310916035244826,0.7109290859718984,0.2894429654565613,339.2727272727273,0.55
type=lease_sandbox_idle_timeout_s=0_ablate=vtfq_rate_per_min=2.0_think_snr=0.0_seed=8,lease,0,vtfq,2.0,0.0,lease,8,878,698,11,0.015514809590973202,0.0625,698,192.204113624373,3005.4593003911305,26.017196062529017,600.0000000000005,0,466,1,0,0,0.00579247896797694,0.45474132836587466,2608238437.8551645,1631.1969665137606,19,711.8777414186962,537.0895130641886,886200.0,10482.00386589271,279,14,0.45447523410342006,0.4645721749281169,0.7566537323637011,0.30766033062028514,380.72727272727275,0.57
type=lease_sandbox_idle_timeout_s=0_ablate=vtfq_rate_per_min=2.0_think_snr=0.0_seed=9,lease,0,vtfq,2.0,0.0,lease,9,853,664,21,0.030656934306569343,0.11170212765957446,664,322.98640551829624,2755.629904430322,43.63061922595481,600.0000000000005,0,465,0,0,0,0.0046468628271157456,0.3387728196642982,1277132543.3059068,814.961572118276,2,926.5002095727143,605.802591614362,848400.0,13735.286929062544,290,21,0.4340989129459488,0.451878797682095,0.795863592548077,0.30682267091410415,362.1818181818182,0.61
type=lease_sandbox_idle_timeout_s=0_ablate=vtfq_rate_per_min=2.0_think_snr=0.0_seed=10,lease,0,vtfq,2.0,0.0,lease,10,721,618,3,0.004830917874396135,0.02127659574468085,618,208.39249825636676,2087.4475271524125,39.376406689744535,600.0000000000005,0,103,0,0,0,0.002937734813081009,0.2775442878751706,1478942207.4088616,2265.1726382635525,10,1450.3726764254193,961.11790011617,629400.0,4442.793064834878,243,21,0.6058307797450663,0.6095814417286007,0.7277507957863896,0.3500733138048663,337.0909090909091,0.5
type=lease_sandbox_idle_timeout_s=0_ablate=vtfq_rate_per_min=2.0_think_snr=0.9_seed=1,lease,0,vtfq,2.0,0.9,lease,1,643,522,3,0.005714285714285714,0.013513513513513514,522,253.52831661632172,1917.6706844059747,44.12979528759472,600.0000000000005,0,123,2,0,0,0.00758172259076645,0.30431617415206624,1769602845.9750123,2944.528367982944,14,783.5585201194625,578.1590303366215,800400.0,5259.78050248537,306,39,0.5670495830851592,0.5668531415343196,0.7256411215075433,0.2905763550746788,284.72727272727275,0.5
type=lease_sandbox_idle_timeout_s=0_ablate=vtfq_rate_per_min=2.0_think_snr=0.9_seed=2,lease,0,vtfq,2.0,0.9,lease,2,734,576,7,0.012006861063464836,0.04794520547945205,576,294.18720966096214,2154.9766757031502,38.20482461624292,600.0000000000005,0,261,2,0,0,0.005376598266148838,0.32119556087918893,1254021159.4229991,3528.564923034168,26,1217.628462827076,882.0138612741671,768000.0,9132.974599195406,261,24,0.45355615910019936,0.4584317077052544,0.7323176076672171,0.31482856500990974,314.1818181818182,0.53
type=lease_sandbox_idle_timeout_s=0_ablate=vtfq_rate_per_min=2.0_think_snr=0.9_seed=3,lease,0,vtfq,2.0,0.9,lease,3,801,619,14,0.022116903633491312,0.0783132530120482,619,133.74294858463782,1984.7489955543633,48.97212840202897,600.0000000000005,0,350,3,0,0,0.003907132493822941,0.4375010044778785,2513538442.186477,4400.7566049598445,34,1066.0386135689625,514.758846128173,813000.0,8706.04792583191,248,25,0.4446680945954984,0.4585816606810906,0.6639565762148731,0.2819203948311663,337.6363636363636,0.53
type=lease_sandbox_idle_timeout_s=0_ablate=vtfq_rate_per_min=2.0_think_snr=0.9_seed=4,lease,0,vtfq,2.0,0.9,lease,4,818,697,3,0.004285714285714286,0.01694915254237288,697,127.31422660779572,1918.980462588699,11.821911278794841,600.0000000000005,0,114,0,0,0,0.003647274590056454,0.3241371443159351,2430222812.5053053,5511.304283137361,25,583.2115596012732,482.88177462636895,754200.0,1701.017380270983,236,35,0.6343923084212801,0.6372959913906207,0.6787285510351917,0.3360459095816873,380.1818181818182,0.49
type=lease_sandbox_idle_timeout_s=0_ablate=vtfq_rate_per_min=2.0_think_snr=0.9_seed=5,lease,0,vtfq,2.0,0.9,lease,5,998,765,31,0.038944723618090454,0.13551401869158877,765,185.05697209283846,3480.4473875356794,50.946517165738456,600.0000000000005,0,833,1,0,0,0.01467405090668232,0.30899912216151715,1819865014.974167,632.6967529148824,10,888.7855406821723,875.9602532549338,870600.0,12055.273646574487,267,11,0.39251910830349324,0.4115914920629918,0.82062504553953,0.3395022307346629,417.2727272727273,0.67
type=lease_sandbox_idle_timeout_s=0_ablate=vtfq_rate_per_min=2.0_think_snr=0.9_seed=6,lease,0,vtfq,2.0,0.9,lease,6,685,549,15,0.026595744680851064,0.09210526315789473,549,341.08248421383496,3106.9517609774675,27.39938143537098,600.0000000000005,0,370,3,0,0,0.005986244662377132,0.4314498975472403,2475511015.350727,3610.579602057097,28,1754.8890743902846,1064.0437987881237,687600.0,6879.0230167889695,251,34,0.4688070901711865,0.4901912177278072,0.6457991728867197,0.3034342070543487,299.45454545454544,0.5
type=lease_sandbox_idle_timeout_s=0_ablate=vtfq_rate_per_min=2.0_think_snr=0.9_seed=7,lease,0,vtfq,2.0,0.9,lease,7,804,637,9,0.01393188854489164,0.0430622009569378,637,194.32299514371152,2027.3705469524657,25.918840402270625,600.0000000000005,0,321,1,0,0,0.009692400604235025,0.32952058970724674,1730779019.0987337,4225.370231248111,21,1466.0644916105011,1108.8095544533758,835800.0,6498.605152857837,235,25,0.49624016056336184,0.5058738159082985,0.6935397167346542,0.3104981029720512,347.4545454545455,0.52
type=lease_sandbox_idle_timeout_s=0_ablate=vtfq_rate_per_min=2.0_think_snr=0.9_seed=8,lease,0,vtfq,2.0,0.9,lease,8,866,676,13,0.018867924528301886,0.07058823529411765,676,198.84161858499044,3203.8066979600753,21.44763003166455,600.0000000000005,0,473,0,0,0,0.01155414856360166,0.43871094160731217,3090363847.1438823,3454.0164098952064,14,837.0120607320546,754.0916913426488,837600.0,10329.731902783089,280,15,0.4577731451063566,0.4688496478733971,0.7117134722141284,0.3318865403171161,368.72727272727275,0.57
type=lease_sandbox_idle_timeout_s=0_ablate=vtfq_rate_per_min=2.0_think_snr=0.9_seed=9,lease,0,vtfq,2.0,0.9,lease,9,874,674,24,0.034383954154727794,0.12631578947368421,674,364.86093261281417,3176.9281736891485,58.88035054430647,600.0000000000005,0,568,1,0,0,0.006144726298646558,0.32378071490383215,986066613.838319,670.2072510399836,7,635.7406849039918,609.7610987990947,905400.0,15592.784004964893,292,11,0.4016277845520703,0.4200258447063622,0.819277768567081,0.28406490640976206,367.6363636363636,0.64
type=lease_sandbox_idle_timeout_s=0_ablate=vtfq_rate_per_min=2.0_think_snr=0.9_seed=10,lease,0,vtfq,2.0,0.9,lease,10,700,593,4,0.006700167504187605,0.03076923076923077,593,251.2640056294067,1965.7804386239998,51.05241540925176,600.0000000000005,0,130,2,0,0,0.0038594227248669086,0.264577794017506,1064560688.1618123,805.3113643608258,10,1284.3594401169055,812.2135887452735,682800.0,3973.1709329605114,259,19,0.5651966710191338,0.5705990622066832,0.7453924160474942,0.3266025400340362,323.4545454545455,0.52
type=lease_sandbox_idle_timeout_s=0_ablate=park+prewarm_rate_per_min=2.0_think_snr=0.0_seed=1,lease,0,park+prewarm,2.0,0.0,lease,1,655,559,1,0.0017857142857142857,0.00641025641025641,559,166.621666082905,1509.4882519074245,47.76011478253253,600.0,0,103,0,0,0,0.00041630062362523927,0.3479932752211132,2076667257.9469686,0.0,0,1064.0081321598518,410.1358756292884,829800.0,3385.275609249789,306,88,0.6693272207777571,0.67090400778418,0.6995263475216913,0.28401447621827486,304.90909090909093,0.47
type=lease_sandbox_idle_timeout_s=0_ablate=park+prewarm_rate_per_min=2.0_think_snr=0.0_seed=2,lease,0,park+prewarm,2.0,0.0,lease,2,743,594,4,0.006688963210702341,0.027586206896551724,594,298.1925004646864,2375.9161282445043,51.621895006732984,600.0000000000005,0,296,4,0,0,0.00506560680088165,0.3042750412352717,1122004493.1757488,0.0,0,939.6059751725966,582.4756277716174,802200.0,8894.571028548406,255,38,0.4907675115568916,0.4944629741312592,0.7359453844939782,0.3157178712210857,324.0,0.54
type=lease_sandbox_idle_timeout_s=0_ablate=park+prewarm_rate_per_min=2.0_think_snr=0.0_seed=3,lease,0,park+prewarm,2.0,0.0,lease,3,807,624,13,0.02040816326530612,0.07142857142857142,624,152.31952854079577,2083.9094528929368,50.525731152001505,600.0000000000005,0,434,1,0,0,0.00303341200648222,0.4117984675526729,1997388299.694095,0.0,0,1086.2954920541792,509.5652824004055,845400.0,8733.395491788979,275,28,0.4287132997481566,0.4415398822407049,0.6989794951316045,0.28907232381845566,340.3636363636364,0.55
type=lease_sandbox_idle_timeout_s=0_ablate=park+prewarm_rate_per_min=2.0_think_snr=0.0_seed=4,lease,0,park+prewarm,2.0,0.0,lease,4,760,650,6,0.009146341463414634,0.02824858757062147,650,124.1574938153301,1845.7560134239902,21.661001917846026,600.0000000000005,0,109,3,0,0,0.008138708210296525,0.34429258884702557,2204920700.181539,0.0,0,577.7759134189639,267.6385401989462,744000.0,1152.1140108237673,258,57,0.6534774618392144,0.659183952419258,0.6976636841936998,0.32501823318822515,354.54545454545456,0.48
type=lease_sandbox_idle_timeout_s=0_ablate=park+prewarm_rate_per_min=2.0_think_snr=0.0_seed=5,lease,0,park+prewarm,2.0,0.0,lease,5,1008,794,18,0.022167487684729065,0.07906976744186046,794,213.64943475752142,3541.059559223473,99.19473550557062,600.0000000000005,0,950,0,0,0,0.008140742313647488,0.26251160475251206,1675010969.4892898,0.0,0,916.0932559096063,898.2693612473062,976200.0,17143.77594415882,308,10,0.3948171739365019,0.4077587413497623,0.8476023451057044,0.3307524247451868,433.0909090909091,0.72
type=lease_sandbox_idle_timeout_s=0_ablate=park+prewarm_rate_per_min=2.0_think_snr=0.0_seed=6,lease,0,park+prewarm,2.0,0.0,lease,6,633,504,9,0.017543859649122806,0.060810810810810814,504,387.3726659820326,3482.9346071472914,51.98753777114405,600.0000000000005,0,377,3,0,0,0.006119556594242605,0.39893410828477066,2630074253.128821,0.0,0,1465.722219945214,1063.7105510513773,675600.0,6394.569489706334,252,32,0.4890108925232074,0.5019121807878946,0.6484210554665242,0.30592372538724016,274.90909090909093,0.48
type=lease_sandbox_idle_timeout_s=0_ablate=park+prewarm_rate_per_min=2.0_think_snr=0.0_seed=7,lease,0,park+prewarm,2.0,0.0,lease,7,800,636,7,0.01088646967340591,0.03317535545023697,636,209.14303564793045,2052.2579786704728,78.27842015930204,600.0000000000005,0,340,0,0,0,0.008929864600199714,0.35454721632612574,1588262233.0446527,0.0,0,1386.9441855757584,1105.5208064453718,904800.0,8246.777279395501,250,32,0.44886562606200386,0.4554794954177069,0.7159582449535419,0.2972517563737862,346.90909090909093,0.55
type=lease_sandbox_idle_timeout_s=0_ablate=park+prewarm_rate_per_min=2.0_think_snr=0.0_seed=8,lease,0,park+prewarm,2.0,0.0,lease,8,878,705,8,0.011220196353436185,0.0449438202247191,705,220.23064517236548,3077.107480708708,19.70109498951909,600.0000000000005,0,600,0,0,0,0.009132738683763344,0.453870053982509,3233797625.0182476,0.0,0,838.0624804911782,647.3203696796695,885000.0,10319.13353697057,303,21,0.4642345859004753,0.4718076604143261,0.7254247952967172,0.33631674215250895,384.54545454545456,0.57
type=lease_sandbox_idle_timeout_s=0_ablate=park+prewarm_rate_per_min=2.0_think_snr=0.0_seed=9,lease,0,park+prewarm,2.0,0.0,lease,9,854,666,14,0.020588235294117647,0.07692307692307693,666,309.01080834941735,2940.702948043444,40.52748371712411,600.0000000000005,0,570,1,0,0,0.002969253519263658,0.3450423606967246,1373681277.6981795,0.0,0,670.43073433517,617.0040234800392,830400.0,12869.030185382886,298,18,0.4424901240906289,0.45670663285569263,0.7892511635910386,0.319250580286224,363.2727272727273,0.6
type=lease_sandbox_idle_timeout_s=0_ablate=park+prewarm_rate_per_min=2.0_think_snr=0.0_seed=10,lease,0,park+prewarm,2.0,0.0,lease,10,720,615,3,0.0048543689320388345,0.021897810218978103,615,230.13613996952063,1872.0315766260087,50.66275097907738,600.0,0,130,0,0,0,0.003262265999682992,0.27141869424528475,1439520998.0353005,0.0,0,1472.4680833462219,888.0510667918311,636000.0,4579.002267894848,246,29,0.5958156393719541,0.5995186549904885,0.7271693853438229,0.34601006952711183,335.4545454545455,0.52
type=lease_sandbox_idle_timeout_s=0_ablate=park+prewarm_rate_per_min=2.0_think_snr=0.9_seed=1,lease,0,park+prewarm,2.0,0.9,lease,1,638,527,2,0.003780718336483932,0.006622516556291391,527,290.0934937364659,1726.1877088786134,75.03792949098083,600.0000000000005,0,134,3,0,0,0.008124858493601698,0.3112606234094391,1616767983.8125494,0.0,0,798.0253595154114,585.0257694698439,803400.0,5195.5485751757105,312,51,0.5672582201205971,0.5680170602759502,0.7350498558542153,0.28028036449221516,287.45454545454544,0.49
type=lease_sandbox_idle_timeout_s=0_ablate=park+prewarm_rate_per_min=2.0_think_snr=0.9_seed=2,lease,0,park+prewarm,2.0,0.9,lease,2,731,571,5,0.008680555555555556,0.03546099290780142,571,316.55648413765357,2333.203567019607,86.21549876726958,600.0000000000005,0,312,5,0,0,0.0043667627692595265,0.33468526156068207,1445253263.2134259,0.0,0,1226.2796823720391,878.9542346564153,747000.0,8817.57669223545,255,32,0.43545969324475026,0.43985974419469376,0.7174882318537944,0.31822238834521993,311.45454545454544,0.54
type=lease_sandbox_idle_timeout_s=0_ablate=park+prewarm_rate_per_min=2.0_think_snr=0.9_seed=3,lease,0,park+prewarm,2.0,0.9,lease,3,799,613,14,0.022328548644338118,0.07784431137724551,613,147.52230171829615,1860.309414561542,58.810004795178415,600.0000000000005,0,417,3,0,0,0.004491169441451554,0.44670288300804273,2438895455.6023164,0.0,0,1075.9313052548223,505.8828254628138,778200.0,8210.359202838412,255,31,0.45098106285281614,0.4650264722881824,0.6658105041601916,0.27894221447003265,334.3636363636364,0.51
type=lease_sandbox_idle_timeout_s=0_ablate=park+prewarm_rate_per_min=2.0_think_snr=0.9_seed=4,lease,0,park+prewarm,2.0,0.9,lease,4,806,683,4,0.005822416302765648,0.022598870056497175,683,136.67269677154854,1841.9135965681958,23.65992526360547,600.0,0,118,0,0,0,0.003511800374612387,0.33751619793000953,2446244027.0237513,0.0,0,605.9120510044431,510.02806498974587,735000.0,1882.6743166296992,235,47,0.6078487054869206,0.6122640355740714,0.6899681787749288,0.3270545015690758,372.54545454545456,0.5
type=lease_sandbox_idle_timeout_s=0_ablate=park+prewarm_rate_per_min=2.0_think_snr=0.9_seed=5,lease,0,park+prewarm,2.0,0.9,lease,5,1003,781,23,0.028606965174129355,0.1,781,181.55286146478284,3236.507229391722,53.38828647825744,600.0000000000005,0,952,3,0,0,0.010262252829941898,0.3039603493140047,1582457623.7124536,0.0,0,923.415487195929,907.6683217769652,864600.0,11072.053617393398,273,12,0.4034401363460121,0.42109702030702567,0.8110976546272015,0.3519402695186285,426.0,0.66
type=lease_sandbox_idle_timeout_s=0_ablate=park+prewarm_rate_per_min=2.0_think_snr=0.9_seed=6,lease,0,park+prewarm,2.0,0.9,lease,6,682,550,13,0.023090586145648313,0.08280254777070063,550,343.9835293147296,3013.7781796849486,43.36478701352425,600.0000000000005,0,422,0,0,0,0.0056809012800655605,0.4208599490340147,2516598370.806985,0.0,0,1544.6228032813378,1085.1466698500512,680400.0,6440.866274529382,253,40,0.4773371086298047,0.49627038013752967,0.6438946744204869,0.31021193482142256,300.0,0.5
type=lease_sandbox_idle_timeout_s=0_ablate=park+prewarm_rate_per_min=2.0_think_snr=0.9_seed=7,lease,0,park+prewarm,2.0,0.9,lease,7,810,649,7,0.010670731707317074,0.03286384976525822,649,206.85125966564067,2075.7686912722934,36.07229374002236,600.0000000000005,0,352,1,0,0,0.010602476534521201,0.33023812139104713,1438279392.3147004,0.0,0,1117.203998859566,534.8287606944045,865800.0,6677.838655607493,240,31,0.4905730894887535,0.4976919432231285,0.705076549889925,0.3081148685355139,354.0,0.53
type=lease_sandbox_idle_timeout_s=0_ablate=park+prewarm_rate_per_min=2.0_think_snr=0.9_seed=8,lease,0,park+prewarm,2.0,0.9,lease,8,865,673,10,0.014641288433382138,0.052941176470588235,673,229.37688021862346,2949.263688030061,30.324262009918478,600.0000000000005,0,581,2,0,0,0.00930454372180064,0.4408109250435478,3494748071.1813884,0.0,0,876.9006827277453,830.6448346527659,802800.0,9570.24017571102,295,22,0.4396988391778726,0.4490459861340146,0.7103305960324399,0.3228012585577659,367.0909090909091,0.57
type=lease_sandbox_idle_timeout_s=0_ablate=park+prewarm_rate_per_min=2.0_think_snr=0.9_seed=9,lease,0,park+prewarm,2.0,0.9,lease,9,885,683,17,0.024285714285714285,0.0918918918918919,683,371.39417212893864,3281.8940782156947,61.680118652862824,600.0000000000005,0,702,1,0,0,0.003475659709714476,0.32750944604066745,910821912.9207861,0.0,0,692.6005805909859,649.2818168358685,887400.0,15137.922353041487,313,14,0.39795308384948147,0.4133636998533457,0.8242159647233555,0.2910219524482165,372.54545454545456,0.64
type=lease_sandbox_idle_timeout_s=0_ablate=park+prewarm_rate_per_min=2.0_think_snr=0.9_seed=10,lease,0,park+prewarm,2.0,0.9,lease,10,702,598,7,0.011570247933884297,0.05185185185185185,598,259.4161832123689,1981.252410204219,62.03960767010973,600.0000000000005,0,158,4,0,0,0.00856108992781279,0.2763991170474804,1057485139.5672921,0.0,0,1293.190350180388,913.9716762239675,669000.0,5419.472538201131,258,20,0.5884637565910235,0.5961573140030922,0.7515263664853665,0.32310397842144123,326.1818181818182,0.51
type=lease_sandbox_idle_timeout_s=0_ablate=vtfq+park+prewarm+kv+gang+budget_rate_per_min=2.0_think_snr=0.0_seed=1,lease,0,vtfq+park+prewarm+kv+gang+budget,2.0,0.0,lease,1,659,558,1,0.0017889087656529517,0.006289308176100629,558,206.5662561790976,1477.7004968829347,37.90464530480544,600.0000000000005,0,71,2,0,0,0.0009867345836209955,0.3143606853292889,2201748866.803826,0.0,0,0.0,0.0,0.0,0.0,302,74,0.6476137050680907,0.6490825564743758,0.7271745806542994,0.2979102121912399,304.3636363636364,0.46
type=lease_sandbox_idle_timeout_s=0_ablate=vtfq+park+prewarm+kv+gang+budget_rate_per_min=2.0_think_snr=0.0_seed=2,lease,0,vtfq+park+prewarm+kv+gang+budget,2.0,0.0,lease,2,734,574,6,0.010344827586206896,0.0425531914893617,574,284.23971850142243,2184.1441966754173,43.081982131700066,600.0,0,232,2,0,0,0.003624943299250565,0.3043504790697046,1163920457.273324,0.0,0,0.0,0.0,0.0,0.0,251,36,0.4769768789835484,0.48224235158923295,0.725466558218402,0.31582290658714324,313.0909090909091,0.48
type=lease_sandbox_idle_timeout_s=0_ablate=vtfq+park+prewarm+kv+gang+budget_rate_per_min=2.0_think_snr=0.0_seed=3,lease,0,vtfq+park+prewarm+kv+gang+budget,2.0,0.0,lease,3,803,607,16,0.025682182985553772,0.09316770186335403,607,156.04647232426396,2236.122744946142,48.654026882764576,600.0000000000005,0,358,2,0,0,0.003777590447737631,0.41862133430683646,2852362571.503503,0.0,0,0.0,0.0,0.0,0.0,259,28,0.42947198875809695,0.44561171526792054,0.6948616707621083,0.2814895358813595,331.0909090909091,0.5
type=lease_sandbox_idle_timeout_s=0_ablate=vtfq+park+prewarm+kv+gang+budget_rate_per_min=2.0_think_snr=0.0_seed=4,lease,0,vtfq+park+prewarm+kv+gang+budget,2.0,0.0,lease,4,755,640,5,0.007751937984496124,0.023121387283236993,640,120.80819599698839,1908.3519801364198,21.068664259765956,600.0,0,107,1,0,0,0.005572835985919441,0.3268358921187024,2333459665.313705,0.0,0,0.0,0.0,0.0,0.0,253,57,0.6428803448314493,0.6478210068618732,0.6997347166172948,0.3290911455288295,349.0909090909091,0.44
type=lease_sandbox_idle_timeout_s=0_ablate=vtfq+park+prewarm+kv+gang+budget_rate_per_min=2.0_think_snr=0.0_seed=5,lease,0,vtfq+park+prewarm+kv+gang+budget,2.0,0.0,lease,5,1025,802,28,0.033734939759036145,0.12217194570135746,802,233.52101049768146,3219.021892592091,44.71508949366199,600.0000000000005,0,787,4,0,0,0.012769333423912227,0.2610186457622327,1903286470.435836,0.0,0,0.0,0.0,0.0,0.0,302,8,0.41706489536308744,0.4370504383971805,0.862916472465035,0.35996679391743014,437.4545454545455,0.66
type=lease_sandbox_idle_timeout_s=0_ablate=vtfq+park+prewarm+kv+gang+budget_rate_per_min=2.0_think_snr=0.0_seed=6,lease,0,vtfq+park+prewarm+kv+gang+budget,2.0,0.0,lease,6,647,528,10,0.01858736059479554,0.06493506493506493,528,390.4556151850554,2997.944748839457,32.41619373774111,600.0000000000005,0,275,0,0,0,0.004562790420121322,0.390825010484214,2958349920.183508,0.0,0,0.0,0.0,0.0,0.0,260,31,0.5073182734014522,0.5225341543095214,0.6540890200563326,0.3162192191069291,288.0,0.46
type=lease_sandbox_idle_timeout_s=0_ablate=vtfq+park+prewarm+kv+gang+budget_rate_per_min=2.0_think_snr=0.0_seed=7,lease,0,vtfq+park+prewarm+kv+gang+budget,2.0,0.0,lease,7,805,640,7,0.010819165378670788,0.028846153846153848,640,206.86750353801386,2009.5105342815687,34.99679052881079,600.0,0,290,1,0,0,0.012505930482832476,0.35004523567971063,1655800206.7295787,0.0,0,0.0,0.0,0.0,0.0,239,31,0.45760801053907435,0.4633431029059079,0.7176644440559442,0.2955831766222122,349.0909090909091,0.49
type=lease_sandbox_idle_timeout_s=0_ablate=vtfq+park+prewarm+kv+gang+budget_rate_per_min=2.0_think_snr=0.0_seed=8,lease,0,vtfq+park+prewarm+kv+gang+budget,2.0,0.0,lease,8,892,713,11,0.015193370165745856,0.06179775280898876,713,209.33000440258138,2749.5088635110205,31.75465552803866,600.0000000000005,0,448,1,0,0,0.006078036224965268,0.4431187053981864,2942896612.8723226,0.0,0,0.0,0.0,0.0,0.0,286,19,0.45700111867376036,0.4667641307465673,0.7547195452481547,0.323457733861587,388.90909090909093,0.54
type=lease_sandbox_idle_timeout_s=0_ablate=vtfq+park+prewarm+kv+gang+budget_rate_per_min=2.0_think_snr=0.0_seed=9,lease,0,vtfq+park+prewarm+kv+gang+budget,2.0,0.0,lease,9,841,646,20,0.03003003003003003,0.10810810810810811,646,326.38753170440395,2893.1093523296367,31.677361276060854,600.0000000000005,0,484,3,0,0,0.008621458173857429,0.34818835170384976,1468832062.6029758,0.0,0,0.0,0.0,0.0,0.0,289,22,0.4320706916249206,0.4480109643636279,0.7858072138856514,0.31464651809399485,352.3636363636364,0.54
type=lease_sandbox_idle_timeout_s=0_ablate=vtfq+park+prewarm+kv+gang+budget_rate_per_min=2.0_think_snr=0.0_seed=10,lease,0,vtfq+park+prewarm+kv+gang+budget,2.0,0.0,lease,10,726,622,3,0.0048,0.02142857142857143,622,217.66440985303143,1866.708365691106,50.049290198347904,600.0000000000002,0,105,2,0,0,0.0034973556963891683,0.27263253217703004,1606784881.250985,0.0,0,0.0,0.0,0.0,0.0,246,27,0.6125470132708758,0.6163560989026715,0.7354258474043318,0.3438239071674351,339.2727272727273,0.48
type=lease_sandbox_idle_timeout_s=0_ablate=vtfq+park+prewarm+kv+gang+budget_rate_per_min=2.0_think_snr=0.9_seed=1,lease,0,vtfq+park+prewarm+kv+gang+budget,2.0,0.9,lease,1,647,527,2,0.003780718336483932,0.006711409395973154,527,249.32150059660398,1832.8370095979578,43.55837683723144,600.0000000000005,0,115,3,0,0,0.007875806530508605,0.31009648434898246,1894959841.3258286,0.0,0,0.0,0.0,0.0,0.0,312,48,0.583260712190084,0.5840548363647715,0.7418350100119788,0.2947456877289926,287.45454545454544,0.45
type=lease_sandbox_idle_timeout_s=0_ablate=vtfq+park+prewarm+kv+gang+budget_rate_per_min=2.0_think_snr=0.9_seed=2,lease,0,vtfq+park+prewarm+kv+gang+budget,2.0,0.9,lease,2,736,575,8,0.0137221269296741,0.05442176870748299,575,291.42857733765504,2154.6641310725113,35.00729697919198,600.0000000000005,0,255,1,0,0,0.0035497563292533037,0.33964171126361026,1422084896.9953673,0.0,0,0.0,0.0,0.0,0.0,258,32,0.4526285457685464,0.4606760141952561,0.727458926593661,0.3209552898985512,313.6363636363636,0.49
type=lease_sandbox_idle_timeout_s=0_ablate=vtfq+park+prewarm+kv+gang+budget_rate_per_min=2.0_think_snr=0.9_seed=3,lease,0,vtfq+park+prewarm+kv+gang+budget,2.0,0.9,lease,3,806,623,15,0.023510971786833857,0.08333333333333333,623,136.75058210469024,1992.397350368714,44.76984898930581,600.0000000000005,0,338,0,0,0,0.0025937719209658773,0.44313533521619153,3208668532.0004888,0.0,0,0.0,0.0,0.0,0.0,244,31,0.4446611184987471,0.45955097558140656,0.6614247974658444,0.282179047256437,339.8181818181818,0.47
type=lease_sandbox_idle_timeout_s=0_ablate=vtfq+park+prewarm+kv+gang+budget_rate_per_min=2.0_think_snr=0.9_seed=4,lease,0,vtfq+park+prewarm+kv+gang+budget,2.0,0.9,lease,4,816,693,4,0.005738880918220947,0.022598870056497175,693,130.20060285476802,1813.2056786096605,20.280239318764178,600.0,0,114,1,0,0,0.0034320812869014818,0.3259752068156077,2872730140.8672156,0.0,0,0.0,0.0,0.0,0.0,231,51,0.6131635712555799,0.6175844446326485,0.6901283292217043,0.3338487530610075,378.0,0.46
type=lease_sandbox_idle_timeout_s=0_ablate=vtfq+park+prewarm+kv+gang+budget_rate_per_min=2.0_think_snr=0.9_seed=5,lease,0,vtfq+park+prewarm+kv+gang+budget,2.0,0.9,lease,5,1012,783,29,0.03571428571428571,0.13270142180094788,783,224.68731482958674,3642.71654840002,49.21414848512884,600.0000000000005,0,827,0,0,0,0.01504719783394652,0.28538307004491276,1908026675.7178051,0.0,0,0.0,0.0,0.0,0.0,273,11,0.40681813389305493,0.4273778772846333,0.8146651555053743,0.36722923413233066,427.0909090909091,0.63
type=lease_sandbox_idle_timeout_s=0_ablate=vtfq+park+prewarm+kv+gang+budget_rate_per_min=2.0_think_snr=0.9_seed=6,lease,0,vtfq+park+prewarm+kv+gang+budget,2.0,0.9,lease,6,674,535,14,0.025500910746812388,0.09090909090909091,535,324.5085204361444,3238.5311846412756,32.04380623209385,600.0000000000005,0,374,5,0,0,0.009400079702159583,0.42283975291154346,2526102816.610888,0.0,0,0.0,0.0,0.0,0.0,242,40,0.4699229137159581,0.48732520914125915,0.6406779637561514,0.3159160821334681,291.8181818181818,0.44
type=lease_sandbox_idle_timeout_s=0_ablate=vtfq+park+prewarm+kv+gang+budget_rate_per_min=2.0_think_snr=0.9_seed=7,lease,0,vtfq+park+prewarm+kv+gang+budget,2.0,0.9,lease,7,825,677,8,0.01167883211678832,0.03669724770642202,677,209.74126253107488,1977.940989935201,23.286291296518385,600.0000000000005,0,283,3,0,0,0.012801266015693242,0.32970372828671934,1718432133.5087912,0.0,0,0.0,0.0,0.0,0.0,245,30,0.5172072842320877,0.5260951826413204,0.6999727139342139,0.3207437225623996,369.2727272727273,0.5
type=lease_sandbox_idle_timeout_s=0_ablate=vtfq+park+prewarm+kv+gang+budget_rate_per_min=2.0_think_snr=0.9_seed=8,lease,0,vtfq+park+prewarm+kv+gang+budget,2.0,0.9,lease,8,881,689,11,0.015714285714285715,0.05952380952380952,689,216.8639663460308,2908.213804517998,34.97511582471095,600.0000000000005,0,458,0,0,0,0.007036518099240466,0.44569271263824556,3164774910.9405384,0.0,0,0.0,0.0,0.0,0.0,280,21,0.4527863983985817,0.4615927576820374,0.7210955149694056,0.3212917543605205,375.8181818181818,0.52
type=lease_sandbox_idle_timeout_s=0_ablate=vtfq+park+prewarm+kv+gang+budget_rate_per_min=2.0_think_snr=0.9_seed=9,lease,0,vtfq+park+prewarm+kv+gang+budget,2.0,0.9,lease,9,879,675,20,0.02877697841726619,0.10695187165775401,675,304.73456151864593,3133.227958827753,48.50417351619217,600.0000000000005,0,600,1,0,0,0.005488741514113491,0.3399909191735458,1513572610.9742885,0.0,0,0.0,0.0,0.0,0.0,292,13,0.3971224561793613,0.41487246211060474,0.8002239427447553,0.2969224104429611,368.1818181818182,0.58
type=lease_sandbox_idle_timeout_s=0_ablate=vtfq+park+prewarm+kv+gang+budget_rate_per_min=2.0_think_snr=0.9_seed=10,lease,0,vtfq+park+prewarm+kv+gang+budget,2.0,0.9,lease,10,699,598,5,0.008291873963515755,0.03759398496240601,598,238.7624922702787,1954.2138124811281,46.97184456707632,600.0000000000005,0,129,2,0,0,0.002972316684042502,0.2676020104467434,1235319775.1505685,0.0,0,0.0,0.0,0.0,0.0,259,17,0.565567778767096,0.5720367209888811,0.7555616716240936,0.32100924475134857,326.1818181818182,0.48
type=lease_sandbox_idle_timeout_s=60_ablate=_rate_per_min=2.0_think_snr=0.0_seed=1,lease,60,,2.0,0.0,lease,1,652,557,2,0.0035778175313059034,0.012195121951219513,557,179.10642736211366,1679.9664696483144,53.202538931025636,600.0000000000002,0,90,3,0,0,0.006044226063090862,0.32625294872391697,2249234884.5230536,7026.020736028387,40,692.278337485628,498.1977092374111,823200.0,3513.899944476614,300,64,0.6492932954487175,0.6502258484540294,0.7096280790800635,0.2924581335239682,303.8181818181818,0.5
type=lease_sandbox_idle_timeout_s=60_ablate=_rate_per_min=2.0_think_snr=0.0_seed=2,lease,60,,2.0,0.0,lease,2,730,578,6,0.010273972602739725,0.0410958904109589,578,316.0445834037466,2367.442031315699,58.06566587199961,600.0000000000005,0,299,3,0,0,0.004733257488888126,0.3007050734950893,1022093259.1323442,4021.6002139575517,29,916.8571610470553,577.796851743765,790800.0,9964.864688432706,255,32,0.47609397850174323,0.48216425536579394,0.734647774459337,0.3087804593717962,315.2727272727273,0.54
type=lease_sandbox_idle_timeout_s=60_ablate=_rate_per_min=2.0_think_snr=0.0_seed=3,lease,60,,2.0,0.0,lease,3,808,627,11,0.017241379310344827,0.05847953216374269,627,161.85201251782178,2221.5932598043164,55.67951072449531,600.0000000000005,0,432,2,0,0,0.002653892324328364,0.4061277330284431,2221362153.8334255,4825.22367780159,35,1300.9830874137365,743.9920442085158,832200.0,8685.484212863976,273,28,0.4423125064359802,0.45308459718495053,0.6937780487689393,0.2968360693470645,342.0,0.54
type=lease_sandbox_idle_timeout_s=60_ablate=_rate_per_min=2.0_think_snr=0.0_seed=4,lease,60,,2.0,0.0,lease,4,753,634,5,0.00782472613458529,0.023255813953488372,634,120.74467778615349,1939.2187602470033,20.995227117314187,600.0,0,124,1,0,0,0.006048698314231101,0.3363771004614449,2477411167.0662227,4443.223293853905,21,541.6258881913413,178.59717755992074,741000.0,1399.3156709861282,252,52,0.6299331910003488,0.6332037295147946,0.6693725685743654,0.3262246899527954,345.8181818181818,0.48
type=lease_sandbox_idle_timeout_s=60_ablate=_rate_per_min=2.0_think_snr=0.0_seed=5,lease,60,,2.0,0.0,lease,5,1020,816,19,0.022754491017964073,0.08071748878923767,816,193.6747200685743,3327.799230971888,84.95212142708694,600.0000000000005,0,956,1,0,0,0.008701412528988107,0.30192045805933954,2058715702.363851,1173.693311145101,13,849.8429467534481,843.2020922267944,992400.0,16659.806409958634,316,6,0.4034457877181121,0.41740042947557865,0.8285422984330485,0.35088919257451345,445.0909090909091,0.7
type=lease_sandbox_idle_timeout_s=60_ablate=_rate_per_min=2.0_think_snr=0.0_seed=6,lease,60,,2.0,0.0,lease,6,630,501,9,0.01764705882352941,0.061224489795918366,501,366.58044051948696,3172.0137023249026,44.353603767346065,600.0000000000005,0,366,1,0,0,0.005509562985902572,0.4096452182560948,2642035160.3089194,2798.0499288861092,15,1427.1489696000438,1036.7015497359746,678600.0,6239.283254798627,251,27,0.48720884301564876,0.5000567929394948,0.643967856667638,0.2916829639190174,273.2727272727273,0.49
type=lease_sandbox_idle_timeout_s=60_ablate=_rate_per_min=2.0_think_snr=0.0_seed=7,lease,60,,2.0,0.0,lease,7,807,643,7,0.010769230769230769,0.03286384976525822,643,198.58334429305205,2014.856790644653,52.85185170180255,600.0000000000005,0,348,0,0,0,0.008707784712927795,0.35625134229894934,1529827317.842263,2368.5811777475515,19,1366.4508163537573,749.2878800960627,910200.0,9290.649250069495,249,27,0.4608154884592073,0.4676208602985701,0.71971937938277,0.2946542596936716,350.72727272727275,0.55
type=lease_sandbox_idle_timeout_s=60_ablate=_rate_per_min=2.0_think_snr=0.0_seed=8,lease,60,,2.0,0.0,lease,8,880,705,9,0.012605042016806723,0.05,705,233.6916062736882,2820.7018335340845,27.863935349264967,600.0000000000005,0,594,1,0,0,0.01132311006500415,0.45423163293241026,3267492837.326165,1889.5826004668318,19,800.7366516377588,697.9389555416299,871200.0,10469.792595218365,298,14,0.45797333281057745,0.46643004197959737,0.7357103851171977,0.3156562768927735,384.54545454545456,0.59
type=lease_sandbox_idle_timeout_s=60_ablate=_rate_per_min=2.0_think_snr=0.0_seed=9,lease,60,,2.0,0.0,lease,9,860,667,18,0.026277372262773723,0.1,667,342.2209170758442,2893.0996322018673,45.28215893578248,600.0000000000005,0,578,3,0,0,0.00422349041934983,0.33952039498293335,1232396203.6545649,950.3980331749203,2,673.995490400674,620.4409161577591,827400.0,13522.280791596471,296,21,0.42812236216807786,0.44397187765413726,0.7885008504030693,0.31778179434038833,363.8181818181818,0.61
type=lease_sandbox_idle_timeout_s=60_ablate=_rate_per_min=2.0_think_snr=0.0_seed=10,lease,60,,2.0,0.0,lease,10,717,609,3,0.004901960784313725,0.021739130434782608,609,220.13531885622115,2123.416295958908,55.382152857243405,600.0000000000005,0,120,1,0,0,0.0032938516609095944,0.24436421315727527,1500865885.3220234,1495.2125323017053,11,1427.8458788206872,922.171189618015,628200.0,4502.923397660791,245,26,0.6043975484208247,0.6080058203127942,0.7253751359710892,0.34852546373592647,332.1818181818182,0.5
type=lease_sandbox_idle_timeout_s=60_ablate=_rate_per_min=2.0_think_snr=0.9_seed=1,lease,60,,2.0,0.9,lease,1,650,538,2,0.003703703703703704,0.006622516556291391,538,244.07662191958116,1854.3690854207805,57.188592973999654,600.0000000000005,0,126,0,0,0,0.005535810538806049,0.29009330844871073,1667428127.7941248,3799.2871849679514,18,734.3045441727579,547.6031959526351,794400.0,4573.000143576557,306,38,0.5842961074528571,0.5850524919296167,0.7313622843418156,0.2987937823200517,293.45454545454544,0.51
type=lease_sandbox_idle_timeout_s=60_ablate=_rate_per_min=2.0_think_snr=0.9_seed=2,lease,60,,2.0,0.9,lease,2,738,581,7,0.011904761904761904,0.047619047619047616,581,305.8347287751426,2093.7477720925376,46.488431789319314,600.0000000000005,0,323,4,0,0,0.0031605386192299647,0.3320137669053371,1482647799.0758672,3528.5693116882985,26,1236.3071413717144,901.7932360032837,753600.0,8902.38669108603,258,25,0.4586729688478846,0.4626172653019239,0.7243865311285937,0.3222734354636199,316.90909090909093,0.53
type=lease_sandbox_idle_timeout_s=60_ablate=_rate_per_min=2.0_think_snr=0.9_seed=3,lease,60,,2.0,0.9,lease,3,793,608,12,0.01935483870967742,0.06626506024096386,608,136.86483128617965,2114.383667623959,52.700057419884025,600.0000000000005,0,441,1,0,0,0.0022818930452312407,0.43217373453294017,2733851733.492993,4405.800708035051,35,1014.6572493170667,504.081123554668,789600.0,8906.011710264862,256,26,0.447967607331825,0.45964039852244937,0.6576336235795455,0.28847495924003946,331.6363636363636,0.52
type=lease_sandbox_idle_timeout_s=60_ablate=_rate_per_min=2.0_think_snr=0.9_seed=4,lease,60,,2.0,0.9,lease,4,810,682,3,0.004379562043795621,0.01744186046511628,682,127.9249502149321,1922.7904114757105,17.22302194858635,600.0,0,134,1,0,0,0.002488736123455454,0.31967343577780644,2687633384.5049233,5181.469177020933,18,597.3692257616792,506.82514667280566,740400.0,2001.0901655216262,230,41,0.6067696182071088,0.6094275032069933,0.6803450649645494,0.3320865887017767,372.0,0.49
type=lease_sandbox_idle_timeout_s=60_ablate=_rate_per_min=2.0_think_snr=0.9_seed=5,lease,60,,2.0,0.9,lease,5,1007,782,19,0.02372034956304619,0.0784313725490196,782,184.69580557238118,2940.8687875636356,55.593662148129624,600.0000000000005,0,982,3,0,0,0.014066216041966952,0.31451087247841075,2114086330.4870844,693.8872722227846,10,885.7608074411639,867.1121599629688,866400.0,11265.361981961327,274,10,0.39626725385253636,0.4095311852673437,0.8024381197916667,0.3572080207248914,426.54545454545456,0.69
type=lease_sandbox_idle_timeout_s=60_ablate=_rate_per_min=2.0_think_snr=0.9_seed=6,lease,60,,2.0,0.9,lease,6,675,548,13,0.023172905525846704,0.0759493670886076,548,335.5296552729311,3011.974429930165,34.60739386321965,600.0000000000005,0,444,1,0,0,0.005849441182071463,0.4179465050178802,2736555966.1609573,3695.9565649468173,28,1502.9266421019488,1072.7513691703678,683400.0,7243.372452629188,253,36,0.4760194235928781,0.4944711347079364,0.6371577177342334,0.3140397552751825,298.90909090909093,0.5
type=lease_sandbox_idle_timeout_s=60_ablate=_rate_per_min=2.0_think_snr=0.9_seed=7,lease,60,,2.0,0.9,lease,7,803,647,11,0.016717325227963525,0.05092592592592592,647,199.83045651753037,2042.1625529111575,37.31675109311023,600.0000000000005,0,359,0,0,0,0.012938809009652906,0.33145423130378665,1472650248.7517078,4288.104345800876,19,1108.345708075618,577.0087142582438,868800.0,6741.463228613092,245,26,0.4845693444233665,0.4938426157334909,0.7028906993897306,0.30628118024131346,352.90909090909093,0.54
type=lease_sandbox_idle_timeout_s=60_ablate=_rate_per_min=2.0_think_snr=0.9_seed=8,lease,60,,2.0,0.9,lease,8,876,683,7,0.010144927536231883,0.04142011834319527,683,266.12493148936846,2859.17627964619,27.304121472059162,600.0000000000005,0,589,0,0,0,0.005604643416686006,0.43222722732545626,3488492308.3347516,4111.672137988309,14,877.0705908852103,858.1553214129447,808200.0,9279.85605154558,299,10,0.4520323655311508,0.4592588327365397,0.7083058871001684,0.3349520662330323,372.54545454545456,0.56
type=lease_sandbox_idle_timeout_s=60_ablate=_rate_per_min=2.0_think_snr=0.9_seed=9,lease,60,,2.0,0.9,lease,9,883,677,16,0.023088023088023088,0.08791208791208792,677,327.4126667578462,3143.084588948172,60.275730436149146,600.0000000000005,0,708,0,0,0,0.0025982769414359666,0.3466161996857396,820314357.3469814,766.8652942113293,7,659.1257360900007,637.1592410782367,883800.0,15769.014130237867,306,9,0.39530383727969964,0.4097111308469957,0.8172236998146529,0.2864908170542883,369.2727272727273,0.64
type=lease_sandbox_idle_timeout_s=60_ablate=_rate_per_min=2.0_think_snr=0.9_seed=10,lease,60,,2.0,0.9,lease,10,707,609,7,0.011363636363636364,0.050359712230215826,609,245.72847287372315,2112.048896365145,56.509039607755724,600.0000000000005,0,142,7,0,0,0.009620072664944418,0.2736614165634765,1024847473.5555291,666.9374082258087,9,1324.4253043946774,947.7616024100037,675600.0,3679.565736645563,265,19,0.601971012523118,0.6090030442782072,0.7511777346137659,0.3426926874204198,332.1818181818182,0.52
type=lease_sandbox_idle_timeout_s=60_ablate=vtfq_rate_per_min=2.0_think_snr=0.0_seed=1,lease,60,vtfq,2.0,0.0,lease,1,656,554,2,0.0035971223021582736,0.012578616352201259,554,177.45451442297895,1632.0923825138282,34.70485771576748,600.0000000000002,0,84,3,0,0,0.00310798991679327,0.32588943857508634,2282285805.8504906,6942.582193381079,40,974.9353773051911,491.91832996799826,812400.0,2878.055265130618,302,66,0.6534437804294339,0.6543995595829089,0.7141308558218402,0.29310915055634096,302.1818181818182,0.49
type=lease_sandbox_idle_timeout_s=60_ablate=vtfq_rate_per_min=2.0_think_snr=0.0_seed=2,lease,60,vtfq,2.0,0.0,lease,2,738,580,7,0.01192504258943782,0.04861111111111111,580,283.1420246841333,2286.226777519888,41.47021073871656,600.0000000000005,0,229,3,0,0,0.005250347973120785,0.3086688038052856,1151236374.7780285,4412.195171774292,27,970.0608422315013,630.3239363316663,787200.0,8317.833886908837,251,31,0.48807985058728626,0.495902183932209,0.7240667769724489,0.3218385822166794,316.3636363636364,0.54
type=lease_sandbox_idle_timeout_s=60_ablate=vtfq_rate_per_min=2.0_think_snr=0.0_seed=3,lease,60,vtfq,2.0,0.0,lease,3,813,620,16,0.025157232704402517,0.09036144578313253,620,152.8513245419066,2188.583500529899,49.91237339707062,600.0000000000005,0,348,1,0,0,0.0026972945832993505,0.4054308117049479,2143218869.6736603,4825.22367780159,35,1015.4102754738618,458.4192322686413,837000.0,8728.441050270852,260,28,0.4255152549895679,0.4414848546620379,0.6958534122191466,0.2893145947692235,338.1818181818182,0.54
type=lease_sandbox_idle_timeout_s=60_ablate=vtfq_rate_per_min=2.0_think_snr=0.0_seed=4,lease,60,vtfq,2.0,0.0,lease,4,762,646,6,0.009202453987730062,0.028735632183908046,646,126.63450876877278,1814.4309714018489,20.323338930699524,600.0,0,101,2,0,0,0.012473179112794212,0.31369264684552445,2014607344.8613172,4736.16972572582,20,553.0050051812682,349.0569944287945,746400.0,1165.9775802043168,255,38,0.648813399310367,0.6544402522137304,0.7047059341815592,0.3260599526667239,352.3636363636364,0.49
type=lease_sandbox_idle_timeout_s=60_ablate=vtfq_rate_per_min=2.0_think_snr=0.0_seed=5,lease,60,vtfq,2.0,0.0,lease,5,1020,791,27,0.03300733496332518,0.11818181818181818,791,170.13861758778603,3655.7404520539117,47.76464938510141,600.0000000000005,0,835,1,0,0,0.008447404285132989,0.24466035447925974,1472957081.2611308,1557.3448543967224,12,842.6867644679066,835.8224722723246,978000.0,17227.38176099467,295,7,0.3958705916874201,0.4138412089324139,0.8711789389568765,0.3339633052065319,431.4545454545455,0.71
type=lease_sandbox_idle_timeout_s=60_ablate=vtfq_rate_per_min=2.0_think_snr=0.0_seed=6,lease,60,vtfq,2.0,0.0,lease,6,637,513,10,0.019120458891013385,0.06711409395973154,513,373.77317312191917,3102.3649476819846,32.265070660911924,600.0000000000005,0,296,1,0,0,0.0052031353380959525,0.41229693948008805,2394916094.584132,2798.0499288861092,15,1472.201037043067,1081.7536171789977,699600.0,6099.2683616097565,256,27,0.4955893939784178,0.5103571233776497,0.6609782215423466,0.2874399034135714,279.8181818181818,0.48
type=lease_sandbox_idle_timeout_s=60_ablate=vtfq_rate_per_min=2.0_think_snr=0.0_seed=7,lease,60,vtfq,2.0,0.0,lease,7,816,652,9,0.01361573373676248,0.04186046511627907,652,199.96460055021657,1905.8290468867094,39.47503144346281,600.0000000000005,0,284,1,0,0,0.008359631656741601,0.3585699173283646,1584195105.893187,2291.1513405293167,20,1682.6636684440707,1155.9614509973605,920400.0,6909.922659805679,243,29,0.4591168727154186,0.46782048140646143,0.7159038103025447,0.2912922898879252,355.6363636363636,0.56
type=lease_sandbox_idle_timeout_s=60_ablate=vtfq_rate_per_min=2.0_think_snr=0.0_seed=8,lease,60,vtfq,2.0,0.0,lease,8,874,686,12,0.017191977077363897,0.06666666666666667,686,196.12399726883768,2990.581588488131,26.75882040643768,600.0000000000005,0,486,3,0,0,0.01200992968860397,0.4498596004365407,2672127315.1010246,1732.7622605453428,19,765.3213656880098,596.6439473945986,894000.0,10769.007279894066,285,15,0.4477319770043001,0.45783100360968915,0.7526388338108652,0.3137743010083909,374.1818181818182,0.58
type=lease_sandbox_idle_timeout_s=60_ablate=vtfq_rate_per_min=2.0_think_snr=0.0_seed=9,lease,60,vtfq,2.0,0.0,lease,9,854,663,18,0.02643171806167401,0.0989010989010989,663,351.0850500105985,2958.5328397432086,52.636242164903614,600.0000000000005,0,449,1,0,0,0.003022979785062805,0.2696462929300749,1497790529.3743849,814.961572118276,2,1168.7269692158654,608.5466450175506,832800.0,12596.861123093033,289,21,0.427879700732203,0.4426905643692815,0.7965795582143551,0.3326018136928841,361.6363636363636,0.61
type=lease_sandbox_idle_timeout_s=60_ablate=vtfq_rate_per_min=2.0_think_snr=0.0_seed=10,lease,60,vtfq,2.0,0.0,lease,10,724,619,3,0.00482315112540193,0.02142857142857143,619,220.71879241839633,1876.6701286150214,51.30170147895048,600.0000000000005,0,102,1,0,0,0.003632973872831923,0.273280249190808,1391065559.3123603,1256.944558785361,8,1448.5966209360204,992.8657258017713,644400.0,4438.824503239196,245,19,0.6054372145466003,0.6091977646566706,0.7305799072091104,0.34184824100636707,337.6363636363636,0.51
type=lease_sandbox_idle_timeout_s=60_ablate=vtfq_rate_per_min=2.0_think_snr=0.9_seed=1,lease,60,vtfq,2.0,0.9,lease,1,650,531,3,0.0056179775280898875,0.013422818791946308,531,251.39507591712118,1835.1442345141345,41.330662331102694,600.0000000000005,0,131,1,0,0,0.006927175679677641,0.31132101853078525,1939079749.5241756,4788.654070598096,16,750.7032214681356,554.1811197451918,802800.0,4116.606082348074,311,33,0.5724129935621003,0.5723835245775747,0.7187803868856838,0.2929255982971273,289.6363636363636,0.5
type=lease_sandbox_idle_timeout_s=60_ablate=vtfq_rate_per_min=2.0_think_snr=0.9_seed=2,lease,60,vtfq,2.0,0.9,lease,2,741,579,7,0.011945392491467578,0.04827586206896552,579,269.6038505033971,2023.9628232596815,27.44162654180344,600.0000000000005,0,265,2,0,0,0.003778924479516514,0.3463707681105536,1039207135.5093623,3534.581405272291,27,1201.066718389243,867.194739545733,775800.0,8681.447776568959,261,26,0.4485081699920337,0.45539281803846654,0.7374991694752008,0.3105509898513519,315.8181818181818,0.54
type=lease_sandbox_idle_timeout_s=60_ablate=vtfq_rate_per_min=2.0_think_snr=0.9_seed=3,lease,60,vtfq,2.0,0.9,lease,3,790,599,15,0.024429967426710098,0.08588957055214724,599,124.45461283000759,1847.479350517785,46.170074788775466,600.0000000000005,0,379,0,0,0,0.002447636869702744,0.44543528851197245,2665194121.6442204,4405.800708035051,35,1036.6165181715219,526.0403924091233,808800.0,7811.246216906029,247,26,0.44364330881887354,0.4588005168460493,0.6578503035240224,0.27220750125983506,326.72727272727275,0.52
type=lease_sandbox_idle_timeout_s=60_ablate=vtfq_rate_per_min=2.0_think_snr=0.9_seed=4,lease,60,vtfq,2.0,0.9,lease,4,803,683,3,0.004373177842565598,0.017045454545454544,683,138.97000519910216,2065.551587926347,14.492563657894324,600.0000000000005,0,119,0,0,0,0.00321305736299803,0.3129087881240302,2608906937.3574524,5900.931527214359,19,594.21660739758,524.2728181002135,741600.0,2361.734678767046,235,29,0.60727122438009,0.6099502718574432,0.6795227506555944,0.33065059494020466,372.54545454545456,0.5
type=lease_sandbox_idle_timeout_s=60_ablate=vtfq_rate_per_min=2.0_think_snr=0.9_seed=5,lease,60,vtfq,2.0,0.9,lease,5,996,768,34,0.04239401496259352,0.1509433962264151,768,148.24627279885385,3898.541643613106,47.11756956901654,600.0000000000005,0,867,1,0,0,0.017769787479472478,0.2881573771742486,1998307166.0251298,683.9346698000634,11,867.2182801385954,855.1487100365335,888600.0,13281.295961516747,272,11,0.4109813478355542,0.4324542985855987,0.8136428768939394,0.36680277906560194,418.90909090909093,0.66
type=lease_sandbox_idle_timeout_s=60_ablate=vtfq_rate_per_min=2.0_think_snr=0.9_seed=6,lease,60,vtfq,2.0,0.9,lease,6,677,533,14,0.025594149908592323,0.087248322147651,533,337.00142477184227,3018.968389193245,27.442302741031508,600.0000000000005,0,365,1,0,0,0.006978855799529884,0.4206529925855539,2354580723.779852,3690.490867371982,28,2061.4498324924807,1359.3551789767714,666600.0,7798.010880492612,248,35,0.4675671328799875,0.48749475448537766,0.6439865436374967,0.3106395571196534,290.72727272727275,0.5
type=lease_sandbox_idle_timeout_s=60_ablate=vtfq_rate_per_min=2.0_think_snr=0.9_seed=7,lease,60,vtfq,2.0,0.9,lease,7,813,652,8,0.012121212121212121,0.0380952380952381,652,200.35343612399788,2048.7726946525154,24.227349784245025,600.0000000000005,0,299,5,0,0,0.013299032160190004,0.34559355914410916,1723381336.3768003,4672.541841801764,19,1447.0684179848363,743.6602915411381,849600.0,6606.290871956927,236,26,0.49215624349037845,0.4991854132883671,0.6962258290112665,0.29764141787783366,355.6363636363636,0.53
type=lease_sandbox_idle_timeout_s=60_ablate=vtfq_rate_per_min=2.0_think_snr=0.9_seed=8,lease,60,vtfq,2.0,0.9,lease,8,874,686,13,0.01859799713876967,0.06936416184971098,686,219.75786368711192,3199.382311780323,20.82126391080377,600.0000000000005,0,477,2,0,0,0.009395082362338759,0.46850079841076175,3020128772.0034285,4111.672137988309,14,526.7273342035439,507.81206473127827,810600.0,9853.772114435247,271,10,0.4573143852167337,0.46958002156232076,0.7175277995621278,0.3117853601301463,374.1818181818182,0.57
type=lease_sandbox_idle_timeout_s=60_ablate=vtfq_rate_per_min=2.0_think_snr=0.9_seed=9,lease,60,vtfq,2.0,0.9,lease,9,891,685,21,0.029745042492917848,0.11052631578947368,685,335.2043457146972,3194.7162504610883,46.80028975789342,600.0000000000005,0,569,0,0,0,0.005948657429300326,0.3426076392658251,933209010.8797874,687.0335334792616,7,622.9344161517914,599.0729759950028,864000.0,17620.474559447743,291,11,0.41497701509067175,0.43173003322990494,0.818941370949074,0.29342415507720526,373.6363636363636,0.63
type=lease_sandbox_idle_timeout_s=60_ablate=vtfq_rate_per_min=2.0_think_snr=0.9_seed=10,lease,60,vtfq,2.0,0.9,lease,10,698,595,5,0.008333333333333333,0.0364963503649635,595,258.5528579323087,2011.4984094417523,59.93988749810618,600.0000000000005,0,129,2,0,0,0.004806618959602415,0.2383990339141812,1171411840.9424584,695.0009031278441,9,1304.3806771419556,1016.9700796812108,661800.0,4714.53077003143,259,16,0.5791126066983966,0.5841635627784266,0.7439503637456294,0.32585854589452434,324.54545454545456,0.53
type=lease_sandbox_idle_timeout_s=60_ablate=park+prewarm_rate_per_min=2.0_think_snr=0.0_seed=1,lease,60,park+prewarm,2.0,0.0,lease,1,652,552,1,0.0018083182640144665,0.006329113924050633,552,174.89636549332567,1532.8198045086315,39.73010973558892,600.0000000000002,0,128,3,0,0,0.0020389650860824136,0.3242869905556375,2393951453.3306274,0.0,0,645.7869964194498,446.6573044719978,832800.0,4504.656232082307,295,60,0.6239300908401736,0.6253611167092514,0.6883209611175861,0.2825324484279073,301.0909090909091,0.48
type=lease_sandbox_idle_timeout_s=60_ablate=park+prewarm_rate_per_min=2.0_think_snr=0.0_seed=2,lease,60,park+prewarm,2.0,0.0,lease,2,722,557,6,0.010657193605683837,0.045454545454545456,557,213.2444358853304,2143.3394910982906,48.98716043276024,600.0000000000005,0,381,4,0,0,0.005797829482084672,0.31028734116297857,1589803973.165881,0.0,0,882.2448063278848,540.7004631600728,791400.0,10004.25636595298,249,31,0.43650741832338397,0.4419557620254426,0.6849163065308534,0.2937643612067263,303.8181818181818,0.5
type=lease_sandbox_idle_timeout_s=60_ablate=park+prewarm_rate_per_min=2.0_think_snr=0.0_seed=3,lease,60,park+prewarm,2.0,0.0,lease,3,800,601,14,0.022764227642276424,0.0880503144654088,601,119.90744930398432,2434.7584003172365,26.600245029214335,600.0000000000005,0,557,1,0,0,0.002863846447315557,0.39127441855337675,2524814361.3858957,0.0,0,1031.1085191742932,488.51827208027044,810000.0,7979.085258300684,262,27,0.41560537982643597,0.42977022910038354,0.6588124923271174,0.2902400687031916,327.8181818181818,0.52
type=lease_sandbox_idle_timeout_s=60_ablate=park+prewarm_rate_per_min=2.0_think_snr=0.0_seed=4,lease,60,park+prewarm,2.0,0.0,lease,4,739,609,6,0.00975609756097561,0.03048780487804878,609,109.03451757804123,1964.9259992398545,19.752764161676815,600.0000000000005,0,154,0,0,0,0.01307968555443557,0.29843854252439267,2812980566.000408,0.0,0,538.8697518923063,481.7537729352341,726000.0,1148.5210411642238,249,26,0.5850387607529012,0.589569662678267,0.6475153425925926,0.3253266736863102,332.1818181818182,0.46
type=lease_sandbox_idle_timeout_s=60_ablate=park+prewarm_rate_per_min=2.0_think_snr=0.0_seed=5,lease,60,park+prewarm,2.0,0.0,lease,5,1007,771,25,0.031407035175879394,0.11594202898550725,771,118.63280695116146,3093.3577375980367,51.09387767790386,600.0000000000005,0,1042,3,0,0,0.014583563804384567,0.22684504550949613,1875835255.5865867,0.0,0,778.5321767786911,767.6384427933682,955200.0,15542.253728841968,316,6,0.37520170957359267,0.3896764895626,0.8351783979943668,0.33025303790558996,420.54545454545456,0.68
type=lease_sandbox_idle_timeout_s=60_ablate=park+prewarm_rate_per_min=2.0_think_snr=0.0_seed=6,lease,60,park+prewarm,2.0,0.0,lease,6,614,474,10,0.02066115702479339,0.072992700729927,474,258.92949116531145,3047.1729533670705,38.33255565488749,600.0000000000005,0,514,7,0,0,0.009256513344368462,0.428137646764171,2878703400.7450147,0.0,0,1410.3065330595095,1018.6094194940115,660000.0,5648.042598659872,243,28,0.4301445090731751,0.4428422341818358,0.6091937309999029,0.2619951181425483,258.54545454545456,0.45
type=lease_sandbox_idle_timeout_s=60_ablate=park+prewarm_rate_per_min=2.0_think_snr=0.0_seed=7,lease,60,park+prewarm,2.0,0.0,lease,7,784,595,9,0.014900662251655629,0.045454545454545456,595,156.6460508749642,2132.6043927263054,34.054777030040334,600.0000000000005,0,461,1,0,0,0.004729057333124156,0.34039142211771906,2254537064.121663,0.0,0,1738.5340505920135,1599.4831013552089,864000.0,7226.559443478689,239,26,0.4227641630013753,0.4300791641556915,0.6623489249061125,0.28581588653129814,324.54545454545456,0.5
type=lease_sandbox_idle_timeout_s=60_ablate=park+prewarm_rate_per_min=2.0_think_snr=0.0_seed=8,lease,60,park+prewarm,2.0,0.0,lease,8,850,660,15,0.022222222222222223,0.0847457627118644,660,124.09837839902457,3546.4578924313514,12.534852462441137,600.0000000000005,0,742,0,0,0,0.010258455339420118,0.4512505045490777,4028591272.8957033,0.0,0,661.3001063510226,643.4700506427721,858000.0,9878.075398901778,282,10,0.42195944997439594,0.43479944600581194,0.6621827630592787,0.29881087166605774,360.0,0.53
type=lease_sandbox_idle_timeout_s=60_ablate=park+prewarm_rate_per_min=2.0_think_snr=0.0_seed=9,lease,60,park+prewarm,2.0,0.0,lease,9,852,656,20,0.029585798816568046,0.11363636363636363,656,189.06782204166393,2849.9273324639603,23.31121216601968,600.0000000000005,0,732,1,0,0,0.005377451251505458,0.3513197344611992,2769113862.8443446,0.0,0,629.3514025533873,579.1499343865323,805800.0,14134.071187047202,296,17,0.3974607395952909,0.4142107575963568,0.7139029392482519,0.30366629592634664,357.8181818181818,0.57
type=lease_sandbox_idle_timeout_s=60_ablate=park+prewarm_rate_per_min=2.0_think_snr=0.0_seed=10,lease,60,park+prewarm,2.0,0.0,lease,10,709,603,3,0.0049504950495049506,0.022556390977443608,603,215.1469996083506,1880.6532481915162,26.500036441756738,600.0000000000005,0,194,0,0,0,0.002600961475175068,0.2569870504775717,2158575873.117642,0.0,0,1530.8565756910805,1101.2067771729276,616200.0,7790.281975449711,247,19,0.5488562533857125,0.5519823361457648,0.6729182985989705,0.341342026791599,328.90909090909093,0.48
type=lease_sandbox_idle_timeout_s=60_ablate=park+prewarm_rate_per_min=2.0_think_snr=0.9_seed=1,lease,60,park+prewarm,2.0,0.9,lease,1,637,515,3,0.005791505791505791,0.0136986301369863,515,269.2293164797784,1819.0223433523597,38.63168781182515,600.0000000000005,0,210,4,0,0,0.006931071562097732,0.3002328613732936,2209199250.557694,0.0,0,698.5713743335718,454.87822255155265,777600.0,5846.069705499839,303,48,0.5385806756948787,0.540827409305538,0.6948549203736079,0.2838257544650255,280.90909090909093,0.47
type=lease_sandbox_idle_timeout_s=60_ablate=park+prewarm_rate_per_min=2.0_think_snr=0.9_seed=2,lease,60,park+prewarm,2.0,0.9,lease,2,726,554,10,0.01773049645390071,0.07246376811594203,554,242.1642665349541,2178.203985844324,31.46243435063296,600.0000000000005,0,410,2,0,0,0.005403498194664675,0.33075619433593845,1679839647.8477685,0.0,0,1149.6462910282978,807.0736654583038,748200.0,9916.822053621323,262,28,0.4321335801714794,0.44083944099583217,0.6857817757057757,0.3008601438958953,302.1818181818182,0.5
type=lease_sandbox_idle_timeout_s=60_ablate=park+prewarm_rate_per_min=2.0_think_snr=0.9_seed=3,lease,60,park+prewarm,2.0,0.9,lease,3,787,598,15,0.024469820554649267,0.08641975308641975,598,86.709236301195,2253.520967351829,31.312299991155065,600.0000000000005,0,502,1,0,0,0.004941965428131821,0.4305881921025247,3071096094.005385,0.0,0,1018.0457358639876,469.659483947348,791400.0,6644.027425496329,258,27,0.43444922919960577,0.44957295644363177,0.627023236082783,0.27559771603219957,326.1818181818182,0.5
type=lease_sandbox_idle_timeout_s=60_ablate=park+prewarm_rate_per_min=2.0_think_snr=0.9_seed=4,lease,60,park+prewarm,2.0,0.9,lease,4,780,652,4,0.006097560975609756,0.024096385542168676,652,125.70432604471398,1853.6171272454128,10.371257729890889,600.0000000000005,0,196,0,0,0,0.003529355004450464,0.31240247094304846,3341029204.088893,0.0,0,553.5727720607883,469.2405973821453,715200.0,1292.790108489305,222,38,0.5605487815634568,0.5645537798009874,0.6286061056154495,0.30677506395431126,355.6363636363636,0.46
type=lease_sandbox_idle_timeout_s=60_ablate=park+prewarm_rate_per_min=2.0_think_snr=0.9_seed=5,lease,60,park+prewarm,2.0,0.9,lease,5,996,765,28,0.03530895334174023,0.12135922330097088,765,105.42402915059938,3553.8478687580837,36.879684176315315,600.0000000000005,0,1083,2,0,0,0.024726645929070323,0.31432654751602496,2429757492.589646,0.0,0,877.2367833554697,870.8808041293911,891000.0,10881.257165984423,279,8,0.383917928764773,0.4012141765834902,0.783259279910483,0.32263397455942977,417.2727272727273,0.65
type=lease_sandbox_idle_timeout_s=60_ablate=park+prewarm_rate_per_min=2.0_think_snr=0.9_seed=6,lease,60,park+prewarm,2.0,0.9,lease,6,663,526,16,0.02952029520295203,0.09803921568627451,526,235.93368848626824,3298.942248581986,18.773946050583017,600.0000000000005,0,516,2,0,0,0.009920099768667286,0.43440080531840236,3269081745.4725623,0.0,0,1779.0516404155499,1053.8592972954557,654000.0,8027.350151393701,239,34,0.43279547604023383,0.45397362993753543,0.5955031487066175,0.28553557908580585,286.90909090909093,0.46
type=lease_sandbox_idle_timeout_s=60_ablate=park+prewarm_rate_per_min=2.0_think_snr=0.9_seed=7,lease,60,park+prewarm,2.0,0.9,lease,7,778,598,6,0.009933774834437087,0.03076923076923077,598,180.1096818720307,2023.782509653157,29.399543812969565,600.0000000000005,0,472,2,0,0,0.002754070377381792,0.3275410893948781,2421963926.4294066,0.0,0,1084.5579277047163,964.8436373031122,824400.0,6783.764541465301,224,29,0.4505435423697238,0.4559670221947607,0.638301067688099,0.28974834295719193,326.1818181818182,0.5
type=lease_sandbox_idle_timeout_s=60_ablate=park+prewarm_rate_per_min=2.0_think_snr=0.9_seed=8,lease,60,park+prewarm,2.0,0.9,lease,8,828,633,15,0.023148148148148147,0.08620689655172414,633,128.67047996509837,3398.037003933753,14.949120494452563,600.0000000000005,0,707,3,0,0,0.01713000178189601,0.4586477667517752,3959603595.0740914,0.0,0,943.8344922772803,920.3904072384923,811200.0,10868.321660814527,282,15,0.42284015669687686,0.43256215077136206,0.6444640985900674,0.29847097596923594,345.2727272727273,0.55
type=lease_sandbox_idle_timeout_s=60_ablate=park+prewarm_rate_per_min=2.0_think_snr=0.9_seed=9,lease,60,park+prewarm,2.0,0.9,lease,9,865,648,23,0.03427719821162444,0.12637362637362637,648,219.7003696597003,3234.124279842511,55.11618544025699,600.0000000000005,0,807,4,0,0,0.008049144222914244,0.3466840688449596,1388454409.341224,0.0,0,596.5889598938868,574.268643102389,862200.0,13644.691958164613,307,9,0.363097358113183,0.38074109915503673,0.7814045795575952,0.2649819993476046,353.4545454545455,0.61
type=lease_sandbox_idle_timeout_s=60_ablate=park+prewarm_rate_per_min=2.0_think_snr=0.9_seed=10,lease,60,park+prewarm,2.0,0.9,lease,10,697,587,8,0.013445378151260505,0.061068702290076333,587,212.86680745504964,1886.1063276502723,49.825511706222436,600.0000000000005,0,225,2,0,0,0.004268541006038735,0.2322596448508353,1491480763.8917272,0.0,0,1194.345407042249,1089.5090794711846,684600.0,7074.238627972584,264,12,0.5535152697196302,0.5652669410577255,0.7216482698985043,0.31630240250658087,320.1818181818182,0.49
type=lease_sandbox_idle_timeout_s=60_ablate=vtfq+park+prewarm+kv+gang+budget_rate_per_min=2.0_think_snr=0.0_seed=1,lease,60,vtfq+park+prewarm+kv+gang+budget,2.0,0.0,lease,1,656,558,1,0.0017889087656529517,0.006289308176100629,558,188.20117386950187,1635.097859909446,30.975898618855922,600.0000000000005,0,109,1,0,0,0.0019597894175723985,0.31993157419460416,2689124745.703344,0.0,0,0.0,0.0,0.0,0.0,299,57,0.6338536138545496,0.6352765564935793,0.6927429590739121,0.2888906750912113,304.3636363636364,0.44
type=lease_sandbox_idle_timeout_s=60_ablate=vtfq+park+prewarm+kv+gang+budget_rate_per_min=2.0_think_snr=0.0_seed=2,lease,60,vtfq+park+prewarm+kv+gang+budget,2.0,0.0,lease,2,722,561,11,0.019230769230769232,0.07971014492753623,561,239.0805870942877,2174.260496460707,35.89715029906332,600.0000000000005,0,303,3,0,0,0.005496789503287326,0.2877101020220823,1488466146.278751,0.0,0,0.0,0.0,0.0,0.0,256,30,0.4610646806250791,0.4743292059534369,0.6916740717430717,0.30155863979900543,306.0,0.46
type=lease_sandbox_idle_timeout_s=60_ablate=vtfq+park+prewarm+kv+gang+budget_rate_per_min=2.0_think_snr=0.0_seed=3,lease,60,vtfq+park+prewarm+kv+gang+budget,2.0,0.0,lease,3,788,589,20,0.03284072249589491,0.12025316455696203,589,126.69524658067758,2624.3124159196955,33.02369836201078,600.0000000000005,0,487,2,0,0,0.007278590056242587,0.3805936805256795,2922307398.412826,0.0,0,0.0,0.0,0.0,0.0,261,28,0.4153209419459162,0.43431917898691197,0.6714271339031339,0.26201789094342987,321.2727272727273,0.48
type=lease_sandbox_idle_timeout_s=60_ablate=vtfq+park+prewarm+kv+gang+budget_rate_per_min=2.0_think_snr=0.0_seed=4,lease,60,vtfq+park+prewarm+kv+gang+budget,2.0,0.0,lease,4,738,622,7,0.011128775834658187,0.03571428571428571,622,115.14666745744921,1816.5216327862256,12.756612799669382,600.0000000000005,0,139,0,0,0,0.01389123666944372,0.3171404993457469,3266334115.865236,0.0,0,0.0,0.0,0.0,0.0,250,29,0.6079504527266634,0.6136433765337244,0.6429453272832492,0.32089265793052074,339.2727272727273,0.41
type=lease_sandbox_idle_timeout_s=60_ablate=vtfq+park+prewarm+kv+gang+budget_rate_per_min=2.0_think_snr=0.0_seed=5,lease,60,vtfq+park+prewarm+kv+gang+budget,2.0,0.0,lease,5,996,759,39,0.04887218045112782,0.16666666666666666,759,124.26060554437515,3200.4892931536397,48.47183010915915,600.0000000000005,0,933,3,0,0,0.014287325777804259,0.19294592816767742,2076337319.0313935,0.0,0,0.0,0.0,0.0,0.0,325,6,0.3767685699565878,0.4017658843830948,0.8362096117424243,0.32984240923014024,414.0,0.64
type=lease_sandbox_idle_timeout_s=60_ablate=vtfq+park+prewarm+kv+gang+budget_rate_per_min=2.0_think_snr=0.0_seed=6,lease,60,vtfq+park+prewarm+kv+gang+budget,2.0,0.0,lease,6,623,488,14,0.027888446215139442,0.09859154929577464,488,243.23397400325416,3499.822830968844,16.99249042698062,600.0000000000005,0,444,1,0,0,0.010152064499949657,0.42079081058383283,3924450731.861386,0.0,0,0.0,0.0,0.0,0.0,248,28,0.4467305841141077,0.46600575760296287,0.5905277041002979,0.2938033467567171,266.1818181818182,0.41
type=lease_sandbox_idle_timeout_s=60_ablate=vtfq+park+prewarm+kv+gang+budget_rate_per_min=2.0_think_snr=0.0_seed=7,lease,60,vtfq+park+prewarm+kv+gang+budget,2.0,0.0,lease,7,792,619,10,0.01589825119236884,0.04807692307692308,619,167.88779834110574,2286.85158679168,27.510454607724878,600.0000000000005,0,377,1,0,0,0.003180260778428133,0.3280678306477254,2219118199.8499227,0.0,0,0.0,0.0,0.0,0.0,241,26,0.4403236922765766,0.4490907535034499,0.6721992624279657,0.2909062153039491,337.6363636363636,0.48
type=lease_sandbox_idle_timeout_s=60_ablate=vtfq+park+prewarm+kv+gang+budget_rate_per_min=2.0_think_snr=0.0_seed=8,lease,60,vtfq+park+prewarm+kv+gang+budget,2.0,0.0,lease,8,842,665,15,0.022058823529411766,0.08287292817679558,665,124.68514768302975,3439.9787602839356,14.250842046313975,600.0000000000005,0,596,1,0,0,0.012400641697723437,0.3932891326697981,3984617706.0332737,0.0,0,0.0,0.0,0.0,0.0,279,10,0.44758417499808756,0.45921472812517533,0.6776642175561708,0.3249200000165547,362.72727272727275,0.5
type=lease_sandbox_idle_timeout_s=60_ablate=vtfq+park+prewarm+kv+gang+budget_rate_per_min=2.0_think_snr=0.0_seed=9,lease,60,vtfq+park+prewarm+kv+gang+budget,2.0,0.0,lease,9,847,646,25,0.037257824143070044,0.13736263736263737,646,202.57355207781234,2991.301085568075,35.88724796675856,600.0000000000005,0,612,0,0,0,0.010168083144474566,0.3421032233587102,2405870294.309372,0.0,0,0.0,0.0,0.0,0.0,274,17,0.4055434282320203,0.4271597252163928,0.7210087491582492,0.29529061866984163,352.3636363636364,0.52
type=lease_sandbox_idle_timeout_s=60_ablate=vtfq+park+prewarm+kv+gang+budget_rate_per_min=2.0_think_snr=0.0_seed=10,lease,60,vtfq+park+prewarm+kv+gang+budget,2.0,0.0,lease,10,704,592,6,0.010033444816053512,0.046153846153846156,592,201.5896564000509,2029.2192861109188,34.07768338337564,600.0000000000005,0,175,0,0,0,0.0034315774497983586,0.23815730199495494,2344994524.9632335,0.0,0,0.0,0.0,0.0,0.0,244,18,0.5423776582257377,0.5513626830947304,0.6820442099480382,0.3442632603648002,322.90909090909093,0.45
type=lease_sandbox_idle_timeout_s=60_ablate=vtfq+park+prewarm+kv+gang+budget_rate_per_min=2.0_think_snr=0.9_seed=1,lease,60,vtfq+park+prewarm+kv+gang+budget,2.0,0.9,lease,1,640,509,3,0.005859375,0.014084507042253521,509,258.41458688705006,1667.1688153364278,43.25277624347192,600.0000000000005,0,162,1,0,0,0.0014026441824820028,0.3046276361352549,2563981625.8987613,0.0,0,0.0,0.0,0.0,0.0,298,46,0.537414809213119,0.5396286807616903,0.6921285579432142,0.27754395604058313,277.6363636363636,0.42
type=lease_sandbox_idle_timeout_s=60_ablate=vtfq+park+prewarm+kv+gang+budget_rate_per_min=2.0_think_snr=0.9_seed=2,lease,60,vtfq+park+prewarm+kv+gang+budget,2.0,0.9,lease,2,725,557,14,0.024518388791593695,0.0979020979020979,557,233.42937681188687,2568.3276116726074,20.895083445161948,600.0000000000005,0,366,1,0,0,0.007208167660528636,0.3246206044765756,1847313320.5994234,0.0,0,0.0,0.0,0.0,0.0,253,29,0.4327933405625252,0.44483915564642124,0.6783336556753432,0.3101381816160385,303.8181818181818,0.45
type=lease_sandbox_idle_timeout_s=60_ablate=vtfq+park+prewarm+kv+gang+budget_rate_per_min=2.0_think_snr=0.9_seed=3,lease,60,vtfq+park+prewarm+kv+gang+budget,2.0,0.9,lease,3,806,618,21,0.03286384976525822,0.11976047904191617,618,97.8477353376677,2343.483040334046,20.506119604121032,600.0000000000005,0,438,1,0,0,0.007223871020451649,0.4364743496932067,3963724410.1244464,0.0,0,0.0,0.0,0.0,0.0,248,27,0.4468687149842397,0.4647183039921735,0.6195338373195092,0.2768743433551324,337.0909090909091,0.45
type=lease_sandbox_idle_timeout_s=60_ablate=vtfq+park+prewarm+kv+gang+budget_rate_per_min=2.0_think_snr=0.9_seed=4,lease,60,vtfq+park+prewarm+kv+gang+budget,2.0,0.9,lease,4,787,656,4,0.006060606060606061,0.024390243902439025,656,120.34342091237704,2008.1149503504078,12.908189316556513,600.0000000000005,0,153,0,0,0,0.003932122422462281,0.3225282510595843,3559291419.790422,0.0,0,0.0,0.0,0.0,0.0,221,37,0.5630254570502036,0.5670608738920954,0.6383470101576665,0.30343665649579443,357.8181818181818,0.43
type=lease_sandbox_idle_timeout_s=60_ablate=vtfq+park+prewarm+kv+gang+budget_rate_per_min=2.0_think_snr=0.9_seed=5,lease,60,vtfq+park+prewarm+kv+gang+budget,2.0,0.9,lease,5,998,772,33,0.040993788819875775,0.13761467889908258,772,108.55287495096388,3729.667808362288,32.11940632566514,600.0000000000005,0,942,1,0,0,0.020170970696846122,0.2817377910784049,2352663052.9750896,0.0,0,0.0,0.0,0.0,0.0,268,7,0.394005210098269,0.4115174597731436,0.7977880250339938,0.33797097840746126,421.0909090909091,0.6
type=lease_sandbox_idle_timeout_s=60_ablate=vtfq+park+prewarm+kv+gang+budget_rate_per_min=2.0_think_snr=0.9_seed=6,lease,60,vtfq+park+prewarm+kv+gang+budget,2.0,0.9,lease,6,665,517,15,0.02819548872180451,0.0958904109589041,517,192.78746443907676,3276.8224105800414,19.02191498105716,600.0000000000005,0,484,2,0,0,0.01114856059275201,0.4472561572308599,3042131187.739703,0.0,0,0.0,0.0,0.0,0.0,232,35,0.44045425657796555,0.45934695354116245,0.5976709863620177,0.28473585609630886,282.0,0.44
type=lease_sandbox_idle_timeout_s=60_ablate=vtfq+park+prewarm+kv+gang+budget_rate_per_min=2.0_think_snr=0.9_seed=7,lease,60,vtfq+park+prewarm+kv+gang+budget,2.0,0.9,lease,7,790,614,11,0.0176,0.05472636815920398,614,176.9314986590498,2422.332265944745,18.36502247596997,600.0000000000005,0,403,0,0,0,0.003051625488436178,0.3084618781139416,2472954520.77608,0.0,0,0.0,0.0,0.0,0.0,228,28,0.46209128021332807,0.472458182917741,0.6513627804568118,0.2934163586171604,334.90909090909093,0.46
type=lease_sandbox_idle_timeout_s=60_ablate=vtfq+park+prewarm+kv+gang+budget_rate_per_min=2.0_think_snr=0.9_seed=8,lease,60,vtfq+park+prewarm+kv+gang+budget,2.0,0.9,lease,8,849,651,20,0.029806259314456036,0.10857142857142857,651,148.7854544042657,3628.466958018852,12.302918714771087,600.0000000000005,0,610,0,0,0,0.012104402442479668,0.4555074072131185,4016135952.5947685,0.0,0,0.0,0.0,0.0,0.0,278,13,0.43643335342268247,0.4560077862074839,0.6562602700482388,0.29497616497765194,355.0909090909091,0.5
type=lease_sandbox_idle_timeout_s=60_ablate=vtfq+park+prewarm+kv+gang+budget_rate_per_min=2.0_think_snr=0.9_seed=9,lease,60,vtfq+park+prewarm+kv+gang+budget,2.0,0.9,lease,9,858,655,30,0.043795620437956206,0.15463917525773196,655,243.029486931458,3608.241795184716,27.177000573188288,600.0000000000005,0,687,2,0,0,0.008492673140064539,0.3467657633387073,1519625509.4423563,0.0,0,0.0,0.0,0.0,0.0,293,11,0.3994852758744021,0.4265841141185269,0.7737379552698459,0.2879591782800691,357.2727272727273,0.54
type=lease_sandbox_idle_timeout_s=60_ablate=vtfq+park+prewarm+kv+gang+budget_rate_per_min=2.0_think_snr=0.9_seed=10,lease,60,vtfq+park+prewarm+kv+gang+budget,2.0,0.9,lease,10,695,583,7,0.011864406779661017,0.0546875,583,211.00457804950202,1922.7767540181396,35.404672435891065,600.0000000000002,0,170,4,0,0,0.004387989106770865,0.24693629333696113,1637323226.54998,0.0,0,0.0,0.0,0.0,0.0,262,15,0.5698494470174699,0.5794082812945567,0.7142775183080808,0.32676995304886297,318.0,0.45
type=lease_sandbox_idle_timeout_s=300_ablate=_rate_per_min=2.0_think_snr=0.0_seed=1,lease,300,,2.0,0.0,lease,1,654,561,2,0.003552397868561279,0.012269938650306749,561,183.40286134093026,1586.3677658538854,60.98722706074678,600.0000000000002,0,82,0,0,0,0.002768957223101876,0.32477786055018026,2222313545.2109575,7151.71687269662,40,690.8837235547322,494.788831552549,824400.0,3445.6511905092075,300,66,0.655725316723189,0.6567095958743102,0.7172000106392451,0.29433962509985717,306.0,0.49
type=lease_sandbox_idle_timeout_s=300_ablate=_rate_per_min=2.0_think_snr=0.0_seed=2,lease,300,,2.0,0.0,lease,2,738,590,4,0.006734006734006734,0.027586206896551724,590,287.87811642192196,2362.215454009235,48.601026103829376,600.0000000000005,0,287,5,0,0,0.005886440910753498,0.34405263161867505,1171643065.6044376,4237.108340264094,28,915.18450413977,577.7342872393849,796200.0,9267.374644350411,247,32,0.48400687298258566,0.48817345207988105,0.7268841588076276,0.3136260655208231,321.8181818181818,0.53
type=lease_sandbox_idle_timeout_s=300_ablate=_rate_per_min=2.0_think_snr=0.0_seed=3,lease,300,,2.0,0.0,lease,3,809,623,12,0.01889763779527559,0.06547619047619048,623,161.85201251782178,2294.076371231107,55.82033153788846,600.0000000000005,0,416,1,0,0,0.0025949499275035514,0.40992695981341415,2213995103.6442924,4918.430787448926,36,1050.139178516833,493.14813531161235,844800.0,8678.150546210716,268,28,0.42539847473345754,0.43671127142802224,0.6986269544483295,0.29154057444526726,339.8181818181818,0.54
type=lease_sandbox_idle_timeout_s=300_ablate=_rate_per_min=2.0_think_snr=0.0_seed=4,lease,300,,2.0,0.0,lease,4,762,652,6,0.00911854103343465,0.02824858757062147,652,135.9702710784627,1907.359572222507,21.338144355925447,600.0,0,107,0,0,0,0.007809997977971874,0.32889975195952803,1968331769.1354578,3989.7608726106487,25,563.4654263833406,354.56073721203165,747000.0,1395.4789620381848,258,41,0.646578020638036,0.6521744041338793,0.7010435512739576,0.3262495254467007,355.6363636363636,0.5
type=lease_sandbox_idle_timeout_s=300_ablate=_rate_per_min=2.0_think_snr=0.0_seed=5,lease,300,,2.0,0.0,lease,5,1004,784,21,0.02608695652173913,0.09259259259259259,784,194.67196596830672,3097.3614468171236,80.76218885285186,600.0000000000005,0,966,1,0,0,0.007413429935733751,0.27202933025400444,1795623494.5189059,1262.265765500665,13,887.0151157421178,881.9175442785819,964800.0,15948.214523375893,300,5,0.39463859147201824,0.4097709410494723,0.8370363490068958,0.3402617417026723,427.6363636363636,0.69
type=lease_sandbox_idle_timeout_s=300_ablate=_rate_per_min=2.0_think_snr=0.0_seed=6,lease,300,,2.0,0.0,lease,6,645,521,7,0.013257575757575758,0.046052631578947366,521,373.58696780359696,2994.8310417087832,41.801822508363166,600.0000000000005,0,308,3,0,0,0.006037048762903764,0.40198192598371907,2387126638.7878656,2678.701953328776,13,1413.464167335579,1039.7786130119227,708600.0,5639.445413541913,263,22,0.5095703175309705,0.5195398723579209,0.6678518569711539,0.30075357104614076,284.1818181818182,0.5
type=lease_sandbox_idle_timeout_s=300_ablate=_rate_per_min=2.0_think_snr=0.0_seed=7,lease,300,,2.0,0.0,lease,7,802,633,7,0.0109375,0.03333333333333333,633,210.33901418185633,2033.405250199786,102.54125016005035,600.0000000000005,0,347,0,0,0,0.008144327134546579,0.3569042334153508,1745883487.615922,2368.5811777475515,19,1364.6860260326453,1121.8425193337719,901200.0,8854.009759387209,250,27,0.44762144760962447,0.4541913226452827,0.7087116722837348,0.2939280804597982,345.2727272727273,0.55
type=lease_sandbox_idle_timeout_s=300_ablate=_rate_per_min=2.0_think_snr=0.0_seed=8,lease,300,,2.0,0.0,lease,8,880,706,9,0.012587412587412588,0.05,706,193.9523904763126,2732.865744942636,25.402635915514267,600.0000000000005,0,598,0,0,0,0.007938983627247398,0.4446746110080427,3341561791.0733232,1847.0712346603145,19,799.3886169880509,625.8721987947422,873000.0,10219.830564697044,299,13,0.4568874454305671,0.46544173743470496,0.7262563069234007,0.3290233600617597,385.0909090909091,0.57
type=lease_sandbox_idle_timeout_s=300_ablate=_rate_per_min=2.0_think_snr=0.0_seed=9,lease,300,,2.0,0.0,lease,9,856,672,16,0.023255813953488372,0.08695652173913043,672,335.66236019610346,2512.745136282076,36.95215424781654,600.0000000000005,0,589,1,0,0,0.0037916740402451736,0.34666042687550325,1757894424.8105447,950.39803317492,2,674.0812905543635,621.9274802846339,834600.0,12751.873759167318,306,23,0.42861833443792685,0.44238630295973974,0.7694668690632285,0.31740292256365077,366.54545454545456,0.6
type=lease_sandbox_idle_timeout_s=300_ablate=_rate_per_min=2.0_think_snr=0.0_seed=10,lease,300,,2.0,0.0,lease,10,722,616,3,0.004846526655896607,0.021897810218978103,616,219.40098655992006,1932.3207200764223,45.58230138538902,600.0000000000005,0,129,1,0,0,0.00340299197501013,0.2779554125823598,1348085055.6839466,1370.750139217436,13,1448.9408305038678,934.0781967010707,630600.0,4711.977757198085,248,21,0.5937705843505499,0.597516889992849,0.730739417759324,0.3490427264289158,336.0,0.49
type=lease_sandbox_idle_timeout_s=300_ablate=_rate_per_min=2.0_think_snr=0.9_seed=1,lease,300,,2.0,0.9,lease,1,635,522,2,0.003816793893129771,0.006756756756756757,522,271.82582901599335,1760.2847578070014,77.9214432041615,600.0000000000005,0,158,4,0,0,0.008300441767456297,0.3086846209347797,1696065245.1209302,2486.9045389184007,10,713.0228073983683,554.6770514811706,805200.0,5634.477989345859,311,32,0.5681030684877185,0.5688040590926307,0.7160349700692826,0.28376212308602267,284.72727272727275,0.5
type=lease_sandbox_idle_timeout_s=300_ablate=_rate_per_min=2.0_think_snr=0.9_seed=2,lease,300,,2.0,0.9,lease,2,727,571,5,0.008680555555555556,0.035211267605633804,571,310.83967535142483,2202.372011513764,38.34924134162674,600.0000000000005,0,336,6,0,0,0.0041587692346537995,0.3297963545099919,1692450500.924989,3563.775169682028,26,1228.391491287381,893.6577115042467,741000.0,9538.9948356886,254,25,0.4550083392484447,0.4599290484530198,0.7072238030667249,0.32600016116373837,311.45454545454544,0.52
type=lease_sandbox_idle_timeout_s=300_ablate=_rate_per_min=2.0_think_snr=0.9_seed=3,lease,300,,2.0,0.9,lease,3,790,608,12,0.01935483870967742,0.06666666666666667,608,136.48185225132465,2106.866015944184,42.872000260285105,600.0000000000005,0,491,1,0,0,0.0025629438912514973,0.41954567923682334,2768303012.9406266,4405.800708035051,35,1017.7784370795126,507.202311317114,788400.0,8974.516664380397,256,26,0.44736718044038914,0.45908334878224466,0.6537659629912911,0.2891490653329717,331.6363636363636,0.52
type=lease_sandbox_idle_timeout_s=300_ablate=_rate_per_min=2.0_think_snr=0.9_seed=4,lease,300,,2.0,0.9,lease,4,804,676,3,0.004418262150220913,0.017341040462427744,676,135.08279880390955,1945.3540081467418,20.569253332589565,600.0000000000005,0,133,0,0,0,0.002113908001407173,0.3312506836887292,2683857184.4618416,6485.12959463902,25,573.3607396668024,508.8065496833169,739800.0,2170.044534067072,231,25,0.5946099544906558,0.5971729984696714,0.6653459089816434,0.3253586762215502,368.72727272727275,0.49
type=lease_sandbox_idle_timeout_s=300_ablate=_rate_per_min=2.0_think_snr=0.9_seed=5,lease,300,,2.0,0.9,lease,5,994,761,23,0.029336734693877552,0.10344827586206896,761,182.38750579882003,3351.1657056278345,56.4388169777932,600.0000000000005,0,977,3,0,0,0.010826519864135986,0.2863211453852309,1885886354.9811008,695.0041657066604,12,894.6009739881483,883.2305802444105,856200.0,11017.957224170928,265,9,0.39911206071950356,0.41511105001045434,0.801405960988086,0.34773243815829163,415.0909090909091,0.68
type=lease_sandbox_idle_timeout_s=300_ablate=_rate_per_min=2.0_think_snr=0.9_seed=6,lease,300,,2.0,0.9,lease,6,668,533,14,0.025594149908592323,0.08280254777070063,533,332.2270728989415,2939.2592331006017,27.075442499968805,600.0000000000005,0,432,1,0,0,0.007408537517185464,0.43322789703293246,2701267041.18237,3783.446960271409,26,1486.3227188241465,1057.2371138720891,668400.0,7476.628263592186,249,34,0.47065994877914097,0.4903024045289834,0.635291833875615,0.3016923756960687,290.72727272727275,0.49
type=lease_sandbox_idle_timeout_s=300_ablate=_rate_per_min=2.0_think_snr=0.9_seed=7,lease,300,,2.0,0.9,lease,7,804,650,9,0.013657056145675266,0.04128440366972477,650,200.69391310908645,2114.0979741088777,36.84414188228304,600.0000000000005,0,361,3,0,0,0.013992995459459345,0.33865979912032995,1574596055.9330804,5134.014523046309,20,778.565804770751,562.1713511526391,864600.0,6840.92089957211,242,26,0.49359703657722376,0.5018747163063424,0.7009814365813585,0.30689229870091406,354.54545454545456,0.54
type=lease_sandbox_idle_timeout_s=300_ablate=_rate_per_min=2.0_think_snr=0.9_seed=8,lease,300,,2.0,0.9,lease,8,850,670,8,0.011799410029498525,0.046511627906976744,670,256.4913632048507,3090.005361777331,35.15762464623809,600.0000000000005,0,588,0,0,0,0.008191545007141046,0.43086525957203564,3324046505.576149,4021.130821073345,13,855.7057091634233,829.9219874775567,795600.0,9696.299184378118,296,14,0.44454155790906136,0.45093069512619965,0.7032395500801282,0.32974205546843727,365.4545454545455,0.57
type=lease_sandbox_idle_timeout_s=300_ablate=_rate_per_min=2.0_think_snr=0.9_seed=9,lease,300,,2.0,0.9,lease,9,886,682,15,0.021520803443328552,0.08241758241758242,682,332.6021389305149,2967.390708502034,56.88732723982236,600.0000000000005,0,710,2,0,0,0.005187221675419357,0.3251862730914876,990827117.5654546,652.3852462030496,7,657.5405631386958,633.9398768044755,883800.0,17136.606890927746,312,13,0.399198561816246,0.41148326387269296,0.8170370100888695,0.294383490066801,372.0,0.63
type=lease_sandbox_idle_timeout_s=300_ablate=_rate_per_min=2.0_think_snr=0.9_seed=10,lease,300,,2.0,0.9,lease,10,698,599,5,0.008278145695364239,0.03787878787878788,599,245.04552438819064,1943.0366972579343,55.13399394808941,600.0,0,169,2,0,0,0.006043990207855845,0.25768195081740924,1205980952.0029233,622.9209946547553,8,1543.7528030010828,947.1930049459961,673800.0,4997.747399894958,263,13,0.5755705333763911,0.5796420318394258,0.7391611678159804,0.3398962081041394,326.72727272727275,0.52
type=lease_sandbox_idle_timeout_s=300_ablate=vtfq_rate_per_min=2.0_think_snr=0.0_seed=1,lease,300,vtfq,2.0,0.0,lease,1,650,550,2,0.0036231884057971015,0.0125,550,185.49498443693824,1679.6853377967248,34.98942656405482,600.0000000000002,0,87,4,0,0,0.004352886832201063,0.32353007206022355,2330142231.460137,6882.816004742125,39,966.8474095297189,483.430232045411,816600.0,3482.03808145986,300,66,0.653489889408142,0.6544397190400851,0.7110168020914271,0.296486233617399,300.0,0.49
type=lease_sandbox_idle_timeout_s=300_ablate=vtfq_rate_per_min=2.0_think_snr=0.0_seed=2,lease,300,vtfq,2.0,0.0,lease,2,730,572,7,0.012089810017271158,0.04895104895104895,572,320.7999969975574,2636.2115370749198,47.98708343659508,600.0000000000005,0,227,3,0,0,0.004844518731136345,0.30060826255105966,1160275996.7540085,3933.9377086912255,20,937.5922291546182,598.3672942277699,780000.0,9395.824543007393,248,35,0.4712104613753948,0.4785558882970392,0.7187723494925213,0.30928120502612594,312.0,0.53
type=lease_sandbox_idle_timeout_s=300_ablate=vtfq_rate_per_min=2.0_think_snr=0.0_seed=3,lease,300,vtfq,2.0,0.0,lease,3,813,628,17,0.02635658914728682,0.09580838323353294,628,171.3529213669501,2122.280250099561,52.520854515877986,600.0000000000005,0,343,3,0,0,0.0030615184149490253,0.41155313609476524,2045714040.3735213,4918.430787448926,36,1063.846623136817,506.85557993159637,838800.0,8404.894597564,260,28,0.43394171425050937,0.45012631568675376,0.6979542751068376,0.28142513547268344,342.54545454545456,0.55
type=lease_sandbox_idle_timeout_s=300_ablate=vtfq_rate_per_min=2.0_think_snr=0.0_seed=4,lease,300,vtfq,2.0,0.0,lease,4,761,650,5,0.007633587786259542,0.023121387283236993,650,129.88684175362596,1953.5859399177439,16.288549558374694,600.0,0,103,4,0,0,0.005529134323616421,0.31911966457206326,1922669734.292719,3771.253402405178,23,547.2373224855312,373.60271557425017,749400.0,1447.2538182399408,252,36,0.6407106895016634,0.6457591833303733,0.7101302234079577,0.32923410326940555,354.54545454545456,0.49
type=lease_sandbox_idle_timeout_s=300_ablate=vtfq_rate_per_min=2.0_think_snr=0.0_seed=5,lease,300,vtfq,2.0,0.0,lease,5,1034,803,34,0.04062126642771804,0.14285714285714285,803,158.10246807441058,3628.834268334803,45.67525969412734,600.0000000000005,0,809,3,0,0,0.01735520265429281,0.30479152638546586,1430541620.4304152,1262.8977325369933,13,541.7670309462655,535.007613058359,1008600.0,17708.905038483128,310,8,0.4150443378778197,0.43562593656431076,0.8736050551306334,0.3402648687555139,438.0,0.7
type=lease_sandbox_idle_timeout_s=300_ablate=vtfq_rate_per_min=2.0_think_snr=0.0_seed=6,lease,300,vtfq,2.0,0.0,lease,6,644,513,11,0.02099236641221374,0.07333333333333333,513,382.3826769855755,3027.5514783146346,37.85707059468626,600.0000000000005,0,300,4,0,0,0.005893816139652353,0.40153860342558423,2628771858.891287,2678.701953328776,13,1478.2002472162803,1104.514692892624,672000.0,6192.909214457446,250,22,0.4852802291110114,0.501440079207208,0.6387358670316953,0.3024669587555928,279.8181818181818,0.48
type=lease_sandbox_idle_timeout_s=300_ablate=vtfq_rate_per_min=2.0_think_snr=0.0_seed=7,lease,300,vtfq,2.0,0.0,lease,7,805,639,7,0.010835913312693499,0.028846153846153848,639,193.44777096341045,1928.9475275569127,32.37143827555783,600.0000000000005,0,285,2,0,0,0.007118513233976257,0.3468089238601754,1643171801.7162943,2291.1513405293167,20,1068.820243327044,862.6788495748822,900600.0,9106.454655447877,250,29,0.4704586222615312,0.47769583911715846,0.7134553517304455,0.2990721603940431,348.54545454545456,0.55
type=lease_sandbox_idle_timeout_s=300_ablate=vtfq_rate_per_min=2.0_think_snr=0.0_seed=8,lease,300,vtfq,2.0,0.0,lease,8,870,688,11,0.015736766809728183,0.06111111111111111,688,220.65695112448736,2920.324776071344,30.312651210932028,600.0000000000005,0,487,2,0,0,0.007562337423636255,0.4312143989735228,2901419624.6753497,1821.1947830089891,18,774.2741726935958,629.0904847147615,885000.0,10888.954720463493,277,14,0.4517941147865345,0.4609940237947554,0.7444829668682013,0.3187548194071904,375.2727272727273,0.57
type=lease_sandbox_idle_timeout_s=300_ablate=vtfq_rate_per_min=2.0_think_snr=0.0_seed=9,lease,300,vtfq,2.0,0.0,lease,9,843,652,20,0.02976190476190476,0.10752688172043011,652,307.0045302765353,2814.072957074171,42.03116016641013,600.0000000000005,0,506,0,0,0,0.0040525745806592175,0.3372967177205916,1521176061.334037,814.9615721182752,2,658.00261497524,606.5056941865951,828000.0,12760.358622131182,279,21,0.42248553441519,0.43842901598726775,0.777259280950531,0.30222866065686815,355.6363636363636,0.6
type=lease_sandbox_idle_timeout_s=300_ablate=vtfq_rate_per_min=2.0_think_snr=0.0_seed=10,lease,300,vtfq,2.0,0.0,lease,10,716,604,3,0.004942339373970346,0.022222222222222223,604,207.96425415541154,1845.6070630983054,43.20754997523359,600.0000000000002,0,128,1,0,0,0.0028125248971468684,0.2736835127339285,1416711681.7315147,1797.1095387923801,10,1433.610848140321,948.1463402838965,645000.0,4304.495110416134,246,23,0.5905512749854254,0.5941478834359137,0.7268880337833463,0.340944665865888,329.4545454545455,0.5
type=lease_sandbox_idle_timeout_s=300_ablate=vtfq_rate_per_min=2.0_think_snr=0.9_seed=1,lease,300,vtfq,2.0,0.9,lease,1,628,512,2,0.0038910505836575876,0.006666666666666667,512,290.33175196800175,1647.1304561273837,34.52905221619804,600.0,0,123,3,0,0,0.00727991138543316,0.301910526320053,1770152728.892669,2501.436747837671,11,704.5101950840078,542.8065202658661,787200.0,5944.385478685364,302,33,0.5607659048969736,0.5615468042281873,0.7227703224957913,0.2812679021507469,279.2727272727273,0.5
type=lease_sandbox_idle_timeout_s=300_ablate=vtfq_rate_per_min=2.0_think_snr=0.9_seed=2,lease,300,vtfq,2.0,0.9,lease,2,735,568,8,0.013888888888888888,0.05517241379310345,568,276.97906273893113,2110.9500570775235,34.09995078783879,600.0000000000005,0,273,2,0,0,0.0033918715412338475,0.33562177049666375,1276148560.883964,3563.772975354962,26,1240.846417031082,909.1633809840721,747600.0,9245.269117238931,262,24,0.43500327621719526,0.43949132942656893,0.7307394992796556,0.30561761424658956,309.8181818181818,0.52
type=lease_sandbox_idle_timeout_s=300_ablate=vtfq_rate_per_min=2.0_think_snr=0.9_seed=3,lease,300,vtfq,2.0,0.9,lease,3,800,614,16,0.025396825396825397,0.09036144578313253,614,119.81868204722593,1974.75515406175,43.42142307225831,600.0000000000005,0,369,3,0,0,0.003821302920180096,0.4283148593052433,2871892040.457396,4405.800708035051,35,1014.1193776482916,503.5432518858929,801600.0,7882.433764009995,257,26,0.4404221753542743,0.45675109055103313,0.6540493169151451,0.2783032855086689,334.90909090909093,0.52
type=lease_sandbox_idle_timeout_s=300_ablate=vtfq_rate_per_min=2.0_think_snr=0.9_seed=4,lease,300,vtfq,2.0,0.9,lease,4,798,673,3,0.004437869822485207,0.01764705882352941,673,128.46874331111485,1878.9144084374054,19.832336618243506,600.0000000000005,0,120,1,0,0,0.0023187980465865184,0.3320405638842026,2781894154.3264055,5478.480722910393,24,583.0745555877386,514.6973818941487,729600.0,2339.9367369416423,227,34,0.6010021883202497,0.6036321457603178,0.6665232793277326,0.32411796838649237,367.0909090909091,0.49
type=lease_sandbox_idle_timeout_s=300_ablate=vtfq_rate_per_min=2.0_think_snr=0.9_seed=5,lease,300,vtfq,2.0,0.9,lease,5,982,740,35,0.04516129032258064,0.15841584158415842,740,148.4936601269817,3673.2177362954594,46.83400083316709,600.0000000000005,0,920,0,0,0,0.012791938616527191,0.28678145094720225,2013129273.7209616,678.8773507875162,10,1208.7766943006845,1198.8592377686448,850800.0,14584.596972877205,270,10,0.3893570075294108,0.41123160958254623,0.8007797943173725,0.35930727475727264,403.6363636363636,0.66
type=lease_sandbox_idle_timeout_s=300_ablate=vtfq_rate_per_min=2.0_think_snr=0.9_seed=6,lease,300,vtfq,2.0,0.9,lease,6,678,544,14,0.025089605734767026,0.08552631578947369,544,352.5715615862582,3245.670382827142,25.629362536191234,600.0000000000005,0,375,0,0,0,0.006633775935129496,0.4265274799954904,2554954107.5788527,3602.9827607700595,26,1727.8974613045598,1039.396817768826,685800.0,6894.509000358701,248,33,0.47815074636293986,0.4983158240943988,0.6512598632761915,0.30229027010170445,296.72727272727275,0.51
type=lease_sandbox_idle_timeout_s=300_ablate=vtfq_rate_per_min=2.0_think_snr=0.9_seed=7,lease,300,vtfq,2.0,0.9,lease,7,812,657,7,0.010542168674698794,0.03225806451612903,657,206.85125966564067,2108.9677796924966,23.32834847455312,600.0000000000005,0,285,9,0,0,0.010643587658259844,0.34153096942661415,1838661771.8083625,4252.8415998117,22,1079.648010642631,478.8509716205306,855000.0,6356.6076525970775,234,24,0.5021328185010777,0.509375225735324,0.6887520658670034,0.30350343363738475,358.3636363636364,0.52
type=lease_sandbox_idle_timeout_s=300_ablate=vtfq_rate_per_min=2.0_think_snr=0.9_seed=8,lease,300,vtfq,2.0,0.9,lease,8,872,685,15,0.02142857142857143,0.07909604519774012,685,203.0703691112435,3177.040405471625,22.67841266621817,600.0000000000005,0,470,0,0,0,0.01600687400876871,0.4387893513993074,3031059178.791865,4021.130821073345,13,824.3052156731142,797.0469040906089,826800.0,9707.36630018568,289,13,0.46005607270166476,0.4732526104428573,0.7181865921474359,0.32516765631837297,373.6363636363636,0.57
type=lease_sandbox_idle_timeout_s=300_ablate=vtfq_rate_per_min=2.0_think_snr=0.9_seed=9,lease,300,vtfq,2.0,0.9,lease,9,881,671,20,0.02894356005788712,0.10752688172043011,671,351.8142160751361,3127.175877553807,66.53077635074358,600.0000000000005,0,575,1,0,0,0.003901397469744059,0.32251005920819825,1043658792.6794771,685.0186076906026,7,685.7489688542005,661.2724503813513,876600.0,16448.695835224804,300,12,0.39893027284224775,0.41587957917390345,0.812317636375777,0.2864145010980627,366.0,0.63
type=lease_sandbox_idle_timeout_s=300_ablate=vtfq_rate_per_min=2.0_think_snr=0.9_seed=10,lease,300,vtfq,2.0,0.9,lease,10,706,599,5,0.008278145695364239,0.03787878787878788,599,242.46677434482444,2043.586968498349,58.50555645455217,600.0000000000005,0,128,0,0,0,0.004499455800697497,0.26738073622881386,1295267048.6638546,629.3133237289858,6,1273.4442897906515,1022.848014028227,691200.0,4513.591203964233,259,12,0.5785364708752881,0.5842317191455939,0.7473151524499806,0.3214836370151332,326.72727272727275,0.53
type=lease_sandbox_idle_timeout_s=300_ablate=park+prewarm_rate_per_min=2.0_think_snr=0.0_seed=1,lease,300,park+prewarm,2.0,0.0,lease,1,617,506,8,0.01556420233463035,0.053691275167785234,506,162.3654000924181,2008.659269487234,12.9064501228479,600.0000000000005,0,274,0,0,0,0.0026208525512488447,0.35552380874051137,3783770962.0081954,0.0,0,630.1123395066317,503.9735027838383,774600.0,5810.865448781779,277,31,0.516337070105641,0.5300881703895721,0.589466173582783,0.24410912402118595,276.0,0.42
type=lease_sandbox_idle_timeout_s=300_ablate=park+prewarm_rate_per_min=2.0_think_snr=0.0_seed=2,lease,300,park+prewarm,2.0,0.0,lease,2,678,486,18,0.03571428571428571,0.144,486,149.85789071751105,2328.071769255252,15.594245062054508,600.0000000000005,0,501,1,0,0,0.007316536059786663,0.31617307849431475,3059504853.5963254,0.0,0,807.5980993982085,489.0989923872585,745800.0,8451.660971208057,239,24,0.38871980366893605,0.40864981977676673,0.5816847283572909,0.27554444663584926,265.0909090909091,0.44
type=lease_sandbox_idle_timeout_s=300_ablate=park+prewarm_rate_per_min=2.0_think_snr=0.0_seed=3,lease,300,park+prewarm,2.0,0.0,lease,3,756,546,27,0.04712041884816754,0.1592356687898089,546,75.315363665203,2866.082116669946,3.535923771317516,600.0000000000005,0,660,0,0,0,0.012953137977335459,0.4248453675581712,3834346960.13165,0.0,0,796.5007063289138,294.94637939369704,763200.0,5560.459723139861,268,18,0.39090818751855044,0.4155264179083589,0.5701454067275318,0.2600817122199415,297.8181818181818,0.47
type=lease_sandbox_idle_timeout_s=300_ablate=park+prewarm_rate_per_min=2.0_think_snr=0.0_seed=4,lease,300,park+prewarm,2.0,0.0,lease,4,704,561,10,0.017513134851138354,0.058823529411764705,561,90.29263530712069,2006.0143647617658,8.548874919353995,600.0000000000005,0,289,0,0,0,0.014840689656092051,0.3266170274153192,4358132445.517398,0.0,0,459.95489730424873,414.1799470962476,709800.0,2546.349979262366,228,19,0.47345429657516314,0.4828209643054643,0.5516917642692956,0.27183705103548306,306.0,0.42
type=lease_sandbox_idle_timeout_s=300_ablate=park+prewarm_rate_per_min=2.0_think_snr=0.0_seed=5,lease,300,park+prewarm,2.0,0.0,lease,5,976,706,44,0.058666666666666666,0.21890547263681592,706,68.97598133365898,3833.631855561583,22.040656371236622,600.0000000000005,0,1273,1,0,0,0.01752729149881626,0.22417767079073897,3548307686.1566834,0.0,0,810.4736120190425,805.8547672473546,865800.0,15906.790633040964,298,4,0.32841660923205207,0.3559107156719008,0.7189154152178839,0.2954851897134948,385.0909090909091,0.6
type=lease_sandbox_idle_timeout_s=300_ablate=park+prewarm_rate_per_min=2.0_think_snr=0.0_seed=6,lease,300,park+prewarm,2.0,0.0,lease,6,604,441,27,0.057692307692307696,0.20149253731343283,441,153.59230600496085,3626.8085792573565,16.095819648834386,600.0000000000005,0,633,0,0,0,0.011651427453260471,0.4219113583601048,3512747488.609492,0.0,0,1147.3899870630025,798.4756148530133,617400.0,4580.363476142857,232,22,0.3806145501417649,0.41570194149936646,0.551170049153393,0.24701755351290572,240.54545454545456,0.43
type=lease_sandbox_idle_timeout_s=300_ablate=park+prewarm_rate_per_min=2.0_think_snr=0.0_seed=7,lease,300,park+prewarm,2.0,0.0,lease,7,739,529,13,0.023985239852398525,0.07262569832402235,529,137.22013161894392,2460.4285308557346,18.893548109976283,600.0000000000005,0,655,0,0,0,0.0037439450150392414,0.3413225897994973,3422130712.7170253,0.0,0,1446.2105797531785,1388.8724088533536,810000.0,7456.216545674411,231,15,0.3706301971936588,0.38033116388901844,0.583951849537037,0.26016878651226827,288.54545454545456,0.46
type=lease_sandbox_idle_timeout_s=300_ablate=park+prewarm_rate_per_min=2.0_think_snr=0.0_seed=8,lease,300,park+prewarm,2.0,0.0,lease,8,803,598,34,0.05379746835443038,0.19428571428571428,598,90.66012818808906,3710.555025936304,5.625779448659779,600.0000000000005,0,840,0,0,0,0.01711038806790604,0.4855130244739765,4793585872.694974,0.0,0,620.1325204947418,604.6195210781111,754800.0,9040.997138457553,242,5,0.3655059372861717,0.39878598166827167,0.5775001985722611,0.24936842083833985,326.1818181818182,0.48
type=lease_sandbox_idle_timeout_s=300_ablate=park+prewarm_rate_per_min=2.0_think_snr=0.0_seed=9,lease,300,park+prewarm,2.0,0.0,lease,9,820,611,37,0.05709876543209876,0.20555555555555555,611,139.31921419548598,3655.637137415438,15.477432724182707,600.0000000000005,0,894,0,0,0,0.01146210577631958,0.31617832388920636,3549043220.4839315,0.0,0,743.9860553393364,726.02528796616,768000.0,10796.332535306989,274,9,0.34768335808168616,0.37606106270792494,0.643026762982388,0.25076830624521473,333.2727272727273,0.51
type=lease_sandbox_idle_timeout_s=300_ablate=park+prewarm_rate_per_min=2.0_think_snr=0.0_seed=10,lease,300,park+prewarm,2.0,0.0,lease,10,666,540,10,0.01818181818181818,0.08403361344537816,540,127.10180135591486,2084.6162184560967,1.9897314811553128,600.0000000000005,0,372,0,0,0,0.008136485610172682,0.2693719907991665,4238553455.712527,0.0,0,1301.72293996525,994.9359044510597,542400.0,11714.364136816712,227,14,0.43853080169525477,0.4525468360369627,0.549661375671782,0.29090854789286463,294.54545454545456,0.43
type=lease_sandbox_idle_timeout_s=300_ablate=park+prewarm_rate_per_min=2.0_think_snr=0.9_seed=1,lease,300,park+prewarm,2.0,0.9,lease,1,591,463,7,0.014893617021276596,0.04477611940298507,463,213.18617100773645,2001.5010261331029,18.84234099002428,600.0000000000005,0,334,2,0,0,0.007867596888154752,0.2963830838202378,2776968408.1008854,0.0,0,386.88424291714546,304.44033970894884,789000.0,5386.312681540375,296,9,0.45962915178766917,0.46501036571146315,0.6153241948248511,0.2483246012178158,252.54545454545456,0.42
type=lease_sandbox_idle_timeout_s=300_ablate=park+prewarm_rate_per_min=2.0_think_snr=0.9_seed=2,lease,300,park+prewarm,2.0,0.9,lease,2,666,477,17,0.03441295546558704,0.1328125,477,172.79253995809222,2632.358386141656,8.91852214608618,600.0000000000005,0,559,0,0,0,0.005508103592867329,0.3113709948232245,3123746508.564902,0.0,0,1111.6834793651294,507.4160317455062,732600.0,7266.383113143483,253,26,0.37469428417376227,0.3929156223964794,0.5886036546919515,0.2684232566822939,260.1818181818182,0.45
type=lease_sandbox_idle_timeout_s=300_ablate=park+prewarm_rate_per_min=2.0_think_snr=0.9_seed=3,lease,300,park+prewarm,2.0,0.9,lease,3,753,534,26,0.04642857142857143,0.15436241610738255,534,64.56448709496044,3328.131485065978,4.6361010688862105,600.0000000000005,0,670,0,0,0,0.011936480365392589,0.4589524960310026,4573856104.75479,0.0,0,694.3820946336566,188.86219145343216,737400.0,6750.557970884559,233,22,0.3890265401873217,0.40929622846359365,0.5270302924315269,0.23893812165464917,291.2727272727273,0.45
type=lease_sandbox_idle_timeout_s=300_ablate=park+prewarm_rate_per_min=2.0_think_snr=0.9_seed=4,lease,300,park+prewarm,2.0,0.9,lease,4,707,555,13,0.022887323943661973,0.07692307692307693,555,73.04345539880433,2067.627194550598,3.73719885042892,600.0000000000005,0,374,0,0,0,0.01639151999806251,0.34951143666217754,4801220678.946172,0.0,0,495.70004359719877,443.0964260147914,663000.0,3167.796557710287,208,21,0.4469675033180132,0.45849902829625366,0.5206134741121148,0.24743882166601874,302.72727272727275,0.41
type=lease_sandbox_idle_timeout_s=300_ablate=park+prewarm_rate_per_min=2.0_think_snr=0.9_seed=5,lease,300,park+prewarm,2.0,0.9,lease,5,968,696,39,0.053061224489795916,0.2087912087912088,696,60.52086298695184,4058.822726445531,11.502465163042503,600.0000000000005,0,1288,0,0,0,0.009703129298824885,0.232362978594665,4042331070.030693,0.0,0,867.8276647734506,863.0994015501323,829200.0,8376.143135605935,273,5,0.3421691435549183,0.370157809057481,0.6770450948021886,0.29120662037065376,379.6363636363636,0.58
type=lease_sandbox_idle_timeout_s=300_ablate=park+prewarm_rate_per_min=2.0_think_snr=0.9_seed=6,lease,300,park+prewarm,2.0,0.9,lease,6,622,461,23,0.047520661157024795,0.15384615384615385,461,161.21201103273643,3598.7021909953874,1.612320595836268,600.0000000000005,0,695,0,0,0,0.010268893265514757,0.4999213478735423,4710448391.926347,0.0,0,1409.083328519871,978.39617665656,585000.0,5802.193914817313,206,24,0.36389720402764547,0.3886881401026149,0.49422856052107617,0.22298437363210719,251.45454545454547,0.41
type=lease_sandbox_idle_timeout_s=300_ablate=park+prewarm_rate_per_min=2.0_think_snr=0.9_seed=7,lease,300,park+prewarm,2.0,0.9,lease,7,736,520,20,0.037037037037037035,0.11428571428571428,520,128.55939841437635,2949.858227328799,15.441974821559008,600.0000000000005,0,652,1,0,0,0.009989437258139828,0.3274069557734397,3465497337.53252,0.0,0,670.4592905483506,579.4287685553602,774000.0,7436.957495105823,212,17,0.39257163060444694,0.40688902291803575,0.5575585599383256,0.24519479723564855,283.6363636363636,0.45
type=lease_sandbox_idle_timeout_s=300_ablate=park+prewarm_rate_per_min=2.0_think_snr=0.9_seed=8,lease,300,park+prewarm,2.0,0.9,lease,8,792,573,29,0.04817275747508306,0.1696969696969697,573,95.54664339669989,3757.983219084928,5.075100858430017,600.0000000000005,0,856,0,0,0,0.015265701250152917,0.46633685207977754,5468723166.389802,0.0,0,694.9595049356349,678.6418915987897,697200.0,9820.062386012842,244,5,0.35512841960016195,0.3789919094413504,0.5502075678661617,0.24065940327668991,312.54545454545456,0.46
type=lease_sandbox_idle_timeout_s=300_ablate=park+prewarm_rate_per_min=2.0_think_snr=0.9_seed=9,lease,300,park+prewarm,2.0,0.9,lease,9,830,608,35,0.05443234836702955,0.18617021276595744,608,134.1785439138439,3737.6315631108628,22.75840318058631,600.0000000000005,0,951,0,0,0,0.007486684141429523,0.2812062485487741,3218069212.4469295,0.0,0,496.7444156207672,482.61001199424425,839400.0,13341.862385142838,282,6,0.3380245572711337,0.3656486612717762,0.6596104893769426,0.2539785772702601,331.6363636363636,0.53
type=lease_sandbox_idle_timeout_s=300_ablate=park+prewarm_rate_per_min=2.0_think_snr=0.9_seed=10,lease,300,park+prewarm,2.0,0.9,lease,10,669,551,8,0.014311270125223614,0.06451612903225806,551,157.4312735151061,2125.49291338681,5.471513903429293,600.0000000000005,0,378,0,0,0,0.005625471735254892,0.231352344395479,4016564445.7195187,0.0,0,1096.3688429053175,1004.5311761995827,630000.0,8548.642661126187,241,8,0.4728501882580425,0.4847786778755011,0.5791813207637271,0.28242105880003837,300.54545454545456,0.42
type=lease_sandbox_idle_timeout_s=300_ablate=vtfq+park+prewarm+kv+gang+budget_rate_per_min=2.0_think_snr=0.0_seed=1,lease,300,vtfq+park+prewarm+kv+gang+budget,2.0,0.0,lease,1,616,492,7,0.014028056112224449,0.050359712230215826,492,177.65406354315678,2112.2835308586964,19.270821895753283,600.0000000000005,0,270,1,0,0,0.002067941954940711,0.35660116807734765,3693639531.6735096,0.0,0,0.0,0.0,0.0,0.0,274,32,0.5169424403679067,0.5288416224671106,0.6012413629524411,0.24266542988411247,268.3636363636364,0.38
type=lease_sandbox_idle_timeout_s=300_ablate=vtfq+park+prewarm+kv+gang+budget_rate_per_min=2.0_think_snr=0.0_seed=2,lease,300,vtfq+park+prewarm+kv+gang+budget,2.0,0.0,lease,2,686,512,19,0.035781544256120526,0.13380281690140844,512,140.09881831050006,2630.4624959917787,12.2481946426507,600.0000000000005,0,443,3,0,0,0.009741370818828,0.3388566535705316,2996871230.5481787,0.0,0,0.0,0.0,0.0,0.0,247,23,0.4182289692475473,0.4412076848088159,0.5727869068367974,0.27822087316773353,279.2727272727273,0.42
type=lease_sandbox_idle_timeout_s=300_ablate=vtfq+park+prewarm+kv+gang+budget_rate_per_min=2.0_think_snr=0.0_seed=3,lease,300,vtfq+park+prewarm+kv+gang+budget,2.0,0.0,lease,3,770,554,34,0.05782312925170068,0.19375,554,73.56534600754162,3081.950479156563,8.840636462053062,600.0000000000005,0,615,0,0,0,0.016124060354335907,0.4396904049251733,4587807695.295256,0.0,0,0.0,0.0,0.0,0.0,276,19,0.3947803496134008,0.4223087505545443,0.5561457757502914,0.24797747259072425,302.1818181818182,0.43
type=lease_sandbox_idle_timeout_s=300_ablate=vtfq+park+prewarm+kv+gang+budget_rate_per_min=2.0_think_snr=0.0_seed=4,lease,300,vtfq+park+prewarm+kv+gang+budget,2.0,0.0,lease,4,695,558,10,0.017605633802816902,0.057692307692307696,558,98.94350870239168,1992.786087356778,2.452603770157498,600.0000000000005,0,238,0,0,0,0.013792805678159568,0.31851156789712776,5088354626.529724,0.0,0,0.0,0.0,0.0,0.0,224,19,0.492599331068832,0.5025339652916216,0.5252149844518907,0.2836978157274059,304.3636363636364,0.38
type=lease_sandbox_idle_timeout_s=300_ablate=vtfq+park+prewarm+kv+gang+budget_rate_per_min=2.0_think_snr=0.0_seed=5,lease,300,vtfq+park+prewarm+kv+gang+budget,2.0,0.0,lease,5,992,725,51,0.06572164948453608,0.24519230769230768,725,59.5186619658125,4357.139391326038,20.033293791778526,600.0000000000005,0,1209,1,0,0,0.026587762490301564,0.2404824465969168,4067627402.1637144,0.0,0,0.0,0.0,0.0,0.0,313,4,0.34233315360184124,0.3772149102800458,0.7097142291949948,0.2984161451602247,395.4545454545455,0.57
type=lease_sandbox_idle_timeout_s=300_ablate=vtfq+park+prewarm+kv+gang+budget_rate_per_min=2.0_think_snr=0.0_seed=6,lease,300,vtfq+park+prewarm+kv+gang+budget,2.0,0.0,lease,6,605,445,26,0.055201698513800426,0.1925925925925926,445,133.82581292219857,3198.427637026624,19.285499154294953,600.0000000000005,0,599,0,0,0,0.01542621289949187,0.42370771252119915,3979008426.4927135,0.0,0,0.0,0.0,0.0,0.0,221,21,0.3844952884036298,0.41854580046470385,0.5383991590585341,0.24796657303756767,242.72727272727275,0.4
type=lease_sandbox_idle_timeout_s=300_ablate=vtfq+park+prewarm+kv+gang+budget_rate_per_min=2.0_think_snr=0.0_seed=7,lease,300,vtfq+park+prewarm+kv+gang+budget,2.0,0.0,lease,7,719,491,20,0.03913894324853229,0.11428571428571428,491,139.07307509827388,2785.935389571613,18.720412001080696,600.0000000000005,0,646,1,0,0,0.009138679123114078,0.3418536929846733,3442886007.413887,0.0,0,0.0,0.0,0.0,0.0,232,15,0.3758776699657566,0.38877417870989545,0.5742510470894846,0.27059790851823856,267.8181818181818,0.42
type=lease_sandbox_idle_timeout_s=300_ablate=vtfq+park+prewarm+kv+gang+budget_rate_per_min=2.0_think_snr=0.0_seed=8,lease,300,vtfq+park+prewarm+kv+gang+budget,2.0,0.0,lease,8,817,621,32,0.04900459418070444,0.16853932584269662,621,102.95075145866576,3719.124904724394,15.22643054834782,600.0000000000005,0,761,0,0,0,0.013458289841961393,0.42395525883499585,4559172815.5572195,0.0,0,0.0,0.0,0.0,0.0,267,5,0.3830564499082377,0.41228297561829963,0.6109508293471575,0.2534501161225141,338.72727272727275,0.48
type=lease_sandbox_idle_timeout_s=300_ablate=vtfq+park+prewarm+kv+gang+budget_rate_per_min=2.0_think_snr=0.0_seed=9,lease,300,vtfq+park+prewarm+kv+gang+budget,2.0,0.0,lease,9,806,592,38,0.06031746031746032,0.20218579234972678,592,137.32698656546745,3739.9856392022243,6.218600624669337,600.0000000000005,0,856,0,0,0,0.013116328439465863,0.3075354586532756,4563563754.199722,0.0,0,0.0,0.0,0.0,0.0,259,9,0.36800207165918924,0.4017064512737694,0.6062490548311642,0.2788311377147522,322.90909090909093,0.47
type=lease_sandbox_idle_timeout_s=300_ablate=vtfq+park+prewarm+kv+gang+budget_rate_per_min=2.0_think_snr=0.0_seed=10,lease,300,vtfq+park+prewarm+kv+gang+budget,2.0,0.0,lease,10,666,539,14,0.02531645569620253,0.11023622047244094,539,129.25148044641446,2402.496625470805,3.5821736886688034,600.0000000000005,0,321,1,0,0,0.011036604437468404,0.28732365035189206,4531423139.6691675,0.0,0,0.0,0.0,0.0,0.0,222,16,0.4399231885699153,0.4613168057824149,0.539261039214258,0.2918974013979209,294.0,0.38
type=lease_sandbox_idle_timeout_s=300_ablate=vtfq+park+prewarm+kv+gang+budget_rate_per_min=2.0_think_snr=0.9_seed=1,lease,300,vtfq+park+prewarm+kv+gang+budget,2.0,0.9,lease,1,609,477,8,0.016494845360824743,0.05185185185185185,477,207.1266525414694,2246.035056370087,28.146696988126994,600.0000000000005,0,308,1,0,0,0.01816582439768404,0.31154469268745116,3452450232.498527,0.0,0,0.0,0.0,0.0,0.0,289,9,0.4727294877075626,0.4787401154703896,0.6117666613935833,0.2414653667897197,260.1818181818182,0.4
type=lease_sandbox_idle_timeout_s=300_ablate=vtfq+park+prewarm+kv+gang+budget_rate_per_min=2.0_think_snr=0.9_seed=2,lease,300,vtfq+park+prewarm+kv+gang+budget,2.0,0.9,lease,2,684,498,19,0.0367504835589942,0.14074074074074075,498,160.02330983862726,3611.526846535154,10.24512856878265,600.0000000000005,0,492,1,0,0,0.009302466552737107,0.3031643311523123,2953854915.6199217,0.0,0,0.0,0.0,0.0,0.0,258,26,0.3983936598900834,0.4195018328231791,0.5974180682668027,0.26537471706355176,271.6363636363636,0.43
type=lease_sandbox_idle_timeout_s=300_ablate=vtfq+park+prewarm+kv+gang+budget_rate_per_min=2.0_think_snr=0.9_seed=3,lease,300,vtfq+park+prewarm+kv+gang+budget,2.0,0.9,lease,3,758,544,33,0.05719237435008666,0.2,544,56.776525875602886,2954.950149191214,3.4386544170698046,600.0000000000005,0,623,0,0,0,0.012650951325851464,0.45280604054636214,5538651702.992593,0.0,0,0.0,0.0,0.0,0.0,229,22,0.39787757892798764,0.4271936855196821,0.49506118765378143,0.2264126095226491,296.72727272727275,0.42
type=lease_sandbox_idle_timeout_s=300_ablate=vtfq+park+prewarm+kv+gang+budget_rate_per_min=2.0_think_snr=0.9_seed=4,lease,300,vtfq+park+prewarm+kv+gang+budget,2.0,0.9,lease,4,724,571,16,0.027257240204429302,0.09615384615384616,571,71.02836467074576,2251.4038700835595,1.5228587205783033,600.0000000000005,0,322,0,0,0,0.01586548154133978,0.3517501796761173,5254409361.532712,0.0,0,0.0,0.0,0.0,0.0,206,21,0.4563602355736526,0.4722514321595138,0.5242365066166472,0.2442485456166793,311.45454545454544,0.37
type=lease_sandbox_idle_timeout_s=300_ablate=vtfq+park+prewarm+kv+gang+budget_rate_per_min=2.0_think_snr=0.9_seed=5,lease,300,vtfq+park+prewarm+kv+gang+budget,2.0,0.9,lease,5,973,721,46,0.05997392438070404,0.22115384615384615,721,58.31615237727556,3713.3991225324035,14.53249457945094,600.0000000000005,0,1169,0,0,0,0.018529191667870506,0.2409231701087736,4483908250.330435,0.0,0,0.0,0.0,0.0,0.0,274,5,0.3541374443346757,0.3892466016381334,0.6612614370831714,0.30167049186860917,393.2727272727273,0.56
type=lease_sandbox_idle_timeout_s=300_ablate=vtfq+park+prewarm+kv+gang+budget_rate_per_min=2.0_think_snr=0.9_seed=6,lease,300,vtfq+park+prewarm+kv+gang+budget,2.0,0.9,lease,6,625,469,24,0.0486815415821501,0.1643835616438356,469,153.59230600496085,3607.083576318125,3.455093334747744,600.0000000000005,0,628,0,0,0,0.012072733474049937,0.4159543695993656,4537457466.881044,0.0,0,0.0,0.0,0.0,0.0,213,24,0.3861328616488516,0.41476637312126297,0.5125273244585276,0.2564520224909244,255.81818181818184,0.39
type=lease_sandbox_idle_timeout_s=300_ablate=vtfq+park+prewarm+kv+gang+budget_rate_per_min=2.0_think_snr=0.9_seed=7,lease,300,vtfq+park+prewarm+kv+gang+budget,2.0,0.9,lease,7,734,517,22,0.04081632653061224,0.12154696132596685,517,125.26029407573924,2747.4511781069727,0.0,600.0000000000005,0,615,0,0,0,0.012765660378559116,0.3123373652984931,4536673070.399018,0.0,0,0.0,0.0,0.0,0.0,203,17,0.40432045454505394,0.42259656200236384,0.5248997984735172,0.2662149696646032,282.0,0.41
type=lease_sandbox_idle_timeout_s=300_ablate=vtfq+park+prewarm+kv+gang+budget_rate_per_min=2.0_think_snr=0.9_seed=8,lease,300,vtfq+park+prewarm+kv+gang+budget,2.0,0.9,lease,8,794,578,35,0.057096247960848286,0.19411764705882353,578,93.71330897963708,3755.675182219425,1.911499829330591,600.0000000000005,0,809,0,0,0,0.02401682610055542,0.43242549862122104,6238603838.477404,0.0,0,0.0,0.0,0.0,0.0,260,5,0.371802217230254,0.4037191577146669,0.5429548172227079,0.254798974064418,315.2727272727273,0.46
type=lease_sandbox_idle_timeout_s=300_ablate=vtfq+park+prewarm+kv+gang+budget_rate_per_min=2.0_think_snr=0.9_seed=9,lease,300,vtfq+park+prewarm+kv+gang+budget,2.0,0.9,lease,9,830,597,48,0.07441860465116279,0.2553191489361702,597,131.56627017270694,3693.4786799471603,23.31040213318263,600.0000000000005,0,920,1,0,0,0.014732705818714591,0.3022984211333961,3362922688.515576,0.0,0,0.0,0.0,0.0,0.0,275,6,0.35064649929720093,0.39240531812919843,0.6521621525673401,0.2560936324678749,325.6363636363636,0.5
type=lease_sandbox_idle_timeout_s=300_ablate=vtfq+park+prewarm+kv+gang+budget_rate_per_min=2.0_think_snr=0.9_seed=10,lease,300,vtfq+park+prewarm+kv+gang+budget,2.0,0.9,lease,10,655,521,15,0.027985074626865673,0.1271186440677966,521,147.523179599787,2383.916934960732,11.82341325127642,600.0000000000005,0,358,0,0,0,0.00804446094186467,0.26735571163436767,4015620090.3324876,0.0,0,0.0,0.0,0.0,0.0,244,10,0.4660818760534305,0.48705230534832883,0.5774659500938877,0.27491743525372364,284.1818181818182,0.39
