run,type,queue,sandbox_idle_timeout_s,rate_per_min,policy,seed,req_started,req_done,req_failed,failure_rate,session_fail_finished,tct_n,tct_p50,tct_p99,chat_wait_p99,block_wait_max,n429,timeouts,evicted,deadlock_breaks,cycles_seen,token_waste,tool_waste,kv_unused_token_s,prewarm_idle_s,prewarm_hits,lease_cpu_issued,lease_cpu_unused,lease_budget_issued,lease_budget_unused,par_groups,par_groups_parallel,jain_all,jain_survivors,util_model,util_cpu,throughput_rph,wall_s
type=reactive_gate_queue=fifo_sandbox_idle_timeout_s=0_rate_per_min=1.0_seed=1,reactive_gate,fifo,0,1.0,reactive_gate,1,405,385,1,0.0025906735751295338,0.009708737864077669,385,101.2940686702641,1293.3195024324443,0.0,600.0,0,29,0,0,0,0.0037050367398782417,0.38301055570746767,4108253436.8340464,0.0,0,0.0,0.0,0.0,0.0,206,106,0.9167732845883151,0.9226879509404979,0.38247856488361176,0.21731935110539274,210.0,0.12
type=reactive_gate_queue=fifo_sandbox_idle_timeout_s=0_rate_per_min=1.0_seed=2,reactive_gate,fifo,0,1.0,reactive_gate,2,415,371,1,0.002688172043010753,0.012658227848101266,371,171.2909351991284,1372.2828048090944,34.43142219787162,600.0,0,21,1,0,0,0.0017214549470540399,0.22161011102322212,1864065180.9387367,0.0,0,0.0,0.0,0.0,0.0,193,58,0.7962410918916677,0.8013781311941945,0.4968580783961409,0.24087930675748476,202.36363636363637,0.14
type=reactive_gate_queue=fifo_sandbox_idle_timeout_s=0_rate_per_min=1.0_seed=3,reactive_gate,fifo,0,1.0,reactive_gate,3,472,417,4,0.009501187648456057,0.0297029702970297,417,132.8161154905938,1290.5834586276058,31.432845407905297,600.0,0,33,1,0,0,0.0016134490325133007,0.3947497946376396,3074594921.2207084,0.0,0,0.0,0.0,0.0,0.0,185,48,0.7593441699227819,0.7686659588202335,0.47151597977774545,0.23723281593837653,227.45454545454547,0.14
type=reactive_gate_queue=fifo_sandbox_idle_timeout_s=0_rate_per_min=1.0_seed=4,reactive_gate,fifo,0,1.0,reactive_gate,4,457,427,3,0.0069767441860465115,0.020202020202020204,427,59.868152004812146,1889.4691939379813,0.0831231696520716,600.0,0,38,0,0,0,0.01133260438478487,0.384915518259802,3834395428.3093805,0.0,0,0.0,0.0,0.0,0.0,173,108,0.8686605971847621,0.882371676736254,0.39416140890070583,0.20242125219346757,232.9090909090909,0.12
type=reactive_gate_queue=fifo_sandbox_idle_timeout_s=0_rate_per_min=1.0_seed=5,reactive_gate,fifo,0,1.0,reactive_gate,5,677,601,1,0.0016611295681063123,0.010416666666666666,601,137.81881651337517,2494.3871071974872,47.73789870415327,600.0,0,60,2,0,0,0.001134417510684617,0.32025214533616747,2708929139.726803,0.0,0,0.0,0.0,0.0,0.0,193,57,0.6764918478468067,0.679713237598458,0.6050478225686351,0.2986500257764231,327.8181818181818,0.19
type=reactive_gate_queue=fifo_sandbox_idle_timeout_s=0_rate_per_min=1.0_seed=6,reactive_gate,fifo,0,1.0,reactive_gate,6,444,394,1,0.002531645569620253,0.010309278350515464,394,216.86814308346175,1954.4830708537897,37.89962088708042,600.0,0,54,0,0,0,0.0007917256292392769,0.394862592298479,2904946872.618523,0.0,0,0.0,0.0,0.0,0.0,203,68,0.7765211743195313,0.7780367771911939,0.5141634953379953,0.27372992822980863,214.9090909090909,0.16
type=reactive_gate_queue=fifo_sandbox_idle_timeout_s=0_rate_per_min=1.0_seed=7,reactive_gate,fifo,0,1.0,reactive_gate,7,404,377,0,0.0,0.0,377,105.55132656056958,1375.1765047911654,29.37506891723844,70.45836441010943,0,13,0,0,0,0.0,0.23280067406504265,2343459242.447357,0.0,0,0.0,0.0,0.0,0.0,162,81,0.910236332993429,0.910236332993429,0.440232502375518,0.22728550662008412,205.63636363636365,0.12
type=reactive_gate_queue=fifo_sandbox_idle_timeout_s=0_rate_per_min=1.0_seed=8,reactive_gate,fifo,0,1.0,reactive_gate,8,547,485,2,0.004106776180698152,0.018018018018018018,485,131.63753427297706,1836.5157818470939,11.339718272109167,600.0,0,68,1,0,0,0.007028078410751343,0.4515407463380873,3952957305.3683524,0.0,0,0.0,0.0,0.0,0.0,194,57,0.7124877700172119,0.7168025744612014,0.5251767591540405,0.2489011554634762,264.54545454545456,0.15
type=reactive_gate_queue=fifo_sandbox_idle_timeout_s=0_rate_per_min=1.0_seed=9,reactive_gate,fifo,0,1.0,reactive_gate,9,532,483,1,0.002066115702479339,0.008928571428571428,483,185.56467705398518,1681.3069378493465,43.73716660862831,600.0,0,33,2,0,0,0.001345725906055952,0.26392568947671147,1661319574.5295231,0.0,0,0.0,0.0,0.0,0.0,217,81,0.7586875862533347,0.7623565948893493,0.6160938701235108,0.2531606252548245,263.45454545454544,0.18
type=reactive_gate_queue=fifo_sandbox_idle_timeout_s=0_rate_per_min=1.0_seed=10,reactive_gate,fifo,0,1.0,reactive_gate,10,504,463,2,0.004301075268817204,0.021739130434782608,463,113.58508337854983,1438.98236593941,18.49773441414905,430.67827461340994,0,27,0,0,0,0.002833205992368376,0.2152556949104509,2981374170.6636972,0.0,0,0.0,0.0,0.0,0.0,189,110,0.8257847923456885,0.8322152570166237,0.5119973989656178,0.2958273948876079,252.54545454545456,0.15
type=reactive_gate_queue=fifo_sandbox_idle_timeout_s=0_rate_per_min=2.0_seed=1,reactive_gate,fifo,0,2.0,reactive_gate,1,659,558,1,0.0017889087656529517,0.006289308176100629,558,206.5662561790976,1477.7004968829347,37.90464530480544,600.0000000000005,0,71,2,0,0,0.0009867345836209955,0.3143606853292889,2201748866.803826,0.0,0,0.0,0.0,0.0,0.0,302,74,0.6476137050680907,0.6490825564743758,0.7271745806542994,0.2979102121912399,304.3636363636364,0.24
type=reactive_gate_queue=fifo_sandbox_idle_timeout_s=0_rate_per_min=2.0_seed=2,reactive_gate,fifo,0,2.0,reactive_gate,2,734,574,6,0.010344827586206896,0.0425531914893617,574,284.23971850142243,2184.1441966754173,43.081982131700066,600.0,0,232,2,0,0,0.003624943299250565,0.3043504790697046,1163920457.273324,0.0,0,0.0,0.0,0.0,0.0,251,36,0.4769768789835484,0.48224235158923295,0.725466558218402,0.31582290658714324,313.0909090909091,0.26
type=reactive_gate_queue=fifo_sandbox_idle_timeout_s=0_rate_per_min=2.0_seed=3,reactive_gate,fifo,0,2.0,reactive_gate,3,803,607,16,0.025682182985553772,0.09316770186335403,607,156.04647232426396,2236.122744946142,48.654026882764576,600.0000000000005,0,358,2,0,0,0.003777590447737631,0.41862133430683646,2852362571.503503,0.0,0,0.0,0.0,0.0,0.0,259,28,0.42947198875809695,0.44561171526792054,0.6948616707621083,0.2814895358813595,331.0909090909091,0.28
type=reactive_gate_queue=fifo_sandbox_idle_timeout_s=0_rate_per_min=2.0_seed=4,reactive_gate,fifo,0,2.0,reactive_gate,4,755,640,5,0.007751937984496124,0.023121387283236993,640,120.80819599698839,1908.3519801364198,21.068664259765956,600.0,0,107,1,0,0,0.005572835985919441,0.3268358921187024,2333459665.313705,0.0,0,0.0,0.0,0.0,0.0,253,57,0.6428803448314493,0.6478210068618732,0.6997347166172948,0.3290911455288295,349.0909090909091,0.22
type=reactive_gate_queue=fifo_sandbox_idle_timeout_s=0_rate_per_min=2.0_seed=5,reactive_gate,fifo,0,2.0,reactive_gate,5,1025,802,28,0.033734939759036145,0.12217194570135746,802,233.52101049768146,3219.021892592091,44.71508949366199,600.0000000000005,0,787,4,0,0,0.012769333423912227,0.2610186457622327,1903286470.435836,0.0,0,0.0,0.0,0.0,0.0,302,8,0.41706489536308744,0.4370504383971805,0.862916472465035,0.35996679391743014,437.4545454545455,0.39
type=reactive_gate_queue=fifo_sandbox_idle_timeout_s=0_rate_per_min=2.0_seed=6,reactive_gate,fifo,0,2.0,reactive_gate,6,647,528,10,0.01858736059479554,0.06493506493506493,528,390.4556151850554,2997.944748839457,32.41619373774111,600.0000000000005,0,275,0,0,0,0.004562790420121322,0.390825010484214,2958349920.183508,0.0,0,0.0,0.0,0.0,0.0,260,31,0.5073182734014522,0.5225341543095214,0.6540890200563326,0.3162192191069291,288.0,0.23
type=reactive_gate_queue=fifo_sandbox_idle_timeout_s=0_rate_per_min=2.0_seed=7,reactive_gate,fifo,0,2.0,reactive_gate,7,805,640,7,0.010819165378670788,0.028846153846153848,640,206.86750353801386,2009.5105342815687,34.99679052881079,600.0,0,290,1,0,0,0.012505930482832476,0.35004523567971063,1655800206.7295787,0.0,0,0.0,0.0,0.0,0.0,239,31,0.45760801053907435,0.4633431029059079,0.7176644440559442,0.2955831766222122,349.0909090909091,0.29
type=reactive_gate_queue=fifo_sandbox_idle_timeout_s=0_rate_per_min=2.0_seed=8,reactive_gate,fifo,0,2.0,reactive_gate,8,892,713,11,0.015193370165745856,0.06179775280898876,713,209.33000440258138,2749.5088635110205,31.75465552803866,600.0000000000005,0,448,1,0,0,0.006078036224965268,0.4431187053981864,2942896612.8723226,0.0,0,0.0,0.0,0.0,0.0,286,19,0.45700111867376036,0.4667641307465673,0.7547195452481547,0.323457733861587,388.90909090909093,0.29
type=reactive_gate_queue=fifo_sandbox_idle_timeout_s=0_rate_per_min=2.0_seed=9,reactive_gate,fifo,0,2.0,reactive_gate,9,841,646,20,0.03003003003003003,0.10810810810810811,646,326.38753170440395,2893.1093523296367,31.677361276060854,600.0000000000005,0,484,3,0,0,0.008621458173857429,0.34818835170384976,1468832062.6029758,0.0,0,0.0,0.0,0.0,0.0,289,22,0.4320706916249206,0.4480109643636279,0.7858072138856514,0.31464651809399485,352.3636363636364,0.3
type=reactive_gate_queue=fifo_sandbox_idle_timeout_s=0_rate_per_min=2.0_seed=10,reactive_gate,fifo,0,2.0,reactive_gate,10,726,622,3,0.0048,0.02142857142857143,622,217.66440985303143,1866.708365691106,50.049290198347904,600.0000000000002,0,105,2,0,0,0.0034973556963891683,0.27263253217703004,1606784881.250985,0.0,0,0.0,0.0,0.0,0.0,246,27,0.6125470132708758,0.6163560989026715,0.7354258474043318,0.3438239071674351,339.2727272727273,0.26
type=reactive_gate_queue=fifo_sandbox_idle_timeout_s=300_rate_per_min=1.0_seed=1,reactive_gate,fifo,300,1.0,reactive_gate,1,387,353,2,0.005633802816901409,0.02127659574468085,353,133.79299915825504,2021.7116911039107,3.0151173625599323,600.0000000000005,0,59,0,0,0,0.003776217484296324,0.40509297911981235,4424504700.671736,0.0,0,0.0,0.0,0.0,0.0,196,73,0.7592500955502655,0.7691104864015678,0.3641217927633709,0.18913908224044187,192.54545454545456,0.11
type=reactive_gate_queue=fifo_sandbox_idle_timeout_s=300_rate_per_min=1.0_seed=2,reactive_gate,fifo,300,1.0,reactive_gate,2,400,345,2,0.005763688760806916,0.027777777777777776,345,155.5918477190653,1430.5410701620724,19.02894964894247,600.0,0,40,1,0,0,0.0037400242917384435,0.26738783820056383,2650517830.359102,0.0,0,0.0,0.0,0.0,0.0,184,40,0.6503439560424935,0.6587899814456428,0.4376046648658055,0.21897597977481287,188.1818181818182,0.13
type=reactive_gate_queue=fifo_sandbox_idle_timeout_s=300_rate_per_min=1.0_seed=3,reactive_gate,fifo,300,1.0,reactive_gate,3,441,376,7,0.018276762402088774,0.06521739130434782,376,97.34240174718639,1908.1480258312297,0.0,600.0,0,86,0,0,0,0.0054117822304385185,0.382707920414841,4364679300.285077,0.0,0,0.0,0.0,0.0,0.0,174,39,0.6342201173403031,0.6523026854167385,0.3958278349966007,0.2238535214842816,205.0909090909091,0.12
type=reactive_gate_queue=fifo_sandbox_idle_timeout_s=300_rate_per_min=1.0_seed=4,reactive_gate,fifo,300,1.0,reactive_gate,4,447,414,3,0.007194244604316547,0.02040816326530612,414,55.59870396170993,1919.3107267351945,1.0571714147643727,600.0,0,44,0,0,0,0.010807246955543425,0.3985811179489509,4187274795.2058034,0.0,0,0.0,0.0,0.0,0.0,169,86,0.8138039401305962,0.8263687459589564,0.37737221277680655,0.19083039203226582,225.81818181818184,0.12
type=reactive_gate_queue=fifo_sandbox_idle_timeout_s=300_rate_per_min=1.0_seed=5,reactive_gate,fifo,300,1.0,reactive_gate,5,603,524,7,0.013182674199623353,0.07368421052631578,524,78.95138231460442,2693.1718991548005,7.523920860521285,600.0000000000005,0,185,0,0,0,0.004085162822895994,0.33745203302887883,4770179046.969136,0.0,0,0.0,0.0,0.0,0.0,181,24,0.5547603930466217,0.5721970381190378,0.47915197731319614,0.2657400823745613,285.8181818181818,0.15
type=reactive_gate_queue=fifo_sandbox_idle_timeout_s=300_rate_per_min=1.0_seed=6,reactive_gate,fifo,300,1.0,reactive_gate,6,416,355,4,0.011142061281337047,0.04597701149425287,355,172.77418933339754,2914.4511127130786,5.593191875348934,600.0000000000005,0,150,0,0,0,0.0022799823124015025,0.40543676571411197,4459298289.407164,0.0,0,0.0,0.0,0.0,0.0,187,45,0.5926814264469789,0.6037612267146466,0.40477680314766257,0.2369841478014521,193.63636363636365,0.13
type=reactive_gate_queue=fifo_sandbox_idle_timeout_s=300_rate_per_min=1.0_seed=7,reactive_gate,fifo,300,1.0,reactive_gate,7,399,375,0,0.0,0.0,375,136.29605084657578,1629.135535814408,4.188700386369694,600.0,0,21,0,0,0,0.0,0.19092909825248444,3151586163.2089086,0.0,0,0.0,0.0,0.0,0.0,166,35,0.7649351529867188,0.7649351529867188,0.388929194828898,0.22448968539830977,204.54545454545456,0.12
type=reactive_gate_queue=fifo_sandbox_idle_timeout_s=300_rate_per_min=1.0_seed=8,reactive_gate,fifo,300,1.0,reactive_gate,8,517,443,4,0.008948545861297539,0.039603960396039604,443,103.03964968811215,2018.2777793076875,1.917021396380253,600.0,0,172,0,0,0,0.002844554614672234,0.46980825906324075,4842102774.932288,0.0,0,0.0,0.0,0.0,0.0,171,45,0.601673938347752,0.6112791965929045,0.44645917969761717,0.21274385436884163,241.63636363636365,0.14
type=reactive_gate_queue=fifo_sandbox_idle_timeout_s=300_rate_per_min=1.0_seed=9,reactive_gate,fifo,300,1.0,reactive_gate,9,520,451,3,0.006607929515418502,0.029411764705882353,451,164.87898431083977,2012.0886097963123,8.90076136818577,600.0000000000005,0,108,0,0,0,0.0021749956771081,0.2571299505244506,3227154044.6102347,0.0,0,0.0,0.0,0.0,0.0,213,34,0.5978836866797657,0.6034302800839184,0.5044294805749806,0.22985004219633515,246.0,0.15
type=reactive_gate_queue=fifo_sandbox_idle_timeout_s=300_rate_per_min=1.0_seed=10,reactive_gate,fifo,300,1.0,reactive_gate,10,480,430,3,0.006928406466512702,0.03488372093023256,430,117.20337112717016,1681.5465294739447,6.168504839491333,600.0000000000005,0,54,0,0,0,0.006130398300276569,0.18213457693489904,4169595863.4067726,0.0,0,0.0,0.0,0.0,0.0,174,66,0.6767940297644702,0.6855115546469603,0.4434576881798757,0.26530765099033127,234.54545454545456,0.14
type=reactive_gate_queue=fifo_sandbox_idle_timeout_s=300_rate_per_min=2.0_seed=1,reactive_gate,fifo,300,2.0,reactive_gate,1,616,492,7,0.014028056112224449,0.050359712230215826,492,177.65406354315678,2112.2835308586964,19.270821895753283,600.0000000000005,0,270,1,0,0,0.002067941954940711,0.35660116807734765,3693639531.6735096,0.0,0,0.0,0.0,0.0,0.0,274,32,0.5169424403679067,0.5288416224671106,0.6012413629524411,0.24266542988411247,268.3636363636364,0.2
type=reactive_gate_queue=fifo_sandbox_idle_timeout_s=300_rate_per_min=2.0_seed=2,reactive_gate,fifo,300,2.0,reactive_gate,2,686,512,19,0.035781544256120526,0.13380281690140844,512,140.09881831050006,2630.4624959917787,12.2481946426507,600.0000000000005,0,443,3,0,0,0.009741370818828,0.3388566535705316,2996871230.5481787,0.0,0,0.0,0.0,0.0,0.0,247,23,0.4182289692475473,0.4412076848088159,0.5727869068367974,0.27822087316773353,279.2727272727273,0.22
type=reactive_gate_queue=fifo_sandbox_idle_timeout_s=300_rate_per_min=2.0_seed=3,reactive_gate,fifo,300,2.0,reactive_gate,3,770,554,34,0.05782312925170068,0.19375,554,73.56534600754162,3081.950479156563,8.840636462053062,600.0000000000005,0,615,0,0,0,0.016124060354335907,0.4396904049251733,4587807695.295256,0.0,0,0.0,0.0,0.0,0.0,276,19,0.3947803496134008,0.4223087505545443,0.5561457757502914,0.24797747259072425,302.1818181818182,0.24
type=reactive_gate_queue=fifo_sandbox_idle_timeout_s=300_rate_per_min=2.0_seed=4,reactive_gate,fifo,300,2.0,reactive_gate,4,695,558,10,0.017605633802816902,0.057692307692307696,558,98.94350870239168,1992.786087356778,2.452603770157498,600.0000000000005,0,238,0,0,0,0.013792805678159568,0.31851156789712776,5088354626.529724,0.0,0,0.0,0.0,0.0,0.0,224,19,0.492599331068832,0.5025339652916216,0.5252149844518907,0.2836978157274059,304.3636363636364,0.19
type=reactive_gate_queue=fifo_sandbox_idle_timeout_s=300_rate_per_min=2.0_seed=5,reactive_gate,fifo,300,2.0,reactive_gate,5,992,725,51,0.06572164948453608,0.24519230769230768,725,59.5186619658125,4357.139391326038,20.033293791778526,600.0000000000005,0,1209,1,0,0,0.026587762490301564,0.2404824465969168,4067627402.1637144,0.0,0,0.0,0.0,0.0,0.0,313,4,0.34233315360184124,0.3772149102800458,0.7097142291949948,0.2984161451602247,395.4545454545455,0.34
type=reactive_gate_queue=fifo_sandbox_idle_timeout_s=300_rate_per_min=2.0_seed=6,reactive_gate,fifo,300,2.0,reactive_gate,6,605,445,26,0.055201698513800426,0.1925925925925926,445,133.82581292219857,3198.427637026624,19.285499154294953,600.0000000000005,0,599,0,0,0,0.01542621289949187,0.42370771252119915,3979008426.4927135,0.0,0,0.0,0.0,0.0,0.0,221,21,0.3844952884036298,0.41854580046470385,0.5383991590585341,0.24796657303756767,242.72727272727275,0.2
type=reactive_gate_queue=fifo_sandbox_idle_timeout_s=300_rate_per_min=2.0_seed=7,reactive_gate,fifo,300,2.0,reactive_gate,7,719,491,20,0.03913894324853229,0.11428571428571428,491,139.07307509827388,2785.935389571613,18.720412001080696,600.0000000000005,0,646,1,0,0,0.009138679123114078,0.3418536929846733,3442886007.413887,0.0,0,0.0,0.0,0.0,0.0,232,15,0.3758776699657566,0.38877417870989545,0.5742510470894846,0.27059790851823856,267.8181818181818,0.23
type=reactive_gate_queue=fifo_sandbox_idle_timeout_s=300_rate_per_min=2.0_seed=8,reactive_gate,fifo,300,2.0,reactive_gate,8,817,621,32,0.04900459418070444,0.16853932584269662,621,102.95075145866576,3719.124904724394,15.22643054834782,600.0000000000005,0,761,0,0,0,0.013458289841961393,0.42395525883499585,4559172815.5572195,0.0,0,0.0,0.0,0.0,0.0,267,5,0.3830564499082377,0.41228297561829963,0.6109508293471575,0.2534501161225141,338.72727272727275,0.26
type=reactive_gate_queue=fifo_sandbox_idle_timeout_s=300_rate_per_min=2.0_seed=9,reactive_gate,fifo,300,2.0,reactive_gate,9,806,592,38,0.06031746031746032,0.20218579234972678,592,137.32698656546745,3739.9856392022243,6.218600624669337,600.0000000000005,0,856,0,0,0,0.013116328439465863,0.3075354586532756,4563563754.199722,0.0,0,0.0,0.0,0.0,0.0,259,9,0.36800207165918924,0.4017064512737694,0.6062490548311642,0.2788311377147522,322.90909090909093,0.26
type=reactive_gate_queue=fifo_sandbox_idle_timeout_s=300_rate_per_min=2.0_seed=10,reactive_gate,fifo,300,2.0,reactive_gate,10,666,539,14,0.02531645569620253,0.11023622047244094,539,129.25148044641446,2402.496625470805,3.5821736886688034,600.0000000000005,0,321,1,0,0,0.011036604437468404,0.28732365035189206,4531423139.6691675,0.0,0,0.0,0.0,0.0,0.0,222,16,0.4399231885699153,0.4613168057824149,0.539261039214258,0.2918974013979209,294.0,0.19
type=reactive_gate_queue=vtfq_sandbox_idle_timeout_s=0_rate_per_min=1.0_seed=1,reactive_gate,vtfq,0,1.0,reactive_gate,1,406,384,1,0.0025974025974025974,0.009708737864077669,384,99.02124262778011,1294.2105135077018,0.0,600.0,0,29,0,0,0,0.003571532785925746,0.38548936042588045,4019982572.826397,0.0,0,0.0,0.0,0.0,0.0,207,105,0.9137669063578902,0.9196621767214895,0.38347778161017226,0.21493331739026572,209.45454545454547,0.12
type=reactive_gate_queue=vtfq_sandbox_idle_timeout_s=0_rate_per_min=1.0_seed=2,reactive_gate,vtfq,0,1.0,reactive_gate,2,418,373,1,0.00267379679144385,0.01282051282051282,373,163.8741883890616,1281.2884821194034,41.76953051079354,600.0,0,22,2,0,0,0.0020179569073983396,0.22352463178936208,1801266319.3317082,0.0,0,0.0,0.0,0.0,0.0,192,58,0.7973340571597256,0.8024781478510787,0.49864162435249937,0.23806279898233895,203.45454545454547,0.15
type=reactive_gate_queue=vtfq_sandbox_idle_timeout_s=0_rate_per_min=1.0_seed=3,reactive_gate,vtfq,0,1.0,reactive_gate,3,474,424,4,0.009345794392523364,0.029411764705882353,424,131.80211674639168,1295.0224883615142,33.549732234718846,600.0,0,33,1,0,0,0.001952434132647806,0.38469746891689227,3044752966.0819554,0.0,0,0.0,0.0,0.0,0.0,188,48,0.7681571589374285,0.7777094794367868,0.47625410013192826,0.23870183439117232,231.27272727272728,0.15
type=reactive_gate_queue=vtfq_sandbox_idle_timeout_s=0_rate_per_min=1.0_seed=4,reactive_gate,vtfq,0,1.0,reactive_gate,4,457,426,3,0.006993006993006993,0.020202020202020204,426,59.46949304691725,1891.7595599482243,0.08404337398356794,600.0,0,38,0,0,0,0.011328762865843004,0.3849605734387449,3847042928.9287524,0.0,0,0.0,0.0,0.0,0.0,173,108,0.8685541113592143,0.8822618386951414,0.39424873288979545,0.20238058820114918,232.36363636363637,0.12
type=reactive_gate_queue=vtfq_sandbox_idle_timeout_s=0_rate_per_min=1.0_seed=5,reactive_gate,vtfq,0,1.0,reactive_gate,5,653,585,1,0.0017064846416382253,0.01020408163265306,585,154.21133698298434,1859.7182547068169,74.07599950738886,600.0,0,62,0,0,0,3.558942499142905e-05,0.31760702995965057,2763826638.1898394,0.0,0,0.0,0.0,0.0,0.0,190,67,0.6312513347836508,0.6342572935207159,0.5947473969098032,0.29155288630298287,319.0909090909091,0.2
type=reactive_gate_queue=vtfq_sandbox_idle_timeout_s=0_rate_per_min=1.0_seed=6,reactive_gate,vtfq,0,1.0,reactive_gate,6,439,392,1,0.002544529262086514,0.010309278350515464,392,214.07480152500398,1971.9869619134226,43.95173340796209,600.0,0,53,1,0,0,0.0010873316643104896,0.379531767396041,2948615577.4938035,0.0,0,0.0,0.0,0.0,0.0,202,66,0.7653234643689032,0.7667773737077317,0.5110224716313779,0.27469849285474257,213.8181818181818,0.17
type=reactive_gate_queue=vtfq_sandbox_idle_timeout_s=0_rate_per_min=1.0_seed=7,reactive_gate,vtfq,0,1.0,reactive_gate,7,405,374,0,0.0,0.0,374,103.48226955237124,1249.822767395667,34.176680240401126,121.89526238018061,0,13,0,0,0,0.0,0.2285791625844866,2379043279.349211,0.0,0,0.0,0.0,0.0,0.0,161,79,0.9077388207972865,0.9077388207972865,0.43920228692777136,0.2331413467242445,204.0,0.13
type=reactive_gate_queue=vtfq_sandbox_idle_timeout_s=0_rate_per_min=1.0_seed=8,reactive_gate,vtfq,0,1.0,reactive_gate,8,550,490,1,0.002036659877800407,0.009009009009009009,490,135.56812736242506,1849.259978034212,11.706322480291746,600.0,0,73,0,0,0,0.005434659062766817,0.44547683556977236,4077790875.6018476,0.0,0,0.0,0.0,0.0,0.0,197,57,0.7208103950010039,0.7214483795703832,0.5233578722157473,0.2550021028989136,267.2727272727273,0.16
type=reactive_gate_queue=vtfq_sandbox_idle_timeout_s=0_rate_per_min=1.0_seed=9,reactive_gate,vtfq,0,1.0,reactive_gate,9,534,479,1,0.0020833333333333333,0.008849557522123894,479,178.89662363682692,1682.7355041980923,97.08161475475889,600.0,0,31,2,0,0,0.0013977877881461657,0.26742054524562703,1769918568.514477,0.0,0,0.0,0.0,0.0,0.0,215,81,0.7283752048106696,0.7318932108244525,0.611210446868525,0.24799028133707934,261.2727272727273,0.2
type=reactive_gate_queue=vtfq_sandbox_idle_timeout_s=0_rate_per_min=1.0_seed=10,reactive_gate,vtfq,0,1.0,reactive_gate,10,502,460,2,0.004329004329004329,0.02197802197802198,460,112.7529021900242,1469.2850938519762,22.743756298377026,435.46979381706933,0,27,0,0,0,0.002792816319432564,0.21627489530538035,2978668427.7457075,0.0,0,0.0,0.0,0.0,0.0,186,103,0.8125621777367225,0.8188107033566369,0.5125675745677933,0.2937742128124336,250.9090909090909,0.16
type=reactive_gate_queue=vtfq_sandbox_idle_timeout_s=0_rate_per_min=2.0_seed=1,reactive_gate,vtfq,0,2.0,reactive_gate,1,661,557,2,0.0035778175313059034,0.012658227848101266,557,215.9683944419403,1458.872935786507,58.88035113644147,600.0000000000005,0,75,1,0,0,0.002794498045377918,0.3287190315084075,2366733532.388856,0.0,0,0.0,0.0,0.0,0.0,301,79,0.629291968061622,0.6301003198991135,0.7045701019651645,0.2897946978612845,303.8181818181818,0.24
type=reactive_gate_queue=vtfq_sandbox_idle_timeout_s=0_rate_per_min=2.0_seed=2,reactive_gate,vtfq,0,2.0,reactive_gate,2,739,588,5,0.008431703204047217,0.034482758620689655,588,324.3952279921551,2275.1705456175373,85.0514688150183,600.0000000000005,0,284,3,0,0,0.0034241519216030177,0.3031631485919905,1115304523.2789323,0.0,0,0.0,0.0,0.0,0.0,254,38,0.4790393203866126,0.4840127034074849,0.73243974993525,0.31798757325454013,320.72727272727275,0.28
type=reactive_gate_queue=vtfq_sandbox_idle_timeout_s=0_rate_per_min=2.0_seed=3,reactive_gate,vtfq,0,2.0,reactive_gate,3,818,637,11,0.016975308641975308,0.05847953216374269,637,161.6630318450225,2119.0470253769113,64.52064042942239,600.0000000000005,0,428,0,0,0,0.0019779999243158177,0.40348690682090915,2901314064.097467,0.0,0,0.0,0.0,0.0,0.0,277,28,0.4418374378672915,0.4525304728368482,0.6980701311431624,0.29100755639761794,347.4545454545455,0.28
type=reactive_gate_queue=vtfq_sandbox_idle_timeout_s=0_rate_per_min=2.0_seed=4,reactive_gate,vtfq,0,2.0,reactive_gate,4,759,646,6,0.009202453987730062,0.028735632183908046,646,128.93053057432235,1886.186852571522,21.10643396205012,600.0,0,116,2,0,0,0.014310539908742778,0.3455173654768284,2514848567.9414105,0.0,0,0.0,0.0,0.0,0.0,255,52,0.656042457269936,0.6618444886238541,0.7004571021270396,0.3229143585031018,352.3636363636364,0.23
type=reactive_gate_queue=vtfq_sandbox_idle_timeout_s=0_rate_per_min=2.0_seed=5,reactive_gate,vtfq,0,2.0,reactive_gate,5,1008,785,27,0.0332512315270936,0.11711711711711711,785,216.25624389951827,3439.9526507732116,114.52179958785621,600.0000000000005,0,958,2,0,0,0.01347827641350857,0.27553352265467856,1631677400.8476875,0.0,0,0.0,0.0,0.0,0.0,310,9,0.3830394136804878,0.398303135394736,0.8550529044046232,0.34192376674310687,428.1818181818182,0.4
type=reactive_gate_queue=vtfq_sandbox_idle_timeout_s=0_rate_per_min=2.0_seed=6,reactive_gate,vtfq,0,2.0,reactive_gate,6,644,515,6,0.011516314779270634,0.04054054054054054,515,370.6730594578346,3035.550547718518,46.68420050099942,600.0000000000005,0,349,2,0,0,0.005545024196611526,0.40430398481458835,2732008806.767766,0.0,0,0.0,0.0,0.0,0.0,260,31,0.49576207085368273,0.5037210005480336,0.6543190522573492,0.2989515038419956,280.90909090909093,0.25
type=reactive_gate_queue=vtfq_sandbox_idle_timeout_s=0_rate_per_min=2.0_seed=7,reactive_gate,vtfq,0,2.0,reactive_gate,7,801,632,5,0.007849293563579277,0.02403846153846154,632,212.9795104144705,2068.7898177842985,249.0408737355603,600.0000000000005,0,360,3,0,0,0.002188059549079222,0.3270347209182076,1602321538.7747765,0.0,0,0.0,0.0,0.0,0.0,248,32,0.4321610384759584,0.43556026794902847,0.7201863511476949,0.29918434667954297,344.72727272727275,0.32
type=reactive_gate_queue=vtfq_sandbox_idle_timeout_s=0_rate_per_min=2.0_seed=8,reactive_gate,vtfq,0,2.0,reactive_gate,8,879,707,9,0.012569832402234637,0.05027932960893855,707,230.24746853792726,2758.8065930697117,42.399329578392745,600.0000000000005,0,563,3,0,0,0.010596521843445672,0.46256017477872124,3176228206.572625,0.0,0,0.0,0.0,0.0,0.0,296,19,0.4487073148911707,0.45695837809203615,0.7354007215868623,0.31100011642085573,385.6363636363636,0.3
type=reactive_gate_queue=vtfq_sandbox_idle_timeout_s=0_rate_per_min=2.0_seed=9,reactive_gate,vtfq,0,2.0,reactive_gate,9,851,667,17,0.024853801169590642,0.09340659340659341,667,332.53266397957805,2326.307445783976,73.50831601494512,600.0000000000005,0,568,2,0,0,0.004296694469982358,0.35575651036990213,1657349408.7094824,0.0,0,0.0,0.0,0.0,0.0,298,21,0.4227043849048315,0.43598755878552253,0.7850993391163236,0.31443149658290137,363.8181818181818,0.33
type=reactive_gate_queue=vtfq_sandbox_idle_timeout_s=0_rate_per_min=2.0_seed=10,reactive_gate,vtfq,0,2.0,reactive_gate,10,723,619,4,0.006420545746388443,0.028368794326241134,619,216.7244383018433,2053.8796003354405,56.508492020236766,600.0000000000005,0,107,1,0,0,0.0031172505528275947,0.24331473038250287,1597578632.476148,0.0,0,0.0,0.0,0.0,0.0,250,29,0.5978971568081094,0.6036249625943126,0.7350896111394394,0.34934811829565293,337.6363636363636,0.27
type=reactive_gate_queue=vtfq_sandbox_idle_timeout_s=300_rate_per_min=1.0_seed=1,reactive_gate,vtfq,300,1.0,reactive_gate,1,384,351,2,0.0056657223796034,0.02127659574468085,351,133.97958479208592,1658.6749073906701,2.783585546839552,600.0000000000005,0,68,0,0,0,0.003757933630151676,0.3919647055469263,4404866021.67434,0.0,0,0.0,0.0,0.0,0.0,193,82,0.7450517889239096,0.7547277861826616,0.36802641712396406,0.1916031800975078,191.45454545454547,0.11
type=reactive_gate_queue=vtfq_sandbox_idle_timeout_s=300_rate_per_min=1.0_seed=2,reactive_gate,vtfq,300,1.0,reactive_gate,2,396,338,2,0.0058823529411764705,0.028169014084507043,338,154.88435094066472,1580.9430885441802,28.251835915703634,600.0,0,46,2,0,0,0.002866682212895857,0.2523418962636694,2861968862.849833,0.0,0,0.0,0.0,0.0,0.0,178,38,0.6357753227643023,0.6440321451378647,0.4333952960292023,0.22010570818868647,184.36363636363637,0.13
type=reactive_gate_queue=vtfq_sandbox_idle_timeout_s=300_rate_per_min=1.0_seed=3,reactive_gate,vtfq,300,1.0,reactive_gate,3,446,378,5,0.013054830287206266,0.045454545454545456,378,100.59142180989966,1563.3960946813756,0.0,600.0,0,103,0,0,0,0.0035236277591454627,0.38851335913024276,4342643257.099575,0.0,0,0.0,0.0,0.0,0.0,174,39,0.6245241705191859,0.6345970165380134,0.4025726514625421,0.2176087080713272,206.1818181818182,0.13
type=reactive_gate_queue=vtfq_sandbox_idle_timeout_s=300_rate_per_min=1.0_seed=4,reactive_gate,vtfq,300,1.0,reactive_gate,4,447,413,3,0.007211538461538462,0.02040816326530612,413,56.06224040649249,1921.5959562328198,0.0,600.0,0,45,0,0,0,0.0114033880031968,0.39736476559117107,4189918075.258695,0.0,0,0.0,0.0,0.0,0.0,170,87,0.8085196258077995,0.82098267544087,0.3748085195423789,0.19186179853513483,225.27272727272728,0.12
type=reactive_gate_queue=vtfq_sandbox_idle_timeout_s=300_rate_per_min=1.0_seed=5,reactive_gate,vtfq,300,1.0,reactive_gate,5,611,532,7,0.012987012987012988,0.07446808510638298,532,81.75161761525578,2329.740614953447,16.15947614476519,600.0000000000005,0,205,0,0,0,0.0033712009693303573,0.3243157491523852,4658210248.600667,0.0,0,0.0,0.0,0.0,0.0,180,24,0.546960864181168,0.5651515769889474,0.48519921712720154,0.24777171385965763,290.1818181818182,0.16
type=reactive_gate_queue=vtfq_sandbox_idle_timeout_s=300_rate_per_min=1.0_seed=6,reactive_gate,vtfq,300,1.0,reactive_gate,6,412,347,2,0.0057306590257879654,0.023809523809523808,347,177.06240166246698,2526.0977204210985,13.642838079962385,600.0000000000005,0,164,0,0,0,0.001685951449185098,0.40930890862100444,4341374995.319025,0.0,0,0.0,0.0,0.0,0.0,188,45,0.5814533608396116,0.5853334745631824,0.41525234073507516,0.23377933563092185,189.27272727272728,0.14
type=reactive_gate_queue=vtfq_sandbox_idle_timeout_s=300_rate_per_min=1.0_seed=7,reactive_gate,vtfq,300,1.0,reactive_gate,7,400,372,0,0.0,0.0,372,133.1009584796211,1423.4328566662307,4.956108653879441,600.0,0,25,0,0,0,0.0,0.1909653848683996,3168591570.981118,0.0,0,0.0,0.0,0.0,0.0,164,35,0.7584051780708058,0.7584051780708058,0.39100386272986276,0.22447030231606657,202.9090909090909,0.12
type=reactive_gate_queue=vtfq_sandbox_idle_timeout_s=300_rate_per_min=1.0_seed=8,reactive_gate,vtfq,300,1.0,reactive_gate,8,520,446,3,0.0066815144766146995,0.02912621359223301,446,97.0629311806897,1862.84352924285,1.3326906870643551,600.0000000000005,0,183,0,0,0,0.0027468921680760504,0.46329857499652743,4833783726.745594,0.0,0,0.0,0.0,0.0,0.0,168,45,0.5874349059394264,0.5936330252989218,0.4392208642353017,0.2119347097459647,243.27272727272728,0.15
type=reactive_gate_queue=vtfq_sandbox_idle_timeout_s=300_rate_per_min=1.0_seed=9,reactive_gate,vtfq,300,1.0,reactive_gate,9,511,445,3,0.006696428571428571,0.02912621359223301,445,165.7880074899872,1875.4652933646612,9.170293070484453,600.0,0,128,1,0,0,0.00532473512777706,0.29196596074393705,3390614474.5698495,0.0,0,0.0,0.0,0.0,0.0,213,33,0.5930173037848905,0.5984932741094933,0.5070593400875745,0.2181317000684213,242.72727272727275,0.15
type=reactive_gate_queue=vtfq_sandbox_idle_timeout_s=300_rate_per_min=1.0_seed=10,reactive_gate,vtfq,300,1.0,reactive_gate,10,478,423,2,0.004705882352941176,0.024096385542168676,423,119.73233124380249,1609.0521490823737,5.2165230964481735,600.0000000000005,0,64,0,0,0,0.005449888939863399,0.20948533373127204,4238209135.9015765,0.0,0,0.0,0.0,0.0,0.0,165,67,0.6471674535205727,0.6512072247170769,0.43482714705953773,0.2649182691165881,230.72727272727275,0.14
type=reactive_gate_queue=vtfq_sandbox_idle_timeout_s=300_rate_per_min=2.0_seed=1,reactive_gate,vtfq,300,2.0,reactive_gate,1,616,499,8,0.015779092702169626,0.05442176870748299,499,168.1153485077673,1988.1523380066385,10.744835083378668,600.0000000000005,0,279,0,0,0,0.0057419832214927295,0.34649403964406905,4058517684.882021,0.0,0,0.0,0.0,0.0,0.0,277,30,0.5016164921766375,0.5137213396543456,0.5808865252727597,0.25489418186388557,272.1818181818182,0.21
type=reactive_gate_queue=vtfq_sandbox_idle_timeout_s=300_rate_per_min=2.0_seed=2,reactive_gate,vtfq,300,2.0,reactive_gate,2,694,506,16,0.03065134099616858,0.12403100775193798,506,139.89409840344865,2273.6477706824717,16.237689397313275,600.0000000000005,0,498,1,0,0,0.01384060305136874,0.3191198635993581,2885130663.608601,0.0,0,0.0,0.0,0.0,0.0,254,23,0.392423655633568,0.40766491551033723,0.5831357209312679,0.2711609736940257,276.0,0.22
type=reactive_gate_queue=vtfq_sandbox_idle_timeout_s=300_rate_per_min=2.0_seed=3,reactive_gate,vtfq,300,2.0,reactive_gate,3,760,546,27,0.04712041884816754,0.16339869281045752,546,72.28479818662902,3608.176311709822,6.779633716242188,600.0000000000005,0,677,0,0,0,0.008409305094031936,0.43042390236045097,4413759227.288072,0.0,0,0.0,0.0,0.0,0.0,266,19,0.3883172797821469,0.412566701564141,0.5662792089363183,0.2540216977734816,297.8181818181818,0.24
type=reactive_gate_queue=vtfq_sandbox_idle_timeout_s=300_rate_per_min=2.0_seed=4,reactive_gate,vtfq,300,2.0,reactive_gate,4,707,563,9,0.015734265734265736,0.05194805194805195,563,87.52615317927098,1992.3673116803604,2.604776629355384,600.0000000000005,0,284,0,0,0,0.014612130336666715,0.32598700084092397,4786957307.216281,0.0,0,0.0,0.0,0.0,0.0,231,19,0.4780599150039817,0.48607643313275484,0.5435932000412782,0.2725749248345681,307.0909090909091,0.2
type=reactive_gate_queue=vtfq_sandbox_idle_timeout_s=300_rate_per_min=2.0_seed=5,reactive_gate,vtfq,300,2.0,reactive_gate,5,975,705,44,0.05874499332443257,0.21182266009852216,705,73.59763199625922,3802.1723423778058,18.78502921310902,600.0000000000005,0,1264,0,0,0,0.023428531760742666,0.24684724944718683,3831985319.955825,0.0,0,0.0,0.0,0.0,0.0,299,4,0.3332052178965358,0.3595245633992407,0.7212214990449365,0.2937566226126504,384.54545454545456,0.32
type=reactive_gate_queue=vtfq_sandbox_idle_timeout_s=300_rate_per_min=2.0_seed=6,reactive_gate,vtfq,300,2.0,reactive_gate,6,597,432,23,0.05054945054945055,0.17692307692307693,432,153.12600905481327,3427.920338619646,25.52779729259068,600.0000000000005,0,640,0,0,0,0.01195697166303074,0.4221163130684513,4164244738.02185,0.0,0,0.0,0.0,0.0,0.0,236,21,0.38186559640229295,0.4111076239328811,0.5382035338885652,0.2470704257755887,235.63636363636365,0.22
type=reactive_gate_queue=vtfq_sandbox_idle_timeout_s=300_rate_per_min=2.0_seed=7,reactive_gate,vtfq,300,2.0,reactive_gate,7,740,529,12,0.022181146025878003,0.06741573033707865,529,127.11143853713384,2361.5251812258653,15.022542154767283,600.0000000000005,0,638,0,0,0,0.004763207050117067,0.3342566055892,3807776673.975775,0.0,0,0.0,0.0,0.0,0.0,229,15,0.37580157793813607,0.3831508490893559,0.569618747826826,0.2696501931230832,288.54545454545456,0.23
type=reactive_gate_queue=vtfq_sandbox_idle_timeout_s=300_rate_per_min=2.0_seed=8,reactive_gate,vtfq,300,2.0,reactive_gate,8,806,611,28,0.04381846635367762,0.16091954022988506,611,82.63141878499664,3749.1683822524565,5.640804592383895,600.0000000000005,0,826,0,0,0,0.01679117968102569,0.465746049118408,5269131562.250094,0.0,0,0.0,0.0,0.0,0.0,239,5,0.3718309512965071,0.3972671098214649,0.564872699879403,0.25964788686702023,333.2727272727273,0.25
type=reactive_gate_queue=vtfq_sandbox_idle_timeout_s=300_rate_per_min=2.0_seed=9,reactive_gate,vtfq,300,2.0,reactive_gate,9,818,606,33,0.051643192488262914,0.1797752808988764,606,129.03048809611073,3734.4919100316147,7.124772422245479,600.0000000000005,0,899,0,0,0,0.012865134740229956,0.3114689476442542,4182223438.5401015,0.0,0,0.0,0.0,0.0,0.0,277,9,0.3507404816924492,0.3781510533332126,0.6271789548085017,0.2723577692446771,330.54545454545456,0.27
type=reactive_gate_queue=vtfq_sandbox_idle_timeout_s=300_rate_per_min=2.0_seed=10,reactive_gate,vtfq,300,2.0,reactive_gate,10,667,544,9,0.0162748643761302,0.07627118644067797,544,128.58415254354884,2250.449500691544,8.365094807329946,600.0000000000005,0,374,0,0,0,0.0073488021579236895,0.26144932796344816,4116970557.1100674,0.0,0,0.0,0.0,0.0,0.0,224,15,0.43599536322784244,0.4482710558283247,0.5581221888799858,0.28747506869754064,296.72727272727275,0.21
type=lease_queue=fifo_sandbox_idle_timeout_s=0_rate_per_min=1.0_seed=1,lease,fifo,0,1.0,lease,1,401,377,1,0.0026455026455026454,0.00980392156862745,377,114.3882439180934,2005.8208893380875,2.1772719581431947,600.0,0,39,0,0,0,0.0027439125269214234,0.3898549072511854,3947776972.411009,10974.767847378967,61,313.3823138037296,94.32301611629237,444000.0,452.2356580072702,203,89,0.8763069823907588,0.8819605758255379,0.390231242270461,0.21092434543708405,205.63636363636365,0.27
type=lease_queue=fifo_sandbox_idle_timeout_s=0_rate_per_min=1.0_seed=2,lease,fifo,0,1.0,lease,2,417,372,2,0.0053475935828877,0.02531645569620253,372,176.3648283811292,1243.5289550573943,37.88944510357102,600.0,0,22,1,0,0,0.0025912541844622054,0.23981806964743982,1691370162.4148386,10556.020731003136,64,505.1380346382992,120.23162746057187,550800.0,878.6809421242929,193,48,0.79621200882039,0.8065524245193562,0.4904500257705258,0.23577595635019388,202.9090909090909,0.32
type=lease_queue=fifo_sandbox_idle_timeout_s=0_rate_per_min=1.0_seed=3,lease,fifo,0,1.0,lease,3,470,416,4,0.009523809523809525,0.03,416,131.13151234950533,1289.3903766791866,31.51727225790712,600.0,0,32,0,0,0,0.0014744768608210951,0.3898912410404446,2972845155.8820186,8903.653898312663,59,996.6350403239808,166.99246408827457,492000.0,1262.3865603699553,187,46,0.759299187613074,0.7686793600275981,0.473008262379403,0.24204774262470277,226.9090909090909,0.32
type=lease_queue=fifo_sandbox_idle_timeout_s=0_rate_per_min=1.0_seed=4,lease,fifo,0,1.0,lease,4,458,426,3,0.006993006993006993,0.020202020202020204,426,59.838538451521345,1889.4977637752036,0.0,600.0,0,39,0,0,0,0.010857580586497844,0.39079469278526296,3307729259.0891147,12833.142910716226,63,248.3712828530712,10.98580636997849,493800.0,222.67950846006127,171,98,0.868475003297896,0.8822039643900417,0.39143334996195933,0.19717102919573615,232.36363636363637,0.29
type=lease_queue=fifo_sandbox_idle_timeout_s=0_rate_per_min=1.0_seed=5,lease,fifo,0,1.0,lease,5,659,585,2,0.0034071550255536627,0.02040816326530612,585,127.27066685210139,2170.902385126927,57.212394571107055,600.0,0,75,2,0,0,0.0005242079316483683,0.3095090781574298,2232964284.4406805,6817.147730365928,44,1063.8452049874045,262.3629470889282,567000.0,2939.798574759715,191,50,0.6782337252116479,0.6847240000940561,0.6010546590666278,0.3031876004266923,319.0909090909091,0.42
type=lease_queue=fifo_sandbox_idle_timeout_s=0_rate_per_min=1.0_seed=6,lease,fifo,0,1.0,lease,6,444,395,1,0.0025252525252525255,0.010309278350515464,395,227.52637734079235,2085.0398731699634,43.43327693987493,600.0000000000005,0,55,1,0,0,0.00041151412996471334,0.38877138240680664,2768580526.725902,5479.285390303607,32,1490.4144408832465,657.3201367848196,426000.0,1778.1113421196685,204,58,0.7588810693827451,0.7602660104909291,0.5068209567226755,0.27243810576381405,215.45454545454547,0.34
type=lease_queue=fifo_sandbox_idle_timeout_s=0_rate_per_min=1.0_seed=7,lease,fifo,0,1.0,lease,7,405,376,0,0.0,0.0,376,108.96011626185327,1350.2214120326705,31.141985941552093,200.71392537937209,0,13,1,0,0,1.1504670564609494e-06,0.231910406561866,2185568677.0736527,8950.940281304327,63,1039.2846427871382,174.6219353717106,493200.0,354.9390124945851,163,66,0.8811293026340812,0.8811293026340812,0.4378498576105608,0.2285777652169033,205.0909090909091,0.29
type=lease_queue=fifo_sandbox_idle_timeout_s=0_rate_per_min=1.0_seed=8,lease,fifo,0,1.0,lease,8,546,487,1,0.0020491803278688526,0.009009009009009009,487,136.8488702243949,1861.3765341166807,15.379037309732052,600.0,0,71,0,0,0,0.0027940576930014136,0.4457291238548566,3470026651.3473,6512.247853763406,49,651.2527417047404,352.7641661202156,490200.0,1834.0956718155073,195,50,0.7135426180249557,0.7141067180613169,0.5229200680442243,0.2551436432509799,265.6363636363636,0.35
type=lease_queue=fifo_sandbox_idle_timeout_s=0_rate_per_min=1.0_seed=9,lease,fifo,0,1.0,lease,9,541,490,1,0.002036659877800407,0.008771929824561403,490,185.7366461755787,1593.8149305183388,47.393995501805676,600.0,0,30,0,0,0,2.7341813350614105e-05,0.2620853933096332,1550069137.3228571,8908.90680230407,25,836.0416799600694,205.0434094374118,548400.0,2336.019017677279,220,49,0.7754815579675192,0.7792380647337683,0.6121269143073362,0.25525408182938436,267.2727272727273,0.38
type=lease_queue=fifo_sandbox_idle_timeout_s=0_rate_per_min=1.0_seed=10,lease,fifo,0,1.0,lease,10,501,462,2,0.004310344827586207,0.021505376344086023,462,116.87572425987378,1485.365886713726,18.2356570959156,600.0,0,32,0,0,0,0.002190238401720114,0.21920491380633159,2756531904.88507,14263.564680005427,71,1139.0366189606543,180.0988070980393,399600.0,533.6720990362321,187,84,0.8138682099158372,0.8200965792998168,0.5061748641786454,0.2887586652229405,252.0,0.36
type=lease_queue=fifo_sandbox_idle_timeout_s=0_rate_per_min=2.0_seed=1,lease,fifo,0,2.0,lease,1,654,560,1,0.0017825311942959,0.00625,560,176.0797780382694,1728.1938268455865,52.33037019769073,600.0000000000002,0,86,1,0,0,0.0005808527248170763,0.32896266357806425,2317204659.8246865,8052.554224574456,43,713.4877185548304,488.41607635289165,825000.0,3689.5179079620557,302,63,0.6569073159045049,0.6584409957804152,0.7067419446184603,0.2882880059359818,305.45454545454544,0.49
type=lease_queue=fifo_sandbox_idle_timeout_s=0_rate_per_min=2.0_seed=2,lease,fifo,0,2.0,lease,2,732,580,6,0.010238907849829351,0.0410958904109589,580,316.0445834037466,2366.006572619499,57.98467484742211,600.0000000000005,0,298,3,0,0,0.004731066555969631,0.30029807124167596,968589163.9469569,4021.6002139575517,29,916.9529349746108,577.8926256713205,791400.0,9964.864688432706,255,32,0.47609452568112237,0.48216410406467514,0.7345471274888307,0.3094479818929315,316.3636363636364,0.54
type=lease_queue=fifo_sandbox_idle_timeout_s=0_rate_per_min=2.0_seed=3,lease,fifo,0,2.0,lease,3,807,623,13,0.020440251572327043,0.07142857142857142,623,147.9575217002989,2211.515917049787,53.63505129796227,600.0000000000005,0,416,1,0,0,0.0022441692984275833,0.41037859217839384,2297568422.217014,5001.810472838741,36,1048.4404023268044,486.5394149661133,825600.0,8493.849470307647,269,28,0.4284229652238883,0.44127822098300656,0.6905713908718596,0.2995626194058325,339.8181818181818,0.54
type=lease_queue=fifo_sandbox_idle_timeout_s=0_rate_per_min=2.0_seed=4,lease,fifo,0,2.0,lease,4,755,645,5,0.007692307692307693,0.023121387283236993,645,139.8688235076943,1952.644768747146,20.733979825241462,600.0,0,106,2,0,0,0.014419077329985626,0.311995450833064,2006622338.9579103,4489.625520684736,22,552.4652617824552,325.60733341185914,746400.0,1340.9521366957028,256,37,0.6440495377181222,0.6475713666275219,0.7118049519675926,0.32884824639654137,351.8181818181818,0.5
type=lease_queue=fifo_sandbox_idle_timeout_s=0_rate_per_min=2.0_seed=5,lease,fifo,0,2.0,lease,5,1023,812,17,0.020506634499396863,0.0730593607305936,812,219.73804858346534,3165.5168699802284,103.19490523495637,600.0000000000005,0,922,0,0,0,0.0104053047663044,0.2513299361277286,1846810585.7230697,1245.3526669903608,11,841.6163467989131,834.291782143557,982200.0,16603.720776983464,312,6,0.3891982188023125,0.40050432268673325,0.8462315487446581,0.3380629234379158,442.90909090909093,0.73
type=lease_queue=fifo_sandbox_idle_timeout_s=0_rate_per_min=2.0_seed=6,lease,fifo,0,2.0,lease,6,642,518,8,0.015209125475285171,0.05333333333333334,518,367.18948056089994,3118.67202862169,45.909236724863916,600.0000000000005,0,346,2,0,0,0.004994704753928045,0.4009093773997415,2714598054.626094,2814.6992905974594,14,1468.5267995541126,1076.0842646108943,693600.0,6673.993716809423,258,26,0.491553484728275,0.5028073338463317,0.6470693213424307,0.3027444477807707,282.54545454545456,0.49
type=lease_queue=fifo_sandbox_idle_timeout_s=0_rate_per_min=2.0_seed=7,lease,fifo,0,2.0,lease,7,801,635,8,0.012441679626749611,0.0380952380952381,635,220.55548605203285,2025.357951855313,86.63901294363058,600.0000000000005,0,340,2,0,0,0.009490672169484746,0.3566583130040617,1570722757.9074273,2354.2877796984776,18,1375.2215414826733,837.5286545673134,896400.0,9392.546476550895,246,27,0.4463788206732704,0.4537216198439644,0.7132956615149897,0.29443303501576373,346.3636363636364,0.56
type=lease_queue=fifo_sandbox_idle_timeout_s=0_rate_per_min=2.0_seed=8,lease,fifo,0,2.0,lease,8,887,706,9,0.012587412587412588,0.05056179775280899,706,221.03774429658608,2525.6058663480285,31.689586688185784,600.0000000000005,0,584,0,0,0,0.0059471906741645035,0.4593380678772492,3100754365.925734,1586.112327823239,18,805.948189822279,597.5313928285543,877200.0,9362.909280047541,295,16,0.4557594752246578,0.4648293182203839,0.7394236028109623,0.3152670243666198,385.0909090909091,0.58
type=lease_queue=fifo_sandbox_idle_timeout_s=0_rate_per_min=2.0_seed=9,lease,fifo,0,2.0,lease,9,858,674,16,0.02318840579710145,0.08791208791208792,674,323.4158236401296,2867.762948633733,40.59190574259549,600.0000000000005,0,575,3,0,0,0.004860148439506515,0.36020742835485575,1315338589.2654638,912.5055741959549,2,676.8120431620728,623.209054109911,838200.0,12343.967994307392,297,17,0.4398505866934361,0.4549368365404845,0.785443077825531,0.3179884773342985,367.6363636363636,0.61
type=lease_queue=fifo_sandbox_idle_timeout_s=0_rate_per_min=2.0_seed=10,lease,fifo,0,2.0,lease,10,723,618,3,0.004830917874396135,0.02158273381294964,618,220.86110136137768,1873.4087565882758,57.122691856977625,600.0000000000002,0,134,1,0,0,0.0027191218901216753,0.2724436474303246,1303684807.6154585,1331.528927734929,10,1453.18634637083,916.6539931213097,645000.0,4457.082296629662,247,30,0.5865898173306241,0.5902553545379303,0.7331861568448913,0.3432678684464351,337.0909090909091,0.51
type=lease_queue=fifo_sandbox_idle_timeout_s=300_rate_per_min=1.0_seed=1,lease,fifo,300,1.0,lease,1,405,381,1,0.002617801047120419,0.009708737864077669,381,118.3209130050227,2016.0325538584987,0.0,600.0,0,42,0,0,0,0.0030049923873933337,0.38812904690345806,3912632386.837444,11745.389201991444,63,278.9286711012029,71.16530865774894,444600.0,234.75524496513222,203,90,0.8965718283819002,0.9023561627585575,0.38894711866663434,0.21254240319112694,207.8181818181818,0.28
type=lease_queue=fifo_sandbox_idle_timeout_s=300_rate_per_min=1.0_seed=2,lease,fifo,300,1.0,lease,2,420,375,2,0.005305039787798408,0.02531645569620253,375,176.2545125216052,1270.7789085854565,34.8927493875865,600.0,0,24,2,0,0,0.0038122867630636143,0.2367090427031273,1689489166.9053528,11619.544582245398,65,503.5625090559253,127.7134241992062,550200.0,626.3533734840416,193,47,0.8143708376814879,0.824947082326702,0.4950947212388307,0.24022481073781599,204.54545454545456,0.32
type=lease_queue=fifo_sandbox_idle_timeout_s=300_rate_per_min=1.0_seed=3,lease,fifo,300,1.0,lease,3,473,419,4,0.009456264775413711,0.0297029702970297,419,129.45725280203033,1298.391015807854,28.645211877647302,600.0,0,32,0,0,0,0.0014706370071420464,0.3915106344354464,2980375635.1147213,8902.593799683651,59,988.1024384530226,164.74819255829243,494400.0,1248.5579891518194,183,46,0.7653849382604783,0.7749283195486083,0.47434247662522666,0.24039638636871757,228.54545454545456,0.32
type=lease_queue=fifo_sandbox_idle_timeout_s=300_rate_per_min=1.0_seed=4,lease,fifo,300,1.0,lease,4,459,428,3,0.0069605568445475635,0.020202020202020204,428,56.95666511441095,1888.7706079277382,0.0,600.0,0,39,0,0,0,0.00921407204879462,0.3893918846521654,3339062900.876804,13332.053684051258,62,236.45838959219589,12.483295648899002,495000.0,291.3228386938122,171,99,0.8697176154274447,0.8834749151381073,0.39295144432708495,0.1983928710302399,233.45454545454547,0.29
type=lease_queue=fifo_sandbox_idle_timeout_s=300_rate_per_min=1.0_seed=5,lease,fifo,300,1.0,lease,5,665,589,2,0.00338409475465313,0.02040816326530612,589,126.77337053655742,2171.4032446983915,52.4961677835455,600.0000000000005,0,82,3,0,0,0.0015868051441759376,0.32105225867039755,2166889780.097535,7631.982683996219,49,1048.2324276672407,164.40718291039502,577200.0,2606.709276599686,189,41,0.6709259477137024,0.6773462917109626,0.6026471556915307,0.298412351444071,321.2727272727273,0.42
type=lease_queue=fifo_sandbox_idle_timeout_s=300_rate_per_min=1.0_seed=6,lease,fifo,300,1.0,lease,6,441,392,1,0.002544529262086514,0.010309278350515464,392,218.9522399070695,1972.8206756624206,41.2901026037199,600.0,0,54,0,0,0,1.2490300212825794e-05,0.38960739174418485,2805397023.503777,5336.127890538683,32,1476.6846453355165,810.643660808812,427800.0,1931.3582660473783,202,58,0.7572881815900039,0.7586757298825808,0.5101290921879047,0.27128578528159075,213.8181818181818,0.34
type=lease_queue=fifo_sandbox_idle_timeout_s=300_rate_per_min=1.0_seed=7,lease,fifo,300,1.0,lease,7,405,377,0,0.0,0.0,377,110.90556110840271,1387.9677334139385,31.210689649297525,98.57614325544546,0,12,1,0,0,0.0003958295885262622,0.21617336683671964,2091610041.7189171,9228.82503849077,57,1030.7498358597559,211.8945439306326,493800.0,297.26634393584595,163,58,0.9089649521205875,0.9089649521205875,0.44606187821322196,0.23113287608502148,205.63636363636365,0.29
type=lease_queue=fifo_sandbox_idle_timeout_s=300_rate_per_min=1.0_seed=8,lease,fifo,300,1.0,lease,8,547,487,2,0.00408997955010225,0.018018018018018018,487,137.36570075254804,1830.2920904480377,11.558306367683707,600.0,0,73,0,0,0,0.005081356201157652,0.4436374898723329,3559356514.1641307,6682.631327469784,48,623.1686780972232,339.96686267847554,493200.0,1835.8110075515854,196,49,0.7074041259586512,0.7116754544978912,0.521155311196905,0.2572760536806065,265.6363636363636,0.35
type=lease_queue=fifo_sandbox_idle_timeout_s=300_rate_per_min=1.0_seed=9,lease,fifo,300,1.0,lease,9,538,489,2,0.004073319755600814,0.017391304347826087,489,174.97522608274267,1609.1602058548565,70.91199298705484,600.0,0,33,3,0,0,0.004057645581062958,0.2639916265896142,1549552460.8966427,7418.106606416643,25,847.8716906319597,253.21181069409022,557400.0,1823.0272489266736,224,52,0.7517927595213904,0.756408239474106,0.6129834752816629,0.2525124083615606,266.72727272727275,0.39
type=lease_queue=fifo_sandbox_idle_timeout_s=300_rate_per_min=1.0_seed=10,lease,fifo,300,1.0,lease,10,503,458,2,0.004347826086956522,0.02197802197802198,458,111.46327533214344,1599.679127170282,21.144128284100503,600.0,0,29,2,0,0,0.0032161932988364977,0.2056833480589835,2305423033.2133145,9648.23264487683,64,1148.4791721957133,218.43839908589507,399000.0,389.14001051131555,190,91,0.8078662012315322,0.8139812628451901,0.5174854276013339,0.2920596343094152,249.81818181818184,0.36
type=lease_queue=fifo_sandbox_idle_timeout_s=300_rate_per_min=2.0_seed=1,lease,fifo,300,2.0,lease,1,654,561,2,0.003552397868561279,0.012269938650306749,561,183.40286134093026,1586.3677658538854,60.98722706074678,600.0000000000002,0,82,0,0,0,0.002768957223101876,0.32477786055018026,2222313545.2109575,7151.71687269662,40,690.8837235547322,494.788831552549,824400.0,3445.6511905092075,300,66,0.655725316723189,0.6567095958743102,0.7172000106392451,0.29433962509985717,306.0,0.49
type=lease_queue=fifo_sandbox_idle_timeout_s=300_rate_per_min=2.0_seed=2,lease,fifo,300,2.0,lease,2,738,590,4,0.006734006734006734,0.027586206896551724,590,287.87811642192196,2362.215454009235,48.601026103829376,600.0000000000005,0,287,5,0,0,0.005886440910753498,0.34405263161867505,1171643065.6044376,4237.108340264094,28,915.18450413977,577.7342872393849,796200.0,9267.374644350411,247,32,0.48400687298258566,0.48817345207988105,0.7268841588076276,0.3136260655208231,321.8181818181818,0.54
type=lease_queue=fifo_sandbox_idle_timeout_s=300_rate_per_min=2.0_seed=3,lease,fifo,300,2.0,lease,3,809,623,12,0.01889763779527559,0.06547619047619048,623,161.85201251782178,2294.076371231107,55.82033153788846,600.0000000000005,0,416,1,0,0,0.0025949499275035514,0.40992695981341415,2213995103.6442924,4918.430787448926,36,1050.139178516833,493.14813531161235,844800.0,8678.150546210716,268,28,0.42539847473345754,0.43671127142802224,0.6986269544483295,0.29154057444526726,339.8181818181818,0.55
type=lease_queue=fifo_sandbox_idle_timeout_s=300_rate_per_min=2.0_seed=4,lease,fifo,300,2.0,lease,4,762,652,6,0.00911854103343465,0.02824858757062147,652,135.9702710784627,1907.359572222507,21.338144355925447,600.0,0,107,0,0,0,0.007809997977971874,0.32889975195952803,1968331769.1354578,3989.7608726106487,25,563.4654263833406,354.56073721203165,747000.0,1395.4789620381848,258,41,0.646578020638036,0.6521744041338793,0.7010435512739576,0.3262495254467007,355.6363636363636,0.5
type=lease_queue=fifo_sandbox_idle_timeout_s=300_rate_per_min=2.0_seed=5,lease,fifo,300,2.0,lease,5,1004,784,21,0.02608695652173913,0.09259259259259259,784,194.67196596830672,3097.3614468171236,80.76218885285186,600.0000000000005,0,966,1,0,0,0.007413429935733751,0.27202933025400444,1795623494.5189059,1262.265765500665,13,887.0151157421178,881.9175442785819,964800.0,15948.214523375893,300,5,0.39463859147201824,0.4097709410494723,0.8370363490068958,0.3402617417026723,427.6363636363636,0.7
type=lease_queue=fifo_sandbox_idle_timeout_s=300_rate_per_min=2.0_seed=6,lease,fifo,300,2.0,lease,6,645,521,7,0.013257575757575758,0.046052631578947366,521,373.58696780359696,2994.8310417087832,41.801822508363166,600.0000000000005,0,308,3,0,0,0.006037048762903764,0.40198192598371907,2387126638.7878656,2678.701953328776,13,1413.464167335579,1039.7786130119227,708600.0,5639.445413541913,263,22,0.5095703175309705,0.5195398723579209,0.6678518569711539,0.30075357104614076,284.1818181818182,0.5
type=lease_queue=fifo_sandbox_idle_timeout_s=300_rate_per_min=2.0_seed=7,lease,fifo,300,2.0,lease,7,802,633,7,0.0109375,0.03333333333333333,633,210.33901418185633,2033.405250199786,102.54125016005035,600.0000000000005,0,347,0,0,0,0.008144327134546579,0.3569042334153508,1745883487.615922,2368.5811777475515,19,1364.6860260326453,1121.8425193337719,901200.0,8854.009759387209,250,27,0.44762144760962447,0.4541913226452827,0.7087116722837348,0.2939280804597982,345.2727272727273,0.56
type=lease_queue=fifo_sandbox_idle_timeout_s=300_rate_per_min=2.0_seed=8,lease,fifo,300,2.0,lease,8,880,706,9,0.012587412587412588,0.05,706,193.9523904763126,2732.865744942636,25.402635915514267,600.0000000000005,0,598,0,0,0,0.007938983627247398,0.4446746110080427,3341561791.0733232,1847.0712346603145,19,799.3886169880509,625.8721987947422,873000.0,10219.830564697044,299,13,0.4568874454305671,0.46544173743470496,0.7262563069234007,0.3290233600617597,385.0909090909091,0.58
type=lease_queue=fifo_sandbox_idle_timeout_s=300_rate_per_min=2.0_seed=9,lease,fifo,300,2.0,lease,9,856,672,16,0.023255813953488372,0.08695652173913043,672,335.66236019610346,2512.745136282076,36.95215424781654,600.0000000000005,0,589,1,0,0,0.0037916740402451736,0.34666042687550325,1757894424.8105447,950.39803317492,2,674.0812905543635,621.9274802846339,834600.0,12751.873759167318,306,23,0.42861833443792685,0.44238630295973974,0.7694668690632285,0.31740292256365077,366.54545454545456,0.6
type=lease_queue=fifo_sandbox_idle_timeout_s=300_rate_per_min=2.0_seed=10,lease,fifo,300,2.0,lease,10,722,616,3,0.004846526655896607,0.021897810218978103,616,219.40098655992006,1932.3207200764223,45.58230138538902,600.0000000000005,0,129,1,0,0,0.00340299197501013,0.2779554125823598,1348085055.6839466,1370.750139217436,13,1448.9408305038678,934.0781967010707,630600.0,4711.977757198085,248,21,0.5937705843505499,0.597516889992849,0.730739417759324,0.3490427264289158,336.0,0.5
type=lease_queue=vtfq_sandbox_idle_timeout_s=0_rate_per_min=1.0_seed=1,lease,vtfq,0,1.0,lease,1,401,377,1,0.0026455026455026454,0.00980392156862745,377,114.3882439180934,2005.8208893380875,2.1772719581431947,600.0,0,39,0,0,0,0.0027439125269214234,0.3898549072511854,3947776972.411009,10974.767847378967,61,313.3823138037296,94.32301611629237,444000.0,452.2356580072702,203,89,0.8763069823907588,0.8819605758255379,0.390231242270461,0.21092434543708405,205.63636363636365,0.27
type=lease_queue=vtfq_sandbox_idle_timeout_s=0_rate_per_min=1.0_seed=2,lease,vtfq,0,1.0,lease,2,417,372,2,0.0053475935828877,0.02531645569620253,372,176.3648283811292,1243.5289550573943,37.88944510357102,600.0,0,22,1,0,0,0.0025912541844622054,0.23981806964743982,1691370162.4148386,10556.020731003136,64,505.1380346382992,120.23162746057187,550800.0,878.6809421242929,193,48,0.79621200882039,0.8065524245193562,0.4904500257705258,0.23577595635019388,202.9090909090909,0.32
type=lease_queue=vtfq_sandbox_idle_timeout_s=0_rate_per_min=1.0_seed=3,lease,vtfq,0,1.0,lease,3,470,416,4,0.009523809523809525,0.03,416,131.13151234950533,1289.3903766791866,31.51727225790712,600.0,0,32,0,0,0,0.0014744768608210951,0.3898912410404446,2972845155.8820186,8903.653898312663,59,996.6350403239808,166.99246408827457,492000.0,1262.3865603699553,187,46,0.759299187613074,0.7686793600275981,0.473008262379403,0.24204774262470277,226.9090909090909,0.32
type=lease_queue=vtfq_sandbox_idle_timeout_s=0_rate_per_min=1.0_seed=4,lease,vtfq,0,1.0,lease,4,458,426,3,0.006993006993006993,0.020202020202020204,426,59.838538451521345,1889.4977637752036,0.0,600.0,0,39,0,0,0,0.010857580586497844,0.39079469278526296,3307729259.0891147,12833.142910716226,63,248.3712828530712,10.98580636997849,493800.0,222.67950846006127,171,98,0.868475003297896,0.8822039643900417,0.39143334996195933,0.19717102919573615,232.36363636363637,0.28
type=lease_queue=vtfq_sandbox_idle_timeout_s=0_rate_per_min=1.0_seed=5,lease,vtfq,0,1.0,lease,5,659,585,2,0.0034071550255536627,0.02040816326530612,585,127.27066685210139,2170.902385126927,57.212394571107055,600.0,0,75,2,0,0,0.0005242079316483683,0.3095090781574298,2232964284.4406805,6817.147730365928,44,1063.8452049874045,262.3629470889282,567000.0,2939.798574759715,191,50,0.6782337252116479,0.6847240000940561,0.6010546590666278,0.3031876004266923,319.0909090909091,0.42
type=lease_queue=vtfq_sandbox_idle_timeout_s=0_rate_per_min=1.0_seed=6,lease,vtfq,0,1.0,lease,6,444,395,1,0.0025252525252525255,0.010309278350515464,395,227.52637734079235,2085.0398731699634,43.43327693987493,600.0000000000005,0,55,1,0,0,0.00041151412996471334,0.38877138240680664,2768580526.725902,5479.285390303607,32,1490.4144408832465,657.3201367848196,426000.0,1778.1113421196685,204,58,0.7588810693827451,0.7602660104909291,0.5068209567226755,0.27243810576381405,215.45454545454547,0.34
type=lease_queue=vtfq_sandbox_idle_timeout_s=0_rate_per_min=1.0_seed=7,lease,vtfq,0,1.0,lease,7,405,376,0,0.0,0.0,376,108.96011626185327,1350.2214120326705,31.141985941552093,200.71392537937209,0,13,1,0,0,1.1504670564609494e-06,0.231910406561866,2185568677.0736527,8950.940281304327,63,1039.2846427871382,174.6219353717106,493200.0,354.9390124945851,163,66,0.8811293026340812,0.8811293026340812,0.4378498576105608,0.2285777652169033,205.0909090909091,0.28
type=lease_queue=vtfq_sandbox_idle_timeout_s=0_rate_per_min=1.0_seed=8,lease,vtfq,0,1.0,lease,8,546,487,1,0.0020491803278688526,0.009009009009009009,487,136.8488702243949,1861.3765341166807,15.379037309732052,600.0,0,71,0,0,0,0.0027940576930014136,0.4457291238548566,3470026651.3473,6512.247853763406,49,651.2527417047404,352.7641661202156,490200.0,1834.0956718155073,195,50,0.7135426180249557,0.7141067180613169,0.5229200680442243,0.2551436432509799,265.6363636363636,0.35
type=lease_queue=vtfq_sandbox_idle_timeout_s=0_rate_per_min=1.0_seed=9,lease,vtfq,0,1.0,lease,9,541,490,1,0.002036659877800407,0.008771929824561403,490,185.7366461755787,1593.8149305183388,47.393995501805676,600.0,0,30,0,0,0,2.7341813350614105e-05,0.2620853933096332,1550069137.3228571,8908.90680230407,25,836.0416799600694,205.0434094374118,548400.0,2336.019017677279,220,49,0.7754815579675192,0.7792380647337683,0.6121269143073362,0.25525408182938436,267.2727272727273,0.38
type=lease_queue=vtfq_sandbox_idle_timeout_s=0_rate_per_min=1.0_seed=10,lease,vtfq,0,1.0,lease,10,501,462,2,0.004310344827586207,0.021505376344086023,462,116.87572425987378,1485.365886713726,18.2356570959156,600.0,0,32,0,0,0,0.002190238401720114,0.21920491380633159,2756531904.88507,14263.564680005427,71,1139.0366189606543,180.0988070980393,399600.0,533.6720990362321,187,84,0.8138682099158372,0.8200965792998168,0.5061748641786454,0.2887586652229405,252.0,0.35
type=lease_queue=vtfq_sandbox_idle_timeout_s=0_rate_per_min=2.0_seed=1,lease,vtfq,0,2.0,lease,1,654,560,1,0.0017825311942959,0.00625,560,176.0797780382694,1728.1938268455865,52.33037019769073,600.0000000000002,0,86,1,0,0,0.0005808527248170763,0.32896266357806425,2317204659.8246865,8052.554224574456,43,713.4877185548304,488.41607635289165,825000.0,3689.5179079620557,302,63,0.6569073159045049,0.6584409957804152,0.7067419446184603,0.2882880059359818,305.45454545454544,0.51
type=lease_queue=vtfq_sandbox_idle_timeout_s=0_rate_per_min=2.0_seed=2,lease,vtfq,0,2.0,lease,2,732,580,6,0.010238907849829351,0.0410958904109589,580,316.0445834037466,2366.006572619499,57.98467484742211,600.0000000000005,0,298,3,0,0,0.004731066555969631,0.30029807124167596,968589163.9469569,4021.6002139575517,29,916.9529349746108,577.8926256713205,791400.0,9964.864688432706,255,32,0.47609452568112237,0.48216410406467514,0.7345471274888307,0.3094479818929315,316.3636363636364,0.55
type=lease_queue=vtfq_sandbox_idle_timeout_s=0_rate_per_min=2.0_seed=3,lease,vtfq,0,2.0,lease,3,807,623,13,0.020440251572327043,0.07142857142857142,623,147.9575217002989,2211.515917049787,53.63505129796227,600.0000000000005,0,416,1,0,0,0.0022441692984275833,0.41037859217839384,2297568422.217014,5001.810472838741,36,1048.4404023268044,486.5394149661133,825600.0,8493.849470307647,269,28,0.4284229652238883,0.44127822098300656,0.6905713908718596,0.2995626194058325,339.8181818181818,0.55
type=lease_queue=vtfq_sandbox_idle_timeout_s=0_rate_per_min=2.0_seed=4,lease,vtfq,0,2.0,lease,4,755,645,5,0.007692307692307693,0.023121387283236993,645,139.8688235076943,1952.644768747146,20.733979825241462,600.0,0,106,2,0,0,0.014419077329985626,0.311995450833064,2006622338.9579103,4489.625520684736,22,552.4652617824552,325.60733341185914,746400.0,1340.9521366957028,256,37,0.6440495377181222,0.6475713666275219,0.7118049519675926,0.32884824639654137,351.8181818181818,0.49
type=lease_queue=vtfq_sandbox_idle_timeout_s=0_rate_per_min=2.0_seed=5,lease,vtfq,0,2.0,lease,5,1023,812,17,0.020506634499396863,0.0730593607305936,812,219.73804858346534,3165.5168699802284,103.19490523495637,600.0000000000005,0,922,0,0,0,0.0104053047663044,0.2513299361277286,1846810585.7230697,1245.3526669903608,11,841.6163467989131,834.291782143557,982200.0,16603.720776983464,312,6,0.3891982188023125,0.40050432268673325,0.8462315487446581,0.3380629234379158,442.90909090909093,0.72
type=lease_queue=vtfq_sandbox_idle_timeout_s=0_rate_per_min=2.0_seed=6,lease,vtfq,0,2.0,lease,6,642,518,8,0.015209125475285171,0.05333333333333334,518,367.18948056089994,3118.67202862169,45.909236724863916,600.0000000000005,0,346,2,0,0,0.004994704753928045,0.4009093773997415,2714598054.626094,2814.6992905974594,14,1468.5267995541126,1076.0842646108943,693600.0,6673.993716809423,258,26,0.491553484728275,0.5028073338463317,0.6470693213424307,0.3027444477807707,282.54545454545456,0.5
type=lease_queue=vtfq_sandbox_idle_timeout_s=0_rate_per_min=2.0_seed=7,lease,vtfq,0,2.0,lease,7,801,635,8,0.012441679626749611,0.0380952380952381,635,220.55548605203285,2025.357951855313,86.63901294363058,600.0000000000005,0,340,2,0,0,0.009490672169484746,0.3566583130040617,1570722757.9074273,2354.2877796984776,18,1375.2215414826733,837.5286545673134,896400.0,9392.546476550895,246,27,0.4463788206732704,0.4537216198439644,0.7132956615149897,0.29443303501576373,346.3636363636364,0.55
type=lease_queue=vtfq_sandbox_idle_timeout_s=0_rate_per_min=2.0_seed=8,lease,vtfq,0,2.0,lease,8,887,706,9,0.012587412587412588,0.05056179775280899,706,221.03774429658608,2525.6058663480285,31.689586688185784,600.0000000000005,0,584,0,0,0,0.0059471906741645035,0.4593380678772492,3100754365.925734,1586.112327823239,18,805.948189822279,597.5313928285543,877200.0,9362.909280047541,295,16,0.4557594752246578,0.4648293182203839,0.7394236028109623,0.3152670243666198,385.0909090909091,0.59
type=lease_queue=vtfq_sandbox_idle_timeout_s=0_rate_per_min=2.0_seed=9,lease,vtfq,0,2.0,lease,9,858,674,16,0.02318840579710145,0.08791208791208792,674,323.4158236401296,2867.762948633733,40.59190574259549,600.0000000000005,0,575,3,0,0,0.004860148439506515,0.36020742835485575,1315338589.2654638,912.5055741959549,2,676.8120431620728,623.209054109911,838200.0,12343.967994307392,297,17,0.4398505866934361,0.4549368365404845,0.785443077825531,0.3179884773342985,367.6363636363636,0.62
type=lease_queue=vtfq_sandbox_idle_timeout_s=0_rate_per_min=2.0_seed=10,lease,vtfq,0,2.0,lease,10,723,618,3,0.004830917874396135,0.02158273381294964,618,220.86110136137768,1873.4087565882758,57.122691856977625,600.0000000000002,0,134,1,0,0,0.0027191218901216753,0.2724436474303246,1303684807.6154585,1331.528927734929,10,1453.18634637083,916.6539931213097,645000.0,4457.082296629662,247,30,0.5865898173306241,0.5902553545379303,0.7331861568448913,0.3432678684464351,337.0909090909091,0.51
type=lease_queue=vtfq_sandbox_idle_timeout_s=300_rate_per_min=1.0_seed=1,lease,vtfq,300,1.0,lease,1,405,381,1,0.002617801047120419,0.009708737864077669,381,118.3209130050227,2016.0325538584987,0.0,600.0,0,42,0,0,0,0.0030049923873933337,0.38812904690345806,3912632386.837444,11745.389201991444,63,278.9286711012029,71.16530865774894,444600.0,234.75524496513222,203,90,0.8965718283819002,0.9023561627585575,0.38894711866663434,0.21254240319112694,207.8181818181818,0.27
type=lease_queue=vtfq_sandbox_idle_timeout_s=300_rate_per_min=1.0_seed=2,lease,vtfq,300,1.0,lease,2,420,375,2,0.005305039787798408,0.02531645569620253,375,176.2545125216052,1270.7789085854565,34.8927493875865,600.0,0,24,2,0,0,0.0038122867630636143,0.2367090427031273,1689489166.9053528,11619.544582245398,65,503.5625090559253,127.7134241992062,550200.0,626.3533734840416,193,47,0.8143708376814879,0.824947082326702,0.4950947212388307,0.24022481073781599,204.54545454545456,0.33
type=lease_queue=vtfq_sandbox_idle_timeout_s=300_rate_per_min=1.0_seed=3,lease,vtfq,300,1.0,lease,3,473,419,4,0.009456264775413711,0.0297029702970297,419,129.45725280203033,1298.391015807854,28.645211877647302,600.0,0,32,0,0,0,0.0014706370071420464,0.3915106344354464,2980375635.1147213,8902.593799683651,59,988.1024384530226,164.74819255829243,494400.0,1248.5579891518194,183,46,0.7653849382604783,0.7749283195486083,0.47434247662522666,0.24039638636871757,228.54545454545456,0.32
type=lease_queue=vtfq_sandbox_idle_timeout_s=300_rate_per_min=1.0_seed=4,lease,vtfq,300,1.0,lease,4,459,428,3,0.0069605568445475635,0.020202020202020204,428,56.95666511441095,1888.7706079277382,0.0,600.0,0,39,0,0,0,0.00921407204879462,0.3893918846521654,3339062900.876804,13332.053684051258,62,236.45838959219589,12.483295648899002,495000.0,291.3228386938122,171,99,0.8697176154274447,0.8834749151381073,0.39295144432708495,0.1983928710302399,233.45454545454547,0.29
type=lease_queue=vtfq_sandbox_idle_timeout_s=300_rate_per_min=1.0_seed=5,lease,vtfq,300,1.0,lease,5,665,589,2,0.00338409475465313,0.02040816326530612,589,126.77337053655742,2171.4032446983915,52.4961677835455,600.0000000000005,0,82,3,0,0,0.0015868051441759376,0.32105225867039755,2166889780.097535,7631.982683996219,49,1048.2324276672407,164.40718291039502,577200.0,2606.709276599686,189,41,0.6709259477137024,0.6773462917109626,0.6026471556915307,0.298412351444071,321.2727272727273,0.43
type=lease_queue=vtfq_sandbox_idle_timeout_s=300_rate_per_min=1.0_seed=6,lease,vtfq,300,1.0,lease,6,441,392,1,0.002544529262086514,0.010309278350515464,392,218.9522399070695,1972.8206756624206,41.2901026037199,600.0,0,54,0,0,0,1.2490300212825794e-05,0.38960739174418485,2805397023.503777,5336.127890538683,32,1476.6846453355165,810.643660808812,427800.0,1931.3582660473783,202,58,0.7572881815900039,0.7586757298825808,0.5101290921879047,0.27128578528159075,213.8181818181818,0.36
type=lease_queue=vtfq_sandbox_idle_timeout_s=300_rate_per_min=1.0_seed=7,lease,vtfq,300,1.0,lease,7,405,377,0,0.0,0.0,377,110.90556110840271,1387.9677334139385,31.210689649297525,98.57614325544546,0,12,1,0,0,0.0003958295885262622,0.21617336683671964,2091610041.7189171,9228.82503849077,57,1030.7498358597559,211.8945439306326,493800.0,297.26634393584595,163,58,0.9089649521205875,0.9089649521205875,0.44606187821322196,0.23113287608502148,205.63636363636365,0.28
type=lease_queue=vtfq_sandbox_idle_timeout_s=300_rate_per_min=1.0_seed=8,lease,vtfq,300,1.0,lease,8,547,487,2,0.00408997955010225,0.018018018018018018,487,137.36570075254804,1830.2920904480377,11.558306367683707,600.0,0,73,0,0,0,0.005081356201157652,0.4436374898723329,3559356514.1641307,6682.631327469784,48,623.1686780972232,339.96686267847554,493200.0,1835.8110075515854,196,49,0.7074041259586512,0.7116754544978912,0.521155311196905,0.2572760536806065,265.6363636363636,0.35
type=lease_queue=vtfq_sandbox_idle_timeout_s=300_rate_per_min=1.0_seed=9,lease,vtfq,300,1.0,lease,9,538,489,2,0.004073319755600814,0.017391304347826087,489,174.97522608274267,1609.1602058548565,70.91199298705484,600.0,0,33,3,0,0,0.004057645581062958,0.2639916265896142,1549552460.8966427,7418.106606416643,25,847.8716906319597,253.21181069409022,557400.0,1823.0272489266736,224,52,0.7517927595213904,0.756408239474106,0.6129834752816629,0.2525124083615606,266.72727272727275,0.4
type=lease_queue=vtfq_sandbox_idle_timeout_s=300_rate_per_min=1.0_seed=10,lease,vtfq,300,1.0,lease,10,503,458,2,0.004347826086956522,0.02197802197802198,458,111.46327533214344,1599.679127170282,21.144128284100503,600.0,0,29,2,0,0,0.0032161932988364977,0.2056833480589835,2305423033.2133145,9648.23264487683,64,1148.4791721957133,218.43839908589507,399000.0,389.14001051131555,190,91,0.8078662012315322,0.8139812628451901,0.5174854276013339,0.2920596343094152,249.81818181818184,0.35
type=lease_queue=vtfq_sandbox_idle_timeout_s=300_rate_per_min=2.0_seed=1,lease,vtfq,300,2.0,lease,1,654,561,2,0.003552397868561279,0.012269938650306749,561,183.40286134093026,1586.3677658538854,60.98722706074678,600.0000000000002,0,82,0,0,0,0.002768957223101876,0.32477786055018026,2222313545.2109575,7151.71687269662,40,690.8837235547322,494.788831552549,824400.0,3445.6511905092075,300,66,0.655725316723189,0.6567095958743102,0.7172000106392451,0.29433962509985717,306.0,0.5
type=lease_queue=vtfq_sandbox_idle_timeout_s=300_rate_per_min=2.0_seed=2,lease,vtfq,300,2.0,lease,2,738,590,4,0.006734006734006734,0.027586206896551724,590,287.87811642192196,2362.215454009235,48.601026103829376,600.0000000000005,0,287,5,0,0,0.005886440910753498,0.34405263161867505,1171643065.6044376,4237.108340264094,28,915.18450413977,577.7342872393849,796200.0,9267.374644350411,247,32,0.48400687298258566,0.48817345207988105,0.7268841588076276,0.3136260655208231,321.8181818181818,0.52
type=lease_queue=vtfq_sandbox_idle_timeout_s=300_rate_per_min=2.0_seed=3,lease,vtfq,300,2.0,lease,3,809,623,12,0.01889763779527559,0.06547619047619048,623,161.85201251782178,2294.076371231107,55.82033153788846,600.0000000000005,0,416,1,0,0,0.0025949499275035514,0.40992695981341415,2213995103.6442924,4918.430787448926,36,1050.139178516833,493.14813531161235,844800.0,8678.150546210716,268,28,0.42539847473345754,0.43671127142802224,0.6986269544483295,0.29154057444526726,339.8181818181818,0.56
type=lease_queue=vtfq_sandbox_idle_timeout_s=300_rate_per_min=2.0_seed=4,lease,vtfq,300,2.0,lease,4,762,652,6,0.00911854103343465,0.02824858757062147,652,135.9702710784627,1907.359572222507,21.338144355925447,600.0,0,107,0,0,0,0.007809997977971874,0.32889975195952803,1968331769.1354578,3989.7608726106487,25,563.4654263833406,354.56073721203165,747000.0,1395.4789620381848,258,41,0.646578020638036,0.6521744041338793,0.7010435512739576,0.3262495254467007,355.6363636363636,0.49
type=lease_queue=vtfq_sandbox_idle_timeout_s=300_rate_per_min=2.0_seed=5,lease,vtfq,300,2.0,lease,5,1004,784,21,0.02608695652173913,0.09259259259259259,784,194.67196596830672,3097.3614468171236,80.76218885285186,600.0000000000005,0,966,1,0,0,0.007413429935733751,0.27202933025400444,1795623494.5189059,1262.265765500665,13,887.0151157421178,881.9175442785819,964800.0,15948.214523375893,300,5,0.39463859147201824,0.4097709410494723,0.8370363490068958,0.3402617417026723,427.6363636363636,0.71
type=lease_queue=vtfq_sandbox_idle_timeout_s=300_rate_per_min=2.0_seed=6,lease,vtfq,300,2.0,lease,6,645,521,7,0.013257575757575758,0.046052631578947366,521,373.58696780359696,2994.8310417087832,41.801822508363166,600.0000000000005,0,308,3,0,0,0.006037048762903764,0.40198192598371907,2387126638.7878656,2678.701953328776,13,1413.464167335579,1039.7786130119227,708600.0,5639.445413541913,263,22,0.5095703175309705,0.5195398723579209,0.6678518569711539,0.30075357104614076,284.1818181818182,0.51
type=lease_queue=vtfq_sandbox_idle_timeout_s=300_rate_per_min=2.0_seed=7,lease,vtfq,300,2.0,lease,7,802,633,7,0.0109375,0.03333333333333333,633,210.33901418185633,2033.405250199786,102.54125016005035,600.0000000000005,0,347,0,0,0,0.008144327134546579,0.3569042334153508,1745883487.615922,2368.5811777475515,19,1364.6860260326453,1121.8425193337719,901200.0,8854.009759387209,250,27,0.44762144760962447,0.4541913226452827,0.7087116722837348,0.2939280804597982,345.2727272727273,0.54
type=lease_queue=vtfq_sandbox_idle_timeout_s=300_rate_per_min=2.0_seed=8,lease,vtfq,300,2.0,lease,8,880,706,9,0.012587412587412588,0.05,706,193.9523904763126,2732.865744942636,25.402635915514267,600.0000000000005,0,598,0,0,0,0.007938983627247398,0.4446746110080427,3341561791.0733232,1847.0712346603145,19,799.3886169880509,625.8721987947422,873000.0,10219.830564697044,299,13,0.4568874454305671,0.46544173743470496,0.7262563069234007,0.3290233600617597,385.0909090909091,0.59
type=lease_queue=vtfq_sandbox_idle_timeout_s=300_rate_per_min=2.0_seed=9,lease,vtfq,300,2.0,lease,9,856,672,16,0.023255813953488372,0.08695652173913043,672,335.66236019610346,2512.745136282076,36.95215424781654,600.0000000000005,0,589,1,0,0,0.0037916740402451736,0.34666042687550325,1757894424.8105447,950.39803317492,2,674.0812905543635,621.9274802846339,834600.0,12751.873759167318,306,23,0.42861833443792685,0.44238630295973974,0.7694668690632285,0.31740292256365077,366.54545454545456,0.59
type=lease_queue=vtfq_sandbox_idle_timeout_s=300_rate_per_min=2.0_seed=10,lease,vtfq,300,2.0,lease,10,722,616,3,0.004846526655896607,0.021897810218978103,616,219.40098655992006,1932.3207200764223,45.58230138538902,600.0000000000005,0,129,1,0,0,0.00340299197501013,0.2779554125823598,1348085055.6839466,1370.750139217436,13,1448.9408305038678,934.0781967010707,630600.0,4711.977757198085,248,21,0.5937705843505499,0.597516889992849,0.730739417759324,0.3490427264289158,336.0,0.51
type=clairvoyant_queue=fifo_sandbox_idle_timeout_s=0_rate_per_min=1.0_seed=1,clairvoyant,fifo,0,1.0,clairvoyant,1,406,382,1,0.0026109660574412533,0.00980392156862745,382,105.45151886948724,1267.9809208852723,0.0,600.0,0,33,0,0,0,0.003937082360139112,0.38872098776020636,2021199517.0992155,405.0,135,0.0,0.0,0.0,0.0,205,108,0.8957078983688795,0.9014866590035174,0.3864586833155271,0.21188269305201426,208.36363636363637,0.11
type=clairvoyant_queue=fifo_sandbox_idle_timeout_s=0_rate_per_min=1.0_seed=2,clairvoyant,fifo,0,1.0,clairvoyant,2,420,376,2,0.005291005291005291,0.025,376,146.51424138241737,1392.5700347209922,40.52241875580374,600.0,0,26,0,0,0,0.0006975695607376157,0.250782850642201,902221504.2596215,369.0,123,0.0,0.0,0.0,0.0,196,47,0.8182671016423472,0.8288939471182218,0.48927929211182336,0.23784606563231334,205.0909090909091,0.14
type=clairvoyant_queue=fifo_sandbox_idle_timeout_s=0_rate_per_min=1.0_seed=3,clairvoyant,fifo,0,1.0,clairvoyant,3,482,430,5,0.011494252873563218,0.04,430,103.29910790261283,1454.2239714223797,25.237234019388914,600.0,0,47,0,0,0,0.000804499056602138,0.39207445460190454,1544909619.726146,441.0,147,0.0,0.0,0.0,0.0,185,48,0.8118121812725702,0.8276290354860825,0.482985546875,0.23935648228028603,234.54545454545456,0.15
type=clairvoyant_queue=fifo_sandbox_idle_timeout_s=0_rate_per_min=1.0_seed=4,clairvoyant,fifo,0,1.0,clairvoyant,4,460,427,3,0.0069767441860465115,0.02040816326530612,427,56.022677082896735,1880.9332039379813,0.34858229513669753,600.0,0,38,0,0,0,0.010267166620114057,0.3873205388819647,1823934135.1126719,528.0,176,0.0,0.0,0.0,0.0,174,106,0.8653038250086199,0.8790329838375023,0.391075454432142,0.20021495790860572,232.9090909090909,0.12
type=clairvoyant_queue=fifo_sandbox_idle_timeout_s=0_rate_per_min=1.0_seed=5,clairvoyant,fifo,0,1.0,clairvoyant,5,682,612,3,0.004878048780487805,0.030303030303030304,612,85.41436733769297,2242.786053364792,68.0735883069951,600.0000000000005,0,88,2,0,0,0.0011620851801940548,0.31977558757921054,1412660484.7216275,300.0,100,0.0,0.0,0.0,0.0,192,46,0.7044177965329707,0.7145776685983499,0.6067114053920617,0.2872115124307833,333.8181818181818,0.19
type=clairvoyant_queue=fifo_sandbox_idle_timeout_s=0_rate_per_min=1.0_seed=6,clairvoyant,fifo,0,1.0,clairvoyant,6,445,401,1,0.0024875621890547263,0.01020408163265306,401,169.31972086371752,1888.9951958718434,40.04306405364861,600.0,0,59,1,0,0,0.000319461201450353,0.3963991230945236,1415044413.6346629,240.0,80,0.0,0.0,0.0,0.0,209,59,0.8356958231066586,0.8376507525271,0.5141913203995079,0.27223774943332324,218.72727272727275,0.16
type=clairvoyant_queue=fifo_sandbox_idle_timeout_s=0_rate_per_min=1.0_seed=7,clairvoyant,fifo,0,1.0,clairvoyant,7,407,381,0,0.0,0.0,381,103.24082247081697,1349.2320023525176,27.856436603666772,241.6053482532434,0,12,1,0,0,0.0005835539299895694,0.21613396782950972,1335397910.2525673,429.0,143,0.0,0.0,0.0,0.0,164,64,0.9122077081083853,0.9122077081083853,0.4377042741720086,0.23121673535330514,207.8181818181818,0.12
type=clairvoyant_queue=fifo_sandbox_idle_timeout_s=0_rate_per_min=1.0_seed=8,clairvoyant,fifo,0,1.0,clairvoyant,8,563,507,3,0.0058823529411764705,0.02654867256637168,507,111.80969589579672,1947.8908657229256,6.6854172916458765,600.0,0,108,0,0,0,0.0014207528166624848,0.43618168198570156,2046729844.9956992,330.0,110,0.0,0.0,0.0,0.0,192,55,0.7673034531573685,0.7763323272164964,0.5185671197511978,0.2656340739592446,276.54545454545456,0.15
type=clairvoyant_queue=fifo_sandbox_idle_timeout_s=0_rate_per_min=1.0_seed=9,clairvoyant,fifo,0,1.0,clairvoyant,9,553,497,1,0.002008032128514056,0.008849557522123894,497,141.85709056566884,1472.7441976872444,78.26211770324562,600.0,0,41,0,0,0,2.4816573277513247e-05,0.2650235824013406,1119394663.3160217,219.0,73,0.0,0.0,0.0,0.0,218,70,0.7900561278530753,0.7938840691718781,0.6205762146100428,0.2511913855449992,271.0909090909091,0.19
type=clairvoyant_queue=fifo_sandbox_idle_timeout_s=0_rate_per_min=1.0_seed=10,clairvoyant,fifo,0,1.0,clairvoyant,10,506,465,2,0.004282655246252677,0.02127659574468085,465,104.04428433377689,1473.8281175870156,19.475323830205944,600.0,0,30,1,0,0,0.0040745123369853075,0.21794386143350852,2235280466.3759656,501.0,167,0.0,0.0,0.0,0.0,190,100,0.8342620401778623,0.8408080667016675,0.5133033221882285,0.29072271802185423,253.63636363636365,0.15
type=clairvoyant_queue=fifo_sandbox_idle_timeout_s=0_rate_per_min=2.0_seed=1,clairvoyant,fifo,0,2.0,clairvoyant,1,660,562,1,0.0017761989342806395,0.006211180124223602,562,141.44787510285278,1829.6085287210924,78.63808495107983,600.0,0,125,3,0,0,0.0027472303191819745,0.3322669993437274,1185639777.772142,309.0,103,0.0,0.0,0.0,0.0,310,70,0.6889096525352779,0.6905377224044308,0.7188509874020655,0.28384749655575003,306.54545454545456,0.23
type=clairvoyant_queue=fifo_sandbox_idle_timeout_s=0_rate_per_min=2.0_seed=2,clairvoyant,fifo,0,2.0,clairvoyant,2,746,597,12,0.019704433497536946,0.0784313725490196,597,155.59184771906416,2193.5352406747293,108.74022701520695,600.0000000000005,0,326,1,0,0,0.006888254298243724,0.3042861996225606,582646479.8354912,138.0,46,0.0,0.0,0.0,0.0,268,39,0.5894495541692071,0.6026266739071477,0.7369143190640378,0.302026594220595,325.6363636363636,0.28
type=clairvoyant_queue=fifo_sandbox_idle_timeout_s=0_rate_per_min=2.0_seed=3,clairvoyant,fifo,0,2.0,clairvoyant,3,858,690,26,0.036312849162011177,0.11979166666666667,690,79.67718544569539,2098.418791298344,45.70262977362702,600.0000000000005,0,411,4,0,0,0.011515672574153637,0.40271463377221917,1476522064.1079478,270.0,90,0.0,0.0,0.0,0.0,276,28,0.5527007130109194,0.5802355599744186,0.702971704598064,0.29590036593973434,376.3636363636364,0.28
type=clairvoyant_queue=fifo_sandbox_idle_timeout_s=0_rate_per_min=2.0_seed=4,clairvoyant,fifo,0,2.0,clairvoyant,4,776,672,6,0.008849557522123894,0.028409090909090908,672,101.3722264212281,1844.3079934073085,23.126900060496393,600.0000000000005,0,141,0,0,0,0.013571413301528824,0.32800760909934634,1640959416.8346696,189.0,63,0.0,0.0,0.0,0.0,259,51,0.7069082171259965,0.7138935397332671,0.7107936639957265,0.3274839329627045,366.54545454545456,0.22
type=clairvoyant_queue=fifo_sandbox_idle_timeout_s=0_rate_per_min=2.0_seed=5,clairvoyant,fifo,0,2.0,clairvoyant,5,1032,806,51,0.059509918319719954,0.20164609053497942,806,83.363245304585,3293.5076150039417,111.27993927663643,600.0000000000005,0,1008,3,0,0,0.0295759135809586,0.29860881415231627,945867731.8834198,77.99999999999997,26,0.0,0.0,0.0,0.0,359,7,0.47606448772134746,0.5206695528175626,0.8703328775778619,0.3279045158195711,439.6363636363636,0.38
type=clairvoyant_queue=fifo_sandbox_idle_timeout_s=0_rate_per_min=2.0_seed=6,clairvoyant,fifo,0,2.0,clairvoyant,6,655,533,16,0.029143897996357013,0.10526315789473684,533,137.20686469296334,2923.397213167514,39.95820054948371,600.0000000000005,0,386,7,0,0,0.011927762291217156,0.44260237129981855,1280541447.0562851,135.0,45,0.0,0.0,0.0,0.0,264,31,0.5811203299442886,0.6093010834207029,0.6682116944484914,0.2819546844132597,290.72727272727275,0.23
type=clairvoyant_queue=fifo_sandbox_idle_timeout_s=0_rate_per_min=2.0_seed=7,clairvoyant,fifo,0,2.0,clairvoyant,7,847,686,14,0.02,0.0625,686,112.14669321117196,1846.5804935508163,72.2924024189251,600.0000000000005,0,362,4,0,0,0.012667782633260828,0.3488918438202154,853365033.5524619,117.0,39,0.0,0.0,0.0,0.0,255,27,0.5846405745052957,0.5990166623460588,0.7331505638152357,0.28335122416133113,374.1818181818182,0.3
type=clairvoyant_queue=fifo_sandbox_idle_timeout_s=0_rate_per_min=2.0_seed=8,clairvoyant,fifo,0,2.0,clairvoyant,8,877,700,27,0.037138927097661624,0.13513513513513514,700,109.47075006133701,3363.1111735588447,79.31063492666844,600.0000000000005,0,643,3,0,0,0.011540783956232599,0.48613388974993504,2070427076.6959996,135.0,45,0.0,0.0,0.0,0.0,313,15,0.5209609052415766,0.548755793143718,0.7505701755374256,0.28508559945937995,381.8181818181818,0.32
type=clairvoyant_queue=fifo_sandbox_idle_timeout_s=0_rate_per_min=2.0_seed=9,clairvoyant,fifo,0,2.0,clairvoyant,9,873,697,27,0.03729281767955801,0.1323529411764706,697,116.5273865490326,3267.0766341877256,96.50149505014492,600.0000000000005,0,609,3,0,0,0.007408726131361431,0.3442487186209454,1341886528.8454003,33.0,11,0.0,0.0,0.0,0.0,317,17,0.5312632992071381,0.5631204394775731,0.7794214032431689,0.31123520250047015,380.1818181818182,0.31
type=clairvoyant_queue=fifo_sandbox_idle_timeout_s=0_rate_per_min=2.0_seed=10,clairvoyant,fifo,0,2.0,clairvoyant,10,740,653,5,0.007598784194528876,0.033783783783783786,653,119.50792026134923,2276.045194505792,61.52061793486404,600.0000000000005,0,148,4,0,0,0.006070380665398383,0.2651916683314509,1178168510.89167,84.0,28,0.0,0.0,0.0,0.0,247,28,0.6811148425804873,0.6911744921836679,0.7396867896432272,0.3404509115590735,356.1818181818182,0.26
type=clairvoyant_queue=fifo_sandbox_idle_timeout_s=300_rate_per_min=1.0_seed=1,clairvoyant,fifo,300,1.0,clairvoyant,1,406,382,1,0.0026109660574412533,0.00980392156862745,382,105.45151886948724,1267.9809208852723,0.0,600.0,0,33,0,0,0,0.003937082360139112,0.38872098776020636,2021199517.0992155,405.0,135,0.0,0.0,0.0,0.0,205,108,0.8957078983688795,0.9014866590035174,0.3864586833155271,0.21188269305201426,208.36363636363637,0.11
type=clairvoyant_queue=fifo_sandbox_idle_timeout_s=300_rate_per_min=1.0_seed=2,clairvoyant,fifo,300,1.0,clairvoyant,2,420,376,2,0.005291005291005291,0.025,376,146.51424138241737,1392.5700347209922,40.52241875580374,600.0,0,26,0,0,0,0.0006975695607376157,0.250782850642201,902221504.2596215,369.0,123,0.0,0.0,0.0,0.0,196,47,0.8182671016423472,0.8288939471182218,0.48927929211182336,0.23784606563231334,205.0909090909091,0.14
type=clairvoyant_queue=fifo_sandbox_idle_timeout_s=300_rate_per_min=1.0_seed=3,clairvoyant,fifo,300,1.0,clairvoyant,3,482,430,5,0.011494252873563218,0.04,430,103.29910790261283,1454.2239714223797,25.237234019388914,600.0,0,47,0,0,0,0.000804499056602138,0.39207445460190454,1544909619.726146,441.0,147,0.0,0.0,0.0,0.0,185,48,0.8118121812725702,0.8276290354860825,0.482985546875,0.23935648228028603,234.54545454545456,0.15
type=clairvoyant_queue=fifo_sandbox_idle_timeout_s=300_rate_per_min=1.0_seed=4,clairvoyant,fifo,300,1.0,clairvoyant,4,460,427,3,0.0069767441860465115,0.02040816326530612,427,56.022677082896735,1880.9332039379813,0.34858229513669753,600.0,0,38,0,0,0,0.010267166620114057,0.3873205388819647,1823934135.1126719,528.0,176,0.0,0.0,0.0,0.0,174,106,0.8653038250086199,0.8790329838375023,0.391075454432142,0.20021495790860572,232.9090909090909,0.13
type=clairvoyant_queue=fifo_sandbox_idle_timeout_s=300_rate_per_min=1.0_seed=5,clairvoyant,fifo,300,1.0,clairvoyant,5,682,612,3,0.004878048780487805,0.030303030303030304,612,85.41436733769297,2242.786053364792,68.0735883069951,600.0000000000005,0,88,2,0,0,0.0011620851801940548,0.31977558757921054,1412660484.7216275,300.0,100,0.0,0.0,0.0,0.0,192,46,0.7044177965329707,0.7145776685983499,0.6067114053920617,0.2872115124307833,333.8181818181818,0.2
type=clairvoyant_queue=fifo_sandbox_idle_timeout_s=300_rate_per_min=1.0_seed=6,clairvoyant,fifo,300,1.0,clairvoyant,6,445,401,1,0.0024875621890547263,0.01020408163265306,401,169.31972086371752,1888.9951958718434,40.04306405364861,600.0,0,59,1,0,0,0.000319461201450353,0.3963991230945236,1415044413.6346629,240.0,80,0.0,0.0,0.0,0.0,209,59,0.8356958231066586,0.8376507525271,0.5141913203995079,0.27223774943332324,218.72727272727275,0.16
type=clairvoyant_queue=fifo_sandbox_idle_timeout_s=300_rate_per_min=1.0_seed=7,clairvoyant,fifo,300,1.0,clairvoyant,7,407,381,0,0.0,0.0,381,103.24082247081697,1349.2320023525176,27.856436603666772,241.6053482532434,0,12,1,0,0,0.0005835539299895694,0.21613396782950972,1335397910.2525673,429.0,143,0.0,0.0,0.0,0.0,164,64,0.9122077081083853,0.9122077081083853,0.4377042741720086,0.23121673535330514,207.8181818181818,0.12
type=clairvoyant_queue=fifo_sandbox_idle_timeout_s=300_rate_per_min=1.0_seed=8,clairvoyant,fifo,300,1.0,clairvoyant,8,563,507,3,0.0058823529411764705,0.02654867256637168,507,111.80969589579672,1947.8908657229256,6.6854172916458765,600.0,0,108,0,0,0,0.0014207528166624848,0.43618168198570156,2046729844.9956992,330.0,110,0.0,0.0,0.0,0.0,192,55,0.7673034531573685,0.7763323272164964,0.5185671197511978,0.2656340739592446,276.54545454545456,0.15
type=clairvoyant_queue=fifo_sandbox_idle_timeout_s=300_rate_per_min=1.0_seed=9,clairvoyant,fifo,300,1.0,clairvoyant,9,553,497,1,0.002008032128514056,0.008849557522123894,497,141.85709056566884,1472.7441976872444,78.26211770324562,600.0,0,41,0,0,0,2.4816573277513247e-05,0.2650235824013406,1119394663.3160217,219.0,73,0.0,0.0,0.0,0.0,218,70,0.7900561278530753,0.7938840691718781,0.6205762146100428,0.2511913855449992,271.0909090909091,0.19
type=clairvoyant_queue=fifo_sandbox_idle_timeout_s=300_rate_per_min=1.0_seed=10,clairvoyant,fifo,300,1.0,clairvoyant,10,506,465,2,0.004282655246252677,0.02127659574468085,465,104.04428433377689,1473.8281175870156,19.475323830205944,600.0,0,30,1,0,0,0.0040745123369853075,0.21794386143350852,2235280466.3759656,501.0,167,0.0,0.0,0.0,0.0,190,100,0.8342620401778623,0.8408080667016675,0.5133033221882285,0.29072271802185423,253.63636363636365,0.15
type=clairvoyant_queue=fifo_sandbox_idle_timeout_s=300_rate_per_min=2.0_seed=1,clairvoyant,fifo,300,2.0,clairvoyant,1,660,562,1,0.0017761989342806395,0.006211180124223602,562,141.44787510285278,1829.6085287210924,78.63808495107983,600.0,0,125,3,0,0,0.0027472303191819745,0.3322669993437274,1185639777.772142,309.0,103,0.0,0.0,0.0,0.0,310,70,0.6889096525352779,0.6905377224044308,0.7188509874020655,0.28384749655575003,306.54545454545456,0.23
type=clairvoyant_queue=fifo_sandbox_idle_timeout_s=300_rate_per_min=2.0_seed=2,clairvoyant,fifo,300,2.0,clairvoyant,2,746,597,12,0.019704433497536946,0.0784313725490196,597,155.59184771906416,2193.5352406747293,108.74022701520695,600.0000000000005,0,326,1,0,0,0.006888254298243724,0.3042861996225606,582646479.8354912,138.0,46,0.0,0.0,0.0,0.0,268,39,0.5894495541692071,0.6026266739071477,0.7369143190640378,0.302026594220595,325.6363636363636,0.28
type=clairvoyant_queue=fifo_sandbox_idle_timeout_s=300_rate_per_min=2.0_seed=3,clairvoyant,fifo,300,2.0,clairvoyant,3,858,690,26,0.036312849162011177,0.11979166666666667,690,79.67718544569539,2098.418791298344,45.70262977362702,600.0000000000005,0,411,4,0,0,0.011515672574153637,0.40271463377221917,1476522064.1079478,270.0,90,0.0,0.0,0.0,0.0,276,28,0.5527007130109194,0.5802355599744186,0.702971704598064,0.29590036593973434,376.3636363636364,0.29
type=clairvoyant_queue=fifo_sandbox_idle_timeout_s=300_rate_per_min=2.0_seed=4,clairvoyant,fifo,300,2.0,clairvoyant,4,776,672,6,0.008849557522123894,0.028409090909090908,672,101.3722264212281,1844.3079934073085,23.126900060496393,600.0000000000005,0,141,0,0,0,0.013571413301528824,0.32800760909934634,1640959416.8346696,189.0,63,0.0,0.0,0.0,0.0,259,51,0.7069082171259965,0.7138935397332671,0.7107936639957265,0.3274839329627045,366.54545454545456,0.22
type=clairvoyant_queue=fifo_sandbox_idle_timeout_s=300_rate_per_min=2.0_seed=5,clairvoyant,fifo,300,2.0,clairvoyant,5,1032,806,51,0.059509918319719954,0.20164609053497942,806,83.363245304585,3293.5076150039417,111.27993927663643,600.0000000000005,0,1008,3,0,0,0.0295759135809586,0.29860881415231627,945867731.8834198,77.99999999999997,26,0.0,0.0,0.0,0.0,359,7,0.47606448772134746,0.5206695528175626,0.8703328775778619,0.3279045158195711,439.6363636363636,0.38
type=clairvoyant_queue=fifo_sandbox_idle_timeout_s=300_rate_per_min=2.0_seed=6,clairvoyant,fifo,300,2.0,clairvoyant,6,655,533,16,0.029143897996357013,0.10526315789473684,533,137.20686469296334,2923.397213167514,39.95820054948371,600.0000000000005,0,386,7,0,0,0.011927762291217156,0.44260237129981855,1280541447.0562851,135.0,45,0.0,0.0,0.0,0.0,264,31,0.5811203299442886,0.6093010834207029,0.6682116944484914,0.2819546844132597,290.72727272727275,0.23
type=clairvoyant_queue=fifo_sandbox_idle_timeout_s=300_rate_per_min=2.0_seed=7,clairvoyant,fifo,300,2.0,clairvoyant,7,847,686,14,0.02,0.0625,686,112.14669321117196,1846.5804935508163,72.2924024189251,600.0000000000005,0,362,4,0,0,0.012667782633260828,0.3488918438202154,853365033.5524619,117.0,39,0.0,0.0,0.0,0.0,255,27,0.5846405745052957,0.5990166623460588,0.7331505638152357,0.28335122416133113,374.1818181818182,0.29
type=clairvoyant_queue=fifo_sandbox_idle_timeout_s=300_rate_per_min=2.0_seed=8,clairvoyant,fifo,300,2.0,clairvoyant,8,877,700,27,0.037138927097661624,0.13513513513513514,700,109.47075006133701,3363.1111735588447,79.31063492666844,600.0000000000005,0,643,3,0,0,0.011540783956232599,0.48613388974993504,2070427076.6959996,135.0,45,0.0,0.0,0.0,0.0,313,15,0.5209609052415766,0.548755793143718,0.7505701755374256,0.28508559945937995,381.8181818181818,0.32
type=clairvoyant_queue=fifo_sandbox_idle_timeout_s=300_rate_per_min=2.0_seed=9,clairvoyant,fifo,300,2.0,clairvoyant,9,873,697,27,0.03729281767955801,0.1323529411764706,697,116.5273865490326,3267.0766341877256,96.50149505014492,600.0000000000005,0,609,3,0,0,0.007408726131361431,0.3442487186209454,1341886528.8454003,33.0,11,0.0,0.0,0.0,0.0,317,17,0.5312632992071381,0.5631204394775731,0.7794214032431689,0.31123520250047015,380.1818181818182,0.31
type=clairvoyant_queue=fifo_sandbox_idle_timeout_s=300_rate_per_min=2.0_seed=10,clairvoyant,fifo,300,2.0,clairvoyant,10,740,653,5,0.007598784194528876,0.033783783783783786,653,119.50792026134923,2276.045194505792,61.52061793486404,600.0000000000005,0,148,4,0,0,0.006070380665398383,0.2651916683314509,1178168510.89167,84.0,28,0.0,0.0,0.0,0.0,247,28,0.6811148425804873,0.6911744921836679,0.7396867896432272,0.3404509115590735,356.1818181818182,0.26
type=clairvoyant_queue=vtfq_sandbox_idle_timeout_s=0_rate_per_min=1.0_seed=1,clairvoyant,vtfq,0,1.0,clairvoyant,1,406,382,1,0.0026109660574412533,0.00980392156862745,382,105.45151886948724,1267.9809208852723,0.0,600.0,0,33,0,0,0,0.003937082360139112,0.38872098776020636,2021199517.0992155,405.0,135,0.0,0.0,0.0,0.0,205,108,0.8957078983688795,0.9014866590035174,0.3864586833155271,0.21188269305201426,208.36363636363637,0.12
type=clairvoyant_queue=vtfq_sandbox_idle_timeout_s=0_rate_per_min=1.0_seed=2,clairvoyant,vtfq,0,1.0,clairvoyant,2,420,376,2,0.005291005291005291,0.025,376,146.51424138241737,1392.5700347209922,40.52241875580374,600.0,0,26,0,0,0,0.0006975695607376157,0.250782850642201,902221504.2596215,369.0,123,0.0,0.0,0.0,0.0,196,47,0.8182671016423472,0.8288939471182218,0.48927929211182336,0.23784606563231334,205.0909090909091,0.14
type=clairvoyant_queue=vtfq_sandbox_idle_timeout_s=0_rate_per_min=1.0_seed=3,clairvoyant,vtfq,0,1.0,clairvoyant,3,482,430,5,0.011494252873563218,0.04,430,103.29910790261283,1454.2239714223797,25.237234019388914,600.0,0,47,0,0,0,0.000804499056602138,0.39207445460190454,1544909619.726146,441.0,147,0.0,0.0,0.0,0.0,185,48,0.8118121812725702,0.8276290354860825,0.482985546875,0.23935648228028603,234.54545454545456,0.15
type=clairvoyant_queue=vtfq_sandbox_idle_timeout_s=0_rate_per_min=1.0_seed=4,clairvoyant,vtfq,0,1.0,clairvoyant,4,460,427,3,0.0069767441860465115,0.02040816326530612,427,56.022677082896735,1880.9332039379813,0.34858229513669753,600.0,0,38,0,0,0,0.010267166620114057,0.3873205388819647,1823934135.1126719,528.0,176,0.0,0.0,0.0,0.0,174,106,0.8653038250086199,0.8790329838375023,0.391075454432142,0.20021495790860572,232.9090909090909,0.12
type=clairvoyant_queue=vtfq_sandbox_idle_timeout_s=0_rate_per_min=1.0_seed=5,clairvoyant,vtfq,0,1.0,clairvoyant,5,682,612,3,0.004878048780487805,0.030303030303030304,612,85.41436733769297,2242.786053364792,68.0735883069951,600.0000000000005,0,88,2,0,0,0.0011620851801940548,0.31977558757921054,1412660484.7216275,300.0,100,0.0,0.0,0.0,0.0,192,46,0.7044177965329707,0.7145776685983499,0.6067114053920617,0.2872115124307833,333.8181818181818,0.19
type=clairvoyant_queue=vtfq_sandbox_idle_timeout_s=0_rate_per_min=1.0_seed=6,clairvoyant,vtfq,0,1.0,clairvoyant,6,445,401,1,0.0024875621890547263,0.01020408163265306,401,169.31972086371752,1888.9951958718434,40.04306405364861,600.0,0,59,1,0,0,0.000319461201450353,0.3963991230945236,1415044413.6346629,240.0,80,0.0,0.0,0.0,0.0,209,59,0.8356958231066586,0.8376507525271,0.5141913203995079,0.27223774943332324,218.72727272727275,0.16
type=clairvoyant_queue=vtfq_sandbox_idle_timeout_s=0_rate_per_min=1.0_seed=7,clairvoyant,vtfq,0,1.0,clairvoyant,7,407,381,0,0.0,0.0,381,103.24082247081697,1349.2320023525176,27.856436603666772,241.6053482532434,0,12,1,0,0,0.0005835539299895694,0.21613396782950972,1335397910.2525673,429.0,143,0.0,0.0,0.0,0.0,164,64,0.9122077081083853,0.9122077081083853,0.4377042741720086,0.23121673535330514,207.8181818181818,0.12
type=clairvoyant_queue=vtfq_sandbox_idle_timeout_s=0_rate_per_min=1.0_seed=8,clairvoyant,vtfq,0,1.0,clairvoyant,8,563,507,3,0.0058823529411764705,0.02654867256637168,507,111.80969589579672,1947.8908657229256,6.6854172916458765,600.0,0,108,0,0,0,0.0014207528166624848,0.43618168198570156,2046729844.9956992,330.0,110,0.0,0.0,0.0,0.0,192,55,0.7673034531573685,0.7763323272164964,0.5185671197511978,0.2656340739592446,276.54545454545456,0.15
type=clairvoyant_queue=vtfq_sandbox_idle_timeout_s=0_rate_per_min=1.0_seed=9,clairvoyant,vtfq,0,1.0,clairvoyant,9,553,497,1,0.002008032128514056,0.008849557522123894,497,141.85709056566884,1472.7441976872444,78.26211770324562,600.0,0,41,0,0,0,2.4816573277513247e-05,0.2650235824013406,1119394663.3160217,219.0,73,0.0,0.0,0.0,0.0,218,70,0.7900561278530753,0.7938840691718781,0.6205762146100428,0.2511913855449992,271.0909090909091,0.19
type=clairvoyant_queue=vtfq_sandbox_idle_timeout_s=0_rate_per_min=1.0_seed=10,clairvoyant,vtfq,0,1.0,clairvoyant,10,506,465,2,0.004282655246252677,0.02127659574468085,465,104.04428433377689,1473.8281175870156,19.475323830205944,600.0,0,30,1,0,0,0.0040745123369853075,0.21794386143350852,2235280466.3759656,501.0,167,0.0,0.0,0.0,0.0,190,100,0.8342620401778623,0.8408080667016675,0.5133033221882285,0.29072271802185423,253.63636363636365,0.15
type=clairvoyant_queue=vtfq_sandbox_idle_timeout_s=0_rate_per_min=2.0_seed=1,clairvoyant,vtfq,0,2.0,clairvoyant,1,660,562,1,0.0017761989342806395,0.006211180124223602,562,141.44787510285278,1829.6085287210924,78.63808495107983,600.0,0,125,3,0,0,0.0027472303191819745,0.3322669993437274,1185639777.772142,309.0,103,0.0,0.0,0.0,0.0,310,70,0.6889096525352779,0.6905377224044308,0.7188509874020655,0.28384749655575003,306.54545454545456,0.23
type=clairvoyant_queue=vtfq_sandbox_idle_timeout_s=0_rate_per_min=2.0_seed=2,clairvoyant,vtfq,0,2.0,clairvoyant,2,746,597,12,0.019704433497536946,0.0784313725490196,597,155.59184771906416,2193.5352406747293,108.74022701520695,600.0000000000005,0,326,1,0,0,0.006888254298243724,0.3042861996225606,582646479.8354912,138.0,46,0.0,0.0,0.0,0.0,268,39,0.5894495541692071,0.6026266739071477,0.7369143190640378,0.302026594220595,325.6363636363636,0.27
type=clairvoyant_queue=vtfq_sandbox_idle_timeout_s=0_rate_per_min=2.0_seed=3,clairvoyant,vtfq,0,2.0,clairvoyant,3,858,690,26,0.036312849162011177,0.11979166666666667,690,79.67718544569539,2098.418791298344,45.70262977362702,600.0000000000005,0,411,4,0,0,0.011515672574153637,0.40271463377221917,1476522064.1079478,270.0,90,0.0,0.0,0.0,0.0,276,28,0.5527007130109194,0.5802355599744186,0.702971704598064,0.29590036593973434,376.3636363636364,0.28
type=clairvoyant_queue=vtfq_sandbox_idle_timeout_s=0_rate_per_min=2.0_seed=4,clairvoyant,vtfq,0,2.0,clairvoyant,4,776,672,6,0.008849557522123894,0.028409090909090908,672,101.3722264212281,1844.3079934073085,23.126900060496393,600.0000000000005,0,141,0,0,0,0.013571413301528824,0.32800760909934634,1640959416.8346696,189.0,63,0.0,0.0,0.0,0.0,259,51,0.7069082171259965,0.7138935397332671,0.7107936639957265,0.3274839329627045,366.54545454545456,0.22
type=clairvoyant_queue=vtfq_sandbox_idle_timeout_s=0_rate_per_min=2.0_seed=5,clairvoyant,vtfq,0,2.0,clairvoyant,5,1032,806,51,0.059509918319719954,0.20164609053497942,806,83.363245304585,3293.5076150039417,111.27993927663643,600.0000000000005,0,1008,3,0,0,0.0295759135809586,0.29860881415231627,945867731.8834198,77.99999999999997,26,0.0,0.0,0.0,0.0,359,7,0.47606448772134746,0.5206695528175626,0.8703328775778619,0.3279045158195711,439.6363636363636,0.38
type=clairvoyant_queue=vtfq_sandbox_idle_timeout_s=0_rate_per_min=2.0_seed=6,clairvoyant,vtfq,0,2.0,clairvoyant,6,655,533,16,0.029143897996357013,0.10526315789473684,533,137.20686469296334,2923.397213167514,39.95820054948371,600.0000000000005,0,386,7,0,0,0.011927762291217156,0.44260237129981855,1280541447.0562851,135.0,45,0.0,0.0,0.0,0.0,264,31,0.5811203299442886,0.6093010834207029,0.6682116944484914,0.2819546844132597,290.72727272727275,0.23
type=clairvoyant_queue=vtfq_sandbox_idle_timeout_s=0_rate_per_min=2.0_seed=7,clairvoyant,vtfq,0,2.0,clairvoyant,7,847,686,14,0.02,0.0625,686,112.14669321117196,1846.5804935508163,72.2924024189251,600.0000000000005,0,362,4,0,0,0.012667782633260828,0.3488918438202154,853365033.5524619,117.0,39,0.0,0.0,0.0,0.0,255,27,0.5846405745052957,0.5990166623460588,0.7331505638152357,0.28335122416133113,374.1818181818182,0.29
type=clairvoyant_queue=vtfq_sandbox_idle_timeout_s=0_rate_per_min=2.0_seed=8,clairvoyant,vtfq,0,2.0,clairvoyant,8,877,700,27,0.037138927097661624,0.13513513513513514,700,109.47075006133701,3363.1111735588447,79.31063492666844,600.0000000000005,0,643,3,0,0,0.011540783956232599,0.48613388974993504,2070427076.6959996,135.0,45,0.0,0.0,0.0,0.0,313,15,0.5209609052415766,0.548755793143718,0.7505701755374256,0.28508559945937995,381.8181818181818,0.32
type=clairvoyant_queue=vtfq_sandbox_idle_timeout_s=0_rate_per_min=2.0_seed=9,clairvoyant,vtfq,0,2.0,clairvoyant,9,873,697,27,0.03729281767955801,0.1323529411764706,697,116.5273865490326,3267.0766341877256,96.50149505014492,600.0000000000005,0,609,3,0,0,0.007408726131361431,0.3442487186209454,1341886528.8454003,33.0,11,0.0,0.0,0.0,0.0,317,17,0.5312632992071381,0.5631204394775731,0.7794214032431689,0.31123520250047015,380.1818181818182,0.31
type=clairvoyant_queue=vtfq_sandbox_idle_timeout_s=0_rate_per_min=2.0_seed=10,clairvoyant,vtfq,0,2.0,clairvoyant,10,740,653,5,0.007598784194528876,0.033783783783783786,653,119.50792026134923,2276.045194505792,61.52061793486404,600.0000000000005,0,148,4,0,0,0.006070380665398383,0.2651916683314509,1178168510.89167,84.0,28,0.0,0.0,0.0,0.0,247,28,0.6811148425804873,0.6911744921836679,0.7396867896432272,0.3404509115590735,356.1818181818182,0.26
type=clairvoyant_queue=vtfq_sandbox_idle_timeout_s=300_rate_per_min=1.0_seed=1,clairvoyant,vtfq,300,1.0,clairvoyant,1,406,382,1,0.0026109660574412533,0.00980392156862745,382,105.45151886948724,1267.9809208852723,0.0,600.0,0,33,0,0,0,0.003937082360139112,0.38872098776020636,2021199517.0992155,405.0,135,0.0,0.0,0.0,0.0,205,108,0.8957078983688795,0.9014866590035174,0.3864586833155271,0.21188269305201426,208.36363636363637,0.11
type=clairvoyant_queue=vtfq_sandbox_idle_timeout_s=300_rate_per_min=1.0_seed=2,clairvoyant,vtfq,300,1.0,clairvoyant,2,420,376,2,0.005291005291005291,0.025,376,146.51424138241737,1392.5700347209922,40.52241875580374,600.0,0,26,0,0,0,0.0006975695607376157,0.250782850642201,902221504.2596215,369.0,123,0.0,0.0,0.0,0.0,196,47,0.8182671016423472,0.8288939471182218,0.48927929211182336,0.23784606563231334,205.0909090909091,0.14
type=clairvoyant_queue=vtfq_sandbox_idle_timeout_s=300_rate_per_min=1.0_seed=3,clairvoyant,vtfq,300,1.0,clairvoyant,3,482,430,5,0.011494252873563218,0.04,430,103.29910790261283,1454.2239714223797,25.237234019388914,600.0,0,47,0,0,0,0.000804499056602138,0.39207445460190454,1544909619.726146,441.0,147,0.0,0.0,0.0,0.0,185,48,0.8118121812725702,0.8276290354860825,0.482985546875,0.23935648228028603,234.54545454545456,0.15
type=clairvoyant_queue=vtfq_sandbox_idle_timeout_s=300_rate_per_min=1.0_seed=4,clairvoyant,vtfq,300,1.0,clairvoyant,4,460,427,3,0.0069767441860465115,0.02040816326530612,427,56.022677082896735,1880.9332039379813,0.34858229513669753,600.0,0,38,0,0,0,0.010267166620114057,0.3873205388819647,1823934135.1126719,528.0,176,0.0,0.0,0.0,0.0,174,106,0.8653038250086199,0.8790329838375023,0.391075454432142,0.20021495790860572,232.9090909090909,0.12
type=clairvoyant_queue=vtfq_sandbox_idle_timeout_s=300_rate_per_min=1.0_seed=5,clairvoyant,vtfq,300,1.0,clairvoyant,5,682,612,3,0.004878048780487805,0.030303030303030304,612,85.41436733769297,2242.786053364792,68.0735883069951,600.0000000000005,0,88,2,0,0,0.0011620851801940548,0.31977558757921054,1412660484.7216275,300.0,100,0.0,0.0,0.0,0.0,192,46,0.7044177965329707,0.7145776685983499,0.6067114053920617,0.2872115124307833,333.8181818181818,0.19
type=clairvoyant_queue=vtfq_sandbox_idle_timeout_s=300_rate_per_min=1.0_seed=6,clairvoyant,vtfq,300,1.0,clairvoyant,6,445,401,1,0.0024875621890547263,0.01020408163265306,401,169.31972086371752,1888.9951958718434,40.04306405364861,600.0,0,59,1,0,0,0.000319461201450353,0.3963991230945236,1415044413.6346629,240.0,80,0.0,0.0,0.0,0.0,209,59,0.8356958231066586,0.8376507525271,0.5141913203995079,0.27223774943332324,218.72727272727275,0.16
type=clairvoyant_queue=vtfq_sandbox_idle_timeout_s=300_rate_per_min=1.0_seed=7,clairvoyant,vtfq,300,1.0,clairvoyant,7,407,381,0,0.0,0.0,381,103.24082247081697,1349.2320023525176,27.856436603666772,241.6053482532434,0,12,1,0,0,0.0005835539299895694,0.21613396782950972,1335397910.2525673,429.0,143,0.0,0.0,0.0,0.0,164,64,0.9122077081083853,0.9122077081083853,0.4377042741720086,0.23121673535330514,207.8181818181818,0.12
type=clairvoyant_queue=vtfq_sandbox_idle_timeout_s=300_rate_per_min=1.0_seed=8,clairvoyant,vtfq,300,1.0,clairvoyant,8,563,507,3,0.0058823529411764705,0.02654867256637168,507,111.80969589579672,1947.8908657229256,6.6854172916458765,600.0,0,108,0,0,0,0.0014207528166624848,0.43618168198570156,2046729844.9956992,330.0,110,0.0,0.0,0.0,0.0,192,55,0.7673034531573685,0.7763323272164964,0.5185671197511978,0.2656340739592446,276.54545454545456,0.15
type=clairvoyant_queue=vtfq_sandbox_idle_timeout_s=300_rate_per_min=1.0_seed=9,clairvoyant,vtfq,300,1.0,clairvoyant,9,553,497,1,0.002008032128514056,0.008849557522123894,497,141.85709056566884,1472.7441976872444,78.26211770324562,600.0,0,41,0,0,0,2.4816573277513247e-05,0.2650235824013406,1119394663.3160217,219.0,73,0.0,0.0,0.0,0.0,218,70,0.7900561278530753,0.7938840691718781,0.6205762146100428,0.2511913855449992,271.0909090909091,0.19
type=clairvoyant_queue=vtfq_sandbox_idle_timeout_s=300_rate_per_min=1.0_seed=10,clairvoyant,vtfq,300,1.0,clairvoyant,10,506,465,2,0.004282655246252677,0.02127659574468085,465,104.04428433377689,1473.8281175870156,19.475323830205944,600.0,0,30,1,0,0,0.0040745123369853075,0.21794386143350852,2235280466.3759656,501.0,167,0.0,0.0,0.0,0.0,190,100,0.8342620401778623,0.8408080667016675,0.5133033221882285,0.29072271802185423,253.63636363636365,0.15
type=clairvoyant_queue=vtfq_sandbox_idle_timeout_s=300_rate_per_min=2.0_seed=1,clairvoyant,vtfq,300,2.0,clairvoyant,1,660,562,1,0.0017761989342806395,0.006211180124223602,562,141.44787510285278,1829.6085287210924,78.63808495107983,600.0,0,125,3,0,0,0.0027472303191819745,0.3322669993437274,1185639777.772142,309.0,103,0.0,0.0,0.0,0.0,310,70,0.6889096525352779,0.6905377224044308,0.7188509874020655,0.28384749655575003,306.54545454545456,0.23
type=clairvoyant_queue=vtfq_sandbox_idle_timeout_s=300_rate_per_min=2.0_seed=2,clairvoyant,vtfq,300,2.0,clairvoyant,2,746,597,12,0.019704433497536946,0.0784313725490196,597,155.59184771906416,2193.5352406747293,108.74022701520695,600.0000000000005,0,326,1,0,0,0.006888254298243724,0.3042861996225606,582646479.8354912,138.0,46,0.0,0.0,0.0,0.0,268,39,0.5894495541692071,0.6026266739071477,0.7369143190640378,0.302026594220595,325.6363636363636,0.28
type=clairvoyant_queue=vtfq_sandbox_idle_timeout_s=300_rate_per_min=2.0_seed=3,clairvoyant,vtfq,300,2.0,clairvoyant,3,858,690,26,0.036312849162011177,0.11979166666666667,690,79.67718544569539,2098.418791298344,45.70262977362702,600.0000000000005,0,411,4,0,0,0.011515672574153637,0.40271463377221917,1476522064.1079478,270.0,90,0.0,0.0,0.0,0.0,276,28,0.5527007130109194,0.5802355599744186,0.702971704598064,0.29590036593973434,376.3636363636364,0.29
type=clairvoyant_queue=vtfq_sandbox_idle_timeout_s=300_rate_per_min=2.0_seed=4,clairvoyant,vtfq,300,2.0,clairvoyant,4,776,672,6,0.008849557522123894,0.028409090909090908,672,101.3722264212281,1844.3079934073085,23.126900060496393,600.0000000000005,0,141,0,0,0,0.013571413301528824,0.32800760909934634,1640959416.8346696,189.0,63,0.0,0.0,0.0,0.0,259,51,0.7069082171259965,0.7138935397332671,0.7107936639957265,0.3274839329627045,366.54545454545456,0.23
type=clairvoyant_queue=vtfq_sandbox_idle_timeout_s=300_rate_per_min=2.0_seed=5,clairvoyant,vtfq,300,2.0,clairvoyant,5,1032,806,51,0.059509918319719954,0.20164609053497942,806,83.363245304585,3293.5076150039417,111.27993927663643,600.0000000000005,0,1008,3,0,0,0.0295759135809586,0.29860881415231627,945867731.8834198,77.99999999999997,26,0.0,0.0,0.0,0.0,359,7,0.47606448772134746,0.5206695528175626,0.8703328775778619,0.3279045158195711,439.6363636363636,0.38
type=clairvoyant_queue=vtfq_sandbox_idle_timeout_s=300_rate_per_min=2.0_seed=6,clairvoyant,vtfq,300,2.0,clairvoyant,6,655,533,16,0.029143897996357013,0.10526315789473684,533,137.20686469296334,2923.397213167514,39.95820054948371,600.0000000000005,0,386,7,0,0,0.011927762291217156,0.44260237129981855,1280541447.0562851,135.0,45,0.0,0.0,0.0,0.0,264,31,0.5811203299442886,0.6093010834207029,0.6682116944484914,0.2819546844132597,290.72727272727275,0.23
type=clairvoyant_queue=vtfq_sandbox_idle_timeout_s=300_rate_per_min=2.0_seed=7,clairvoyant,vtfq,300,2.0,clairvoyant,7,847,686,14,0.02,0.0625,686,112.14669321117196,1846.5804935508163,72.2924024189251,600.0000000000005,0,362,4,0,0,0.012667782633260828,0.3488918438202154,853365033.5524619,117.0,39,0.0,0.0,0.0,0.0,255,27,0.5846405745052957,0.5990166623460588,0.7331505638152357,0.28335122416133113,374.1818181818182,0.29
type=clairvoyant_queue=vtfq_sandbox_idle_timeout_s=300_rate_per_min=2.0_seed=8,clairvoyant,vtfq,300,2.0,clairvoyant,8,877,700,27,0.037138927097661624,0.13513513513513514,700,109.47075006133701,3363.1111735588447,79.31063492666844,600.0000000000005,0,643,3,0,0,0.011540783956232599,0.48613388974993504,2070427076.6959996,135.0,45,0.0,0.0,0.0,0.0,313,15,0.5209609052415766,0.548755793143718,0.7505701755374256,0.28508559945937995,381.8181818181818,0.32
type=clairvoyant_queue=vtfq_sandbox_idle_timeout_s=300_rate_per_min=2.0_seed=9,clairvoyant,vtfq,300,2.0,clairvoyant,9,873,697,27,0.03729281767955801,0.1323529411764706,697,116.5273865490326,3267.0766341877256,96.50149505014492,600.0000000000005,0,609,3,0,0,0.007408726131361431,0.3442487186209454,1341886528.8454003,33.0,11,0.0,0.0,0.0,0.0,317,17,0.5312632992071381,0.5631204394775731,0.7794214032431689,0.31123520250047015,380.1818181818182,0.31
type=clairvoyant_queue=vtfq_sandbox_idle_timeout_s=300_rate_per_min=2.0_seed=10,clairvoyant,vtfq,300,2.0,clairvoyant,10,740,653,5,0.007598784194528876,0.033783783783783786,653,119.50792026134923,2276.045194505792,61.52061793486404,600.0000000000005,0,148,4,0,0,0.006070380665398383,0.2651916683314509,1178168510.89167,84.0,28,0.0,0.0,0.0,0.0,247,28,0.6811148425804873,0.6911744921836679,0.7396867896432272,0.3404509115590735,356.1818181818182,0.27
