scenario,variant,seed,content_snr,rate_per_min,policy,req_started,req_done,req_failed,failure_rate,session_fail_finished,tct_n,tct_p50,tct_p99,chat_wait_p99,block_wait_max,n429,timeouts,evicted,deadlock_breaks,cycles_seen,token_waste,tool_waste,kv_unused_token_s,prewarm_idle_s,prewarm_hits,lease_cpu_issued,lease_cpu_unused,lease_budget_issued,lease_budget_unused,par_groups,par_groups_parallel,spawns,children,children_aborted,join_p99,jain_all,jain_survivors,util_model,util_cpu,throughput_rph,wall_s
hosted_mixed,gate_fifo300,1,0.0,2.0,reactive_gate,616,492,7,0.014028056112224449,0.050359712230215826,492,177.65406354315678,2112.2835308586964,19.270821895753283,600.0000000000005,0,270,1,0,0,0.002067941954940711,0.35660116807734765,3693639531.6735096,0.0,0,0.0,0.0,0.0,0.0,274,32,0,0,0,nan,0.5169424403679067,0.5288416224671106,0.6012413629524411,0.24266542988411247,268.3636363636364,0.24
hosted_mixed,gate_fifo300,2,0.0,2.0,reactive_gate,686,512,19,0.035781544256120526,0.13380281690140844,512,140.09881831050006,2630.4624959917787,12.2481946426507,600.0000000000005,0,443,3,0,0,0.009741370818828,0.3388566535705316,2996871230.5481787,0.0,0,0.0,0.0,0.0,0.0,247,23,0,0,0,nan,0.4182289692475473,0.4412076848088159,0.5727869068367974,0.27822087316773353,279.2727272727273,0.26
hosted_mixed,gate_fifo300,3,0.0,2.0,reactive_gate,770,554,34,0.05782312925170068,0.19375,554,73.56534600754162,3081.950479156563,8.840636462053062,600.0000000000005,0,615,0,0,0,0.016124060354335907,0.4396904049251733,4587807695.295256,0.0,0,0.0,0.0,0.0,0.0,276,19,0,0,0,nan,0.3947803496134008,0.4223087505545443,0.5561457757502914,0.24797747259072425,302.1818181818182,0.29
hosted_mixed,gate_fifo300,4,0.0,2.0,reactive_gate,695,558,10,0.017605633802816902,0.057692307692307696,558,98.94350870239168,1992.786087356778,2.452603770157498,600.0000000000005,0,238,0,0,0,0.013792805678159568,0.31851156789712776,5088354626.529724,0.0,0,0.0,0.0,0.0,0.0,224,19,0,0,0,nan,0.492599331068832,0.5025339652916216,0.5252149844518907,0.2836978157274059,304.3636363636364,0.23
hosted_mixed,gate_fifo300,5,0.0,2.0,reactive_gate,992,725,51,0.06572164948453608,0.24519230769230768,725,59.5186619658125,4357.139391326038,20.033293791778526,600.0000000000005,0,1209,1,0,0,0.026587762490301564,0.2404824465969168,4067627402.1637144,0.0,0,0.0,0.0,0.0,0.0,313,4,0,0,0,nan,0.34233315360184124,0.3772149102800458,0.7097142291949948,0.2984161451602247,395.4545454545455,0.43
hosted_mixed,gate_fifo300,6,0.0,2.0,reactive_gate,605,445,26,0.055201698513800426,0.1925925925925926,445,133.82581292219857,3198.427637026624,19.285499154294953,600.0000000000005,0,599,0,0,0,0.01542621289949187,0.42370771252119915,3979008426.4927135,0.0,0,0.0,0.0,0.0,0.0,221,21,0,0,0,nan,0.3844952884036298,0.41854580046470385,0.5383991590585341,0.24796657303756767,242.72727272727275,0.23
hosted_mixed,gate_fifo300,7,0.0,2.0,reactive_gate,719,491,20,0.03913894324853229,0.11428571428571428,491,139.07307509827388,2785.935389571613,18.720412001080696,600.0000000000005,0,646,1,0,0,0.009138679123114078,0.3418536929846733,3442886007.413887,0.0,0,0.0,0.0,0.0,0.0,232,15,0,0,0,nan,0.3758776699657566,0.38877417870989545,0.5742510470894846,0.27059790851823856,267.8181818181818,0.31
hosted_mixed,gate_fifo300,8,0.0,2.0,reactive_gate,817,621,32,0.04900459418070444,0.16853932584269662,621,102.95075145866576,3719.124904724394,15.22643054834782,600.0000000000005,0,761,0,0,0,0.013458289841961393,0.42395525883499585,4559172815.5572195,0.0,0,0.0,0.0,0.0,0.0,267,5,0,0,0,nan,0.3830564499082377,0.41228297561829963,0.6109508293471575,0.2534501161225141,338.72727272727275,0.33
hosted_mixed,gate_fifo300,9,0.0,2.0,reactive_gate,806,592,38,0.06031746031746032,0.20218579234972678,592,137.32698656546745,3739.9856392022243,6.218600624669337,600.0000000000005,0,856,0,0,0,0.013116328439465863,0.3075354586532756,4563563754.199722,0.0,0,0.0,0.0,0.0,0.0,259,9,0,0,0,nan,0.36800207165918924,0.4017064512737694,0.6062490548311642,0.2788311377147522,322.90909090909093,0.36
hosted_mixed,gate_fifo300,10,0.0,2.0,reactive_gate,666,539,14,0.02531645569620253,0.11023622047244094,539,129.25148044641446,2402.496625470805,3.5821736886688034,600.0000000000005,0,321,1,0,0,0.011036604437468404,0.28732365035189206,4531423139.6691675,0.0,0,0.0,0.0,0.0,0.0,222,16,0,0,0,nan,0.4399231885699153,0.4613168057824149,0.539261039214258,0.2918974013979209,294.0,0.23
hosted_mixed,gate_vtfq0,1,0.0,2.0,reactive_gate,661,557,2,0.0035778175313059034,0.012658227848101266,557,215.9683944419403,1458.872935786507,58.88035113644147,600.0000000000005,0,75,1,0,0,0.002794498045377918,0.3287190315084075,2366733532.388856,0.0,0,0.0,0.0,0.0,0.0,301,79,0,0,0,nan,0.629291968061622,0.6301003198991135,0.7045701019651645,0.2897946978612845,303.8181818181818,0.32
hosted_mixed,gate_vtfq0,2,0.0,2.0,reactive_gate,739,588,5,0.008431703204047217,0.034482758620689655,588,324.3952279921551,2275.1705456175373,85.0514688150183,600.0000000000005,0,284,3,0,0,0.0034241519216030177,0.3031631485919905,1115304523.2789323,0.0,0,0.0,0.0,0.0,0.0,254,38,0,0,0,nan,0.4790393203866126,0.4840127034074849,0.73243974993525,0.31798757325454013,320.72727272727275,0.35
hosted_mixed,gate_vtfq0,3,0.0,2.0,reactive_gate,818,637,11,0.016975308641975308,0.05847953216374269,637,161.6630318450225,2119.0470253769113,64.52064042942239,600.0000000000005,0,428,0,0,0,0.0019779999243158177,0.40348690682090915,2901314064.097467,0.0,0,0.0,0.0,0.0,0.0,277,28,0,0,0,nan,0.4418374378672915,0.4525304728368482,0.6980701311431624,0.29100755639761794,347.4545454545455,0.35
hosted_mixed,gate_vtfq0,4,0.0,2.0,reactive_gate,759,646,6,0.009202453987730062,0.028735632183908046,646,128.93053057432235,1886.186852571522,21.10643396205012,600.0,0,116,2,0,0,0.014310539908742778,0.3455173654768284,2514848567.9414105,0.0,0,0.0,0.0,0.0,0.0,255,52,0,0,0,nan,0.656042457269936,0.6618444886238541,0.7004571021270396,0.3229143585031018,352.3636363636364,0.29
hosted_mixed,gate_vtfq0,5,0.0,2.0,reactive_gate,1008,785,27,0.0332512315270936,0.11711711711711711,785,216.25624389951827,3439.9526507732116,114.52179958785621,600.0000000000005,0,958,2,0,0,0.01347827641350857,0.27553352265467856,1631677400.8476875,0.0,0,0.0,0.0,0.0,0.0,310,9,0,0,0,nan,0.3830394136804878,0.398303135394736,0.8550529044046232,0.34192376674310687,428.1818181818182,0.48
hosted_mixed,gate_vtfq0,6,0.0,2.0,reactive_gate,644,515,6,0.011516314779270634,0.04054054054054054,515,370.6730594578346,3035.550547718518,46.68420050099942,600.0000000000005,0,349,2,0,0,0.005545024196611526,0.40430398481458835,2732008806.767766,0.0,0,0.0,0.0,0.0,0.0,260,31,0,0,0,nan,0.49576207085368273,0.5037210005480336,0.6543190522573492,0.2989515038419956,280.90909090909093,0.33
hosted_mixed,gate_vtfq0,7,0.0,2.0,reactive_gate,801,632,5,0.007849293563579277,0.02403846153846154,632,212.9795104144705,2068.7898177842985,249.0408737355603,600.0000000000005,0,360,3,0,0,0.002188059549079222,0.3270347209182076,1602321538.7747765,0.0,0,0.0,0.0,0.0,0.0,248,32,0,0,0,nan,0.4321610384759584,0.43556026794902847,0.7201863511476949,0.29918434667954297,344.72727272727275,0.37
hosted_mixed,gate_vtfq0,8,0.0,2.0,reactive_gate,879,707,9,0.012569832402234637,0.05027932960893855,707,230.24746853792726,2758.8065930697117,42.399329578392745,600.0000000000005,0,563,3,0,0,0.010596521843445672,0.46256017477872124,3176228206.572625,0.0,0,0.0,0.0,0.0,0.0,296,19,0,0,0,nan,0.4487073148911707,0.45695837809203615,0.7354007215868623,0.31100011642085573,385.6363636363636,0.4
hosted_mixed,gate_vtfq0,9,0.0,2.0,reactive_gate,851,667,17,0.024853801169590642,0.09340659340659341,667,332.53266397957805,2326.307445783976,73.50831601494512,600.0000000000005,0,568,2,0,0,0.004296694469982358,0.35575651036990213,1657349408.7094824,0.0,0,0.0,0.0,0.0,0.0,298,21,0,0,0,nan,0.4227043849048315,0.43598755878552253,0.7850993391163236,0.31443149658290137,363.8181818181818,0.38
hosted_mixed,gate_vtfq0,10,0.0,2.0,reactive_gate,723,619,4,0.006420545746388443,0.028368794326241134,619,216.7244383018433,2053.8796003354405,56.508492020236766,600.0000000000005,0,107,1,0,0,0.0031172505528275947,0.24331473038250287,1597578632.476148,0.0,0,0.0,0.0,0.0,0.0,250,29,0,0,0,nan,0.5978971568081094,0.6036249625943126,0.7350896111394394,0.34934811829565293,337.6363636363636,0.31
hosted_mixed,gate_srpt0,1,0.0,2.0,reactive_gate,658,556,2,0.0035842293906810036,0.012738853503184714,556,170.08824900992033,1833.4121505019891,37.42205184017923,600.0000000000005,0,98,1,0,0,0.004659285575435305,0.35495491452683947,2461234474.504187,0.0,0,0.0,0.0,0.0,0.0,302,89,0,0,0,nan,0.6746266070971773,0.6758134967344753,0.6990167565559441,0.2954943302370052,303.2727272727273,0.28
hosted_mixed,gate_srpt0,2,0.0,2.0,reactive_gate,736,580,6,0.010238907849829351,0.041666666666666664,580,255.6532205751546,2599.7963586865462,93.70160363155499,600.0000000000005,0,225,3,0,0,0.005195169145196217,0.305255558076958,1214721583.9435282,0.0,0,0.0,0.0,0.0,0.0,246,36,0,0,0,nan,0.5145990249277405,0.5198662780315678,0.724052141527454,0.32822197376702356,316.3636363636364,0.33
hosted_mixed,gate_srpt0,3,0.0,2.0,reactive_gate,821,638,15,0.022970903522205207,0.08284023668639054,638,155.05137497131864,2114.2766219408336,53.75719167621059,600.0000000000005,0,351,3,0,0,0.003635333445796429,0.4083755972983212,2786295608.275214,0.0,0,0.0,0.0,0.0,0.0,267,28,0,0,0,nan,0.46777777462766645,0.4843094683908654,0.6969489237608457,0.3012458585016539,348.0,0.33
hosted_mixed,gate_srpt0,4,0.0,2.0,reactive_gate,769,661,5,0.0075075075075075074,0.022598870056497175,661,131.76786260388235,1797.3980426633182,18.794761947865126,600.0,0,100,3,0,0,0.008209089308389688,0.3187978491227411,2433451046.804525,0.0,0,0.0,0.0,0.0,0.0,260,53,0,0,0,nan,0.6892459438732027,0.6950143243548812,0.7054161250971251,0.34183594795166916,360.54545454545456,0.28
hosted_mixed,gate_srpt0,5,0.0,2.0,reactive_gate,1024,785,33,0.040342298288508556,0.14545454545454545,785,170.43460673926484,3411.878540442086,116.60055356316784,600.0000000000005,0,845,1,0,0,0.00951334066730638,0.26692383480535653,1455524849.2843695,0.0,0,0.0,0.0,0.0,0.0,307,9,0,0,0,nan,0.43569974942240575,0.46137155725423823,0.8685525678378334,0.32884874404955816,428.1818181818182,0.47
hosted_mixed,gate_srpt0,6,0.0,2.0,reactive_gate,647,528,8,0.014925373134328358,0.053691275167785234,528,375.8575320808577,2973.1490617215586,44.102291852494055,600.0000000000005,0,279,1,0,0,0.005009016195253737,0.3916058909102397,2653194271.71908,0.0,0,0.0,0.0,0.0,0.0,270,31,0,0,0,nan,0.5223915800126655,0.5345146802995819,0.666739716475654,0.3156291498322686,288.0,0.28
hosted_mixed,gate_srpt0,7,0.0,2.0,reactive_gate,815,647,8,0.012213740458015267,0.0380952380952381,647,174.4718481134082,2024.7756835619734,73.66625689430141,600.0000000000005,0,291,1,0,0,0.009149396938248837,0.34933868694712245,1505499102.6808767,0.0,0,0.0,0.0,0.0,0.0,242,33,0,0,0,nan,0.5060295502615386,0.5124019374346911,0.7135091784228503,0.2945664464923123,352.90909090909093,0.36
hosted_mixed,gate_srpt0,8,0.0,2.0,reactive_gate,888,712,10,0.013850415512465374,0.055248618784530384,712,183.9961468928446,3039.140430106377,29.66060240107376,600.0000000000005,0,469,0,0,0,0.004690116830566078,0.44210752539001064,3103678919.281316,0.0,0,0.0,0.0,0.0,0.0,287,19,0,0,0,nan,0.47998702008308897,0.4901072544973792,0.735560434557919,0.33185295718133795,388.3636363636364,0.38
hosted_mixed,gate_srpt0,9,0.0,2.0,reactive_gate,857,681,20,0.028530670470756064,0.10204081632653061,681,307.7708395756749,2848.329268130688,54.99145726590691,600.0000000000005,0,443,2,0,0,0.007855540903831752,0.34486922410614923,1760742820.7968476,0.0,0,0.0,0.0,0.0,0.0,300,18,0,0,0,nan,0.4804326646816919,0.49912704767869936,0.786414701186545,0.3313893151589952,371.4545454545455,0.38
hosted_mixed,gate_srpt0,10,0.0,2.0,reactive_gate,733,636,3,0.004694835680751174,0.02127659574468085,636,210.69885472312671,1946.4666621664983,65.79513376061577,600.0,0,105,1,0,0,0.0034551832209955054,0.27024658412745084,1528280601.0762317,0.0,0,0.0,0.0,0.0,0.0,249,29,0,0,0,nan,0.6382002938681678,0.6423869463393309,0.7491236256798758,0.34751323981746407,346.90909090909093,0.31
hosted_mixed,lease0,1,0.0,2.0,lease,654,560,1,0.0017825311942959,0.00625,560,176.0797780382694,1728.1938268455865,52.33037019769073,600.0000000000002,0,86,1,0,0,0.0005808527248170763,0.32896266357806425,2317204659.8246865,8052.554224574456,43,713.4877185548304,488.41607635289165,825000.0,3689.5179079620557,302,63,0,0,0,nan,0.6569073159045049,0.6584409957804152,0.7067419446184603,0.2882880059359818,305.45454545454544,0.55
hosted_mixed,lease0,2,0.0,2.0,lease,732,580,6,0.010238907849829351,0.0410958904109589,580,316.0445834037466,2366.006572619499,57.98467484742211,600.0000000000005,0,298,3,0,0,0.004731066555969631,0.30029807124167596,968589163.9469569,4021.6002139575517,29,916.9529349746108,577.8926256713205,791400.0,9964.864688432706,255,32,0,0,0,nan,0.47609452568112237,0.48216410406467514,0.7345471274888307,0.3094479818929315,316.3636363636364,0.61
hosted_mixed,lease0,3,0.0,2.0,lease,807,623,13,0.020440251572327043,0.07142857142857142,623,147.9575217002989,2211.515917049787,53.63505129796227,600.0000000000005,0,416,1,0,0,0.0022441692984275833,0.41037859217839384,2297568422.217014,5001.810472838741,36,1048.4404023268044,486.5394149661133,825600.0,8493.849470307647,269,28,0,0,0,nan,0.4284229652238883,0.44127822098300656,0.6905713908718596,0.2995626194058325,339.8181818181818,0.62
hosted_mixed,lease0,4,0.0,2.0,lease,755,645,5,0.007692307692307693,0.023121387283236993,645,139.8688235076943,1952.644768747146,20.733979825241462,600.0,0,106,2,0,0,0.014419077329985626,0.311995450833064,2006622338.9579103,4489.625520684736,22,552.4652617824552,325.60733341185914,746400.0,1340.9521366957028,256,37,0,0,0,nan,0.6440495377181222,0.6475713666275219,0.7118049519675926,0.32884824639654137,351.8181818181818,0.53
hosted_mixed,lease0,5,0.0,2.0,lease,1023,812,17,0.020506634499396863,0.0730593607305936,812,219.73804858346534,3165.5168699802284,103.19490523495637,600.0000000000005,0,922,0,0,0,0.0104053047663044,0.2513299361277286,1846810585.7230697,1245.3526669903608,11,841.6163467989131,834.291782143557,982200.0,16603.720776983464,312,6,0,0,0,nan,0.3891982188023125,0.40050432268673325,0.8462315487446581,0.3380629234379158,442.90909090909093,0.83
hosted_mixed,lease0,6,0.0,2.0,lease,642,518,8,0.015209125475285171,0.05333333333333334,518,367.18948056089994,3118.67202862169,45.909236724863916,600.0000000000005,0,346,2,0,0,0.004994704753928045,0.4009093773997415,2714598054.626094,2814.6992905974594,14,1468.5267995541126,1076.0842646108943,693600.0,6673.993716809423,258,26,0,0,0,nan,0.491553484728275,0.5028073338463317,0.6470693213424307,0.3027444477807707,282.54545454545456,0.54
hosted_mixed,lease0,7,0.0,2.0,lease,801,635,8,0.012441679626749611,0.0380952380952381,635,220.55548605203285,2025.357951855313,86.63901294363058,600.0000000000005,0,340,2,0,0,0.009490672169484746,0.3566583130040617,1570722757.9074273,2354.2877796984776,18,1375.2215414826733,837.5286545673134,896400.0,9392.546476550895,246,27,0,0,0,nan,0.4463788206732704,0.4537216198439644,0.7132956615149897,0.29443303501576373,346.3636363636364,0.63
hosted_mixed,lease0,8,0.0,2.0,lease,887,706,9,0.012587412587412588,0.05056179775280899,706,221.03774429658608,2525.6058663480285,31.689586688185784,600.0000000000005,0,584,0,0,0,0.0059471906741645035,0.4593380678772492,3100754365.925734,1586.112327823239,18,805.948189822279,597.5313928285543,877200.0,9362.909280047541,295,16,0,0,0,nan,0.4557594752246578,0.4648293182203839,0.7394236028109623,0.3152670243666198,385.0909090909091,0.64
hosted_mixed,lease0,9,0.0,2.0,lease,858,674,16,0.02318840579710145,0.08791208791208792,674,323.4158236401296,2867.762948633733,40.59190574259549,600.0000000000005,0,575,3,0,0,0.004860148439506515,0.36020742835485575,1315338589.2654638,912.5055741959549,2,676.8120431620728,623.209054109911,838200.0,12343.967994307392,297,17,0,0,0,nan,0.4398505866934361,0.4549368365404845,0.785443077825531,0.3179884773342985,367.6363636363636,0.67
hosted_mixed,lease0,10,0.0,2.0,lease,723,618,3,0.004830917874396135,0.02158273381294964,618,220.86110136137768,1873.4087565882758,57.122691856977625,600.0000000000002,0,134,1,0,0,0.0027191218901216753,0.2724436474303246,1303684807.6154585,1331.528927734929,10,1453.18634637083,916.6539931213097,645000.0,4457.082296629662,247,30,0,0,0,nan,0.5865898173306241,0.5902553545379303,0.7331861568448913,0.3432678684464351,337.0909090909091,0.58
hosted_mixed,needs,1,0.0,2.0,needs,661,563,1,0.0017730496453900709,0.006289308176100629,563,178.9976704835383,1490.9884187241541,63.58678992382267,600.0,0,77,2,0,0,0.0016302898695380872,0.3191939155976694,2037600265.8321016,0.0,0,3380.917107432681,612.6688835913023,4423200.0,35978.28962213902,301,84,0,0,0,nan,0.6596153601209392,0.661122448259691,0.7197649783330097,0.2907910127147227,307.0909090909091,6.23
hosted_mixed,needs,2,0.0,2.0,needs,733,585,4,0.006791171477079796,0.027777777777777776,585,294.7632813931498,2448.781839930972,56.20957876590773,600.0000000000005,0,302,4,0,0,0.002664659767701104,0.32984517339581654,1277455642.7569826,0.0,0,941.3604348940521,297.702027804978,4405200.0,41936.518033778644,246,38,0,0,0,nan,0.47705506462474734,0.48298121449586223,0.7266907538202538,0.3123516306780258,319.0909090909091,6.35
hosted_mixed,needs,3,0.0,2.0,needs,813,628,13,0.0202808112324493,0.07142857142857142,628,155.27710883846328,2232.1539163657512,60.54582702294943,600.0000000000005,0,433,6,0,0,0.006592238507748958,0.4117572229531663,2366369794.92585,0.0,0,3816.3198223835116,163.59009223231777,4361400.0,41152.12999589532,272,23,0,0,0,nan,0.4308197322777661,0.44367257738014526,0.6954198924460956,0.29767453576549857,342.54545454545456,6.53
hosted_mixed,needs,4,0.0,2.0,needs,760,647,6,0.009188361408882083,0.028901734104046242,647,136.83200435764775,1776.652452576208,19.406695320168872,600.0,0,113,2,0,0,0.0122039001057537,0.35583066317662126,2344707045.8490143,0.0,0,4537.531202524962,546.485260793445,3943200.0,22399.549104305363,258,68,0,0,0,nan,0.6517289900827825,0.6574552320768234,0.6838534581552707,0.31791782231860055,352.90909090909093,6.45
hosted_mixed,needs,5,0.0,2.0,needs,1001,780,22,0.02743142144638404,0.09545454545454546,780,187.0247384721166,3688.619821427358,75.68826205615505,600.0000000000005,0,971,3,0,0,0.012739196719458936,0.26841734322263355,1602564523.8093948,0.0,0,98.90449223145805,40.05967961872199,5034600.0,66599.24103268891,299,8,0,0,0,nan,0.3836003673739296,0.39577367199194163,0.8526387340876715,0.32111384867764836,425.4545454545455,7.58
hosted_mixed,needs,6,0.0,2.0,needs,645,524,10,0.018726591760299626,0.06622516556291391,524,399.69785266977397,2982.4199801234513,36.32027330711793,600.0000000000005,0,316,2,0,0,0.00779137734136675,0.3979067807349045,2553554301.874515,0.0,0,3186.7198428303013,147.54939010186695,3792600.0,34644.73836114406,260,28,0,0,0,nan,0.5079553939956206,0.5232715947651271,0.6675982074227856,0.3065643476334891,285.8181818181818,6.24
hosted_mixed,needs,7,0.0,2.0,needs,807,638,6,0.009316770186335404,0.02912621359223301,638,199.31411091836526,2055.943497361728,70.77340465258405,600.0000000000005,0,341,6,0,0,0.01026950178468514,0.3476608556612134,1661375492.7065632,0.0,0,658.7118981414118,325.2525326985086,4878000.0,46783.84840911808,244,33,0,0,0,nan,0.46657351886669846,0.4723366900056466,0.7133925751262626,0.29253493339534725,348.0,6.35
hosted_mixed,needs,8,0.0,2.0,needs,882,705,6,0.008438818565400843,0.03428571428571429,705,225.92282575743639,2585.209251079487,27.044125126038978,600.0000000000005,0,587,0,0,0,0.0041135607549078424,0.4506358483747541,3255173341.6321683,0.0,0,4064.9944701935583,313.2743317908057,4795200.0,39642.944619802394,290,19,0,0,0,nan,0.4541483220789192,0.4612815417974363,0.7283846878601723,0.31323378400354185,384.54545454545456,6.99
hosted_mixed,needs,9,0.0,2.0,needs,855,665,16,0.023494860499265784,0.08695652173913043,665,303.13101043879965,3090.5898508921787,43.38307319000476,600.0000000000005,0,584,5,0,0,0.004730254326528237,0.3554453642308163,1222645751.1328962,10.666886843603606,1,231.79133210092607,48.25763101391635,4390800.0,45231.9364362291,294,17,0,0,0,nan,0.4358470930238908,0.45108977536945527,0.7907721327173983,0.3147575320905151,362.72727272727275,6.99
hosted_mixed,needs,10,0.0,2.0,needs,721,612,3,0.004878048780487805,0.021897810218978103,612,238.93354922665094,1989.3088451438282,57.05686006070313,600.0000000000002,0,130,15,0,0,0.007814921924350297,0.255237415660023,1406642530.1977456,0.0,0,5842.368555605137,645.6430518957499,3347400.0,28188.459351158148,248,28,0,0,0,nan,0.5922779684429977,0.5957445887806306,0.7363125562313844,0.34379903722186195,333.8181818181818,6.52
hosted_mixed,needs_pre,1,0.0,2.0,needs,660,565,1,0.0017667844522968198,0.00625,565,191.87843176911338,1534.4538430230643,54.80580387275843,600.0,0,67,7,0,0,0.0027088911780349077,0.3195051393219228,2015063873.5817072,0.0,0,3015.6031025213642,906.1757237423399,4416000.0,36657.0750484242,298,82,0,0,0,nan,0.6523178960613812,0.6538015394234029,0.7225100193764569,0.29050475797875897,308.1818181818182,6.22
hosted_mixed,needs_pre,2,0.0,2.0,needs,737,583,4,0.0068143100511073255,0.027777777777777776,583,292.943567047942,2054.59159523733,54.204676214446856,600.0000000000005,0,301,10,0,0,0.006664931028581595,0.31451341960106,1035387321.6200444,266.2954888489128,0,1647.8580887574278,309.8406399623247,4308600.0,44837.57211539305,255,38,0,0,0,nan,0.48043782066188184,0.48453289252995757,0.7348990644870176,0.3127515883768517,318.0,6.37
hosted_mixed,needs_pre,3,0.0,2.0,needs,808,622,13,0.02047244094488189,0.07142857142857142,622,176.13478917887323,2248.229536858625,57.966216982555856,600.0000000000005,0,416,1,0,0,0.0022503924834484214,0.41140297004289866,2430253451.6490836,0.0,0,4777.957450984368,396.7665045253392,4335000.0,40380.51821098393,270,22,0,0,0,nan,0.4218940424268069,0.43427100033089466,0.6918748028643811,0.29024652678651386,339.2727272727273,6.53
hosted_mixed,needs_pre,4,0.0,2.0,needs,759,645,6,0.009216589861751152,0.028735632183908046,645,129.477334618462,1894.8499353001134,20.580064115437647,600.0,0,116,1,0,0,0.007560459197150251,0.3369399458189853,2177751910.0633035,0.0,0,5472.4571218333285,1273.8232486833645,3925200.0,23089.44199199215,249,52,0,0,0,nan,0.6479520916937213,0.6535556123628992,0.699823593151062,0.32496802266275215,351.8181818181818,6.33
hosted_mixed,needs_pre,5,0.0,2.0,needs,1023,813,21,0.025179856115107913,0.08928571428571429,813,200.38497811866318,2834.086287851458,73.56125427726826,600.0000000000005,0,930,4,0,0,0.009048897704858085,0.22331768245189368,1644894253.460279,0.0,0,312.8814984935471,158.4787551170777,5024400.0,66709.97166608623,306,9,0,0,0,nan,0.4079982673390014,0.4220990376615694,0.8590263222408379,0.3486574614752747,443.4545454545455,7.88
hosted_mixed,needs_pre,6,0.0,2.0,needs,627,516,7,0.01338432122370937,0.045454545454545456,516,420.12113150505184,3078.825273973141,46.88546194183246,600.0000000000005,0,344,7,0,0,0.006932242465694058,0.4085009251923145,2655126744.3362226,0.0,0,801.6465407293006,189.36474137317822,3682200.0,35254.64743035947,253,29,0,0,0,nan,0.4941790907565167,0.5038427499081146,0.6522351869900933,0.29331325722266394,281.45454545454544,6.12
hosted_mixed,needs_pre,7,0.0,2.0,needs,803,637,7,0.010869565217391304,0.03365384615384615,637,195.9354592299146,2015.8222582430349,62.788192693780374,600.0000000000005,0,345,4,0,0,0.011237841372572633,0.3579269894774236,1591330583.9853513,0.0,0,1266.2282928027084,407.71873020124474,4885200.0,48170.26123857612,249,31,0,0,0,nan,0.4658964473396037,0.4727361456564411,0.7162817594454157,0.29265225801062733,347.4545454545455,6.48
hosted_mixed,needs_pre,8,0.0,2.0,needs,883,710,8,0.011142061281337047,0.04519774011299435,710,247.77551047811494,2938.5479939487423,33.31083668248867,600.0000000000005,0,568,3,0,0,0.009527474807942735,0.426869283862616,2778752589.4070153,0.0,0,3458.520534954643,368.15937872529213,4726800.0,40010.420924649006,294,23,0,0,0,nan,0.4621185424773271,0.470767371972143,0.7520152480210762,0.31771376885664365,387.2727272727273,7.02
hosted_mixed,needs_pre,9,0.0,2.0,needs,853,666,17,0.024890190336749635,0.09340659340659341,666,338.2345376086545,2742.743808407966,42.29768260295292,600.0000000000005,0,581,2,0,0,0.0038714629684354217,0.3633394207405461,1474995411.5440557,104.29836767302811,0,464.5539666377574,163.58501453298288,4314000.0,44768.458984285084,296,22,0,0,0,nan,0.4315022672445783,0.44626818008782415,0.7830070317841881,0.31370696409839494,363.2727272727273,6.95
hosted_mixed,needs_pre,10,0.0,2.0,needs,723,621,3,0.004807692307692308,0.02127659574468085,621,231.6884750661868,1974.2312537191137,47.88805651327049,600.0000000000005,0,115,8,0,0,0.004964735848026588,0.27299974594962706,1183572637.6872833,0.0,0,6463.507926810685,998.676220870721,3412200.0,27150.691919946912,249,35,0,0,0,nan,0.5942251593458707,0.597895891756327,0.7459194216605155,0.34200647739463563,338.72727272727275,6.59
hosted_mixed,needs_jev,1,0.0,2.0,needs,661,561,1,0.0017793594306049821,0.006289308176100629,561,189.7121791527593,1469.3914306783079,68.76461830887487,600.0000000000005,0,76,9,0,0,0.004694023740178297,0.3114696455519276,1753761374.7459433,0.0,0,2731.530851436438,849.3419713696271,4381200.0,35907.54068459409,299,77,0,0,0,nan,0.6510300879503856,0.652500860699303,0.7210224271561771,0.2898891244395487,306.0,6.83
hosted_mixed,needs_jev,2,0.0,2.0,needs,744,591,4,0.0067226890756302525,0.027972027972027972,591,293.2203991907386,2310.209250568584,58.26013470312544,600.0000000000005,0,274,6,0,0,0.005958898583913244,0.31671312719074285,1084462023.4218082,0.0,0,1216.7955920487582,323.80101700429316,4330200.0,45238.67167202244,252,40,0,0,0,nan,0.47956510889216986,0.48310573733603257,0.7380234469777908,0.3089819631189345,322.3636363636364,7.04
hosted_mixed,needs_jev,3,0.0,2.0,needs,812,627,14,0.0218408736349454,0.07692307692307693,627,149.9966122677448,2155.9091246722833,49.92659496800208,600.0000000000005,0,442,1,0,0,0.0030370959604309683,0.410876026451726,2257586046.203964,0.0,0,4983.318331753049,359.42310878059084,4455000.0,42059.91206178674,270,22,0,0,0,nan,0.4291565278165348,0.4431995146877944,0.6979852305587931,0.28993401689487686,342.0,7.11
hosted_mixed,needs_jev,4,0.0,2.0,needs,752,639,6,0.009302325581395349,0.028735632183908046,639,136.54974384195793,1897.1459298223208,21.32503140772416,600.0,0,124,1,0,0,0.00831390105006654,0.33902716539241934,2245137413.9546623,0.0,0,4878.09277623641,1101.1093697857054,3895800.0,23205.787608207665,255,62,0,0,0,nan,0.6405945989852028,0.6460817853104524,0.699277431012853,0.3220986026947627,348.54545454545456,6.95
hosted_mixed,needs_jev,5,0.0,2.0,needs,1003,784,21,0.02608695652173913,0.09345794392523364,784,194.0764201698243,3420.9993657519235,87.68881928944126,600.0000000000005,0,982,1,0,0,0.008826720965898859,0.23398990221068072,1520390946.4885287,0.0,0,243.02770038871034,100.4942740200799,4975200.0,68269.04538266582,297,7,0,0,0,nan,0.40060122752567334,0.4146010507487668,0.8623683074494951,0.3257685450530848,427.6363636363636,8.35
hosted_mixed,needs_jev,6,0.0,2.0,needs,640,520,8,0.015151515151515152,0.052980132450331126,520,380.56944686412305,3007.984026696385,36.45463833965367,600.0000000000005,0,344,6,0,0,0.007298307676694503,0.4019487601030461,2473402073.36891,105.8168108894073,1,3659.14420177722,313.03346757176257,3743400.0,33713.950015186885,251,28,0,0,0,nan,0.49979719914912474,0.511279057467103,0.6555000861863831,0.301758263715462,283.6363636363636,6.72
hosted_mixed,needs_jev,7,0.0,2.0,needs,803,630,4,0.006309148264984227,0.019417475728155338,630,200.0097045047669,2087.889395993189,68.52776678454643,600.0000000000005,0,353,3,0,0,0.002201293992742071,0.34400934414807005,1668537811.0519598,0.0,0,593.0580997998368,164.66397287855284,4832400.0,45934.146303326444,248,30,0,0,0,nan,0.46354749224729264,0.46807490304723515,0.7172973442720475,0.2973466808905493,343.6363636363636,6.95
hosted_mixed,needs_jev,8,0.0,2.0,needs,885,711,8,0.011126564673157162,0.04519774011299435,711,222.78841102632873,2250.4865873562408,26.92963731485597,600.0000000000005,0,584,4,0,0,0.010724148858266945,0.4564281053021546,3281983561.4979243,0.0,0,4922.025464351434,413.06992927241953,4828800.0,40469.78853651237,297,21,0,0,0,nan,0.4574507695404682,0.4647748712180669,0.7373795839848809,0.3189454287682967,387.8181818181818,7.75
hosted_mixed,needs_jev,9,0.0,2.0,needs,856,670,16,0.023323615160349854,0.08743169398907104,670,330.86573310393874,2537.7199096693353,43.232498417364866,600.0000000000005,0,581,4,0,0,0.005566219098481334,0.3372828410918169,1636848748.2465198,0.0,0,892.3468918744029,348.76072462948036,4359600.0,45556.549654033974,295,23,0,0,0,nan,0.43606280991834423,0.44879154727872456,0.7881279774022275,0.32076380516552644,365.4545454545455,7.52
hosted_mixed,needs_jev,10,0.0,2.0,needs,723,621,3,0.004807692307692308,0.02127659574468085,621,230.17352523179284,1968.398067182138,52.21703959611327,600.0000000000005,0,114,5,0,0,0.004596030097172543,0.26832062815652696,1464431681.9268394,0.0,0,11898.045021131042,1209.8650771948583,3403800.0,27292.506222000582,248,39,0,0,0,nan,0.6004604416116375,0.6041730711873372,0.7380451224626069,0.35084835313512297,338.72727272727275,7.15
hosted_mixed,needs-content,1,0.0,2.0,needs,656,559,1,0.0017857142857142857,0.006289308176100629,559,181.4682360596346,1406.4121440759627,51.37213063537617,600.0,0,83,10,0,0,0.003810988425352773,0.3170560449360588,1773999546.3258076,0.0,0,5870.719505976427,622.3010420862133,4382400.0,34919.5699249177,299,72,0,0,0,nan,0.6512592734534752,0.6527429488311495,0.7164046606449107,0.2942355649417346,304.90909090909093,6.12
hosted_mixed,needs-content,2,0.0,2.0,needs,717,563,5,0.008802816901408451,0.03496503496503497,563,323.29313002134313,2658.5687079721943,48.945641048204564,600.0,0,284,14,0,0,0.01034522633400089,0.304655076531738,1042735901.3394783,0.0,0,4054.9743861046177,201.46437960364813,4225200.0,43900.00478647248,248,40,0,0,0,nan,0.4487299979059327,0.45370851640586035,0.7242958800828802,0.3029914818647606,307.0909090909091,6.07
hosted_mixed,needs-content,3,0.0,2.0,needs,808,627,13,0.0203125,0.07017543859649122,627,159.15071866591916,2305.663308401011,59.76649003605064,600.0000000000005,0,438,6,0,0,0.00515004816060814,0.4018150717150959,2579803735.517541,0.0,0,7684.94624031038,165.04541805493898,4337400.0,42434.99319295912,271,21,0,0,0,nan,0.43483626169237144,0.4479158126000241,0.7023246615837866,0.2939346942519759,342.0,6.45
hosted_mixed,needs-content,4,0.0,2.0,needs,758,643,5,0.007716049382716049,0.023255813953488372,643,132.9555648140531,2077.314052161394,20.406960727947613,600.0,0,115,3,0,0,0.014787885589753693,0.3297211696553788,2122365032.7701564,0.0,0,5592.252165190732,625.729497468668,3936600.0,23406.10886917187,254,70,0,0,0,nan,0.6364772233936211,0.6400219374562868,0.6990168932514246,0.32472078004294236,350.72727272727275,6.39
hosted_mixed,needs-content,5,0.0,2.0,needs,984,762,24,0.030534351145038167,0.1050228310502283,762,179.23546457777672,2967.181348075102,78.6417283257499,600.0000000000005,0,998,7,0,0,0.010760685354825151,0.26677153746298454,1649615903.736941,0.0,0,246.16471041454798,89.56351973240083,4902000.0,69446.67736181646,288,7,0,0,0,nan,0.39639411055075596,0.41419928179663756,0.8504416817008223,0.32463244057572516,415.6363636363636,7.52
hosted_mixed,needs-content,6,0.0,2.0,needs,627,507,10,0.019342359767891684,0.06622516556291391,507,400.1031359548001,3199.9692264432274,48.3494984183788,600.0000000000005,0,375,4,0,0,0.007971983669689733,0.4090514391155021,2462282606.3113155,0.0,0,6207.482852204442,97.32383926843583,3689400.0,36687.550920367445,255,28,0,0,0,nan,0.48702664452908345,0.5016248719961524,0.6621655824146918,0.28434759012902694,276.54545454545456,6.04
hosted_mixed,needs-content,7,0.0,2.0,needs,802,634,6,0.009375,0.028985507246376812,634,199.41600979157556,2048.1304729601825,52.27338978986329,600.0000000000005,0,339,9,0,0,0.00653678822131114,0.35434794572567463,1701521109.6824555,0.0,0,801.102332007575,276.3924355067476,4844400.0,46792.82143806744,243,31,0,0,0,nan,0.46531425607717125,0.47221820303786605,0.7136037791779979,0.2974634958843146,345.8181818181818,6.38
hosted_mixed,needs-content,8,0.0,2.0,needs,879,707,7,0.00980392156862745,0.04,707,245.05748992374288,3062.3340790867856,30.649696592150455,600.0000000000005,0,594,3,0,0,0.004296589532905289,0.4363791211986487,2910334588.833645,0.0,0,2880.5764108976555,194.37917774294795,4858800.0,40953.07094811945,297,18,0,0,0,nan,0.45804118099556934,0.46640746607659866,0.7499552866566305,0.3185216756824318,385.6363636363636,7.02
hosted_mixed,needs-content,9,0.0,2.0,needs,855,672,15,0.021834061135371178,0.08196721311475409,672,336.15273381328893,2466.970386827175,46.60844316017486,600.0000000000005,0,576,5,0,0,0.0065864870347504085,0.3437364718245359,1574132720.600554,35.42261709987088,0,320.35336846509847,97.67142634085963,4374000.0,47136.10015597823,296,22,0,0,0,nan,0.42474427753337146,0.4355696693677778,0.7844662365967366,0.31093314833430963,366.54545454545456,6.88
hosted_mixed,needs-content,10,0.0,2.0,needs,713,612,4,0.006493506493506494,0.02877697841726619,612,231.6780131579992,1863.2951554559447,60.19079344675556,600.0000000000005,0,126,7,0,0,0.005099712950151314,0.27867844903604605,1529266319.3371158,0.0,0,5606.267284634561,492.91258950042476,3413400.0,28639.993423707576,251,26,0,0,0,nan,0.5987008372619453,0.6047531651764405,0.7330397552123803,0.3318450500324171,333.8181818181818,6.46
hosted_mixed,needs-ev,1,0.0,2.0,needs,655,559,2,0.0035650623885918,0.0125,559,173.53378955665585,1619.6366396401058,52.28756254865532,600.0000000000002,0,92,5,0,0,0.007342622358872267,0.32767683662691705,2152720680.9430523,9332.690608627592,39,4103.1102806998615,984.9238423912018,4440000.0,36486.689828867056,299,58,0,0,0,nan,0.6543317666579429,0.6553037948679047,0.7058585606343888,0.2903379855698787,304.90909090909093,6.2
hosted_mixed,needs-ev,2,0.0,2.0,needs,725,574,4,0.006920415224913495,0.028169014084507043,574,286.5737914682452,2018.9110906843352,42.53363033185438,600.0000000000005,0,283,8,0,0,0.005402544268078973,0.31038665210346056,1044968146.4423723,4737.244500986299,25,10583.109557814652,2059.2920723499224,4260600.0,44133.12731436331,247,44,0,0,0,nan,0.4735444039539699,0.47703499583146686,0.7385046686010749,0.30680860057924,313.0909090909091,6.24
hosted_mixed,needs-ev,3,0.0,2.0,needs,805,618,14,0.022151898734177215,0.07647058823529412,618,150.93050140840467,2228.988827216658,54.8296961611573,600.0000000000005,0,436,3,0,0,0.003464278325953039,0.41773228129395973,2435106069.664512,9752.796032400975,49,12964.37785204589,1264.3325391371343,4305000.0,42092.24243024746,269,31,0,0,0,nan,0.43164868524415506,0.4456140479970866,0.6932878214759778,0.2902251248390283,337.0909090909091,6.46
hosted_mixed,needs-ev,4,0.0,2.0,needs,758,645,6,0.009216589861751152,0.028735632183908046,645,124.63543754955799,1809.9864565281516,21.361725928912552,600.0000000000005,0,124,2,0,0,0.009228666898662205,0.34393820496024397,2321502084.7087874,4405.095888094533,29,5796.485807627529,993.266649008204,3923400.0,22671.6005755904,254,37,0,0,0,nan,0.6493400383597246,0.6549490205366874,0.6856942402429747,0.32526827012694876,351.8181818181818,6.39
hosted_mixed,needs-ev,5,0.0,2.0,needs,999,788,21,0.02595797280593325,0.09090909090909091,788,235.30611805359638,3595.4140068879287,71.61166619862482,600.0000000000005,0,965,2,0,0,0.009906450506366505,0.2992123094668355,1832419033.7054076,1318.8713829323979,8,5153.05312451518,1036.657962607333,5077200.0,63893.88849942407,291,16,0,0,0,nan,0.3894184117262693,0.40282030017328185,0.8450479734322391,0.31807042031648275,429.8181818181818,7.65
hosted_mixed,needs-ev,6,0.0,2.0,needs,640,515,9,0.01717557251908397,0.059602649006622516,515,377.220812744305,3236.0085310194163,48.150670227813016,600.0000000000005,0,367,2,0,0,0.0067994167006797815,0.4083647072995146,2789208397.4118834,4844.35994673452,20,9519.443752583315,1203.9999339329001,3750600.0,35194.621992855275,251,32,0,0,0,nan,0.49226108253229606,0.5052250203338916,0.6504809600937258,0.29304852031511536,280.90909090909093,6.12
hosted_mixed,needs-ev,7,0.0,2.0,needs,801,628,8,0.012578616352201259,0.03827751196172249,628,210.63288515466604,2034.0121716572942,57.16524622648443,600.0000000000005,0,388,5,0,0,0.010654210418887053,0.35702039828243454,1792576618.162769,4005.502325778824,18,10443.752484721683,1817.8321437316677,4837800.0,45435.14514741481,247,31,0,0,0,nan,0.4573398503505893,0.4648611209928438,0.7075185465229216,0.2839858137635935,342.54545454545456,6.37
hosted_mixed,needs-ev,8,0.0,2.0,needs,880,709,8,0.011157601115760111,0.044444444444444446,709,236.43689743848836,2896.392058516216,31.88673751312068,600.0000000000005,0,594,4,0,0,0.0060930709637438,0.44033249687836484,2918421654.5043015,2848.4287212405497,15,6217.7024611078,1610.5634837998505,4773000.0,42079.70971761976,300,19,0,0,0,nan,0.45938902783128593,0.468752718721535,0.7515931318149444,0.32075629432730157,386.72727272727275,7.05
hosted_mixed,needs-ev,9,0.0,2.0,needs,856,669,17,0.02478134110787172,0.09289617486338798,669,321.3079592221118,2895.9099561728503,32.16067384762583,600.0000000000005,0,616,3,0,0,0.004311210507156934,0.35117205024133225,1403147078.3747716,2089.521724052164,3,6648.429290987882,2073.003403936873,4423200.0,43451.46857673796,300,33,0,0,0,nan,0.43829270485181093,0.45338874022394837,0.7705402776037621,0.3211935110008089,364.90909090909093,6.96
hosted_mixed,needs-ev,10,0.0,2.0,needs,719,617,3,0.004838709677419355,0.02142857142857143,617,220.87889070881192,1855.3106127924848,44.42822777629164,600.0000000000005,0,120,8,0,0,0.006244297311401209,0.270048059213152,1585506231.3240304,1885.3459300609882,17,10494.210723783466,1219.3424900696775,3382200.0,28988.986948223675,249,37,0,0,0,nan,0.5943024529740348,0.5979877366897445,0.7289352676079708,0.3478161824296301,336.54545454545456,6.49
hosted_mixed,needs-forecast,1,0.0,2.0,needs,638,536,2,0.0037174721189591076,0.012903225806451613,536,185.09562169127832,1607.8057337075345,50.10965870956115,600.0000000000005,0,132,2,0,0,0.0038942384612136584,0.3687115740017648,2518094615.8718324,0.0,0,4918.978781403259,668.8659439990367,4466400.0,32606.6824826748,295,77,0,0,0,nan,0.6052466101187131,0.6059317023743497,0.6705585553451179,0.2766153635647577,292.3636363636364,5.88
hosted_mixed,needs-forecast,2,0.0,2.0,needs,732,587,7,0.011784511784511785,0.04697986577181208,587,335.77373356963517,2267.433898185892,43.98705345686304,600.0000000000002,0,292,6,0,0,0.006970943087458671,0.3194767526097692,1492954787.2114687,0.0,0,753.641483738591,164.20828530191216,4498800.0,43619.369531970806,257,27,0,0,0,nan,0.4726301700487674,0.4798146010947229,0.7159007152615903,0.3039042054540303,320.1818181818182,6.27
hosted_mixed,needs-forecast,3,0.0,2.0,needs,804,619,13,0.020569620253164556,0.07142857142857142,619,167.01643656868782,2199.215757335954,54.81597353930922,600.0000000000005,0,449,3,0,0,0.0036011263505625994,0.40090156062436083,2465385835.877313,0.0,0,7593.401129687305,158.77735597444058,4314600.0,40930.274895584196,266,18,0,0,0,nan,0.42150932944363495,0.434088281290756,0.6891769448693668,0.2955047862163275,337.6363636363636,6.32
hosted_mixed,needs-forecast,4,0.0,2.0,needs,746,622,6,0.009554140127388535,0.030120481927710843,622,153.01704869814023,1965.7897022381203,26.50047693935274,600.0000000000005,0,122,3,0,0,0.00804222960206384,0.3010485092543272,2284914097.562946,0.0,0,779.1793782736332,154.6582155619193,3837600.0,23122.794217391634,252,22,0,0,0,nan,0.5908136841415005,0.5954590569501828,0.6692255939766253,0.32137880462912827,339.2727272727273,6.05
hosted_mixed,needs-forecast,5,0.0,2.0,needs,1010,802,17,0.020757020757020756,0.07834101382488479,802,258.37521540069946,3155.033346346165,76.91177397371735,600.0000000000005,0,908,3,0,0,0.008279948179225533,0.21794920335244874,1898360480.598901,0.0,0,90.06030533127426,37.620864520978046,5113800.0,65384.13101757802,309,4,0,0,0,nan,0.40599793462672656,0.41671152411317036,0.845457966977467,0.3417251512065712,437.4545454545455,7.69
hosted_mixed,needs-forecast,6,0.0,2.0,needs,642,527,7,0.013108614232209739,0.046357615894039736,527,420.238838741835,3279.120682460593,33.87010802771715,600.0000000000005,0,335,6,0,0,0.007776461205645593,0.39161962746978346,2707097325.0634575,0.0,0,8248.206144825614,366.55788668467767,3793800.0,34058.84692804937,263,23,0,0,0,nan,0.5052485959729938,0.5151795367643341,0.6616376709644523,0.3064443990929828,287.45454545454544,6.19
hosted_mixed,needs-forecast,7,0.0,2.0,needs,787,618,5,0.008025682182985553,0.02403846153846154,618,303.7685808276217,2019.074777548947,47.45982849477562,600.0000000000005,0,352,7,0,0,0.004517744681195875,0.3273515504361047,2063277897.4954023,0.0,0,286.5815176611778,118.75705820058658,4706400.0,46173.87754375574,239,16,0,0,0,nan,0.4382406121672415,0.4436679032538193,0.691119846392612,0.2882357887638847,337.0909090909091,6.15
hosted_mixed,needs-forecast,8,0.0,2.0,needs,878,701,10,0.014064697609001406,0.05649717514124294,701,261.17197571186557,2478.243014070542,25.867132962987338,600.0000000000005,0,600,0,0,0,0.009551961110302905,0.442248173630706,3413741015.7241063,0.0,0,260.6849770260991,122.3331427286812,4776000.0,40525.543482173794,295,6,0,0,0,nan,0.4490328647694195,0.4584123954279106,0.7203950595457783,0.31816807779945766,382.3636363636364,6.84
hosted_mixed,needs-forecast,9,0.0,2.0,needs,854,668,15,0.021961932650073207,0.08241758241758242,668,354.09960056162345,3025.376361686176,45.86358962947788,600.0000000000005,0,612,5,0,0,0.0070128210207826185,0.34515826175934916,1749598514.7813995,0.0,0,494.8442836862989,51.86167347351375,4377600.0,47915.9380659338,297,11,0,0,0,nan,0.42290411266351235,0.4356084113661665,0.7716954623680717,0.30887971309589,364.3636363636364,6.84
hosted_mixed,needs-forecast,10,0.0,2.0,needs,712,606,3,0.0049261083743842365,0.021897810218978103,606,248.82638090002433,2001.680932520811,43.74925041590038,600.0000000000005,0,147,5,0,0,0.006226863446834612,0.2729254945028944,1802328948.7171283,0.0,0,8568.138026025157,433.8874789385444,3276600.0,27557.317989202536,243,22,0,0,0,nan,0.5719421770490362,0.5753790543382542,0.7115191010343823,0.34349076826979613,330.54545454545456,6.17
hosted_mixed,needs-conformal,1,0.0,2.0,needs,662,569,1,0.0017543859649122807,0.006060606060606061,569,190.48749654039648,1389.1412405967783,47.666443622459155,600.0000000000005,0,71,1,0,0,0.0015193577414996055,0.3172598227950359,1920987129.205251,0.0,0,5092.6667735479905,541.5609102023643,4440000.0,35355.49781824884,305,81,0,0,0,nan,0.6626211434306717,0.6641552273007683,0.7255858049121018,0.2933855430626817,310.3636363636364,6.31
hosted_mixed,needs-conformal,2,0.0,2.0,needs,729,575,6,0.010327022375215147,0.04195804195804196,575,289.1725654713118,2080.4501618094473,66.35745071400196,600.0000000000005,0,280,12,0,0,0.008903684955998793,0.3102562080300652,1165215759.1448114,0.0,0,1116.2895862527726,431.1274433393588,4301400.0,44938.114823779586,244,42,0,0,0,nan,0.46408918965146706,0.4701171000977123,0.7251173711392774,0.30681499230667164,313.6363636363636,6.35
hosted_mixed,needs-conformal,3,0.0,2.0,needs,807,627,14,0.0218408736349454,0.0755813953488372,627,167.59093126900848,2460.117661147845,60.340096658991826,600.0000000000005,0,425,2,0,0,0.0031942742892766833,0.409151874737721,2449054419.190182,0.0,0,4821.8229412427245,172.74856907395258,4308600.0,40548.67875921425,273,22,0,0,0,nan,0.4310270281514478,0.4451864889343496,0.6934540637747669,0.293129460732598,342.0,6.46
hosted_mixed,needs-conformal,4,0.0,2.0,needs,762,649,6,0.00916030534351145,0.028409090909090908,649,141.47459149007227,1953.981126157124,21.52718656142613,600.0,0,115,1,0,0,0.014409173884045936,0.33923661786269294,2294260393.222059,0.0,0,1293.7702619956217,409.7026531716143,3917400.0,23441.283989320254,256,56,0,0,0,nan,0.6419072750416572,0.6473062644964659,0.6862455579472612,0.3214720275461697,354.0,6.32
hosted_mixed,needs-conformal,5,0.0,2.0,needs,1000,780,23,0.028642590286425903,0.1,780,188.13878166000313,3283.4810874521395,66.9479400991571,600.0000000000005,0,955,1,0,0,0.012493786054422073,0.33009568413004026,1841164083.5542994,0.0,0,93.37084457521428,36.11477846954995,4980000.0,63740.95015391368,295,8,0,0,0,nan,0.3989852498702997,0.41508413291958884,0.8392383858982453,0.3281445493211158,425.4545454545455,7.62
hosted_mixed,needs-conformal,6,0.0,2.0,needs,635,515,8,0.015296367112810707,0.052980132450331126,515,424.0053402488147,2835.074232347232,40.398679997527964,600.0000000000005,0,356,5,0,0,0.0067049835556657585,0.400424947296261,2516059250.1550145,0.0,0,750.539534666429,126.5636017084025,3720600.0,35148.27321121316,256,28,0,0,0,nan,0.4907679029205303,0.5020922389665868,0.6515537805539368,0.2950935008812986,280.90909090909093,6.12
hosted_mixed,needs-conformal,7,0.0,2.0,needs,805,640,7,0.010819165378670788,0.0330188679245283,640,194.11297807382402,1989.3609835068826,52.5061360102453,600.0000000000005,0,342,4,0,0,0.009933087921251195,0.35800890124888735,1779689874.37097,0.0,0,558.1144468867661,227.31011436061056,4923000.0,48027.2380626745,250,32,0,0,0,nan,0.45803313102311305,0.4648057895915407,0.7160701350564944,0.29231497191562894,349.0909090909091,6.39
hosted_mixed,needs-conformal,8,0.0,2.0,needs,884,705,4,0.005641748942172073,0.023529411764705882,705,243.12561300061134,2432.1902080698346,31.396598309025187,600.0000000000005,0,607,4,0,0,0.00482041896097181,0.43525325717479785,3007482224.15248,0.0,0,3957.0311663266925,224.73962127407492,4759200.0,39404.51910640054,294,17,0,0,0,nan,0.4496796474757052,0.4543638104702438,0.7267620404485561,0.3203937006491144,384.54545454545456,6.95
hosted_mixed,needs-conformal,9,0.0,2.0,needs,858,675,16,0.023154848046309694,0.08648648648648649,675,350.4468101608977,2533.7264956482873,39.27830071776988,600.0000000000005,0,560,4,0,0,0.005525428389331895,0.3459530497852506,1453366787.5220878,0.0,0,262.13045212968905,107.76595921607804,4422000.0,47196.08688144657,303,24,0,0,0,nan,0.4362517443147805,0.45013311430774433,0.7924439582038332,0.31830310950415347,368.1818181818182,6.96
hosted_mixed,needs-conformal,10,0.0,2.0,needs,723,616,3,0.004846526655896607,0.02158273381294964,616,218.16531230209478,2032.9193859226868,52.42699464987001,600.0000000000005,0,111,7,0,0,0.0035739662081354503,0.24727541019287522,1261921573.4535475,0.0,0,6365.95291627467,671.8411713363766,3366600.0,28389.752448099396,248,26,0,0,0,nan,0.5946320906533268,0.5980310037185981,0.7466494790088385,0.3418626041149946,336.0,6.52
hosted_mixed,needs-learn_pre,1,0.0,2.0,needs,666,573,1,0.0017421602787456446,0.006211180124223602,573,183.80790624499696,1573.9647405519822,74.73592844854474,600.0000000000002,0,73,6,0,0,0.0023465756753458496,0.31869069619896734,1987074401.3683205,0.0,0,2840.7962832279254,965.067159633707,4398000.0,36909.680283791844,299,82,0,0,0,nan,0.6746570392094334,0.6762523645082276,0.7165055342527843,0.29177102247900255,312.54545454545456,2.42
hosted_mixed,needs-learn_pre,2,0.0,2.0,needs,737,588,5,0.008431703204047217,0.034482758620689655,588,296.3167810150843,2360.7326556374082,59.89914339049359,600.0000000000005,0,287,3,0,0,0.0036158292932725452,0.3072226505666553,1081917055.9448607,0.0,0,5203.655113363643,476.0640572107377,4353600.0,44950.52775572565,254,40,0,0,0,nan,0.47958732754844563,0.48483946678106316,0.7350333357371795,0.3112153336934479,320.72727272727275,2.47
hosted_mixed,needs-learn_pre,3,0.0,2.0,needs,807,632,11,0.017107309486780714,0.057803468208092484,632,174.55584231023363,2211.23767777716,56.69369170126571,600.0000000000005,0,414,3,0,0,0.0038812318645448925,0.40174510613230163,2416554850.584561,0.0,0,8582.73534395274,749.7947049763009,4350600.0,40638.18289040874,269,22,0,0,0,nan,0.44002549360234416,0.4506362810159452,0.7007039409924566,0.2940610186396135,344.72727272727275,2.52
hosted_mixed,needs-learn_pre,4,0.0,2.0,needs,758,643,5,0.007716049382716049,0.022988505747126436,643,136.75345334725534,1928.913233547662,14.672024475933362,600.0,0,115,2,0,0,0.009412783520747675,0.32733857479634354,2688146826.1975904,159.44720348382134,1,4678.075030057066,1312.2455272953462,3916200.0,21965.193712702912,257,69,0,0,0,nan,0.6511890497298175,0.6548549964721612,0.6811759723355348,0.32854762561441186,350.72727272727275,2.41
hosted_mixed,needs-learn_pre,5,0.0,2.0,needs,1017,810,20,0.024096385542168676,0.08636363636363636,810,272.79182758274567,3432.79840897996,108.76600135084779,600.0000000000005,0,921,5,0,0,0.012599874556673649,0.24970405329718953,1641867767.4681387,0.0,0,367.11861995159285,101.99189456029609,5091600.0,68757.35502140752,299,9,0,0,0,nan,0.405737364928704,0.4182233647267618,0.8601837047113767,0.3395096356623053,441.8181818181818,3.09
hosted_mixed,needs-learn_pre,6,0.0,2.0,needs,633,510,9,0.017341040462427744,0.059602649006622516,510,378.05034614098633,3017.689695562802,48.73404905838439,600.0000000000005,0,371,2,0,0,0.0058081656947354355,0.41406795226097043,2680890881.9282904,0.0,0,2944.2668444989035,382.06514348776386,3646200.0,35381.99102013288,254,29,0,0,0,nan,0.4892580096150838,0.5021483225652196,0.6569133156403782,0.2863620147517856,278.1818181818182,2.34
hosted_mixed,needs-learn_pre,7,0.0,2.0,needs,809,636,8,0.012422360248447204,0.03864734299516908,636,190.780334489472,1987.953021366999,134.68769189906342,600.0000000000005,0,326,7,0,0,0.014167023712405651,0.35378458913437527,1532147514.9717479,0.0,0,1958.5827596232793,507.9253060673693,4841400.0,47976.34175023074,245,31,0,0,0,nan,0.470793633531239,0.47702162216152505,0.7084920341111435,0.29869728960486497,346.90909090909093,2.49
hosted_mixed,needs-learn_pre,8,0.0,2.0,needs,886,709,6,0.008391608391608392,0.03468208092485549,709,231.90808218480606,2912.2333714454862,25.972190184225383,600.0000000000005,0,598,2,0,0,0.006113987277459265,0.4549933778316436,3210580370.4096913,0.0,0,3837.965384247301,526.222962744888,4792800.0,39472.387773590264,296,18,0,0,0,nan,0.4574759807850548,0.463302690667824,0.7320012317364349,0.3208607523221184,386.72727272727275,2.74
hosted_mixed,needs-learn_pre,9,0.0,2.0,needs,851,664,17,0.024963289280469897,0.09289617486338798,664,331.3452503888757,2856.7151503163827,43.15541887721224,600.0000000000005,0,611,4,0,0,0.004497078884428444,0.3447083460231356,1666383697.8111668,0.0,0,702.0712943039598,222.72223905929047,4333200.0,45427.72205287407,295,24,0,0,0,nan,0.4297640988275012,0.443588643719527,0.7761210212258806,0.3198561611540659,362.1818181818182,2.68
hosted_mixed,needs-learn_pre,10,0.0,2.0,needs,717,610,3,0.004893964110929853,0.021739130434782608,610,224.37646456746552,1931.8545771009137,51.31998364463938,600.0,0,128,5,0,0,0.004239923543801688,0.27265464539222506,1376015470.1964147,0.0,0,6909.96932296062,1173.8805047058809,3357000.0,27201.741954488833,247,42,0,0,0,nan,0.60253250102119,0.6063540514756081,0.7376561261128918,0.34305973492971087,332.72727272727275,2.46
hosted_mixed,oracle0,1,0.0,2.0,clairvoyant,660,562,1,0.0017761989342806395,0.006211180124223602,562,141.44787510285278,1829.6085287210924,78.63808495107983,600.0,0,125,3,0,0,0.0027472303191819745,0.3322669993437274,1185639777.772142,309.0,103,0.0,0.0,0.0,0.0,310,70,0,0,0,nan,0.6889096525352779,0.6905377224044308,0.7188509874020655,0.28384749655575003,306.54545454545456,0.3
hosted_mixed,oracle0,2,0.0,2.0,clairvoyant,746,597,12,0.019704433497536946,0.0784313725490196,597,155.59184771906416,2193.5352406747293,108.74022701520695,600.0000000000005,0,326,1,0,0,0.006888254298243724,0.3042861996225606,582646479.8354912,138.0,46,0.0,0.0,0.0,0.0,268,39,0,0,0,nan,0.5894495541692071,0.6026266739071477,0.7369143190640378,0.302026594220595,325.6363636363636,0.34
hosted_mixed,oracle0,3,0.0,2.0,clairvoyant,858,690,26,0.036312849162011177,0.11979166666666667,690,79.67718544569539,2098.418791298344,45.70262977362702,600.0000000000005,0,411,4,0,0,0.011515672574153637,0.40271463377221917,1476522064.1079478,270.0,90,0.0,0.0,0.0,0.0,276,28,0,0,0,nan,0.5527007130109194,0.5802355599744186,0.702971704598064,0.29590036593973434,376.3636363636364,0.32
hosted_mixed,oracle0,4,0.0,2.0,clairvoyant,776,672,6,0.008849557522123894,0.028409090909090908,672,101.3722264212281,1844.3079934073085,23.126900060496393,600.0000000000005,0,141,0,0,0,0.013571413301528824,0.32800760909934634,1640959416.8346696,189.0,63,0.0,0.0,0.0,0.0,259,51,0,0,0,nan,0.7069082171259965,0.7138935397332671,0.7107936639957265,0.3274839329627045,366.54545454545456,0.3
hosted_mixed,oracle0,5,0.0,2.0,clairvoyant,1032,806,51,0.059509918319719954,0.20164609053497942,806,83.363245304585,3293.5076150039417,111.27993927663643,600.0000000000005,0,1008,3,0,0,0.0295759135809586,0.29860881415231627,945867731.8834198,77.99999999999997,26,0.0,0.0,0.0,0.0,359,7,0,0,0,nan,0.47606448772134746,0.5206695528175626,0.8703328775778619,0.3279045158195711,439.6363636363636,0.44
hosted_mixed,oracle0,6,0.0,2.0,clairvoyant,655,533,16,0.029143897996357013,0.10526315789473684,533,137.20686469296334,2923.397213167514,39.95820054948371,600.0000000000005,0,386,7,0,0,0.011927762291217156,0.44260237129981855,1280541447.0562851,135.0,45,0.0,0.0,0.0,0.0,264,31,0,0,0,nan,0.5811203299442886,0.6093010834207029,0.6682116944484914,0.2819546844132597,290.72727272727275,0.29
hosted_mixed,oracle0,7,0.0,2.0,clairvoyant,847,686,14,0.02,0.0625,686,112.14669321117196,1846.5804935508163,72.2924024189251,600.0000000000005,0,362,4,0,0,0.012667782633260828,0.3488918438202154,853365033.5524619,117.0,39,0.0,0.0,0.0,0.0,255,27,0,0,0,nan,0.5846405745052957,0.5990166623460588,0.7331505638152357,0.28335122416133113,374.1818181818182,0.34
hosted_mixed,oracle0,8,0.0,2.0,clairvoyant,877,700,27,0.037138927097661624,0.13513513513513514,700,109.47075006133701,3363.1111735588447,79.31063492666844,600.0000000000005,0,643,3,0,0,0.011540783956232599,0.48613388974993504,2070427076.6959996,135.0,45,0.0,0.0,0.0,0.0,313,15,0,0,0,nan,0.5209609052415766,0.548755793143718,0.7505701755374256,0.28508559945937995,381.8181818181818,0.37
hosted_mixed,oracle0,9,0.0,2.0,clairvoyant,873,697,27,0.03729281767955801,0.1323529411764706,697,116.5273865490326,3267.0766341877256,96.50149505014492,600.0000000000005,0,609,3,0,0,0.007408726131361431,0.3442487186209454,1341886528.8454003,33.0,11,0.0,0.0,0.0,0.0,317,17,0,0,0,nan,0.5312632992071381,0.5631204394775731,0.7794214032431689,0.31123520250047015,380.1818181818182,0.38
hosted_mixed,oracle0,10,0.0,2.0,clairvoyant,740,653,5,0.007598784194528876,0.033783783783783786,653,119.50792026134923,2276.045194505792,61.52061793486404,600.0000000000005,0,148,4,0,0,0.006070380665398383,0.2651916683314509,1178168510.89167,84.0,28,0.0,0.0,0.0,0.0,247,28,0,0,0,nan,0.6811148425804873,0.6911744921836679,0.7396867896432272,0.3404509115590735,356.1818181818182,0.31
hosted_mixed,gate_fifo300,1,0.9,2.0,reactive_gate,616,492,7,0.014028056112224449,0.050359712230215826,492,177.65406354315678,2112.2835308586964,19.270821895753283,600.0000000000005,0,270,1,0,0,0.002067941954940711,0.35660116807734765,3693639531.6735096,0.0,0,0.0,0.0,0.0,0.0,274,32,0,0,0,nan,0.5169424403679067,0.5288416224671106,0.6012413629524411,0.24266542988411247,268.3636363636364,0.25
hosted_mixed,gate_fifo300,2,0.9,2.0,reactive_gate,686,512,19,0.035781544256120526,0.13380281690140844,512,140.09881831050006,2630.4624959917787,12.2481946426507,600.0000000000005,0,443,3,0,0,0.009741370818828,0.3388566535705316,2996871230.5481787,0.0,0,0.0,0.0,0.0,0.0,247,23,0,0,0,nan,0.4182289692475473,0.4412076848088159,0.5727869068367974,0.27822087316773353,279.2727272727273,0.26
hosted_mixed,gate_fifo300,3,0.9,2.0,reactive_gate,770,554,34,0.05782312925170068,0.19375,554,73.56534600754162,3081.950479156563,8.840636462053062,600.0000000000005,0,615,0,0,0,0.016124060354335907,0.4396904049251733,4587807695.295256,0.0,0,0.0,0.0,0.0,0.0,276,19,0,0,0,nan,0.3947803496134008,0.4223087505545443,0.5561457757502914,0.24797747259072425,302.1818181818182,0.3
hosted_mixed,gate_fifo300,4,0.9,2.0,reactive_gate,695,558,10,0.017605633802816902,0.057692307692307696,558,98.94350870239168,1992.786087356778,2.452603770157498,600.0000000000005,0,238,0,0,0,0.013792805678159568,0.31851156789712776,5088354626.529724,0.0,0,0.0,0.0,0.0,0.0,224,19,0,0,0,nan,0.492599331068832,0.5025339652916216,0.5252149844518907,0.2836978157274059,304.3636363636364,0.24
hosted_mixed,gate_fifo300,5,0.9,2.0,reactive_gate,992,725,51,0.06572164948453608,0.24519230769230768,725,59.5186619658125,4357.139391326038,20.033293791778526,600.0000000000005,0,1209,1,0,0,0.026587762490301564,0.2404824465969168,4067627402.1637144,0.0,0,0.0,0.0,0.0,0.0,313,4,0,0,0,nan,0.34233315360184124,0.3772149102800458,0.7097142291949948,0.2984161451602247,395.4545454545455,0.39
hosted_mixed,gate_fifo300,6,0.9,2.0,reactive_gate,605,445,26,0.055201698513800426,0.1925925925925926,445,133.82581292219857,3198.427637026624,19.285499154294953,600.0000000000005,0,599,0,0,0,0.01542621289949187,0.42370771252119915,3979008426.4927135,0.0,0,0.0,0.0,0.0,0.0,221,21,0,0,0,nan,0.3844952884036298,0.41854580046470385,0.5383991590585341,0.24796657303756767,242.72727272727275,0.24
hosted_mixed,gate_fifo300,7,0.9,2.0,reactive_gate,719,491,20,0.03913894324853229,0.11428571428571428,491,139.07307509827388,2785.935389571613,18.720412001080696,600.0000000000005,0,646,1,0,0,0.009138679123114078,0.3418536929846733,3442886007.413887,0.0,0,0.0,0.0,0.0,0.0,232,15,0,0,0,nan,0.3758776699657566,0.38877417870989545,0.5742510470894846,0.27059790851823856,267.8181818181818,0.3
hosted_mixed,gate_fifo300,8,0.9,2.0,reactive_gate,817,621,32,0.04900459418070444,0.16853932584269662,621,102.95075145866576,3719.124904724394,15.22643054834782,600.0000000000005,0,761,0,0,0,0.013458289841961393,0.42395525883499585,4559172815.5572195,0.0,0,0.0,0.0,0.0,0.0,267,5,0,0,0,nan,0.3830564499082377,0.41228297561829963,0.6109508293471575,0.2534501161225141,338.72727272727275,0.31
hosted_mixed,gate_fifo300,9,0.9,2.0,reactive_gate,806,592,38,0.06031746031746032,0.20218579234972678,592,137.32698656546745,3739.9856392022243,6.218600624669337,600.0000000000005,0,856,0,0,0,0.013116328439465863,0.3075354586532756,4563563754.199722,0.0,0,0.0,0.0,0.0,0.0,259,9,0,0,0,nan,0.36800207165918924,0.4017064512737694,0.6062490548311642,0.2788311377147522,322.90909090909093,0.35
hosted_mixed,gate_fifo300,10,0.9,2.0,reactive_gate,666,539,14,0.02531645569620253,0.11023622047244094,539,129.25148044641446,2402.496625470805,3.5821736886688034,600.0000000000005,0,321,1,0,0,0.011036604437468404,0.28732365035189206,4531423139.6691675,0.0,0,0.0,0.0,0.0,0.0,222,16,0,0,0,nan,0.4399231885699153,0.4613168057824149,0.539261039214258,0.2918974013979209,294.0,0.23
hosted_mixed,gate_vtfq0,1,0.9,2.0,reactive_gate,661,557,2,0.0035778175313059034,0.012658227848101266,557,215.9683944419403,1458.872935786507,58.88035113644147,600.0000000000005,0,75,1,0,0,0.002794498045377918,0.3287190315084075,2366733532.388856,0.0,0,0.0,0.0,0.0,0.0,301,79,0,0,0,nan,0.629291968061622,0.6301003198991135,0.7045701019651645,0.2897946978612845,303.8181818181818,0.32
hosted_mixed,gate_vtfq0,2,0.9,2.0,reactive_gate,739,588,5,0.008431703204047217,0.034482758620689655,588,324.3952279921551,2275.1705456175373,85.0514688150183,600.0000000000005,0,284,3,0,0,0.0034241519216030177,0.3031631485919905,1115304523.2789323,0.0,0,0.0,0.0,0.0,0.0,254,38,0,0,0,nan,0.4790393203866126,0.4840127034074849,0.73243974993525,0.31798757325454013,320.72727272727275,0.34
hosted_mixed,gate_vtfq0,3,0.9,2.0,reactive_gate,818,637,11,0.016975308641975308,0.05847953216374269,637,161.6630318450225,2119.0470253769113,64.52064042942239,600.0000000000005,0,428,0,0,0,0.0019779999243158177,0.40348690682090915,2901314064.097467,0.0,0,0.0,0.0,0.0,0.0,277,28,0,0,0,nan,0.4418374378672915,0.4525304728368482,0.6980701311431624,0.29100755639761794,347.4545454545455,0.35
hosted_mixed,gate_vtfq0,4,0.9,2.0,reactive_gate,759,646,6,0.009202453987730062,0.028735632183908046,646,128.93053057432235,1886.186852571522,21.10643396205012,600.0,0,116,2,0,0,0.014310539908742778,0.3455173654768284,2514848567.9414105,0.0,0,0.0,0.0,0.0,0.0,255,52,0,0,0,nan,0.656042457269936,0.6618444886238541,0.7004571021270396,0.3229143585031018,352.3636363636364,0.29
hosted_mixed,gate_vtfq0,5,0.9,2.0,reactive_gate,1008,785,27,0.0332512315270936,0.11711711711711711,785,216.25624389951827,3439.9526507732116,114.52179958785621,600.0000000000005,0,958,2,0,0,0.01347827641350857,0.27553352265467856,1631677400.8476875,0.0,0,0.0,0.0,0.0,0.0,310,9,0,0,0,nan,0.3830394136804878,0.398303135394736,0.8550529044046232,0.34192376674310687,428.1818181818182,0.46
hosted_mixed,gate_vtfq0,6,0.9,2.0,reactive_gate,644,515,6,0.011516314779270634,0.04054054054054054,515,370.6730594578346,3035.550547718518,46.68420050099942,600.0000000000005,0,349,2,0,0,0.005545024196611526,0.40430398481458835,2732008806.767766,0.0,0,0.0,0.0,0.0,0.0,260,31,0,0,0,nan,0.49576207085368273,0.5037210005480336,0.6543190522573492,0.2989515038419956,280.90909090909093,0.32
hosted_mixed,gate_vtfq0,7,0.9,2.0,reactive_gate,801,632,5,0.007849293563579277,0.02403846153846154,632,212.9795104144705,2068.7898177842985,249.0408737355603,600.0000000000005,0,360,3,0,0,0.002188059549079222,0.3270347209182076,1602321538.7747765,0.0,0,0.0,0.0,0.0,0.0,248,32,0,0,0,nan,0.4321610384759584,0.43556026794902847,0.7201863511476949,0.29918434667954297,344.72727272727275,0.38
hosted_mixed,gate_vtfq0,8,0.9,2.0,reactive_gate,879,707,9,0.012569832402234637,0.05027932960893855,707,230.24746853792726,2758.8065930697117,42.399329578392745,600.0000000000005,0,563,3,0,0,0.010596521843445672,0.46256017477872124,3176228206.572625,0.0,0,0.0,0.0,0.0,0.0,296,19,0,0,0,nan,0.4487073148911707,0.45695837809203615,0.7354007215868623,0.31100011642085573,385.6363636363636,0.35
hosted_mixed,gate_vtfq0,9,0.9,2.0,reactive_gate,851,667,17,0.024853801169590642,0.09340659340659341,667,332.53266397957805,2326.307445783976,73.50831601494512,600.0000000000005,0,568,2,0,0,0.004296694469982358,0.35575651036990213,1657349408.7094824,0.0,0,0.0,0.0,0.0,0.0,298,21,0,0,0,nan,0.4227043849048315,0.43598755878552253,0.7850993391163236,0.31443149658290137,363.8181818181818,0.4
hosted_mixed,gate_vtfq0,10,0.9,2.0,reactive_gate,723,619,4,0.006420545746388443,0.028368794326241134,619,216.7244383018433,2053.8796003354405,56.508492020236766,600.0000000000005,0,107,1,0,0,0.0031172505528275947,0.24331473038250287,1597578632.476148,0.0,0,0.0,0.0,0.0,0.0,250,29,0,0,0,nan,0.5978971568081094,0.6036249625943126,0.7350896111394394,0.34934811829565293,337.6363636363636,0.31
hosted_mixed,gate_srpt0,1,0.9,2.0,reactive_gate,658,556,2,0.0035842293906810036,0.012738853503184714,556,170.08824900992033,1833.4121505019891,37.42205184017923,600.0000000000005,0,98,1,0,0,0.004659285575435305,0.35495491452683947,2461234474.504187,0.0,0,0.0,0.0,0.0,0.0,302,89,0,0,0,nan,0.6746266070971773,0.6758134967344753,0.6990167565559441,0.2954943302370052,303.2727272727273,0.29
hosted_mixed,gate_srpt0,2,0.9,2.0,reactive_gate,736,580,6,0.010238907849829351,0.041666666666666664,580,255.6532205751546,2599.7963586865462,93.70160363155499,600.0000000000005,0,225,3,0,0,0.005195169145196217,0.305255558076958,1214721583.9435282,0.0,0,0.0,0.0,0.0,0.0,246,36,0,0,0,nan,0.5145990249277405,0.5198662780315678,0.724052141527454,0.32822197376702356,316.3636363636364,0.33
hosted_mixed,gate_srpt0,3,0.9,2.0,reactive_gate,821,638,15,0.022970903522205207,0.08284023668639054,638,155.05137497131864,2114.2766219408336,53.75719167621059,600.0000000000005,0,351,3,0,0,0.003635333445796429,0.4083755972983212,2786295608.275214,0.0,0,0.0,0.0,0.0,0.0,267,28,0,0,0,nan,0.46777777462766645,0.4843094683908654,0.6969489237608457,0.3012458585016539,348.0,0.33
hosted_mixed,gate_srpt0,4,0.9,2.0,reactive_gate,769,661,5,0.0075075075075075074,0.022598870056497175,661,131.76786260388235,1797.3980426633182,18.794761947865126,600.0,0,100,3,0,0,0.008209089308389688,0.3187978491227411,2433451046.804525,0.0,0,0.0,0.0,0.0,0.0,260,53,0,0,0,nan,0.6892459438732027,0.6950143243548812,0.7054161250971251,0.34183594795166916,360.54545454545456,0.29
hosted_mixed,gate_srpt0,5,0.9,2.0,reactive_gate,1024,785,33,0.040342298288508556,0.14545454545454545,785,170.43460673926484,3411.878540442086,116.60055356316784,600.0000000000005,0,845,1,0,0,0.00951334066730638,0.26692383480535653,1455524849.2843695,0.0,0,0.0,0.0,0.0,0.0,307,9,0,0,0,nan,0.43569974942240575,0.46137155725423823,0.8685525678378334,0.32884874404955816,428.1818181818182,0.46
hosted_mixed,gate_srpt0,6,0.9,2.0,reactive_gate,647,528,8,0.014925373134328358,0.053691275167785234,528,375.8575320808577,2973.1490617215586,44.102291852494055,600.0000000000005,0,279,1,0,0,0.005009016195253737,0.3916058909102397,2653194271.71908,0.0,0,0.0,0.0,0.0,0.0,270,31,0,0,0,nan,0.5223915800126655,0.5345146802995819,0.666739716475654,0.3156291498322686,288.0,0.31
hosted_mixed,gate_srpt0,7,0.9,2.0,reactive_gate,815,647,8,0.012213740458015267,0.0380952380952381,647,174.4718481134082,2024.7756835619734,73.66625689430141,600.0000000000005,0,291,1,0,0,0.009149396938248837,0.34933868694712245,1505499102.6808767,0.0,0,0.0,0.0,0.0,0.0,242,33,0,0,0,nan,0.5060295502615386,0.5124019374346911,0.7135091784228503,0.2945664464923123,352.90909090909093,0.32
hosted_mixed,gate_srpt0,8,0.9,2.0,reactive_gate,888,712,10,0.013850415512465374,0.055248618784530384,712,183.9961468928446,3039.140430106377,29.66060240107376,600.0000000000005,0,469,0,0,0,0.004690116830566078,0.44210752539001064,3103678919.281316,0.0,0,0.0,0.0,0.0,0.0,287,19,0,0,0,nan,0.47998702008308897,0.4901072544973792,0.735560434557919,0.33185295718133795,388.3636363636364,0.36
hosted_mixed,gate_srpt0,9,0.9,2.0,reactive_gate,857,681,20,0.028530670470756064,0.10204081632653061,681,307.7708395756749,2848.329268130688,54.99145726590691,600.0000000000005,0,443,2,0,0,0.007855540903831752,0.34486922410614923,1760742820.7968476,0.0,0,0.0,0.0,0.0,0.0,300,18,0,0,0,nan,0.4804326646816919,0.49912704767869936,0.786414701186545,0.3313893151589952,371.4545454545455,0.37
hosted_mixed,gate_srpt0,10,0.9,2.0,reactive_gate,733,636,3,0.004694835680751174,0.02127659574468085,636,210.69885472312671,1946.4666621664983,65.79513376061577,600.0,0,105,1,0,0,0.0034551832209955054,0.27024658412745084,1528280601.0762317,0.0,0,0.0,0.0,0.0,0.0,249,29,0,0,0,nan,0.6382002938681678,0.6423869463393309,0.7491236256798758,0.34751323981746407,346.90909090909093,0.31
hosted_mixed,lease0,1,0.9,2.0,lease,654,560,1,0.0017825311942959,0.00625,560,176.0797780382694,1728.1938268455865,52.33037019769073,600.0000000000002,0,86,1,0,0,0.0005808527248170763,0.32896266357806425,2317204659.8246865,8052.554224574456,43,713.4877185548304,488.41607635289165,825000.0,3689.5179079620557,302,63,0,0,0,nan,0.6569073159045049,0.6584409957804152,0.7067419446184603,0.2882880059359818,305.45454545454544,0.56
hosted_mixed,lease0,2,0.9,2.0,lease,732,580,6,0.010238907849829351,0.0410958904109589,580,316.0445834037466,2366.006572619499,57.98467484742211,600.0000000000005,0,298,3,0,0,0.004731066555969631,0.30029807124167596,968589163.9469569,4021.6002139575517,29,916.9529349746108,577.8926256713205,791400.0,9964.864688432706,255,32,0,0,0,nan,0.47609452568112237,0.48216410406467514,0.7345471274888307,0.3094479818929315,316.3636363636364,0.6
hosted_mixed,lease0,3,0.9,2.0,lease,807,623,13,0.020440251572327043,0.07142857142857142,623,147.9575217002989,2211.515917049787,53.63505129796227,600.0000000000005,0,416,1,0,0,0.0022441692984275833,0.41037859217839384,2297568422.217014,5001.810472838741,36,1048.4404023268044,486.5394149661133,825600.0,8493.849470307647,269,28,0,0,0,nan,0.4284229652238883,0.44127822098300656,0.6905713908718596,0.2995626194058325,339.8181818181818,0.62
hosted_mixed,lease0,4,0.9,2.0,lease,755,645,5,0.007692307692307693,0.023121387283236993,645,139.8688235076943,1952.644768747146,20.733979825241462,600.0,0,106,2,0,0,0.014419077329985626,0.311995450833064,2006622338.9579103,4489.625520684736,22,552.4652617824552,325.60733341185914,746400.0,1340.9521366957028,256,37,0,0,0,nan,0.6440495377181222,0.6475713666275219,0.7118049519675926,0.32884824639654137,351.8181818181818,0.56
hosted_mixed,lease0,5,0.9,2.0,lease,1023,812,17,0.020506634499396863,0.0730593607305936,812,219.73804858346534,3165.5168699802284,103.19490523495637,600.0000000000005,0,922,0,0,0,0.0104053047663044,0.2513299361277286,1846810585.7230697,1245.3526669903608,11,841.6163467989131,834.291782143557,982200.0,16603.720776983464,312,6,0,0,0,nan,0.3891982188023125,0.40050432268673325,0.8462315487446581,0.3380629234379158,442.90909090909093,0.8
hosted_mixed,lease0,6,0.9,2.0,lease,642,518,8,0.015209125475285171,0.05333333333333334,518,367.18948056089994,3118.67202862169,45.909236724863916,600.0000000000005,0,346,2,0,0,0.004994704753928045,0.4009093773997415,2714598054.626094,2814.6992905974594,14,1468.5267995541126,1076.0842646108943,693600.0,6673.993716809423,258,26,0,0,0,nan,0.491553484728275,0.5028073338463317,0.6470693213424307,0.3027444477807707,282.54545454545456,0.54
hosted_mixed,lease0,7,0.9,2.0,lease,801,635,8,0.012441679626749611,0.0380952380952381,635,220.55548605203285,2025.357951855313,86.63901294363058,600.0000000000005,0,340,2,0,0,0.009490672169484746,0.3566583130040617,1570722757.9074273,2354.2877796984776,18,1375.2215414826733,837.5286545673134,896400.0,9392.546476550895,246,27,0,0,0,nan,0.4463788206732704,0.4537216198439644,0.7132956615149897,0.29443303501576373,346.3636363636364,0.66
hosted_mixed,lease0,8,0.9,2.0,lease,887,706,9,0.012587412587412588,0.05056179775280899,706,221.03774429658608,2525.6058663480285,31.689586688185784,600.0000000000005,0,584,0,0,0,0.0059471906741645035,0.4593380678772492,3100754365.925734,1586.112327823239,18,805.948189822279,597.5313928285543,877200.0,9362.909280047541,295,16,0,0,0,nan,0.4557594752246578,0.4648293182203839,0.7394236028109623,0.3152670243666198,385.0909090909091,0.65
hosted_mixed,lease0,9,0.9,2.0,lease,858,674,16,0.02318840579710145,0.08791208791208792,674,323.4158236401296,2867.762948633733,40.59190574259549,600.0000000000005,0,575,3,0,0,0.004860148439506515,0.36020742835485575,1315338589.2654638,912.5055741959549,2,676.8120431620728,623.209054109911,838200.0,12343.967994307392,297,17,0,0,0,nan,0.4398505866934361,0.4549368365404845,0.785443077825531,0.3179884773342985,367.6363636363636,0.68
hosted_mixed,lease0,10,0.9,2.0,lease,723,618,3,0.004830917874396135,0.02158273381294964,618,220.86110136137768,1873.4087565882758,57.122691856977625,600.0000000000002,0,134,1,0,0,0.0027191218901216753,0.2724436474303246,1303684807.6154585,1331.528927734929,10,1453.18634637083,916.6539931213097,645000.0,4457.082296629662,247,30,0,0,0,nan,0.5865898173306241,0.5902553545379303,0.7331861568448913,0.3432678684464351,337.0909090909091,0.57
hosted_mixed,needs,1,0.9,2.0,needs,657,557,1,0.0017921146953405018,0.006329113924050633,557,184.98457475668874,1345.374608285405,58.956383412853896,600.0000000000002,0,85,7,0,0,0.001902106972323903,0.3244288406000758,2028465107.036585,0.0,0,2152.4058434185254,433.09163737330476,4389600.0,33948.58935732965,298,73,0,0,0,nan,0.6542740926195264,0.6557614609892402,0.7181344924808988,0.29529743498556393,303.8181818181818,6.13
hosted_mixed,needs,2,0.9,2.0,needs,734,579,4,0.00686106346483705,0.027777777777777776,579,308.83725838800456,2342.77601977552,55.047976421642836,600.0000000000005,0,282,9,0,0,0.008031295765865662,0.3163845395753258,1177711381.2218015,0.0,0,1010.1262836299268,223.8945992363336,4320000.0,43364.72265969511,245,45,0,0,0,nan,0.48586847438950326,0.4895764059396675,0.7288199186982,0.30981820007141514,315.8181818181818,6.26
hosted_mixed,needs,3,0.9,2.0,needs,809,622,13,0.02047244094488189,0.07100591715976332,622,164.8014334141027,2221.3320838587583,54.690330836834164,600.0000000000005,0,436,4,0,0,0.005584748129660644,0.406701659941967,2559907644.846896,0.0,0,5574.948038730005,315.7247153957149,4312200.0,41641.86109510065,269,21,0,0,0,nan,0.42960844651410934,0.44243651590651784,0.6958075487365644,0.2878365322358425,339.2727272727273,6.44
hosted_mixed,needs,4,0.9,2.0,needs,763,653,5,0.007598784194528876,0.022598870056497175,653,135.44793206510894,1883.9483957918421,17.295362387531487,600.0,0,116,3,0,0,0.00909340390982482,0.31300751680747524,2363616076.585675,41.79657640350251,1,2289.905933888059,554.128465854405,3946200.0,23013.946002417873,254,57,0,0,0,nan,0.6467779339396147,0.6503890836511788,0.6998411137820514,0.32715274396911237,356.1818181818182,6.49
hosted_mixed,needs,5,0.9,2.0,needs,988,773,24,0.030112923462986198,0.10407239819004525,773,212.60044854930698,3387.3604320499626,78.77772911477742,600.0000000000005,0,962,4,0,0,0.015543437609543301,0.27222736447939655,1651233996.7372732,0.0,0,76.8522565371008,36.1189402353271,5028600.0,69101.19411590778,297,6,0,0,0,nan,0.3857889257923045,0.3996158299457135,0.8519563627339097,0.32976964364668804,421.6363636363636,7.55
hosted_mixed,needs,6,0.9,2.0,needs,638,518,7,0.013333333333333334,0.046357615894039736,518,397.64793896827814,3264.089503045156,45.92307483896891,600.0000000000005,0,355,5,0,0,0.008834643914572955,0.40010381069817275,2489392862.723016,0.0,0,1175.1047900700364,188.31869657583158,3693000.0,34474.59914833252,251,30,0,0,0,nan,0.49386485060700447,0.5035626472353069,0.6566522925448395,0.29565083960523497,282.54545454545456,6.08
hosted_mixed,needs,7,0.9,2.0,needs,805,644,7,0.010752688172043012,0.03286384976525822,644,214.44815073286964,2039.981777580303,63.49477257566129,600.0000000000005,0,339,3,0,0,0.007493651328805921,0.35037492501249895,1603887111.4429905,0.0,0,1178.8727882602122,246.04985081387576,4908000.0,48313.60450469364,245,31,0,0,0,nan,0.46702128251290037,0.4738438051350804,0.7175559430846932,0.2926718142854752,351.2727272727273,6.37
hosted_mixed,needs,8,0.9,2.0,needs,880,708,7,0.009790209790209791,0.03954802259887006,708,233.96809979536454,2751.597494380703,25.70070388033602,600.0000000000005,0,584,3,0,0,0.006068914932855709,0.4475828869892397,2994896304.4866843,0.0,0,561.5520199996289,238.34690288395575,4826400.0,40366.347053056255,292,18,0,0,0,nan,0.4584310579070735,0.4668067055171959,0.7387834155456813,0.31732079704714633,386.1818181818182,6.94
hosted_mixed,needs,9,0.9,2.0,needs,859,676,15,0.02170767004341534,0.08196721311475409,676,316.697225184373,2865.3856146429816,45.932633234596324,600.0000000000005,0,596,5,0,0,0.005201305512748651,0.34547230968360637,1484858687.9729733,0.0,0,301.1974223942876,73.42796095673816,4398000.0,45643.446577850795,304,17,0,0,0,nan,0.4438656065392789,0.45921236618056704,0.7961232285717755,0.31914766507608516,368.72727272727275,6.97
hosted_mixed,needs,10,0.9,2.0,needs,718,614,3,0.004862236628849271,0.02158273381294964,614,233.04375215049322,2036.6770955440043,47.35677396168272,600.0000000000005,0,111,9,0,0,0.008284989469988919,0.27487438702424005,1408238144.9648352,16.82237989695915,1,6494.036427451482,586.4859001575937,3353400.0,29245.343043566725,243,38,0,0,0,nan,0.5890992289507395,0.5926758003136223,0.737704236584596,0.3391269111973504,334.90909090909093,6.42
hosted_mixed,needs_pre,1,0.9,2.0,needs,663,564,1,0.0017699115044247787,0.00625,564,169.17720771270308,1398.9994112332047,65.49597361491355,600.0000000000002,0,75,3,0,0,0.0020081828085790035,0.31466043243953273,2151232806.3800635,0.0,0,6023.06101266445,771.3995386132999,4386000.0,34874.460321393424,301,84,0,0,0,nan,0.6655667737984364,0.6671233893320354,0.7107558579585924,0.29761311906775184,307.6363636363636,6.23
hosted_mixed,needs_pre,2,0.9,2.0,needs,739,590,5,0.008403361344537815,0.034722222222222224,590,294.8792839983412,2008.1090412024269,67.67177857786562,600.0000000000005,0,291,4,0,0,0.00530366703283106,0.31042977953359396,1246509973.4941056,0.0,0,4684.816080782269,452.25502632423513,4398600.0,43861.14673156649,258,39,0,0,0,nan,0.4916298764423791,0.4973225759115198,0.7322014086821743,0.3185673825876339,321.8181818181818,6.5
hosted_mixed,needs_pre,3,0.9,2.0,needs,808,623,13,0.020440251572327043,0.07100591715976332,623,157.5077453526626,2296.612362977187,57.47771687014093,600.0000000000005,0,439,3,0,0,0.003666785215224171,0.4016901946533017,2452047434.0884705,0.0,0,5723.423589054488,325.6412102719342,4444200.0,42001.49279693734,272,21,0,0,0,nan,0.43326279416865543,0.4462934432400376,0.6968033991355868,0.29381872299257344,339.8181818181818,6.45
hosted_mixed,needs_pre,4,0.9,2.0,needs,764,651,6,0.0091324200913242,0.028735632183908046,651,135.46915473337685,1925.2827382501623,17.421132609159645,600.0,0,118,4,0,0,0.010385893588862776,0.34452838118389123,2334657202.677499,0.0,0,2710.5985702175203,913.7584484614324,3940200.0,22061.127833810573,260,71,0,0,0,nan,0.6574928474354215,0.66342416917405,0.6841396754726754,0.3243051810070519,355.0909090909091,6.39
hosted_mixed,needs_pre,5,0.9,2.0,needs,1016,805,22,0.026602176541717048,0.0945945945945946,805,210.23159787832537,3271.8895841647454,75.75015838794548,600.0000000000005,0,962,3,0,0,0.010765599706531365,0.23432451657948378,1554468345.3739367,0.0,0,265.2938519522105,114.92097061822653,5079000.0,66078.50426007724,303,10,0,0,0,nan,0.4070378726516052,0.4199783081989157,0.859368949482809,0.3430071982656785,439.0909090909091,7.77
hosted_mixed,needs_pre,6,0.9,2.0,needs,649,526,9,0.016822429906542057,0.058823529411764705,526,391.10902894928086,2961.348980126535,35.29650890168443,600.0000000000005,0,319,11,0,0,0.008779214954911449,0.4037483523874251,2604709497.286799,23.43730146288476,1,3576.4246864285906,373.89392317162435,3773400.0,34517.56189932697,262,29,0,0,0,nan,0.5062475192995042,0.5196311310226067,0.6622946214994496,0.30724573693903057,286.90909090909093,6.24
hosted_mixed,needs_pre,7,0.9,2.0,needs,804,644,6,0.009230769230769232,0.02830188679245283,644,194.56222962986521,2033.7128893852748,57.69889558569084,600.0000000000005,0,345,8,0,0,0.004630080878114646,0.35680543017063515,1403696428.3648937,0.0,0,1514.0899455585782,467.0427898799643,4948800.0,47369.642969786946,248,31,0,0,0,nan,0.48522092551004203,0.4924239045615488,0.7275861374643875,0.2932715404163299,351.2727272727273,6.44
hosted_mixed,needs_pre,8,0.9,2.0,needs,886,710,5,0.006993006993006993,0.028901734104046242,710,241.22835453095286,2786.631108273635,28.148510310363452,600.0000000000005,0,586,2,0,0,0.005108408089928538,0.4579399034424839,2987384764.7512994,0.0,0,944.2579775791953,242.21986020112587,4851600.0,40638.6999876685,296,19,0,0,0,nan,0.45287150423426353,0.4587836648639536,0.7385417405950532,0.3166049829086997,387.2727272727273,7.01
hosted_mixed,needs_pre,9,0.9,2.0,needs,857,672,15,0.021834061135371178,0.08287292817679558,672,316.0374460413261,3086.660585650382,45.096697956016875,600.0000000000005,0,621,3,0,0,0.005219086383570618,0.34398228303006734,1545717029.7265477,0.0,0,699.6813815900316,152.79181148813097,4317600.0,43704.1598337839,298,20,0,0,0,nan,0.43317300471995573,0.4468201462179684,0.7775670787927351,0.32209055496208194,366.54545454545456,6.98
hosted_mixed,needs_pre,10,0.9,2.0,needs,722,618,3,0.004830917874396135,0.02158273381294964,618,230.99844155708672,1904.8430494357735,48.50432132717633,600.0,0,105,7,0,0,0.003943490128913782,0.24716510270187822,1337199429.1672885,0.0,0,8578.896988957626,1570.4003152196433,3366600.0,27674.998412352474,246,41,0,0,0,nan,0.6024904298930938,0.6058920078068685,0.7465264613320708,0.3420672201123658,337.0909090909091,6.5
hosted_mixed,needs_jev,1,0.9,2.0,needs,663,566,1,0.001763668430335097,0.00625,566,185.62465860333225,1429.931085800907,63.255932377302074,600.0,0,72,3,0,0,0.0010834462569335426,0.3181123621640623,2187536906.18268,0.0,0,3344.8514636055356,789.2440047241564,4359600.0,35500.737376935154,298,86,0,0,0,nan,0.6665474752544253,0.6680975227969559,0.7175508499012562,0.29264815611509143,308.72727272727275,6.83
hosted_mixed,needs_jev,2,0.9,2.0,needs,733,581,6,0.010221465076660987,0.04081632653061224,581,300.4685028172312,2113.8890792705247,61.49625163676992,600.0000000000005,0,301,9,0,0,0.006186353877201409,0.3052452088579078,1042893246.7381566,0.0,0,1080.5488185367017,301.4274908646347,4351200.0,44612.904558481256,256,43,0,0,0,nan,0.48884190321058835,0.49532950021125427,0.7387855345886752,0.314530502069939,316.90909090909093,6.94
hosted_mixed,needs_jev,3,0.9,2.0,needs,812,629,13,0.020249221183800622,0.07100591715976332,629,161.45127871446948,2249.6256441993382,54.53467564187837,600.0000000000005,0,448,6,0,0,0.004571488784818642,0.4137915324253359,2392645878.951099,0.0,0,5607.819449725804,288.8801644693749,4445400.0,41704.93547896807,275,22,0,0,0,nan,0.43575385129597616,0.44869907947545784,0.6992571235512174,0.28647005617300203,343.0909090909091,7.1
hosted_mixed,needs_jev,4,0.9,2.0,needs,760,648,5,0.007656967840735069,0.022857142857142857,648,125.42534265571214,2071.0279242692736,19.018072890381106,600.0,0,115,0,0,0,0.006050565265855892,0.3161635878292783,2128943485.059449,0.0,0,3896.8952198167003,744.5693275654861,3919200.0,22660.031787166317,257,74,0,0,0,nan,0.6526895045455838,0.6563772059002683,0.6981788519327895,0.3347004390978479,353.4545454545455,6.97
hosted_mixed,needs_jev,5,0.9,2.0,needs,1010,790,18,0.022277227722772276,0.08056872037914692,790,200.55207361814257,3041.489714838685,81.6669204330969,600.0000000000005,0,969,6,0,0,0.010345718772251824,0.2509761906708632,1708403910.5325441,0.0,0,188.42673438325716,76.62001389868595,5015400.0,68900.82123409977,295,9,0,0,0,nan,0.3945403900794726,0.40562018523158827,0.851287782488345,0.3295690732024044,430.90909090909093,8.38
hosted_mixed,needs_jev,6,0.9,2.0,needs,633,512,10,0.019157088122605363,0.06666666666666667,512,385.92181880776536,3011.9295384895513,50.69982049824921,600.0000000000005,0,385,7,0,0,0.009975781183466433,0.404187850954574,2587569216.3689647,286.36603330627315,2,1080.4281064431066,291.1519527504437,3667800.0,35190.346378686474,258,28,0,0,0,nan,0.4903670213685351,0.505072591513656,0.6541539031662783,0.29043317793455564,279.2727272727273,6.69
hosted_mixed,needs_jev,7,0.9,2.0,needs,803,632,6,0.009404388714733543,0.02912621359223301,632,209.2117497536692,2005.3242101689914,55.81084905353052,600.0000000000005,0,349,6,0,0,0.004722231618708277,0.35657315985474936,1598639264.7031364,0.0,0,2397.670434607726,595.5590683856792,4822800.0,46900.473760219524,247,35,0,0,0,nan,0.45773081402553045,0.4645227362224016,0.710683752545487,0.2942676081939021,344.72727272727275,6.98
hosted_mixed,needs_jev,8,0.9,2.0,needs,883,705,9,0.012605042016806723,0.04519774011299435,705,249.2269489971618,2225.9951938634263,24.241403825589558,600.0000000000005,0,578,5,0,0,0.008514016228167873,0.4442157722482962,3075705497.9391847,0.0,0,3489.047152092614,411.7315694460838,4893600.0,41330.76036223216,303,18,0,0,0,nan,0.4580588150574534,0.4670310371395188,0.739278504852208,0.32176381772135165,384.54545454545456,7.7
hosted_mixed,needs_jev,9,0.9,2.0,needs,856,661,13,0.019287833827893175,0.07386363636363637,661,343.43960175581515,2767.440515175991,58.41911160822292,600.0000000000005,0,589,11,0,0,0.009340804170944848,0.33934379997419206,1431905026.129171,347.2352294956562,1,536.2993265083546,190.24704996670914,4357200.0,47131.624442776956,303,22,0,0,0,nan,0.41975986801456944,0.4300361220506942,0.7819805239737115,0.3170754351140026,360.54545454545456,7.56
hosted_mixed,needs_jev,10,0.9,2.0,needs,721,617,3,0.004838709677419355,0.02127659574468085,617,234.00597575767824,2096.15373365156,51.87852721429297,600.0000000000005,0,115,9,0,0,0.0047881893126164865,0.2447687821287997,1235875689.528337,0.0,0,6584.281391126922,620.7465807657414,3383400.0,28211.4519840031,247,31,0,0,0,nan,0.5988171756086745,0.6022370329368243,0.7397749647597773,0.3468551646942282,336.54545454545456,7.14
hosted_mixed,needs-content,1,0.9,2.0,needs,656,559,1,0.0017857142857142857,0.006289308176100629,559,181.4682360596346,1406.4121440759627,51.37213063537617,600.0,0,83,10,0,0,0.003810988425352773,0.3170560449360588,1773999546.3258076,0.0,0,5870.719505976427,622.3010420862133,4382400.0,34919.5699249177,299,72,0,0,0,nan,0.6512592734534752,0.6527429488311495,0.7164046606449107,0.2942355649417346,304.90909090909093,6.15
hosted_mixed,needs-content,2,0.9,2.0,needs,717,563,5,0.008802816901408451,0.03496503496503497,563,323.29313002134313,2658.5687079721943,48.945641048204564,600.0,0,284,14,0,0,0.01034522633400089,0.304655076531738,1042735901.3394783,0.0,0,4054.9743861046177,201.46437960364813,4225200.0,43900.00478647248,248,40,0,0,0,nan,0.4487299979059327,0.45370851640586035,0.7242958800828802,0.3029914818647606,307.0909090909091,6.08
hosted_mixed,needs-content,3,0.9,2.0,needs,808,627,13,0.0203125,0.07017543859649122,627,159.15071866591916,2305.663308401011,59.76649003605064,600.0000000000005,0,438,6,0,0,0.00515004816060814,0.4018150717150959,2579803735.517541,0.0,0,7684.94624031038,165.04541805493898,4337400.0,42434.99319295912,271,21,0,0,0,nan,0.43483626169237144,0.4479158126000241,0.7023246615837866,0.2939346942519759,342.0,6.46
hosted_mixed,needs-content,4,0.9,2.0,needs,758,643,5,0.007716049382716049,0.023255813953488372,643,132.9555648140531,2077.314052161394,20.406960727947613,600.0,0,115,3,0,0,0.014787885589753693,0.3297211696553788,2122365032.7701564,0.0,0,5592.252165190732,625.729497468668,3936600.0,23406.10886917187,254,70,0,0,0,nan,0.6364772233936211,0.6400219374562868,0.6990168932514246,0.32472078004294236,350.72727272727275,6.36
hosted_mixed,needs-content,5,0.9,2.0,needs,984,762,24,0.030534351145038167,0.1050228310502283,762,179.23546457777672,2967.181348075102,78.6417283257499,600.0000000000005,0,998,7,0,0,0.010760685354825151,0.26677153746298454,1649615903.736941,0.0,0,246.16471041454798,89.56351973240083,4902000.0,69446.67736181646,288,7,0,0,0,nan,0.39639411055075596,0.41419928179663756,0.8504416817008223,0.32463244057572516,415.6363636363636,7.38
hosted_mixed,needs-content,6,0.9,2.0,needs,627,507,10,0.019342359767891684,0.06622516556291391,507,400.1031359548001,3199.9692264432274,48.3494984183788,600.0000000000005,0,375,4,0,0,0.007971983669689733,0.4090514391155021,2462282606.3113155,0.0,0,6207.482852204442,97.32383926843583,3689400.0,36687.550920367445,255,28,0,0,0,nan,0.48702664452908345,0.5016248719961524,0.6621655824146918,0.28434759012902694,276.54545454545456,6.01
hosted_mixed,needs-content,7,0.9,2.0,needs,802,634,6,0.009375,0.028985507246376812,634,199.41600979157556,2048.1304729601825,52.27338978986329,600.0000000000005,0,339,9,0,0,0.00653678822131114,0.35434794572567463,1701521109.6824555,0.0,0,801.102332007575,276.3924355067476,4844400.0,46792.82143806744,243,31,0,0,0,nan,0.46531425607717125,0.47221820303786605,0.7136037791779979,0.2974634958843146,345.8181818181818,6.27
hosted_mixed,needs-content,8,0.9,2.0,needs,879,707,7,0.00980392156862745,0.04,707,245.05748992374288,3062.3340790867856,30.649696592150455,600.0000000000005,0,594,3,0,0,0.004296589532905289,0.4363791211986487,2910334588.833645,0.0,0,2880.5764108976555,194.37917774294795,4858800.0,40953.07094811945,297,18,0,0,0,nan,0.45804118099556934,0.46640746607659866,0.7499552866566305,0.3185216756824318,385.6363636363636,6.6
hosted_mixed,needs-content,9,0.9,2.0,needs,855,672,15,0.021834061135371178,0.08196721311475409,672,336.15273381328893,2466.970386827175,46.60844316017486,600.0000000000005,0,576,5,0,0,0.0065864870347504085,0.3437364718245359,1574132720.600554,35.42261709987088,0,320.35336846509847,97.67142634085963,4374000.0,47136.10015597823,296,22,0,0,0,nan,0.42474427753337146,0.4355696693677778,0.7844662365967366,0.31093314833430963,366.54545454545456,6.67
hosted_mixed,needs-content,10,0.9,2.0,needs,713,612,4,0.006493506493506494,0.02877697841726619,612,231.6780131579992,1863.2951554559447,60.19079344675556,600.0000000000005,0,126,7,0,0,0.005099712950151314,0.27867844903604605,1529266319.3371158,0.0,0,5606.267284634561,492.91258950042476,3413400.0,28639.993423707576,251,26,0,0,0,nan,0.5987008372619453,0.6047531651764405,0.7330397552123803,0.3318450500324171,333.8181818181818,6.33
hosted_mixed,needs-ev,1,0.9,2.0,needs,652,552,2,0.0036101083032490976,0.012578616352201259,552,193.88600433363445,1369.353003082321,55.23787093969426,600.0000000000002,0,98,3,0,0,0.003977733071856579,0.3366366203626648,1967301188.053953,8918.4856630816,34,6499.68450181,1044.1480331755454,4404000.0,35089.34426252608,296,52,0,0,0,nan,0.6476035058397246,0.6484612313676983,0.7125793803175992,0.28929798402238727,301.0909090909091,6.09
hosted_mixed,needs-ev,2,0.9,2.0,needs,725,575,7,0.012027491408934709,0.0472972972972973,575,328.8516639564614,2355.1930369468423,65.47379377785512,600.0000000000005,0,314,9,0,0,0.008439875471636186,0.3021093779254049,1237701396.7534966,4447.899837892981,23,4597.437583584336,1064.4902385460093,4199400.0,43335.831954801586,248,36,0,0,0,nan,0.48273651444257387,0.4870172951420048,0.7056304325830419,0.3072904638918652,313.6363636363636,6.18
hosted_mixed,needs-ev,3,0.9,2.0,needs,807,628,12,0.01875,0.06432748538011696,628,148.8582435171387,2254.380176804944,47.643333966094055,600.0000000000005,0,409,2,0,0,0.0024865453061925676,0.41093633197700663,2502299827.9158216,7853.383965444571,33,8087.883393566543,1428.1786468701312,4339800.0,41069.74247864007,272,33,0,0,0,nan,0.4433013792247855,0.4554562328016763,0.6978349534001878,0.2905171242645505,342.54545454545456,6.31
hosted_mixed,needs-ev,4,0.9,2.0,needs,751,630,4,0.006309148264984227,0.01775147928994083,630,138.4186637392661,2020.1184969374078,28.27828532155642,600.0000000000005,0,108,5,0,0,0.0077018761477855675,0.30317523881373565,2229907545.9558835,4822.452812007676,21,6029.360534863556,834.7062574297413,3895200.0,25482.90973127325,252,47,0,0,0,nan,0.6278554409327369,0.6307388463265104,0.7001493091410904,0.3303485002254068,343.6363636363636,6.18
hosted_mixed,needs-ev,5,0.9,2.0,needs,999,778,23,0.02871410736579276,0.10328638497652583,778,193.25697552310515,3156.4589223639964,88.4635903994758,600.0000000000005,0,998,4,0,0,0.011050191984273282,0.23270765116703493,1688727616.4067156,1212.2746792058692,8,8122.73248691143,648.295732881902,4949400.0,67024.68493480592,288,15,0,0,0,nan,0.38498471745759544,0.3995382867983955,0.8441351168333981,0.3284193754281415,424.3636363636364,7.43
hosted_mixed,needs-ev,6,0.9,2.0,needs,627,507,9,0.01744186046511628,0.06040268456375839,507,372.49510261346086,3369.0889541042698,40.182484163232076,600.0000000000005,0,370,9,0,0,0.00893445632088957,0.41043579623651694,2440096640.480358,5485.17619428594,14,17262.63681286881,1931.4160787209985,3690600.0,35965.61507698139,261,40,0,0,0,nan,0.49286287102632986,0.5058359627066839,0.6469959509639666,0.2905673246360972,276.54545454545456,6.02
hosted_mixed,needs-ev,7,0.9,2.0,needs,794,622,5,0.007974481658692184,0.024390243902439025,622,234.35435981458704,2008.1816738237922,58.82684657862695,600.0000000000005,0,353,6,0,0,0.003299191736261043,0.34084524518292525,1805252039.558561,5229.054288332682,10,8926.071082935867,1659.7584559400575,4842000.0,46337.02422362496,248,32,0,0,0,nan,0.46066601878179225,0.4663725654240658,0.7063509076057045,0.2908658083675211,339.2727272727273,6.26
hosted_mixed,needs-ev,8,0.9,2.0,needs,869,697,8,0.011347517730496455,0.04519774011299435,697,199.38441963885725,2715.2269171582843,21.60556367761176,600.0000000000005,0,585,4,0,0,0.006347787940770562,0.4640763155783767,2919138127.0904613,4001.5107538805287,15,6381.368808519537,2375.8566676075434,4698000.0,39190.84467174685,293,29,0,0,0,nan,0.44679699382231686,0.45590329683159825,0.7354215245645559,0.3023095221172341,380.1818181818182,6.89
hosted_mixed,needs-ev,9,0.9,2.0,needs,857,672,15,0.021834061135371178,0.08379888268156424,672,324.41962696950407,3116.987445599401,36.14507271817905,600.0000000000005,0,591,12,0,0,0.008961861670848968,0.3519197893988244,1305282745.4070399,1879.1190691162512,5,9347.102093032645,1381.2924582815467,4327200.0,44287.58448058712,297,30,0,0,0,nan,0.4429728636583535,0.4574348140069897,0.7908453523779461,0.32040827978978254,366.54545454545456,6.94
hosted_mixed,needs-ev,10,0.9,2.0,needs,720,619,3,0.00482315112540193,0.02158273381294964,619,227.38499659860145,1997.535889404905,52.021915002682256,600.0000000000005,0,103,7,0,0,0.003959783636571563,0.24574447037435534,1278469759.8812995,996.9999484596005,9,9517.505640010491,1972.8014963831847,3359400.0,27394.74781264145,247,37,0,0,0,nan,0.6074761837982817,0.611035182954645,0.7414674717406438,0.34483373091579245,337.6363636363636,6.52
hosted_mixed,needs-forecast,1,0.9,2.0,needs,636,530,3,0.005628517823639775,0.01935483870967742,530,188.7590435621114,1999.5013692182947,51.16361952129406,600.0000000000005,0,150,5,0,0,0.0066583644657374225,0.37038841500320313,2497158712.3643637,0.0,0,3532.2227823643584,551.4431688516436,4407600.0,33722.84701775925,292,62,0,0,0,nan,0.5970183601065263,0.599648488949867,0.6695430602256539,0.27503228985423955,289.0909090909091,5.77
hosted_mixed,needs-forecast,2,0.9,2.0,needs,729,582,5,0.008517887563884156,0.034722222222222224,582,294.0123947812699,2286.514186521914,53.273443478216905,600.0000000000002,0,291,9,0,0,0.006920007009528323,0.32008338037406026,1274306840.3513277,0.0,0,3916.6337153415216,150.62503789871477,4360800.0,43404.17932103053,247,25,0,0,0,nan,0.46717997856360877,0.4720120588879332,0.7129180125048563,0.3036392986710816,317.45454545454544,6.1
hosted_mixed,needs-forecast,3,0.9,2.0,needs,806,614,13,0.02073365231259968,0.07317073170731707,614,152.6748211110414,2302.991241303755,44.636379388014014,600.0000000000005,0,437,3,0,0,0.0035157095270568015,0.41648686749173414,2587049322.909127,0.0,0,7609.928231541393,176.8837367710625,4390200.0,41084.64571199041,271,17,0,0,0,nan,0.42464268319563764,0.4372018764776806,0.6963707198588449,0.2914549596038166,334.90909090909093,6.15
hosted_mixed,needs-forecast,4,0.9,2.0,needs,750,633,6,0.009389671361502348,0.029411764705882353,633,145.8562715042226,1957.5321108407543,20.247741004053037,600.0000000000005,0,120,3,0,0,0.013688620925078807,0.3053345467864294,2219562625.1040516,0.0,0,1717.8169711834926,237.19869641493352,3907200.0,23676.191508281678,246,28,0,0,0,nan,0.6072861291290801,0.6121826314295642,0.6870994144732582,0.3140875229332782,345.2727272727273,6.07
hosted_mixed,needs-forecast,5,0.9,2.0,needs,1004,797,17,0.020884520884520884,0.07834101382488479,797,249.21356902810908,3383.162433935972,73.84738225143052,600.0000000000005,0,930,6,0,0,0.00727407418174309,0.2835430274103976,1889200693.7252886,0.0,0,55.96985882171572,24.246847283091427,5078400.0,65735.58786619181,310,4,0,0,0,nan,0.3960163737956373,0.4075242452927353,0.842144183020105,0.3315099722917079,434.72727272727275,7.37
hosted_mixed,needs-forecast,6,0.9,2.0,needs,631,502,11,0.021442495126705652,0.07432432432432433,502,397.9496095904741,3483.4136459037068,45.91878978403206,600.0000000000005,0,398,3,0,0,0.006145656805847621,0.40818111891391257,2755284714.910033,0.0,0,4735.0692742891615,355.61161266264503,3681000.0,36561.50081875418,260,24,0,0,0,nan,0.4758837444396317,0.49171958711453995,0.6511332046628141,0.28527967214540795,273.8181818181818,5.91
hosted_mixed,needs-forecast,7,0.9,2.0,needs,786,620,4,0.00641025641025641,0.019230769230769232,620,274.4807212706055,1991.3558679914029,44.74943304506874,600.0000000000005,0,373,6,0,0,0.002639455974609761,0.3501803133453232,2030591833.463254,0.0,0,502.9313539184384,179.97684285885748,4782600.0,46084.8722208651,246,17,0,0,0,nan,0.44096370122526185,0.4453513997449162,0.6884893066522597,0.28910248965992774,338.1818181818182,6.05
hosted_mixed,needs-forecast,8,0.9,2.0,needs,872,704,10,0.014005602240896359,0.05056179775280899,704,281.52594984358507,2881.4055697744557,32.25193877131408,600.0000000000005,0,620,2,0,0,0.004434972378427939,0.44239197230189736,3083890552.3593073,320.8735031268036,1,296.5302995203809,116.03966364426623,4830000.0,41158.5722717973,298,3,0,0,0,nan,0.4497831491744184,0.45948252843059856,0.7308211708875615,0.31032830315312543,384.0,6.76
hosted_mixed,needs-forecast,9,0.9,2.0,needs,846,659,20,0.029455081001472753,0.10989010989010989,659,400.3549686390088,3314.295142969279,49.623138006173626,600.0000000000005,0,588,4,0,0,0.006122835253153063,0.35873045855761637,1827583366.4946635,0.0,0,519.1958320881589,162.6553742878374,4322400.0,46685.73467054872,295,10,0,0,0,nan,0.41086639913403317,0.4297329417350239,0.7627127420438359,0.30041375636242823,359.4545454545455,6.57
hosted_mixed,needs-forecast,10,0.9,2.0,needs,712,605,3,0.004934210526315789,0.021739130434782608,605,255.9974683882483,2040.1639364085008,45.195824302286496,600.0000000000005,0,133,6,0,0,0.005442059581152098,0.2786780249908521,1572186834.4497292,0.0,0,2545.553252154634,330.66506352688583,3336600.0,28596.309916799608,244,22,0,0,0,nan,0.5753792330342083,0.5787589200260249,0.719120062568797,0.332360957211214,330.0,6.23
hosted_mixed,needs-conformal,1,0.9,2.0,needs,661,561,1,0.0017793594306049821,0.006289308176100629,561,188.26130646746242,1446.0072551892335,56.89065023728797,600.0,0,81,6,0,0,0.003822980338406212,0.3169361969271267,2146238574.522511,0.0,0,1408.377021143704,397.08754248572234,4401600.0,35261.60898616673,302,77,0,0,0,nan,0.6549498028775007,0.6564532547331972,0.7243819797291828,0.2943463777199818,306.0,6.15
hosted_mixed,needs-conformal,2,0.9,2.0,needs,738,582,5,0.008517887563884156,0.03496503496503497,582,267.8580976178662,2165.4201280883417,62.72115530202917,600.0000000000005,0,284,9,0,0,0.006969530259071649,0.31476029723061427,1119447200.2990487,0.0,0,687.7369083804892,195.05478821991898,4290000.0,43699.56392260229,246,34,0,0,0,nan,0.475392076735456,0.48038881618463947,0.7311274956293707,0.3124227772254955,317.45454545454544,6.39
hosted_mixed,needs-conformal,3,0.9,2.0,needs,815,634,11,0.017054263565891473,0.05847953216374269,634,163.41540884637027,2316.779724246705,45.74918138498291,600.0000000000005,0,456,4,0,0,0.004379254600083966,0.39785338452628066,2391349357.8072577,0.0,0,7677.2813916389905,205.94412026764422,4479000.0,41371.15933957261,274,21,0,0,0,nan,0.43589304037991966,0.4465215983153783,0.7001340537911164,0.2986927340953184,345.8181818181818,6.52
hosted_mixed,needs-conformal,4,0.9,2.0,needs,759,649,5,0.00764525993883792,0.022988505747126436,649,144.26353259628831,1787.6540290066691,23.66843472284702,600.0,0,102,2,0,0,0.006284891651499405,0.31111733173727163,1974969366.9972792,50.14014255685743,1,4880.606591333926,436.7655510216637,3921600.0,23612.470013000988,256,48,0,0,0,nan,0.6460509547855275,0.6511108623632037,0.7093487440996504,0.3300984075379097,354.0,6.32
hosted_mixed,needs-conformal,5,0.9,2.0,needs,1001,779,27,0.033498759305210915,0.11711711711711711,779,204.31179489830402,3452.854198077602,62.01134455094174,600.0000000000005,0,963,0,0,0,0.013583026225885083,0.3178401309943094,1858902447.2033458,0.0,0,63.04006204429396,26.16282962838028,4966800.0,63640.84702029835,298,5,0,0,0,nan,0.39806109833697606,0.4143600483264069,0.8415635341718467,0.336921352007081,424.90909090909093,7.56
hosted_mixed,needs-conformal,6,0.9,2.0,needs,638,521,8,0.015122873345935728,0.05194805194805195,521,410.4270248955522,3013.4759000012973,44.9948609689355,600.0000000000005,0,375,9,0,0,0.007639725342719692,0.39699136364394977,2582955517.6787095,0.0,0,2712.9418535985133,133.04239092786895,3747000.0,36670.16232822284,259,28,0,0,0,nan,0.49782229640369907,0.5093203875837065,0.6616844836222805,0.299560182739097,284.1818181818182,6.25
hosted_mixed,needs-conformal,7,0.9,2.0,needs,804,633,5,0.007836990595611285,0.023809523809523808,633,190.27756214856367,2065.231898981654,57.118115007183675,600.0000000000005,0,334,10,0,0,0.006775200171201341,0.3560614052430556,1625864519.4587214,0.0,0,502.1672273130073,200.57969507310372,4860000.0,48218.656474370735,244,31,0,0,0,nan,0.45469566332106337,0.4602364819417758,0.7181552352491258,0.29478375211005853,345.2727272727273,6.49
hosted_mixed,needs-conformal,8,0.9,2.0,needs,881,708,6,0.008403361344537815,0.03409090909090909,708,239.85925638874755,2836.441436872053,30.996092483892735,600.0000000000005,0,608,4,0,0,0.00273395097129994,0.45086336550653056,3015257725.6119742,0.0,0,1024.0165049457414,154.8684045310422,4922400.0,41376.486621515185,294,15,0,0,0,nan,0.4586974150651833,0.4659020865059977,0.7398889735010361,0.31135732731944576,386.1818181818182,6.95
hosted_mixed,needs-conformal,9,0.9,2.0,needs,852,667,17,0.024853801169590642,0.0913978494623656,667,333.0141237216467,2756.9660165152795,41.923226034692604,600.0000000000005,0,587,6,0,0,0.006611707468294574,0.33378051259583263,1391093382.0070758,73.43668810059648,1,241.86133922840895,90.72216373793151,4357200.0,46402.6441876603,298,23,0,0,0,nan,0.43305186070441704,0.4469693234516636,0.7978196885036261,0.3261736220362417,363.8181818181818,6.93
hosted_mixed,needs-conformal,10,0.9,2.0,needs,716,607,3,0.004918032786885246,0.021897810218978103,607,230.46421368968458,2053.935006890979,55.44490414098457,600.0,0,125,9,0,0,0.005435296477436925,0.24761291184040546,1393576124.4862988,0.0,0,2228.442369404088,378.6806778019444,3283800.0,28846.006825332614,244,27,0,0,0,nan,0.5862764066362178,0.5896245507537482,0.7351659744277713,0.3422137350372554,331.0909090909091,6.5
hosted_mixed,needs-learn_pre,1,0.9,2.0,needs,658,562,1,0.0017761989342806395,0.00625,562,192.17039756216673,1571.9743316555794,57.99738757946917,600.0000000000005,0,82,3,0,0,0.002082649891606704,0.3183002068498007,2095317638.0118103,0.0,0,3349.9461223852973,1082.093239578089,4362000.0,35324.13115861671,300,83,0,0,0,nan,0.663950271755701,0.6654799034433367,0.7157453051306333,0.29246285152815454,306.54545454545456,2.41
hosted_mixed,needs-learn_pre,2,0.9,2.0,needs,737,580,5,0.008547008547008548,0.035211267605633804,580,294.8318805984044,2093.6675562472556,71.03281031199185,600.0000000000005,0,286,11,0,0,0.008682622385788666,0.3006120062435673,1018813480.6513404,0.0,0,5354.595040785821,535.4241718771358,4294200.0,44994.51712703984,254,41,0,0,0,nan,0.4766776432673828,0.48165076188858336,0.7348808516737892,0.30902837435185876,316.3636363636364,2.49
hosted_mixed,needs-learn_pre,3,0.9,2.0,needs,813,631,13,0.020186335403726708,0.06936416184971098,631,160.330517538021,2189.3148885836877,52.12818903261968,600.0000000000005,0,411,9,0,0,0.007080296250197023,0.41104833923313516,2133760881.5032063,0.0,0,8724.992971498767,771.8147221766422,4342200.0,41536.87466942829,269,22,0,0,0,nan,0.4380575295466542,0.45128945310962876,0.69567794556543,0.2905418048659261,344.1818181818182,2.59
hosted_mixed,needs-learn_pre,4,0.9,2.0,needs,754,644,6,0.009230769230769232,0.028409090909090908,644,123.51359354727401,1902.7870621982174,22.560716918535693,600.0,0,114,6,0,0,0.009624747623180493,0.32958216912617777,2449043861.0085893,0.0,0,4237.718947996735,1259.1271476065972,3907200.0,22973.01820414934,253,72,0,0,0,nan,0.6452357795070987,0.6508411432826644,0.6864351605518324,0.32505402933032107,351.2727272727273,2.44
hosted_mixed,needs-learn_pre,5,0.9,2.0,needs,1005,791,21,0.02586206896551724,0.09049773755656108,791,232.57599846244102,3099.594262172975,70.29770896066542,600.0000000000005,0,958,2,0,0,0.012220106356561001,0.25053245084099973,1660851702.2632651,0.0,0,387.5682518784302,111.80338760656929,5049000.0,70465.25794427474,304,9,0,0,0,nan,0.4076055337312305,0.420262646105276,0.8569940141600297,0.33775940127385684,431.4545454545455,3.08
hosted_mixed,needs-learn_pre,6,0.9,2.0,needs,632,514,7,0.013435700575815739,0.04666666666666667,514,400.6214177589154,3010.686339183106,44.73458538877071,600.0000000000005,0,371,10,0,0,0.0082468268452915,0.40741011591302373,2715324147.6852083,0.0,0,3102.1404705545096,416.8430368994764,3679800.0,35716.17462081081,256,29,0,0,0,nan,0.4921723416823915,0.5017640778308258,0.6509029440276158,0.29469947692162163,280.3636363636364,2.36
hosted_mixed,needs-learn_pre,7,0.9,2.0,needs,807,640,5,0.007751937984496124,0.023696682464454975,640,190.33753514880993,2076.8471106219777,71.20355007106419,600.0000000000005,0,321,7,0,0,0.0038959223339301704,0.35371756128887255,1464549843.1736128,0.0,0,1939.782690052191,533.8792003770685,4870800.0,47849.80050349575,250,32,0,0,0,nan,0.4677420457904385,0.47349916507210216,0.7172595439005439,0.2982145033680352,349.0909090909091,2.52
hosted_mixed,needs-learn_pre,8,0.9,2.0,needs,882,702,8,0.011267605633802818,0.04519774011299435,702,218.92787596294386,2806.59110646836,25.111613221513835,600.0000000000005,0,585,3,0,0,0.006815758347860213,0.4476569339384435,3269439691.084506,0.0,0,5045.800698190478,658.9662603602246,4783800.0,39165.44994522695,299,22,0,0,0,nan,0.45914595998347973,0.4665931903203724,0.7301386751448784,0.33167042140955444,382.90909090909093,2.76
hosted_mixed,needs-learn_pre,9,0.9,2.0,needs,857,675,13,0.0188953488372093,0.07222222222222222,675,349.5919170427296,3122.483227058782,44.565107585784666,600.0000000000005,0,584,5,0,0,0.005124446708838056,0.34502447282861776,1395990691.5178802,0.0,0,711.9420530409525,214.22052983848073,4326000.0,44786.32239324978,299,23,0,0,0,nan,0.43111433044103864,0.44386946170327124,0.7974873764245015,0.32035206760457213,368.1818181818182,2.75
hosted_mixed,needs-learn_pre,10,0.9,2.0,needs,715,611,3,0.004885993485342019,0.02142857142857143,611,233.34604478786423,1972.5395907576496,46.675730968561716,600.0,0,113,1,0,0,0.003162541634411772,0.2717897466905392,1392745625.1259146,0.0,0,7431.235197871523,969.2337906733321,3391800.0,27576.213752640175,251,37,0,0,0,nan,0.5897118529765651,0.5933305544308319,0.7402672252128658,0.34430278283695753,333.2727272727273,2.49
hosted_mixed,oracle0,1,0.9,2.0,clairvoyant,660,562,1,0.0017761989342806395,0.006211180124223602,562,141.44787510285278,1829.6085287210924,78.63808495107983,600.0,0,125,3,0,0,0.0027472303191819745,0.3322669993437274,1185639777.772142,309.0,103,0.0,0.0,0.0,0.0,310,70,0,0,0,nan,0.6889096525352779,0.6905377224044308,0.7188509874020655,0.28384749655575003,306.54545454545456,0.31
hosted_mixed,oracle0,2,0.9,2.0,clairvoyant,746,597,12,0.019704433497536946,0.0784313725490196,597,155.59184771906416,2193.5352406747293,108.74022701520695,600.0000000000005,0,326,1,0,0,0.006888254298243724,0.3042861996225606,582646479.8354912,138.0,46,0.0,0.0,0.0,0.0,268,39,0,0,0,nan,0.5894495541692071,0.6026266739071477,0.7369143190640378,0.302026594220595,325.6363636363636,0.34
hosted_mixed,oracle0,3,0.9,2.0,clairvoyant,858,690,26,0.036312849162011177,0.11979166666666667,690,79.67718544569539,2098.418791298344,45.70262977362702,600.0000000000005,0,411,4,0,0,0.011515672574153637,0.40271463377221917,1476522064.1079478,270.0,90,0.0,0.0,0.0,0.0,276,28,0,0,0,nan,0.5527007130109194,0.5802355599744186,0.702971704598064,0.29590036593973434,376.3636363636364,0.35
hosted_mixed,oracle0,4,0.9,2.0,clairvoyant,776,672,6,0.008849557522123894,0.028409090909090908,672,101.3722264212281,1844.3079934073085,23.126900060496393,600.0000000000005,0,141,0,0,0,0.013571413301528824,0.32800760909934634,1640959416.8346696,189.0,63,0.0,0.0,0.0,0.0,259,51,0,0,0,nan,0.7069082171259965,0.7138935397332671,0.7107936639957265,0.3274839329627045,366.54545454545456,0.27
hosted_mixed,oracle0,5,0.9,2.0,clairvoyant,1032,806,51,0.059509918319719954,0.20164609053497942,806,83.363245304585,3293.5076150039417,111.27993927663643,600.0000000000005,0,1008,3,0,0,0.0295759135809586,0.29860881415231627,945867731.8834198,77.99999999999997,26,0.0,0.0,0.0,0.0,359,7,0,0,0,nan,0.47606448772134746,0.5206695528175626,0.8703328775778619,0.3279045158195711,439.6363636363636,0.47
hosted_mixed,oracle0,6,0.9,2.0,clairvoyant,655,533,16,0.029143897996357013,0.10526315789473684,533,137.20686469296334,2923.397213167514,39.95820054948371,600.0000000000005,0,386,7,0,0,0.011927762291217156,0.44260237129981855,1280541447.0562851,135.0,45,0.0,0.0,0.0,0.0,264,31,0,0,0,nan,0.5811203299442886,0.6093010834207029,0.6682116944484914,0.2819546844132597,290.72727272727275,0.3
hosted_mixed,oracle0,7,0.9,2.0,clairvoyant,847,686,14,0.02,0.0625,686,112.14669321117196,1846.5804935508163,72.2924024189251,600.0000000000005,0,362,4,0,0,0.012667782633260828,0.3488918438202154,853365033.5524619,117.0,39,0.0,0.0,0.0,0.0,255,27,0,0,0,nan,0.5846405745052957,0.5990166623460588,0.7331505638152357,0.28335122416133113,374.1818181818182,0.35
hosted_mixed,oracle0,8,0.9,2.0,clairvoyant,877,700,27,0.037138927097661624,0.13513513513513514,700,109.47075006133701,3363.1111735588447,79.31063492666844,600.0000000000005,0,643,3,0,0,0.011540783956232599,0.48613388974993504,2070427076.6959996,135.0,45,0.0,0.0,0.0,0.0,313,15,0,0,0,nan,0.5209609052415766,0.548755793143718,0.7505701755374256,0.28508559945937995,381.8181818181818,0.38
hosted_mixed,oracle0,9,0.9,2.0,clairvoyant,873,697,27,0.03729281767955801,0.1323529411764706,697,116.5273865490326,3267.0766341877256,96.50149505014492,600.0000000000005,0,609,3,0,0,0.007408726131361431,0.3442487186209454,1341886528.8454003,33.0,11,0.0,0.0,0.0,0.0,317,17,0,0,0,nan,0.5312632992071381,0.5631204394775731,0.7794214032431689,0.31123520250047015,380.1818181818182,0.38
hosted_mixed,oracle0,10,0.9,2.0,clairvoyant,740,653,5,0.007598784194528876,0.033783783783783786,653,119.50792026134923,2276.045194505792,61.52061793486404,600.0000000000005,0,148,4,0,0,0.006070380665398383,0.2651916683314509,1178168510.89167,84.0,28,0.0,0.0,0.0,0.0,247,28,0,0,0,nan,0.6811148425804873,0.6911744921836679,0.7396867896432272,0.3404509115590735,356.1818181818182,0.34
