scenario,variant,seed,content_snr,rate_per_min,policy,req_started,req_done,req_failed,failure_rate,session_fail_finished,tct_n,tct_p50,tct_p99,chat_wait_p99,block_wait_max,n429,budget_errs,usd,usd_per_req,usd_waste_frac,timeouts,evicted,deadlock_breaks,cycles_seen,token_waste,tool_waste,kv_unused_token_s,prewarm_idle_s,prewarm_hits,lease_cpu_issued,lease_cpu_unused,lease_budget_issued,lease_budget_unused,par_groups,par_groups_parallel,spawns,children,children_aborted,join_p99,jain_all,jain_survivors,util_model,util_cpu,throughput_rph,wall_s
multiagent,gate_fifo300,1,0.6,1.0,reactive_gate,333,268,5,0.018315018315018316,0.06329113924050633,268,176.66990602889553,3323.9081955682664,0.0,600.0000000000005,0,0,0.0,0.0,0.0,184,0,0,222,0.005608351328245256,0.5508091178956024,5814524395.446117,0.0,0,0.0,0.0,0.0,0.0,207,23,49,138,7,3556.3365599999997,0.4893842171872828,0.5053944328487077,0.40227799798060737,0.21751460180755688,146.1818181818182,0.18
multiagent,gate_fifo300,2,0.6,1.0,reactive_gate,331,265,3,0.011194029850746268,0.045454545454545456,265,147.31110396733402,3335.9365831891255,0.0,600.0000000000005,0,0,0.0,0.0,0.0,126,0,0,169,0.0072957957759289946,0.48285036249256413,5587154591.082202,0.0,0,0.0,0.0,0.0,0.0,165,38,42,120,3,3551.91953,0.5186687278992,0.5246371429634088,0.40304173927981746,0.26208679124742307,144.54545454545456,0.18
multiagent,gate_fifo300,3,0.6,1.0,reactive_gate,344,264,5,0.01858736059479554,0.05,264,87.13777212018863,2588.118962351936,0.0,600.0000000000005,0,0,0.0,0.0,0.0,209,0,0,184,0.013421313703843706,0.4289762738108572,5426061521.686751,0.0,0,0.0,0.0,0.0,0.0,155,33,56,178,4,2525.7317900000016,0.47364251501567983,0.48729399668276957,0.42576202424080556,0.2950208159117157,144.0,0.19
multiagent,gate_fifo300,4,0.6,1.0,reactive_gate,336,258,2,0.007692307692307693,0.03076923076923077,258,127.25025684846378,3246.9486490033332,2.836432749922551,600.0000000000005,0,0,0.0,0.0,0.0,228,0,0,255,0.002446121958172038,0.40236450927452,6047008928.1596985,0.0,0,0.0,0.0,0.0,0.0,199,20,68,189,7,3097.771219999999,0.46391269493780096,0.4698602935908497,0.47808065824915824,0.27003144324091966,140.72727272727272,0.22
multiagent,gate_fifo300,5,0.6,1.0,reactive_gate,444,320,13,0.03903903903903904,0.18571428571428572,320,126.83176408651298,4218.317295840336,0.0,600.0000000000005,0,0,0.0,0.0,0.0,605,0,0,245,0.01162623929201851,0.4408152829680803,6136529821.29432,0.0,0,0.0,0.0,0.0,0.0,190,9,62,180,18,4974.120850000002,0.3504239798290765,0.3729793020587679,0.5036731580184861,0.26592274290519063,174.54545454545456,0.27
multiagent,gate_fifo300,6,0.6,1.0,reactive_gate,425,346,4,0.011428571428571429,0.05194805194805195,346,28.134107724574562,2696.026204471396,0.0,600.0000000000005,0,0,0.0,0.0,0.0,271,0,0,231,0.0005331271403717208,0.442653728225299,5978430609.807106,0.0,0,0.0,0.0,0.0,0.0,162,44,51,149,7,3537.72348,0.4983763177544597,0.5070992064449426,0.4243869798060736,0.2641904898221133,188.72727272727275,0.21
multiagent,gate_fifo300,7,0.6,1.0,reactive_gate,293,210,4,0.018691588785046728,0.058823529411764705,210,229.87000611917983,2666.584209694547,0.0,600.0000000000005,0,0,0.0,0.0,0.0,234,0,0,261,0.040361100262232885,0.29696599265674206,5697613711.273364,0.0,0,0.0,0.0,0.0,0.0,176,40,70,210,4,3326.123989999997,0.4093988749965368,0.41932072908912166,0.4270286605032699,0.3351660453305844,114.54545454545455,0.22
multiagent,gate_fifo300,8,0.6,1.0,reactive_gate,454,351,13,0.03571428571428571,0.1511627906976744,351,38.70034914529924,3070.0193209542676,0.0,600.0000000000005,0,0,0.0,0.0,0.0,437,0,0,274,0.009345561352409338,0.5632094683013729,6408646949.045196,0.0,0,0.0,0.0,0.0,0.0,151,15,53,153,8,5237.706440000004,0.40787184064317505,0.4361571994600865,0.3764020720627752,0.22809342248183664,191.45454545454547,0.21
multiagent,gate_fifo300,9,0.6,1.0,reactive_gate,421,334,3,0.008902077151335312,0.03333333333333333,334,139.4046590116829,2851.1100078429577,0.457592087348938,600.0000000000005,0,0,0.0,0.0,0.0,267,0,0,295,0.002128134885776086,0.32853953040486344,6760765155.97172,0.0,0,0.0,0.0,0.0,0.0,195,22,73,210,8,4712.689299999995,0.4957514993568036,0.5033784455007545,0.4756732771828866,0.3064157101763861,182.1818181818182,0.27
multiagent,gate_fifo300,10,0.6,1.0,reactive_gate,422,354,3,0.008403361344537815,0.03896103896103896,354,163.9634268623936,2324.5215195346973,5.7358661288162756,600.0000000000005,0,0,0.0,0.0,0.0,134,0,0,219,0.0012271066045283002,0.1771145669328014,4288580271.76603,0.0,0,0.0,0.0,0.0,0.0,225,37,47,145,3,2682.8145999999992,0.5568046910176647,0.5672447789742459,0.5130075190567535,0.30937557175714864,193.0909090909091,0.22
multiagent,gate_vtfq0,1,0.6,1.0,reactive_gate,354,297,3,0.01,0.03571428571428571,297,195.3876144085084,3611.2377929186587,3.760283317331281,600.0000000000005,0,0,0.0,0.0,0.0,115,0,0,0,0.002775010759847375,0.5073240887098228,4886956904.911287,0.0,0,0.0,0.0,0.0,0.0,241,39,74,204,4,3477.8244999999997,0.6446676626805672,0.6571423904407205,0.511705202254921,0.2933190936014176,162.0,0.27
multiagent,gate_vtfq0,2,0.6,1.0,reactive_gate,370,327,2,0.0060790273556231,0.02564102564102564,327,199.9183687587656,2511.655663207578,0.0,600.0,0,0,0.0,0.0,0.0,68,0,0,0,0.0093955218306271,0.4561488585141806,4967853737.804698,0.0,0,0.0,0.0,0.0,0.0,197,67,50,140,1,3453.318440000002,0.6846308650273847,0.6908402565667627,0.47512750409544163,0.3216006523141125,178.36363636363637,0.24
multiagent,gate_vtfq0,3,0.6,1.0,reactive_gate,361,290,1,0.003436426116838488,0.011904761904761904,290,151.52023774074337,2926.936232694886,5.480766847926455,600.0,0,0,0.0,0.0,0.0,115,0,0,0,0.001612181407297498,0.39474020840157853,5002875215.827113,0.0,0,0.0,0.0,0.0,0.0,180,41,63,201,1,2595.105909999998,0.5609005305743833,0.5637169110860512,0.4848959463909933,0.3478281661037888,158.1818181818182,0.23
multiagent,gate_vtfq0,4,0.6,1.0,reactive_gate,351,281,1,0.0035460992907801418,0.014492753623188406,281,211.88535837959262,3319.0387715778647,4.204407444308927,600.0,0,0,0.0,0.0,0.0,173,0,0,0,0.0013268968129262135,0.41244830446568115,5449162301.154341,0.0,0,0.0,0.0,0.0,0.0,227,32,77,211,5,2946.41889,0.5461136733610609,0.5495921044015771,0.5438329214500777,0.33943034341872863,153.27272727272728,0.26
multiagent,gate_vtfq0,5,0.6,1.0,reactive_gate,474,370,7,0.01856763925729443,0.09210526315789473,370,354.1205121070573,3751.769975752949,3.0253506012378186,600.0000000000005,0,0,0.0,0.0,0.0,365,0,0,0,0.0129288110650015,0.4351958248828283,5470870050.432784,0.0,0,0.0,0.0,0.0,0.0,253,26,79,237,7,5465.06441,0.4549052633776649,0.467881478318565,0.6149280496106903,0.3576398988978579,201.8181818181818,0.32
multiagent,gate_vtfq0,6,0.6,1.0,reactive_gate,442,384,1,0.0025974025974025974,0.011363636363636364,384,70.33828389437355,3050.625679949386,0.0,600.0000000000005,0,0,0.0,0.0,0.0,150,0,0,0,3.180064535728397e-05,0.3871707806282047,5755062020.429214,0.0,0,0.0,0.0,0.0,0.0,202,61,61,183,3,2923.65283,0.5930256623189533,0.5936288711690169,0.5013581170843047,0.3332246248220097,209.45454545454547,0.23
multiagent,gate_vtfq0,7,0.6,1.0,reactive_gate,287,209,1,0.004761904761904762,0.014285714285714285,209,408.0277059612663,3601.9075376248866,0.8671325067343141,600.0000000000005,0,0,0.0,0.0,0.0,231,0,0,0,0.0005704890650226399,0.28391251569097764,5823442320.298529,0.0,0,0.0,0.0,0.0,0.0,165,99,71,209,4,3516.2498000000014,0.4400468655437111,0.44276320421990684,0.43118953783022534,0.3386507845519483,114.0,0.24
multiagent,gate_vtfq0,8,0.6,1.0,reactive_gate,439,346,5,0.014245014245014245,0.05952380952380952,346,40.55632067230442,3146.198686110992,5.794296266103174,600.0000000000005,0,0,0.0,0.0,0.0,368,0,0,0,0.003865521305599949,0.5429350618862321,6525574862.911304,0.0,0,0.0,0.0,0.0,0.0,189,45,70,204,5,5080.591649999998,0.44384280937118037,0.45558468263496815,0.4422616365902616,0.2819990019174026,188.72727272727275,0.24
multiagent,gate_vtfq0,9,0.6,1.0,reactive_gate,439,369,3,0.008064516129032258,0.028846153846153848,369,220.2503842878441,2827.6402922628367,4.043327514804537,600.0,0,0,0.0,0.0,0.0,155,0,0,0,0.003725800039157942,0.3207341855260981,5140276951.649648,0.0,0,0.0,0.0,0.0,0.0,239,51,95,278,4,3760.585549999984,0.6238436468028873,0.6290368237914141,0.6327218008207071,0.37765083394256105,201.27272727272728,0.32
multiagent,gate_vtfq0,10,0.6,1.0,reactive_gate,458,399,0,0.0,0.0,399,184.5493240166934,1843.4350296755254,27.49729367726537,600.0,0,0,0.0,0.0,0.0,65,1,0,0,0.00033308515278178527,0.23132845450881961,3268900355.9224687,0.0,0,0.0,0.0,0.0,0.0,255,72,66,199,1,2430.4983000000016,0.6650629610257782,0.6650629610257782,0.6389169956091363,0.368757951413112,217.63636363636365,0.29
multiagent,gate_srpt0,1,0.6,1.0,reactive_gate,356,302,2,0.006578947368421052,0.023809523809523808,302,191.89073224083813,3016.440352158057,3.728203030519925,600.0000000000005,0,0,0.0,0.0,0.0,108,0,0,0,0.0026192261301348726,0.5091694633552339,4903603014.48417,0.0,0,0.0,0.0,0.0,0.0,244,45,72,198,5,3471.568919999999,0.6359530008797061,0.6441588460523475,0.5104392773569024,0.290979377945123,164.72727272727275,0.25
multiagent,gate_srpt0,2,0.6,1.0,reactive_gate,369,321,1,0.003105590062111801,0.013157894736842105,321,180.73141344367014,2621.0754423380586,0.0,600.0,0,0,0.0,0.0,0.0,69,0,0,0,0.009735083101819354,0.45480056093440946,4929523885.121896,0.0,0,0.0,0.0,0.0,0.0,197,66,48,136,1,3460.9133200000006,0.6784180740029424,0.6828521790617852,0.4690602177504209,0.32365813182097913,175.0909090909091,0.21
multiagent,gate_srpt0,3,0.6,1.0,reactive_gate,369,301,1,0.0033112582781456954,0.011764705882352941,301,176.6408993482928,2707.9493195695927,2.6387219785896723,600.0000000000005,0,0,0.0,0.0,0.0,98,1,0,0,0.0033909169316355963,0.3813594021619282,4873432704.58579,0.0,0,0.0,0.0,0.0,0.0,184,41,64,204,2,2614.8035399999985,0.5823972335671591,0.5853348223848146,0.49704964557838,0.34966533754672263,164.1818181818182,0.28
multiagent,gate_srpt0,4,0.6,1.0,reactive_gate,358,289,2,0.006872852233676976,0.02857142857142857,289,200.84680851087523,3326.9835894206794,3.003793675877178,600.0,0,0,0.0,0.0,0.0,161,0,0,0,0.0015413454342459957,0.4106819030243358,5462562505.057855,0.0,0,0.0,0.0,0.0,0.0,226,38,80,223,4,2947.43448,0.5512012274992067,0.5582679099030426,0.5530776954076017,0.333778098479902,157.63636363636365,0.23
multiagent,gate_srpt0,5,0.6,1.0,reactive_gate,471,360,9,0.024390243902439025,0.10666666666666667,360,331.9919998982325,3794.268844272583,4.651172438061942,600.0000000000005,0,0,0.0,0.0,0.0,340,0,0,0,0.015900599095281888,0.44437224985388096,5595070292.196133,0.0,0,0.0,0.0,0.0,0.0,239,26,78,230,8,5466.3096000000005,0.4413097976786981,0.45508705542901906,0.6064139917565075,0.3625193884489091,196.36363636363637,0.32
multiagent,gate_srpt0,6,0.6,1.0,reactive_gate,443,383,1,0.0026041666666666665,0.011363636363636364,383,71.21864382753813,2947.2775020533472,0.5007506618342815,600.0000000000005,0,0,0.0,0.0,0.0,129,0,0,0,3.06394097672401e-05,0.3944351759972824,5363570677.639402,0.0,0,0.0,0.0,0.0,0.0,202,60,60,179,4,3383.2564000000007,0.6141909332974639,0.6148460201564523,0.5107960611240612,0.33159183366988093,208.9090909090909,0.26
multiagent,gate_srpt0,7,0.6,1.0,reactive_gate,294,219,1,0.004545454545454545,0.0136986301369863,219,344.63767877951886,3427.9707899128152,0.0,600.0000000000005,0,0,0.0,0.0,0.0,179,0,0,0,0.0005414595983773617,0.2821979136305382,5701879743.076976,0.0,0,0.0,0.0,0.0,0.0,172,101,71,209,4,3747.3872199999987,0.4665191750492831,0.4693989230434144,0.43979647509145947,0.3557586006752971,119.45454545454545,0.2
multiagent,gate_srpt0,8,0.6,1.0,reactive_gate,451,355,7,0.019337016574585635,0.08045977011494253,355,40.896747703219944,3093.2256149573996,1.8881624346822719,600.0000000000005,0,0,0.0,0.0,0.0,314,0,0,0,0.021679213892500684,0.5698413314195713,6491416645.972775,0.0,0,0.0,0.0,0.0,0.0,191,47,69,199,6,5187.867799999998,0.4494719034730919,0.4662516057269513,0.43792328122167185,0.27026825614790506,193.63636363636365,0.27
multiagent,gate_srpt0,9,0.6,1.0,reactive_gate,437,365,2,0.005449591280653951,0.019801980198019802,365,205.93751936472245,2707.3886328828357,5.75064916702263,600.0000000000005,0,0,0.0,0.0,0.0,168,0,0,0,0.0033438218618350507,0.3424465730859627,5201698758.402431,0.0,0,0.0,0.0,0.0,0.0,229,41,92,270,4,3844.943120000007,0.6358838663275521,0.6396561108642751,0.6271788502492878,0.3635700973992815,199.0909090909091,0.32
multiagent,gate_srpt0,10,0.6,1.0,reactive_gate,452,394,0,0.0,0.0,394,174.5274924530786,2287.2382671786986,18.94103794639406,600.0000000000005,0,0,0.0,0.0,0.0,61,0,0,0,0.0,0.22158972215602363,3131016257.9140315,0.0,0,0.0,0.0,0.0,0.0,257,76,66,201,1,2401.466,0.6764120672083137,0.6764120672083137,0.6439431348177287,0.3706056823042372,214.9090909090909,0.29
multiagent,lease0,1,0.6,1.0,lease,355,297,2,0.006688963210702341,0.024096385542168676,297,161.48456209229198,2933.8826390933746,2.7375884367780334,600.0000000000005,0,0,0.0,0.0,0.0,110,0,0,0,0.0026684788640937494,0.5149581232219833,4223469672.558078,1656.5331016596924,12,912.6141977539377,611.3600312055319,345000.0,1769.2148143976917,240,44,68,188,3,3487.2606200000005,0.6222449064792616,0.6302738730144778,0.5018077234565204,0.2840092857223272,162.0,0.51
multiagent,lease0,2,0.6,1.0,lease,367,322,1,0.0030959752321981426,0.012987012987012988,322,195.62765991766128,2661.864319732247,0.0,600.0,0,0,0.0,0.0,0.0,69,0,0,0,0.009132024953344111,0.45772144197429926,3891776960.5636573,3195.5417536971536,22,1604.4609128013644,953.7738612769526,289200.0,1506.2205107036848,196,50,49,138,1,3453.421170000002,0.6814972483832225,0.6859514787648121,0.47110685311447814,0.3192145285830239,175.63636363636365,0.51
multiagent,lease0,3,0.6,1.0,lease,358,282,1,0.0035335689045936395,0.012195121951219513,282,155.69320327519688,3292.2841425764072,0.0085611275357215,600.0000000000005,0,0,0.0,0.0,0.0,132,0,0,0,0.0015679834306688784,0.39717113204149984,4517626245.117208,3546.9814044747,27,1221.5636895374107,978.1892594191213,265800.0,3003.519272480633,182,43,62,198,2,2620.7747799999984,0.5551289438118853,0.5579068952355213,0.48283013209013215,0.3357218869949597,153.8181818181818,0.47
multiagent,lease0,4,0.6,1.0,lease,353,280,2,0.0070921985815602835,0.028985507246376812,280,190.0085734707177,3263.182169012178,5.118557628181098,600.0000000000005,0,0,0.0,0.0,0.0,190,0,0,0,0.001327916719730542,0.4228074542213573,4288006247.441036,1820.9584600818748,5,1473.1020402134313,957.6744650425644,331800.0,3240.7616450953074,226,28,78,217,4,2984.34582,0.5436552043055294,0.5506251428222669,0.5577357007454352,0.3249321668680837,152.72727272727272,0.51
multiagent,lease0,5,0.6,1.0,lease,468,361,8,0.02168021680216802,0.0945945945945946,361,313.5048547952497,4030.0787616464927,3.1402945005656497,600.0000000000005,0,0,0.0,0.0,0.0,368,0,0,0,0.016015945753170266,0.4437622405357448,5594555917.512248,1025.6550695497356,8,731.8447152465423,673.9649964452212,427800.0,7051.5196493331105,238,17,77,229,6,5463.217500000001,0.43757459548010097,0.44706269217377026,0.5993531696977791,0.36348265794601736,196.9090909090909,0.66
multiagent,lease0,6,0.6,1.0,lease,436,377,1,0.0026455026455026454,0.011363636363636364,377,57.72109992257083,3100.493258124173,5.222533058227972,600.0000000000005,0,0,0.0,0.0,0.0,148,0,0,0,2.8085989615378284e-05,0.402279454007452,4982516338.095164,8687.933917431987,33,1888.203878987968,851.4617857062317,381600.0,2968.348081535658,198,49,62,187,4,3376.3868299999976,0.5855634929017466,0.5860406173393906,0.5098689103211603,0.320698056188202,205.63636363636365,0.5
multiagent,lease0,7,0.6,1.0,lease,290,206,2,0.009615384615384616,0.029850746268656716,206,325.40530755727104,3663.0545932170535,0.0,600.0000000000005,0,0,0.0,0.0,0.0,227,0,0,0,0.0021091681983189366,0.28651812361978934,5254199989.461482,1024.3738875529573,3,1343.3848428524727,811.8585052369785,194400.0,949.358601478432,166,97,70,206,4,3723.74694,0.4346945010374051,0.4400944327273108,0.4308961874635781,0.334486243881168,112.36363636363637,0.43
multiagent,lease0,8,0.6,1.0,lease,444,347,6,0.0169971671388102,0.07142857142857142,347,39.48166414318894,3133.6027515940073,1.1795150976558038,600.0000000000005,0,0,0.0,0.0,0.0,371,0,0,0,0.0038589627254695643,0.548554773498308,6031985738.158328,3602.3715503674607,19,948.4980509285592,504.2774463386527,396000.0,5620.264782019566,187,44,67,197,5,5229.395239999997,0.4371906954975937,0.451143590034751,0.4410995161996568,0.2753628133125278,189.27272727272728,0.51
multiagent,lease0,9,0.6,1.0,lease,434,362,1,0.0027548209366391185,0.01,362,218.80078671474098,2794.3806817941713,5.027010052487553,600.0000000000005,0,0,0.0,0.0,0.0,159,0,0,0,6.304068683533402e-05,0.3256768308641963,4735305198.596405,1555.3627955957782,7,1359.4474489012796,858.242013836312,339000.0,2262.924784548144,235,33,92,268,4,3816.5131399999927,0.6210637136333924,0.6242163213168107,0.6357353488409739,0.368742431441209,197.45454545454547,0.58
multiagent,lease0,10,0.6,1.0,lease,459,401,0,0.0,0.0,401,185.75429405098384,2213.423224823264,18.475563173117084,600.0,0,0,0.0,0.0,0.0,58,2,0,0,0.0004119936075355702,0.2160154456339825,2769557969.5898724,3906.9793124715725,34,2129.724207095946,1078.3890595528997,353400.0,3198.225792672026,254,80,63,190,0,2433.5158599999986,0.6691830903745206,0.6691830903745206,0.6324147468151062,0.3622864482663889,218.72727272727275,0.6
multiagent,needs,1,0.6,1.0,needs,353,295,3,0.010067114093959731,0.03614457831325301,295,212.77504799277585,3256.636517840887,2.5376668987009197,600.0,0,0,0.0,0.0,0.0,116,0,0,0,0.0025130475230454806,0.5091605572505655,3959850230.5492764,0.0,0,0.0,0.0,1815000.0,12507.890214060595,241,40,72,199,5,3481.977,0.6267838256712297,0.6389117587835839,0.5136380794726108,0.2911259394808304,160.9090909090909,6.25
multiagent,needs,2,0.6,1.0,needs,366,318,2,0.00625,0.02564102564102564,318,182.23159775702334,2603.77999407252,0.0,600.0,0,0,0.0,0.0,0.0,73,0,0,0,0.011505566239469233,0.4664289853835778,3830778334.0785837,0.0,0,0.0,0.0,1480800.0,8411.724040541736,196,66,49,138,1,3469.214149999999,0.6775033729817866,0.6836404741092873,0.46943056693133256,0.3150934612012736,173.45454545454547,5.54
multiagent,needs,3,0.6,1.0,needs,362,288,1,0.0034602076124567475,0.012048192771084338,288,164.31918266300397,3328.187701911674,0.0,600.0000000000005,0,0,0.0,0.0,0.0,117,0,0,0,0.0015262301998850483,0.38984257561942853,4291536579.587945,0.0,0,0.7608650061757771,0.25362166872525904,1380000.0,8062.654207845564,181,41,62,198,1,2648.014769999999,0.5642747734073961,0.567112735839946,0.48968484264520207,0.3463017389352066,157.0909090909091,5.98
multiagent,needs,4,0.6,1.0,needs,348,281,2,0.007067137809187279,0.02857142857142857,281,185.59574982790446,3450.7305267017464,6.52234243147336,600.0,0,0,0.0,0.0,0.0,181,0,0,0,0.002496668846240281,0.41360850956833456,4300049703.484895,0.0,0,92.26461894618416,17.43211381909481,1779600.0,13807.993483088721,226,31,79,219,4,2959.2419700000005,0.5554353832495519,0.5625563497014693,0.5504021386298887,0.33779385900040426,153.27272727272728,5.66
multiagent,needs,5,0.6,1.0,needs,460,350,4,0.011299435028248588,0.04411764705882353,350,325.4247806660097,3954.3445087277146,11.73327764855255,600.0000000000005,0,0,0.0,0.0,0.0,433,0,0,0,0.0008243608249684888,0.4331741636373235,4944550428.994121,0.0,0,0.0,0.0,2220600.0,23363.52832446724,236,22,77,230,6,5463.619500000001,0.42505872949999596,0.42954824338197667,0.616780750805329,0.349432684556593,190.9090909090909,7.3
multiagent,needs,6,0.6,1.0,needs,445,387,1,0.002577319587628866,0.011363636363636364,387,76.99119873777931,2885.5210213927294,0.026337935144645025,600.0000000000005,0,0,0.0,0.0,0.0,132,0,0,0,0.003511613672543635,0.38375079193970524,4743860576.415873,0.0,0,0.0,0.0,1867800.0,8523.993916374466,204,62,62,187,4,3377.3958199999975,0.6122150506050781,0.6128921578396029,0.5194826697584823,0.32902085638004114,211.0909090909091,6.48
multiagent,needs,7,0.6,1.0,needs,287,207,1,0.004807692307692308,0.014925373134328358,207,310.5290057285001,3511.660705375749,0.0,600.0000000000005,0,0,0.0,0.0,0.0,226,0,0,0,0.00048417607065723213,0.29968350548818723,5154576553.690562,0.0,0,0.0,0.0,1026600.0,6999.636587508857,166,100,70,206,4,3659.170600000001,0.43895315621392245,0.441662743597959,0.4332418132770008,0.3398895371849973,112.90909090909092,5.03
multiagent,needs,8,0.6,1.0,needs,449,352,4,0.011235955056179775,0.04819277108433735,352,39.22433229889407,3082.6683582210376,3.2511833794660685,600.0000000000005,0,0,0.0,0.0,0.0,342,0,0,0,0.004798738077747043,0.5250335349844829,5875644607.768203,0.0,0,367.8643527570257,34.70197608292983,2028000.0,13991.01463692628,193,48,70,206,5,4885.950099999996,0.4512194300923529,0.4607187865153498,0.4606475689021627,0.2881809408072138,192.0,6.52
multiagent,needs,9,0.6,1.0,needs,439,365,3,0.008152173913043478,0.029411764705882353,365,235.75310903013815,2769.55002883313,6.832384056094143,600.0000000000005,0,0,0.0,0.0,0.0,157,0,0,0,0.0043318869729638545,0.3236309308564279,4335569709.162248,0.0,0,0.0,0.0,1720800.0,8920.745366476722,236,49,95,279,4,3760.547049999984,0.6173562412429914,0.6224042332307634,0.6372932788906696,0.37255230138971535,199.0909090909091,8.13
multiagent,needs,10,0.6,1.0,needs,468,413,0,0.0,0.0,413,170.8277730824293,1949.364671042299,19.923121659567553,600.0,0,0,0.0,0.0,0.0,61,1,0,0,0.001739397154200449,0.22130537635181624,2806516584.765033,0.0,0,26.320571738422473,7.644445247307431,1839600.0,10840.168947229158,261,73,63,192,1,2473.8921199999972,0.6755127498124867,0.6755127498124867,0.6322343705160581,0.3708810792068681,225.27272727272728,7.71
multiagent,needs_pre,1,0.6,1.0,needs,356,297,3,0.01,0.03614457831325301,297,194.60687217681584,2983.7786725495175,0.9599907639020341,600.0,0,0,0.0,0.0,0.0,111,0,0,0,0.0027568208464934015,0.5086049901199469,3584325627.140581,0.0,0,0.0,0.0,1810200.0,12253.364098974427,242,44,74,204,5,3482.148,0.635419476857984,0.6477168114106135,0.5119385369480057,0.2918164756171652,162.0,6.64
multiagent,needs_pre,2,0.6,1.0,needs,365,321,1,0.003105590062111801,0.013157894736842105,321,189.8238814182041,2634.7829656055237,0.0,600.0,0,0,0.0,0.0,0.0,75,0,0,0,0.010759161396069345,0.4542076609301961,4029571377.2027736,0.0,0,0.0,0.0,1484400.0,8071.402519699576,197,66,49,138,1,3453.318440000002,0.6794782801354968,0.6839193146461864,0.4734842391745986,0.32442355295242997,175.0909090909091,6.39
multiagent,needs_pre,3,0.6,1.0,needs,362,291,1,0.003424657534246575,0.011627906976744186,291,161.9539354828462,3032.2718726385415,0.1403026193848372,600.0,0,0,0.0,0.0,0.0,120,0,0,0,0.0014515475816359146,0.39842455421784945,4308433662.973078,0.0,0,1.2871941945793992,0.4290647315264664,1382400.0,9055.36951883361,181,43,62,198,2,2586.7252500000004,0.5780052242492879,0.5809171506622332,0.4943407146586053,0.34250490217597745,158.72727272727272,6.5
multiagent,needs_pre,4,0.6,1.0,needs,366,297,2,0.006688963210702341,0.028169014084507043,297,180.44699312113698,3337.2648752538134,6.151746612559236,600.0000000000005,0,0,0.0,0.0,0.0,177,0,0,0,0.0014124515084223902,0.3973394731897455,4307290928.256206,0.0,0,7.733995204922138,2.5779984016407127,1825200.0,13727.796751131575,235,35,83,231,7,2960.9883,0.5741454333562687,0.5815062722454516,0.5717998451299858,0.3445009337951676,162.0,7.1
multiagent,needs_pre,5,0.6,1.0,needs,466,358,7,0.019178082191780823,0.08333333333333333,358,336.6839970749925,3744.4893720042237,3.4739196175600098,600.0000000000005,0,0,0.0,0.0,0.0,383,0,0,0,0.008246017888791684,0.430000460590638,5039979489.743469,0.0,0,0.0,0.0,2253600.0,22182.154251702297,244,24,77,229,6,5464.48269,0.4402320220335653,0.4494838166881352,0.6070469586935057,0.3629334690869352,195.27272727272728,7.98
multiagent,needs_pre,6,0.6,1.0,needs,436,380,1,0.0026246719160104987,0.011363636363636364,380,70.34289923411626,3025.139526622291,5.311175602940927,600.0000000000005,0,0,0.0,0.0,0.0,148,3,0,0,0.006397493435038466,0.3930700328173049,4794076408.626522,0.0,0,0.0,0.0,1829400.0,8612.45476758713,203,57,61,184,3,3376.3125799999975,0.5936303332329286,0.5941953422216077,0.5262202040517353,0.3249416315646171,207.27272727272728,7.74
multiagent,needs_pre,7,0.6,1.0,needs,292,219,2,0.00904977375565611,0.027777777777777776,219,385.4226667990524,3430.925331947697,0.0,600.0000000000005,0,0,0.0,0.0,0.0,231,0,0,0,0.0009279454095424646,0.32048391046752944,5456662851.717763,0.0,0,0.0,0.0,1023600.0,6953.58816714556,168,103,71,209,4,3724.268099999999,0.45147111907257265,0.45707945595546173,0.4401121987948394,0.3320720331388493,119.45454545454545,5.92
multiagent,needs_pre,8,0.6,1.0,needs,454,359,6,0.01643835616438356,0.06896551724137931,359,48.00247547954996,3106.6105396539388,5.68905878366808,600.0000000000005,0,0,0.0,0.0,0.0,339,0,0,0,0.015867358305427386,0.5359905210299261,6108798352.040976,0.0,0,0.0,0.0,2049600.0,14054.97067816489,191,47,71,208,5,4939.556910000005,0.45488887319156013,0.4693612909225354,0.4568143705241518,0.28715733519081377,195.8181818181818,7.5
multiagent,needs_pre,9,0.6,1.0,needs,436,363,3,0.00819672131147541,0.029411764705882353,363,261.55451182904244,2520.6788173064983,7.289726417893405,600.0000000000005,0,0,0.0,0.0,0.0,150,1,0,0,0.003838773370074362,0.33458351817399207,4003934863.6166053,0.0,0,0.0,0.0,1705200.0,8816.395560364243,234,52,92,266,4,3788.6637999999984,0.610886941084867,0.6158067168714977,0.6347950099229474,0.3655278212372053,198.0,11.95
multiagent,needs_pre,10,0.6,1.0,needs,455,395,0,0.0,0.0,395,191.7829365880516,1957.2817686315168,19.658212654402103,600.0,0,0,0.0,0.0,0.0,55,3,0,0,0.0042360022324376915,0.19518592704815094,2263298702.736618,0.0,0,13.072196373555698,4.357398791185233,1804800.0,12192.867953208886,252,72,63,192,0,2316.4623899999992,0.658343190004973,0.658343190004973,0.6352903187524281,0.3659820639155031,215.45454545454547,8.08
multiagent,needs_jev,1,0.6,1.0,needs,356,299,3,0.009933774834437087,0.03571428571428571,299,183.50867900802587,3010.412966357303,3.941605709250559,600.0,0,0,0.0,0.0,0.0,107,0,0,0,0.0027568546886159984,0.5151363385552082,3371520093.636166,0.0,0,0.0,0.0,1840800.0,12462.337759632035,243,48,74,204,5,3476.372439999999,0.6334966064718329,0.6457532215374003,0.5135815940130471,0.28924315873949874,163.0909090909091,39.47
multiagent,needs_jev,2,0.6,1.0,needs,369,321,2,0.006191950464396285,0.025974025974025976,321,191.74472429414254,2574.628538515926,0.0,600.0,0,0,0.0,0.0,0.0,71,0,0,0,0.008891391337891616,0.45876142320739094,4316311346.232445,0.0,0,0.0,0.0,1513200.0,8425.170714223554,195,67,48,136,1,3453.318440000002,0.6814708983158388,0.6876446228276281,0.4766989570949884,0.3182239277706772,175.0909090909091,31.25
multiagent,needs_jev,3,0.6,1.0,needs,362,290,1,0.003436426116838488,0.011904761904761904,290,161.86857116849808,3113.001269583352,3.06150641087811,600.0000000000005,0,0,0.0,0.0,0.0,111,0,0,0,0.0015226570209237618,0.3839397812277646,4225839775.0729904,0.0,0,1.5045926240622975,0.5015308746874325,1390800.0,8391.362621900244,184,41,62,198,2,2590.0229200000003,0.568608326717806,0.5714675918118074,0.49220045212946784,0.34595130721868333,158.1818181818182,21.21
multiagent,needs_jev,4,0.6,1.0,needs,357,286,2,0.006944444444444444,0.02857142857142857,286,207.63486973578438,3380.5132194849616,5.376244346326578,600.0,0,0,0.0,0.0,0.0,173,0,0,0,0.0013027819702339123,0.41992680122203624,4090872538.9660535,0.0,0,2.757878328193385,0.9192927760644665,1786800.0,13748.615349046799,231,32,80,222,4,2928.6542,0.5570318697773171,0.5641733040052315,0.560650943457006,0.33672523054682285,156.0,21.71
multiagent,needs_jev,5,0.6,1.0,needs,456,345,5,0.014285714285714285,0.056338028169014086,345,311.6130441921732,4017.666939550486,11.425532876793465,600.0000000000005,0,0,0.0,0.0,0.0,435,0,0,0,0.006070178413569208,0.44344662990791317,5146299282.85529,0.0,0,0.0,0.0,2217600.0,22855.579193507783,247,24,78,234,7,5461.539,0.4336561303424724,0.4391153138210021,0.6117962680490806,0.3484064397957012,188.1818181818182,39.85
multiagent,needs_jev,6,0.6,1.0,needs,439,380,1,0.0026246719160104987,0.011494252873563218,380,68.57854639002517,2904.8551579193067,3.087300905519167,600.0000000000005,0,0,0.0,0.0,0.0,142,0,0,0,2.8137059010291077e-05,0.38792083039413977,4788367695.917035,0.0,0,0.0,0.0,1867800.0,8353.191434926022,205,61,63,190,3,2918.9335599999995,0.5986487046516554,0.5992495187479541,0.5187483373397437,0.3231491075512543,207.27272727272728,23.95
multiagent,needs_jev,7,0.6,1.0,needs,292,216,2,0.009174311926605505,0.027777777777777776,216,383.9822695442208,3560.1988411653892,0.0,600.0000000000005,0,0,0.0,0.0,0.0,237,0,0,0,0.0009273266288210395,0.30896166613740134,5125118328.59311,0.0,0,0.0,0.0,1054800.0,6896.970767882557,172,100,74,218,4,3599.3588,0.4412367396444616,0.4467179413791755,0.44836332413477725,0.3377129076841947,117.81818181818183,27.87
multiagent,needs_jev,8,0.6,1.0,needs,443,345,6,0.017094017094017096,0.07058823529411765,345,40.896747703219944,3134.8371150917374,2.9977101041666145,600.0000000000005,0,0,0.0,0.0,0.0,363,0,0,0,0.018017657969964303,0.5556388858617612,6203933113.041905,0.0,0,0.0,0.0,1992000.0,13925.283105896968,191,47,69,202,3,5205.689559999993,0.4445423277130218,0.45868480567042574,0.4447613208891803,0.2833095657788947,188.1818181818182,22.74
multiagent,needs_jev,9,0.6,1.0,needs,437,364,2,0.00546448087431694,0.019417475728155338,364,243.75098857015246,2768.642300587406,7.762393438640075,600.0000000000005,0,0,0.0,0.0,0.0,154,0,0,0,0.003092180067954138,0.33563955661789086,4448862964.578288,0.0,0,0.0,0.0,1695600.0,8911.556154597358,237,44,91,265,4,3760.831599999984,0.6259562291848386,0.6296189447319757,0.6344903438066564,0.37502485583416656,198.54545454545456,30.71
multiagent,needs_jev,10,0.6,1.0,needs,457,400,0,0.0,0.0,400,173.46000257780156,2001.4087916971841,26.25441289717789,600.0,0,0,0.0,0.0,0.0,56,4,0,0,0.0014801335932000195,0.2021758742338514,2510007612.2217364,0.0,0,15.562840806044335,5.187613602014778,1792800.0,11009.274833818283,260,75,65,199,1,2443.9455,0.6745272196358582,0.6745272196358582,0.6403170749320124,0.37243469762501497,218.1818181818182,33.4
multiagent,needs-content,1,0.6,1.0,needs,353,295,3,0.010067114093959731,0.03614457831325301,295,197.97352742464045,3298.4579369427747,1.148127036875735,600.0000000000005,0,0,0.0,0.0,0.0,113,0,0,0,0.0026684239819091482,0.5115094958962987,3777308199.2884994,0.0,0,0.0,0.0,1811400.0,12249.595670291656,243,46,72,199,4,3484.0850399999986,0.6343195894547644,0.6465954342005924,0.5092009085607679,0.2883104366679271,160.9090909090909,5.97
multiagent,needs-content,2,0.6,1.0,needs,367,319,1,0.003125,0.013333333333333334,319,194.27120772886428,2626.6860059746396,0.0,600.0,0,0,0.0,0.0,0.0,70,0,0,0,0.010105756579766362,0.45674310941444907,4147493413.715514,0.0,0,0.0,0.0,1514400.0,8597.138171973975,195,67,48,136,1,3460.9133200000006,0.6828983725273475,0.6873617605830817,0.47324961966216655,0.3208685263800299,174.0,6.65
multiagent,needs-content,3,0.6,1.0,needs,360,287,1,0.003472222222222222,0.011764705882352941,287,157.5077453526626,2988.4635782373316,0.333357021526916,600.0000000000005,0,0,0.0,0.0,0.0,117,0,0,0,0.0016051987960536028,0.40335614343398934,4496661744.444897,0.0,0,0.7416947977475274,0.24723159924917582,1392000.0,9181.954760920442,179,42,61,194,2,2613.051609999998,0.5686393062508974,0.5714980009588148,0.48638104810929816,0.34381256854199077,156.54545454545456,11.45
multiagent,needs-content,4,0.6,1.0,needs,358,288,1,0.0034602076124567475,0.014084507042253521,288,219.7576819384194,3311.3170947209037,4.808353503909075,600.0000000000005,0,0,0.0,0.0,0.0,161,0,0,0,0.0012700726480879714,0.4099164455088357,4345874018.149634,0.0,0,8.946881144368561,2.9822937147895203,1780800.0,14160.640761953018,230,31,80,221,4,2962.58665,0.5591717179928393,0.5627333212921568,0.5642842525333462,0.33491823844011004,157.0909090909091,11.85
multiagent,needs-content,5,0.6,1.0,needs,472,357,9,0.02459016393442623,0.1111111111111111,357,274.16134862584613,3927.3625150738935,11.411654305845639,600.0000000000005,0,0,0.0,0.0,0.0,374,0,0,0,0.008707493330903806,0.43289008767925424,4780682314.714398,0.0,0,0.0,0.0,2277600.0,20579.931212869742,243,23,75,221,10,5466.891079999999,0.4473561291571928,0.46369911633429184,0.621488267798174,0.36069745796926284,194.72727272727275,7.76
multiagent,needs-content,6,0.6,1.0,needs,438,380,1,0.0026246719160104987,0.011494252873563218,380,66.08278265125364,3015.031108807045,5.8123534830097885,600.0000000000005,0,0,0.0,0.0,0.0,131,0,0,0,2.6416209122553163e-05,0.3936005749371476,4544951679.2136965,0.0,0,0.0,0.0,1853400.0,8669.827760852435,204,57,62,186,3,3383.542000000001,0.5948590266071438,0.5954246295549669,0.5253128759024541,0.32410445778266966,207.27272727272728,6.87
multiagent,needs-content,7,0.6,1.0,needs,295,221,2,0.008968609865470852,0.02702702702702703,221,363.63871146025986,3460.4549630886054,0.3814448302821333,600.0000000000005,0,0,0.0,0.0,0.0,215,0,0,0,0.0008795637239225344,0.307166533367241,5190602920.365193,0.0,0,0.0,0.0,1070400.0,7075.410479794167,176,102,73,217,3,3597.3972500000004,0.46304690410149635,0.4687990395561734,0.45137296078169514,0.340582312556219,120.54545454545455,8.06
multiagent,needs-content,8,0.6,1.0,needs,448,351,5,0.014044943820224719,0.05952380952380952,351,40.2158936413889,3097.9063390622287,3.7717639046762583,600.0000000000005,0,0,0.0,0.0,0.0,327,0,0,0,0.0033494030731257163,0.5461474418040617,6171073524.983806,0.0,0,0.0,0.0,1968000.0,13387.323346434536,178,46,68,196,4,5194.254740000003,0.44474885178530743,0.4565146944251303,0.4452442956649832,0.2784396967406219,191.45454545454547,10.8
multiagent,needs-content,9,0.6,1.0,needs,437,361,1,0.0027624309392265192,0.01,361,226.81569648466575,2335.337931876234,8.75596042917028,600.0000000000005,0,0,0.0,0.0,0.0,155,2,0,0,0.0007768422894851078,0.33798425166229185,4344085289.51136,0.0,0,0.0,0.0,1701600.0,8525.614560126847,234,45,91,269,4,3816.9049699999928,0.6259233874522456,0.6291006635306834,0.6284695948750324,0.3706449830112731,196.9090909090909,11.64
multiagent,needs-content,10,0.6,1.0,needs,465,405,0,0.0,0.0,405,174.83439676221155,2020.7412576105592,14.181491164653071,600.0,0,0,0.0,0.0,0.0,57,0,0,0,0.0,0.2202416405977584,2297558214.1239033,0.0,0,299.2693964364435,64.43850056262698,1812000.0,10380.175320871767,263,84,65,200,1,2417.8675000000003,0.675863473319552,0.675863473319552,0.6299493655869594,0.37325898267990837,220.9090909090909,6.99
multiagent,needs-ev,1,0.6,1.0,needs,332,267,3,0.011111111111111112,0.038461538461538464,267,239.90498394563656,3108.3845843386953,12.445548937729988,600.0,0,0,0.0,0.0,0.0,127,0,0,0,0.0029712018240217607,0.5245550426991863,4473025094.913637,1375.0756748897224,13,147992.74396912102,135999.22967843426,1719600.0,12972.984058417402,235,58,65,181,4,3483.2259999999987,0.53396980882508,0.5442880490124502,0.47930003952991457,0.2684517903184432,145.63636363636365,5.7
multiagent,needs-ev,2,0.6,1.0,needs,354,295,1,0.0033783783783783786,0.013888888888888888,295,203.27053641605016,2797.3436211011826,1.3653203928758388,600.0,0,0,0.0,0.0,0.0,78,0,0,0,0.0036304526811554473,0.45675053767712415,4661761434.358733,1377.4856556132136,13,117210.43110972948,99817.12259753977,1464000.0,8533.602968785774,182,77,49,142,1,3474.6524000000004,0.6110504610421054,0.6122273744158971,0.4526433879864349,0.3048085636360004,160.9090909090909,5.64
multiagent,needs-ev,3,0.6,1.0,needs,342,270,1,0.0036900369003690036,0.012195121951219513,270,168.48293248735695,2712.2407152586334,3.6203217349169545,600.0,0,0,0.0,0.0,0.0,161,0,0,0,0.0009619267970717812,0.409183967014068,5044218345.703614,2016.06185711688,18,158921.34953751654,142659.74219197623,1300200.0,8231.024071036605,178,49,61,193,2,3268.5575599999984,0.5169622524313621,0.5195213309208561,0.46005327740141805,0.3277343574591515,147.27272727272728,5.98
multiagent,needs-ev,4,0.6,1.0,needs,341,269,1,0.003703703703703704,0.014492753623188406,269,237.02703126445613,3408.3147180730507,6.427922448575398,600.0,0,0,0.0,0.0,0.0,196,0,0,0,0.001346859979322683,0.42315794288421205,4787803955.981273,2031.497520553899,5,155643.308246032,145879.4506295469,1746000.0,14852.415642478121,207,35,76,209,2,2916.49008,0.5188276993439549,0.5221323343716233,0.5283932128456035,0.3090798736983171,146.72727272727272,6.13
multiagent,needs-ev,5,0.6,1.0,needs,425,310,4,0.012738853503184714,0.057971014492753624,310,279.4912428013009,3706.258528101583,11.710156829841642,600.0000000000005,0,0,0.0,0.0,0.0,477,0,0,0,0.0016166524578303666,0.4432036984156909,5669649590.372432,1546.62189639961,4,154546.89058122496,147614.78616097866,2104800.0,20292.99957566762,249,24,75,228,4,4459.6106799999925,0.37448774882270064,0.38135262064478703,0.5609539249020655,0.3387899538410913,169.0909090909091,7.04
multiagent,needs-ev,6,0.6,1.0,needs,415,347,1,0.0028735632183908046,0.012345679012345678,347,42.078589626557005,2768.7132802283895,2.9920800037711905,600.0000000000005,0,0,0.0,0.0,0.0,215,0,0,0,3.419872281879351e-05,0.40417222579932344,5548566259.1436825,6948.172499953182,18,139790.33002834237,120100.90636296976,1773000.0,8792.231983581562,199,68,56,172,2,2921.688,0.5158488591128728,0.5159088980688998,0.47124993492213807,0.31020248172124987,189.27272727272728,7.07
multiagent,needs-ev,7,0.6,1.0,needs,287,207,0,0.0,0.0,207,456.5720813788821,3284.419988885759,12.202822410725242,600.0000000000005,0,0,0.0,0.0,0.0,160,0,0,0,0.0,0.25320422617728744,4729913598.601911,1097.2668365400468,8,170083.99117360933,152311.20962383668,1010400.0,6861.377253549866,183,60,79,238,3,3269.6610499999992,0.44474809491056405,0.44474809491056405,0.4832898612689394,0.38023948736393903,112.90909090909092,6.25
multiagent,needs-ev,8,0.6,1.0,needs,422,318,9,0.027522935779816515,0.10588235294117647,318,39.09100664424409,2818.393665982291,9.703661950977313,600.0000000000005,0,0,0.0,0.0,0.0,364,0,0,0,0.0160984828618787,0.5474599889089319,5753524910.781998,4428.863069603978,23,137626.52783190832,132542.377021279,1882800.0,14139.663430496243,194,49,65,192,3,4942.244190000005,0.4028265223926307,0.42125532906703844,0.4508712697609104,0.2653486220091105,173.45454545454547,6.05
multiagent,needs-ev,9,0.6,1.0,needs,404,314,1,0.0031746031746031746,0.01098901098901099,314,261.6674418979122,2450.1321050150696,12.67634202726764,600.0000000000005,0,0,0.0,0.0,0.0,219,0,0,0,7.510964814622411e-05,0.3415082814555969,5025044783.839026,2062.4609934987116,6,186637.43948060763,170321.24178241112,1623600.0,9620.84821257849,239,44,89,258,1,3849.784280000007,0.5261106505564658,0.5287812629958386,0.5900457697528166,0.3430462523305953,171.27272727272728,7.21
multiagent,needs-ev,10,0.6,1.0,needs,425,361,1,0.0027624309392265192,0.0125,361,224.44828493320938,2135.7272648129288,35.453731678292506,600.0,0,0,0.0,0.0,0.0,73,0,0,0,0.00018869234651422998,0.2014203262666124,3353788871.3821144,2173.7616982020727,21,144108.9798997828,111268.52695619693,1750800.0,13246.745580019193,249,90,63,191,1,2415.1237900000015,0.5891002127232876,0.5927366337894807,0.5995336045066045,0.3518365944944569,196.9090909090909,7.14
multiagent,needs-forecast,1,0.6,1.0,needs,339,279,1,0.0035714285714285713,0.012345679012345678,279,205.42140920057545,2985.7906868405353,7.353118238190822,600.0,0,0,0.0,0.0,0.0,141,0,0,22,0.002418187733672687,0.512995240923189,4283826083.8834977,42.39791511069831,1,134795.02989006744,121427.40401935253,1770000.0,13005.252622652155,239,50,67,185,3,3512.4379300000005,0.5561294741580526,0.5596944066847067,0.48937308699980575,0.28132406322812203,152.1818181818182,7.66
multiagent,needs-forecast,2,0.6,1.0,needs,355,297,1,0.003355704697986577,0.014084507042253521,297,203.27053641605016,2788.8497934082766,1.4755934209472856,600.0,0,0,0.0,0.0,0.0,79,0,0,2,0.007702371200858006,0.45552340850803047,4376202641.19067,0.0,0,87828.40288603846,71755.68536177091,1462800.0,7970.465411636194,189,55,48,136,1,3485.2255499999987,0.6119657126163416,0.6159654885157948,0.46093589629872445,0.3159260592682735,162.0,8.89
multiagent,needs-forecast,3,0.6,1.0,needs,351,283,1,0.0035211267605633804,0.011904761904761904,283,193.77571531821013,3156.999149723448,0.0,600.0,0,0,0.0,0.0,0.0,130,0,0,27,0.0015903524871165935,0.3823785587976095,4856315116.963699,0.947348225735368,1,89512.60758077305,78906.67208308673,1368000.0,9751.995105386539,175,44,61,193,1,2803.19556,0.547508695880447,0.5502383549722452,0.48152846047817927,0.33917949903022043,154.36363636363637,7.0
multiagent,needs-forecast,4,0.6,1.0,needs,345,276,1,0.0036101083032490976,0.014285714285714285,276,256.16100465997386,3427.024143808401,7.608980920175519,600.0000000000005,0,0,0.0,0.0,0.0,176,0,0,30,0.0013204416553552346,0.4101551727549626,4669265129.249579,0.0,0,108299.77448263614,98424.47058552508,1754400.0,14503.103814250935,219,35,78,214,2,3139.5981500000016,0.5268359434915885,0.5301915864437641,0.5426200449405919,0.3101901072906493,150.54545454545456,5.64
multiagent,needs-forecast,5,0.6,1.0,needs,451,334,7,0.020527859237536656,0.10144927536231885,334,404.59849645272857,3629.2483948046297,17.61516033728182,600.0000000000005,0,0,0.0,0.0,0.0,481,0,0,11,0.013821515238953105,0.4352769199826708,5235104031.084598,0.0,0,58469.12428247454,55501.89417123654,2199600.0,22333.802124061287,246,26,76,229,6,4660.9965,0.3972040321204944,0.4083449842918868,0.598237491100913,0.3467450011283974,182.1818181818182,7.3
multiagent,needs-forecast,6,0.6,1.0,needs,428,370,1,0.0026954177897574125,0.011363636363636364,370,70.33828389437355,3188.2642412729538,3.574529271357832,600.0000000000005,0,0,0.0,0.0,0.0,142,0,0,5,0.001905241554954021,0.4020292092857516,5139400442.397567,0.0,0,112123.50909486899,96810.84137232888,1831800.0,9553.83411118358,201,59,61,184,3,3371.3580799999986,0.5647525478842803,0.5651166135364349,0.49748507005147635,0.31271844384353936,201.8181818181818,6.03
multiagent,needs-forecast,7,0.6,1.0,needs,290,210,2,0.009433962264150943,0.028985507246376812,210,434.0676382311828,3376.3909348215366,10.69733844256165,600.0000000000005,0,0,0.0,0.0,0.0,176,1,0,6,0.001953367309098066,0.26009200391081694,4626912538.352358,45.9554002784123,0,116470.61303148577,108946.27546802103,1038000.0,7376.9863893119755,187,55,81,242,3,3159.1976800000007,0.45468132802100414,0.4603295432759235,0.49081837925326993,0.3826616700528586,114.54545454545455,5.64
multiagent,needs-forecast,8,0.6,1.0,needs,438,341,6,0.01729106628242075,0.07058823529411765,341,47.08861589192384,2803.003609943515,1.2631146659652992,600.0000000000005,0,0,0.0,0.0,0.0,384,0,0,17,0.023427920337480295,0.5548602775322264,6110621380.576275,215.43889806114953,0,67009.79386639278,63085.4244653954,1956000.0,13573.191778828841,189,31,71,206,4,5081.675149999997,0.43585690439066455,0.4497188880557835,0.4528590403878529,0.2754058250002258,186.0,5.83
multiagent,needs-forecast,9,0.6,1.0,needs,420,339,1,0.0029411764705882353,0.010416666666666666,339,283.6461661152666,2516.153548119509,17.037371905001812,600.0000000000005,0,0,0.0,0.0,0.0,201,0,0,0,6.769906431003064e-05,0.34813605655856966,5115201728.3902445,0.0,0,108108.16283088726,99235.08821642144,1639200.0,9991.392245648927,228,40,87,253,2,4423.224929999993,0.5566269037669895,0.5594524210449945,0.5832437051039239,0.3541482527006743,184.9090909090909,7.93
multiagent,needs-forecast,10,0.6,1.0,needs,433,370,0,0.0,0.0,370,211.93937975813333,2221.249781716912,16.64260810437374,600.0,0,0,0.0,0.0,0.0,69,1,0,4,0.0019507888920936838,0.2241510115285548,3088684708.4510317,226.9512828006998,2,123280.39356905222,108704.10997385388,1717800.0,12567.714932996645,251,81,65,197,1,2400.695359999998,0.629162045452986,0.629162045452986,0.6062539954715424,0.36529339717032017,201.8181818181818,7.32
multiagent,needs-conformal,1,0.6,1.0,needs,351,295,3,0.010067114093959731,0.03614457831325301,295,186.1127179818577,3157.3740742085274,1.3814697902282456,600.0,0,0,0.0,0.0,0.0,119,0,0,0,0.002657768355588244,0.5111690266254619,3724087015.448794,0.0,0,0.0,0.0,1822800.0,12718.021526736731,243,41,71,197,4,3481.267419999999,0.6230575978355201,0.6351147058177493,0.5106090108375422,0.28865465315092864,160.9090909090909,6.23
multiagent,needs-conformal,2,0.6,1.0,needs,373,327,2,0.0060790273556231,0.02564102564102564,327,176.2545125216052,2534.397819781592,0.0,600.0,0,0,0.0,0.0,0.0,70,0,0,0,0.008782720915211229,0.45678958777437406,4089541692.7195587,0.0,0,0.0,0.0,1534800.0,8489.799268384286,197,66,49,138,1,3471.2893600000007,0.6934946687321749,0.699818588990634,0.477559578460891,0.32075505099750734,178.36363636363637,6.34
multiagent,needs-conformal,3,0.6,1.0,needs,362,291,1,0.003424657534246575,0.011904761904761904,291,149.89516645956974,3008.9537115157,0.9958852264551934,600.0,0,0,0.0,0.0,0.0,111,0,0,0,0.0014641142795017107,0.3896591135152424,4469181358.7126255,0.0,0,0.7608650061757771,0.25362166872525904,1383600.0,8900.739858183586,180,41,62,198,2,2622.7858299999984,0.5731656300746247,0.5760505592000534,0.4949069603446322,0.34652625260921177,158.72727272727272,6.3
multiagent,needs-conformal,4,0.6,1.0,needs,356,288,1,0.0034602076124567475,0.014285714285714285,288,195.84882193800445,3662.344213075694,5.1723478039194175,600.0000000000005,0,0,0.0,0.0,0.0,170,0,0,0,0.0010883139549926963,0.4136075734372769,4015540571.7067795,0.0,0,8.981913123759398,2.9939710412531326,1809600.0,13573.04360260303,229,31,78,217,4,2946.88764,0.5692487827652006,0.5728745711904566,0.5581513522646335,0.33767957288918743,157.0909090909091,5.72
multiagent,needs-conformal,5,0.6,1.0,needs,461,350,5,0.014084507042253521,0.05714285714285714,350,324.01911203679254,3735.840431009599,4.150171064075823,600.0000000000005,0,0,0.0,0.0,0.0,414,0,0,0,0.00682022837577224,0.4414884076809119,5037542941.981679,0.0,0,0.0,0.0,2235600.0,22968.7883187685,237,23,78,232,8,5463.26871,0.43334470122544816,0.44023051601527136,0.6167300353413948,0.35846139042211184,190.9090909090909,7.08
multiagent,needs-conformal,6,0.6,1.0,needs,438,382,1,0.0026109660574412533,0.011363636363636364,382,70.33828389437355,2893.006269082981,3.2788074692553133,600.0000000000005,0,0,0.0,0.0,0.0,138,0,0,0,0.0016719830344091833,0.39535098987188755,4734283389.524917,0.0,0,0.0,0.0,1853400.0,8373.304346211096,203,62,62,187,4,3377.6512899999975,0.5992281333167172,0.5998460527463926,0.520802585486273,0.3216763324681569,208.36363636363637,6.99
multiagent,needs-conformal,7,0.6,1.0,needs,291,215,2,0.009216589861751152,0.028169014084507043,215,377.05817880958784,3643.698555980573,0.0,600.0000000000005,0,0,0.0,0.0,0.0,233,0,0,0,0.0009125276343876998,0.30507251948470987,5059265032.223117,0.0,0,0.0,0.0,1065600.0,6959.722685618892,174,100,72,212,4,3740.864939999999,0.44445420964991283,0.44997537995612297,0.44695706010020075,0.3310458694245792,117.27272727272728,5.25
multiagent,needs-conformal,8,0.6,1.0,needs,450,356,6,0.016574585635359115,0.06976744186046512,356,42.65258017173824,3088.568224026086,4.5300980215245366,600.0000000000005,0,0,0.0,0.0,0.0,347,0,0,0,0.0036247422920629153,0.5301259462631205,5924513748.000508,0.0,0,0.0,0.0,2072400.0,13793.869158683243,193,47,69,203,5,4994.223510000003,0.44839982964570835,0.4627104625067417,0.4560211731740482,0.2867644065032079,194.1818181818182,6.3
multiagent,needs-conformal,9,0.6,1.0,needs,434,364,3,0.008174386920980926,0.028846153846153848,364,261.332956849179,2615.7807133367696,8.71643179013189,600.0000000000005,0,0,0.0,0.0,0.0,157,0,0,0,0.003248511012262006,0.33427773521847925,4542255988.721164,0.0,0,572.1655654431279,255.6612159622964,1693200.0,8784.721873164155,231,52,91,267,4,3872.267890000002,0.613923771986034,0.6188334361161438,0.6333724077837672,0.36606658740951104,198.54545454545456,7.62
multiagent,needs-conformal,10,0.6,1.0,needs,460,400,0,0.0,0.0,400,200.33318002271562,1994.8699738136559,18.046869519427098,600.0000000000005,0,0,0.0,0.0,0.0,62,2,0,0,0.003408439609371076,0.23263557040383298,2737805171.8394256,0.0,0,26.95131804101095,7.667774847164878,1807200.0,11188.599271306579,258,74,64,195,1,2477.544869999999,0.6642402647857473,0.6642402647857473,0.6329121575004857,0.36595216078602233,218.1818181818182,7.14
multiagent,needs-learn_pre,1,0.6,1.0,needs,359,302,2,0.006578947368421052,0.024390243902439025,302,190.6915321352509,2966.9710896603738,3.3146969214512865,600.0000000000005,0,0,0.0,0.0,0.0,107,0,0,0,0.0024347808456955202,0.5095946473822015,3843953046.8404636,0.0,0,0.0,0.0,1858800.0,12493.476563147084,243,44,72,198,4,3490.9148099999993,0.6304961069956891,0.6386315406343431,0.5137533123866874,0.2904750588889212,164.72727272727275,2.38
multiagent,needs-learn_pre,2,0.6,1.0,needs,370,322,2,0.006172839506172839,0.02564102564102564,322,178.73123100539556,2565.8910805468595,0.0,600.0000000000005,0,0,0.0,0.0,0.0,70,0,0,0,0.007756873184832469,0.45112036374555303,3698252631.6639967,0.0,0,0.0,0.0,1519200.0,8035.265692599087,196,65,49,138,1,3460.9133200000006,0.6872566822889797,0.6935204319325035,0.47162289098112536,0.321449121754357,175.63636363636365,2.19
multiagent,needs-learn_pre,3,0.6,1.0,needs,361,287,1,0.003472222222222222,0.011904761904761904,287,157.5077453526626,3060.819749269057,0.7715535557412908,600.0,0,0,0.0,0.0,0.0,128,0,0,0,0.0015029870445556234,0.39717364023073654,4651770998.914031,0.0,0,0.40821453238868344,0.1360715107962278,1382400.0,8548.149015758576,182,42,61,194,1,2604.240439999999,0.5688150192401851,0.5716736956707846,0.4889454064037814,0.3442832351343086,156.54545454545456,2.19
multiagent,needs-learn_pre,4,0.6,1.0,needs,355,285,1,0.0034965034965034965,0.014492753623188406,285,214.0746670908493,3427.509959294439,4.322164404834037,600.0000000000005,0,0,0.0,0.0,0.0,183,0,0,0,0.0010896139842118872,0.42068518060550397,4059973941.4397335,0.0,0,0.48922383438434736,0.16307461146145386,1789200.0,13445.672428357539,231,30,78,217,5,3011.71272,0.5543329588366321,0.5578637420139355,0.5578230029906436,0.33556919562293447,155.45454545454547,2.27
multiagent,needs-learn_pre,5,0.6,1.0,needs,458,348,7,0.01971830985915493,0.08450704225352113,348,319.5538886331202,3786.9517194027044,4.141181417451303,600.0000000000005,0,0,0.0,0.0,0.0,398,0,0,0,0.009030821569306183,0.42863007404111686,5409286976.427095,0.0,0,0.0,0.0,2241600.0,22847.128034895126,244,23,76,229,8,5466.84353,0.43240774755848543,0.4414705164383252,0.6021622188592658,0.3650259110479346,189.8181818181818,2.63
multiagent,needs-learn_pre,6,0.6,1.0,needs,443,382,1,0.0026109660574412533,0.011494252873563218,382,68.57854639002517,3079.9800127801423,4.364873192605289,600.0000000000005,0,0,0.0,0.0,0.0,147,0,0,0,0.001666304816533959,0.38704001687427336,4688025621.982606,0.0,0,0.0,0.0,1865400.0,8181.096430705459,206,60,61,186,2,2921.9344,0.593246832852717,0.5938409744211764,0.515478672915048,0.3333855985861989,208.36363636363637,2.43
multiagent,needs-learn_pre,7,0.6,1.0,needs,292,216,2,0.009174311926605505,0.027777777777777776,216,430.9186086943855,3640.2073070075903,0.3941381079990385,600.0000000000005,0,0,0.0,0.0,0.0,239,0,0,0,0.000937971060534244,0.3013405092809035,5293839450.1545105,0.0,0,0.0,0.0,1060800.0,6885.818772954234,176,100,71,209,3,3694.219400000001,0.44095363395507087,0.4464313188489227,0.4376017052738928,0.33712639321925153,117.81818181818183,2.04
multiagent,needs-learn_pre,8,0.6,1.0,needs,450,352,5,0.014005602240896359,0.060240963855421686,352,40.79414567230458,3089.119652834772,7.8505327209940186,600.0000000000005,0,0,0.0,0.0,0.0,349,0,0,0,0.0031684850551763734,0.5314176488483238,6006549057.934863,0.0,0,0.0,0.0,2020800.0,13811.709912140937,193,48,67,197,5,4965.389319999999,0.4476386326851768,0.459480924555155,0.4597804988264051,0.28069420819100244,192.0,2.49
multiagent,needs-learn_pre,9,0.6,1.0,needs,437,366,2,0.005434782608695652,0.019417475728155338,366,231.22235277629056,2565.1989141822432,7.663876633924211,600.0000000000005,0,0,0.0,0.0,0.0,153,0,0,0,0.0040172020448478825,0.33886290279947784,4221025417.3220663,0.0,0,0.0,0.0,1702800.0,8425.367603729934,236,43,93,273,5,3816.818389999993,0.6261018234396751,0.6298031332486483,0.6335670248114155,0.3695538200510325,199.63636363636365,2.93
multiagent,needs-learn_pre,10,0.6,1.0,needs,463,406,0,0.0,0.0,406,192.09860861661878,2090.2931379292586,20.69700306361767,600.0,0,0,0.0,0.0,0.0,61,2,0,0,0.0017289901505245847,0.21403716317499105,2322734727.109488,0.0,0,6.106407633088395,2.035469211029465,1830000.0,11924.837100146102,255,79,64,195,1,2459.8742999999986,0.6747137542069683,0.6747137542069683,0.6428440546895235,0.36661163566407795,221.45454545454547,2.89
multiagent,oracle0,1,0.6,1.0,clairvoyant,361,306,3,0.009708737864077669,0.03571428571428571,306,122.8677104870701,2864.368374002103,2.182994250076545,600.0000000000002,0,0,0.0,0.0,0.0,135,0,0,0,0.0030266573789957825,0.5170842432629119,3018496286.633153,93.0,31,0.0,0.0,0.0,0.0,243,39,71,195,5,3480.1961599999995,0.6665587279209503,0.6794659125464374,0.51573068743525,0.2869845417148711,166.9090909090909,0.24
multiagent,oracle0,2,0.6,1.0,clairvoyant,366,321,1,0.003105590062111801,0.013333333333333334,321,141.73190138321388,2665.574892097863,0.0,600.0000000000002,0,0,0.0,0.0,0.0,95,0,0,0,0.009956191626123087,0.4578942775868621,3489456124.134628,102.0,34,0.0,0.0,0.0,0.0,191,66,49,142,1,3475.153339999997,0.7005756476201691,0.7051545734216081,0.4557998150576276,0.3258476955361517,175.0909090909091,0.28
multiagent,oracle0,3,0.6,1.0,clairvoyant,367,299,4,0.013201320132013201,0.03529411764705882,299,111.80075405688058,2409.8517956502915,2.1273225853474145,600.0,0,0,0.0,0.0,0.0,143,0,0,0,0.007063691265810586,0.41848605887870705,3393139066.066089,147.0,49,0.0,0.0,0.0,0.0,196,40,65,212,2,2667.232289999999,0.593471699436351,0.6070796860072276,0.49576262894570705,0.32979791895974014,163.0909090909091,0.24
multiagent,oracle0,4,0.6,1.0,clairvoyant,372,304,3,0.009771986970684038,0.04225352112676056,304,131.3392988013593,3391.060041026016,6.050957781379281,600.0000000000005,0,0,0.0,0.0,0.0,197,0,0,0,0.007578180408092073,0.380818674085877,3450033430.7217255,75.0,25,0.0,0.0,0.0,0.0,244,29,81,228,6,2914.8394999999996,0.5959334374573577,0.6074676330210486,0.5868931532755439,0.3549133338925571,165.8181818181818,0.29
multiagent,oracle0,5,0.6,1.0,clairvoyant,493,389,12,0.029925187032418952,0.13580246913580246,389,121.67146184399644,3873.5302592559024,3.51032917130991,600.0000000000005,0,0,0.0,0.0,0.0,412,0,0,0,0.012000424130626887,0.39294238318838437,4029161043.6418414,66.0,22,0.0,0.0,0.0,0.0,285,17,84,243,15,5463.72783,0.5106175803278103,0.5363514778406655,0.6377063193230381,0.39036723388264616,212.1818181818182,0.34
multiagent,oracle0,6,0.6,1.0,clairvoyant,448,386,1,0.002583979328165375,0.011904761904761904,386,45.908645798689804,2844.037249367649,0.2355979820160566,600.0000000000005,0,0,0.0,0.0,0.0,193,0,0,0,3.440572088327155e-05,0.39123532433187513,3894972877.7769365,195.0,65,0.0,0.0,0.0,0.0,214,57,61,181,3,3402.7842700000015,0.6495570946482254,0.6505715067954485,0.5169580010238604,0.3354048512793304,210.54545454545456,0.25
multiagent,oracle0,7,0.6,1.0,clairvoyant,303,232,1,0.004291845493562232,0.013333333333333334,232,140.71156273348288,2833.6147409911914,4.229061552106908,600.0000000000005,0,0,0.0,0.0,0.0,187,0,0,0,0.0003972811653305826,0.24118799277958547,3839310530.216138,57.0,19,0.0,0.0,0.0,0.0,198,56,84,250,4,3177.394359999997,0.5917427444083159,0.5953954773984906,0.5229479199851075,0.4053439923807896,126.54545454545455,0.28
multiagent,oracle0,8,0.6,1.0,clairvoyant,458,370,14,0.036458333333333336,0.15053763440860216,370,38.19739975639584,3241.670110903017,0.0,600.0000000000005,0,0,0.0,0.0,0.0,366,0,0,0,0.007822006475956388,0.5329772298925485,4427832883.368482,180.0,60,0.0,0.0,0.0,0.0,205,45,64,183,9,5126.280159999999,0.5076906889167486,0.5449757795704342,0.43980912380212384,0.2878998210558259,201.8181818181818,0.28
multiagent,oracle0,9,0.6,1.0,clairvoyant,461,387,4,0.010230179028132993,0.038834951456310676,387,131.48066744822881,2031.2822461350875,3.083069842676192,600.0000000000005,0,0,0.0,0.0,0.0,198,0,0,0,0.0021089194804281603,0.3248491176128079,3958594797.363642,42.0,14,0.0,0.0,0.0,0.0,240,53,86,255,4,4096.241059999997,0.6556476325450105,0.664580820099713,0.602874494382932,0.3815347060872677,211.0909090909091,0.29
multiagent,oracle0,10,0.6,1.0,clairvoyant,476,416,1,0.002398081534772182,0.012048192771084338,416,130.37871002133556,2082.8352739425272,18.823939378703116,600.0000000000005,0,0,0.0,0.0,0.0,72,1,0,0,0.0027084806396754134,0.2043722627401826,2008309806.823882,165.0,55,0.0,0.0,0.0,0.0,263,82,64,198,2,2400.0992700000015,0.6907815361541039,0.6950456197106106,0.6445296715876716,0.36770546076202143,226.9090909090909,0.31
multiagent,gate_fifo300,1,0.6,1.5,reactive_gate,509,344,13,0.036414565826330535,0.11926605504587157,344,86.04337687155402,4057.8387558226327,0.0,600.0000000000005,0,0,0.0,0.0,0.0,683,0,0,504,0.005980485088437348,0.5554941470121006,6754137768.652329,0.0,0,0.0,0.0,0.0,0.0,229,7,81,236,15,5147.3104799999965,0.2962849716638994,0.30988592883289096,0.5031312124732906,0.20966633039972501,187.63636363636365,0.35
multiagent,gate_fifo300,2,0.6,1.5,reactive_gate,518,346,14,0.03888888888888889,0.13592233009708737,346,124.46119099546877,3657.6693054627435,0.0,600.0000000000005,0,0,0.0,0.0,0.0,620,0,0,333,0.005156955362299176,0.5015663671881166,6207464998.695059,0.0,0,0.0,0.0,0.0,0.0,215,17,61,184,10,3848.80398,0.33005262603571,0.3461379056838826,0.47847268915517355,0.2748083400149871,188.72727272727275,0.33
multiagent,gate_fifo300,3,0.6,1.5,reactive_gate,410,301,7,0.022727272727272728,0.07954545454545454,301,104.0404918803415,2513.2925706677684,0.0,600.0000000000005,0,0,0.0,0.0,0.0,384,0,0,316,0.004451223727109374,0.42520928748327064,6020024882.78144,0.0,0,0.0,0.0,0.0,0.0,222,5,60,188,8,3395.1070999999993,0.41230335622455705,0.42598683472375204,0.48561015067744756,0.2963644947844045,164.1818181818182,0.27
multiagent,gate_fifo300,4,0.6,1.5,reactive_gate,459,302,8,0.025806451612903226,0.08888888888888889,302,120.05397690869495,3726.7058852400396,3.4601397999247845,600.0000000000005,0,0,0.0,0.0,0.0,440,0,0,338,0.004285275515192217,0.38070836888067955,6293914933.530295,0.0,0,0.0,0.0,0.0,0.0,224,15,81,238,11,3321.758400000001,0.3403151307679788,0.34914643788794614,0.5393822498543124,0.2953668083998875,164.72727272727275,0.31
multiagent,gate_fifo300,5,0.6,1.5,reactive_gate,541,357,24,0.06299212598425197,0.27058823529411763,357,122.1986720528239,4869.023967847479,1.9143292935923983,600.0000000000005,0,0,0.0,0.0,0.0,1076,0,0,515,0.018885864498034737,0.40801873834524466,6897776672.382381,0.0,0,0.0,0.0,0.0,0.0,244,2,79,230,25,5463.931659999999,0.26505686202791023,0.2874953688240586,0.539608086558696,0.29915915758048106,194.72727272727275,0.37
multiagent,gate_fifo300,6,0.6,1.5,reactive_gate,523,392,8,0.02,0.08695652173913043,392,26.066400453844494,2572.626808058645,0.0,600.0000000000005,0,0,0.0,0.0,0.0,432,0,0,225,0.001298897154142186,0.4418757984868965,6647025269.444173,0.0,0,0.0,0.0,0.0,0.0,193,20,55,164,10,3656.71476,0.4044375524384072,0.4162800624513098,0.4794320099755569,0.2693956344868178,213.8181818181818,0.26
multiagent,gate_fifo300,7,0.6,1.5,reactive_gate,519,310,18,0.054878048780487805,0.15789473684210525,310,107.77718515278457,3377.4243929056797,2.0265199520933446,600.0000000000005,0,0,0.0,0.0,0.0,924,0,0,477,0.012267395059907179,0.3989367147532904,6520373020.570753,0.0,0,0.0,0.0,0.0,0.0,213,25,91,272,16,5473.0385,0.2690168316042426,0.28485003926268554,0.5209106144335989,0.2898445617207939,169.0909090909091,0.37
multiagent,gate_fifo300,8,0.6,1.5,reactive_gate,613,409,37,0.08295964125560538,0.2892561983471074,409,47.261944871795095,3875.0304106971453,0.0,600.0000000000005,0,0,0.0,0.0,0.0,1127,0,0,371,0.02046245671614867,0.5303248914846761,7985539909.438204,0.0,0,0.0,0.0,0.0,0.0,211,3,69,196,18,5518.38004,0.2627804634138059,0.29645537292466945,0.4537495665428322,0.2642091218079506,223.0909090909091,0.38
multiagent,gate_fifo300,9,0.6,1.5,reactive_gate,501,371,7,0.018518518518518517,0.0660377358490566,371,77.93199972981802,2584.416134033497,2.297513927188389,600.0000000000005,0,0,0.0,0.0,0.0,403,0,0,344,0.015203536384286955,0.3098581561733369,6571677441.708138,0.0,0,0.0,0.0,0.0,0.0,220,39,80,229,14,4693.394359999998,0.43197972135317236,0.44161570026556224,0.5123127281509,0.3121460214258779,202.36363636363637,0.32
multiagent,gate_fifo300,10,0.6,1.5,reactive_gate,532,393,9,0.022388059701492536,0.0891089108910891,393,153.642554566919,3383.9047846470708,15.197009125154676,600.0000000000005,0,0,0.0,0.0,0.0,529,0,0,413,0.00561561252786087,0.19232089289858242,4326334173.122681,0.0,0,0.0,0.0,0.0,0.0,235,7,65,202,7,2784.7941999999994,0.38008497313948686,0.3944338865708028,0.5957664215269685,0.30157247759768446,214.36363636363637,0.33
multiagent,gate_vtfq0,1,0.6,1.5,reactive_gate,507,356,5,0.013850415512465374,0.0423728813559322,356,318.2661037056901,3586.7038155181467,3.4699135644587953,600.0000000000005,0,0,0.0,0.0,0.0,528,0,0,0,0.002893783224570118,0.4969083984363377,6111519137.335002,0.0,0,0.0,0.0,0.0,0.0,266,8,97,276,9,4729.518600000005,0.37700680550658133,0.3831451816710536,0.5994454802836053,0.32066188527140344,194.1818181818182,0.39
multiagent,gate_vtfq0,2,0.6,1.5,reactive_gate,536,377,12,0.030848329048843187,0.10256410256410256,377,263.93266824825514,3061.1094690515265,0.6937862448976962,600.0000000000005,0,0,0.0,0.0,0.0,463,0,0,0,0.025656646555194403,0.4523462248987072,6527925385.346076,0.0,0,0.0,0.0,0.0,0.0,232,28,69,203,2,3483.9893900000015,0.38771657164331724,0.39961035889727725,0.5322570132859039,0.36576115606368625,205.63636363636365,0.34
multiagent,gate_vtfq0,3,0.6,1.5,reactive_gate,426,326,5,0.015105740181268883,0.041666666666666664,326,194.99334569034943,3204.657821748873,4.9036298487806,600.0000000000005,0,0,0.0,0.0,0.0,271,0,0,0,0.007232207231932586,0.45084031307778005,5658126591.76397,0.0,0,0.0,0.0,0.0,0.0,230,22,69,219,6,3638.57951,0.5154402706461048,0.5274917032610992,0.5570589374635782,0.35627092273077904,177.8181818181818,0.33
multiagent,gate_vtfq0,4,0.6,1.5,reactive_gate,488,350,2,0.005681818181818182,0.021052631578947368,350,272.85472843597904,3431.691903959888,12.73031244310594,600.0000000000005,0,0,0.0,0.0,0.0,310,0,0,0,0.0012439431355652103,0.4030980670569341,5711182817.3138485,0.0,0,0.0,0.0,0.0,0.0,249,22,95,276,10,2943.9530799999993,0.4287496159347047,0.4320861888213561,0.6268903197439135,0.3514424498082139,190.9090909090909,0.33
multiagent,gate_vtfq0,5,0.6,1.5,reactive_gate,574,420,17,0.038901601830663615,0.17,420,513.1852129597767,5482.858627685392,23.010552722646786,600.0000000000005,0,0,0.0,0.0,0.0,788,0,0,0,0.01266577153688258,0.3764423984276838,5148202894.298063,0.0,0,0.0,0.0,0.0,0.0,285,4,101,293,14,5472.336499999999,0.3704431928258678,0.39051567100195406,0.7038711146764116,0.3912481256430763,229.0909090909091,0.46
multiagent,gate_vtfq0,6,0.6,1.5,reactive_gate,531,414,4,0.009569377990430622,0.03773584905660377,414,50.86680500849798,2998.295179829496,7.812057788362977,600.0000000000005,0,0,0.0,0.0,0.0,304,0,0,0,0.0005123195653085153,0.377168592039685,5955484264.873169,0.0,0,0.0,0.0,0.0,0.0,213,52,70,214,6,3632.6144600000002,0.4670274740135106,0.47285194934282593,0.5530623100759195,0.3741929192199513,225.81818181818184,0.32
multiagent,gate_vtfq0,7,0.6,1.5,reactive_gate,519,326,10,0.02976190476190476,0.0847457627118644,326,249.53310516081183,4004.4077891491734,5.870730411623105,600.0000000000005,0,0,0.0,0.0,0.0,796,0,0,0,0.01474599150972152,0.389137442122674,5886849739.9034,0.0,0,0.0,0.0,0.0,0.0,233,30,100,297,4,3681.34868,0.30008991698556425,0.30891201265714335,0.6010629685071873,0.37069083163387845,177.8181818181818,0.38
multiagent,gate_vtfq0,8,0.6,1.5,reactive_gate,620,421,20,0.045351473922902494,0.14912280701754385,421,54.08921623931633,3765.757598701465,0.7175014534959417,600.0000000000005,0,0,0.0,0.0,0.0,1092,0,0,0,0.023497416052013866,0.5293263331566943,8059073015.168739,0.0,0,0.0,0.0,0.0,0.0,268,9,86,247,13,3666.39571,0.2836932751469237,0.30115157555856786,0.5316752084709272,0.3262945884973251,229.63636363636365,0.43
multiagent,gate_vtfq0,9,0.6,1.5,reactive_gate,490,361,4,0.010958904109589041,0.03636363636363636,361,167.0329761086441,2824.517691806304,5.61216775523998,600.0000000000005,0,0,0.0,0.0,0.0,331,0,0,0,0.011430642670231759,0.3286948573966496,5963143456.815671,0.0,0,0.0,0.0,0.0,0.0,252,65,97,284,5,3503.5377599999915,0.4860128994964089,0.4895421199779089,0.6082351873745468,0.36724696621419267,196.9090909090909,0.33
multiagent,gate_vtfq0,10,0.6,1.5,reactive_gate,551,435,5,0.011363636363636364,0.04504504504504504,435,316.93836552688117,2814.8270571004937,19.42646340754318,600.0000000000005,0,0,0.0,0.0,0.0,400,0,0,0,0.004122023229434359,0.2702290297247544,3743328571.96885,0.0,0,0.0,0.0,0.0,0.0,303,66,80,247,4,2579.823079999997,0.4593115309560748,0.4667409738071003,0.7038388737576082,0.38851362073138224,237.27272727272728,0.41
multiagent,gate_srpt0,1,0.6,1.5,reactive_gate,512,364,9,0.024128686327077747,0.07377049180327869,364,292.3423763885785,3798.9629096960603,2.8357213040797693,600.0000000000005,0,0,0.0,0.0,0.0,493,0,0,0,0.0034726781926373534,0.5047982644888924,5980482301.707886,0.0,0,0.0,0.0,0.0,0.0,264,11,93,271,12,4847.612979999995,0.39321515773832444,0.4054117045153561,0.6053765281298563,0.31519851058405446,198.54545454545456,0.35
multiagent,gate_srpt0,2,0.6,1.5,reactive_gate,550,397,11,0.02696078431372549,0.09322033898305085,397,276.3371066129321,2901.105132895884,1.5908156253514156,600.0000000000002,0,0,0.0,0.0,0.0,389,0,0,0,0.02213451465054848,0.4524327741644429,6267811930.795114,0.0,0,0.0,0.0,0.0,0.0,242,28,69,202,3,3490.9016399999996,0.410088187901855,0.42328407472768936,0.5582323866388241,0.3651677035751983,216.54545454545456,0.33
multiagent,gate_srpt0,3,0.6,1.5,reactive_gate,425,327,7,0.020958083832335328,0.061224489795918366,327,195.27327633779396,3624.7294207965024,7.459450073769891,600.0000000000005,0,0,0.0,0.0,0.0,243,1,0,0,0.006952318798852819,0.42916282308785353,5373189031.425515,0.0,0,0.0,0.0,0.0,0.0,219,21,70,221,8,3639.05346,0.5203827285332976,0.537780652667886,0.5715016337574463,0.3662793611999309,178.36363636363637,0.32
multiagent,gate_srpt0,4,0.6,1.5,reactive_gate,494,360,4,0.01098901098901099,0.04040404040404041,360,295.7918078543569,3381.2367130899565,7.086850364786712,600.0000000000005,0,0,0.0,0.0,0.0,274,0,0,0,0.014635238827265688,0.3986969065788972,5530747100.225178,0.0,0,0.0,0.0,0.0,0.0,254,22,98,289,8,3044.1596999999992,0.44456950579079546,0.45154314509731774,0.6480613138799859,0.35650517427992273,196.36363636363637,0.32
multiagent,gate_srpt0,5,0.6,1.5,reactive_gate,578,425,19,0.04279279279279279,0.17142857142857143,425,481.9494193105206,5480.866039534595,8.187450528655265,600.0000000000005,0,0,0.0,0.0,0.0,668,0,0,0,0.018319029219528698,0.3557008178842794,5006519841.223572,0.0,0,0.0,0.0,0.0,0.0,278,5,105,301,14,5447.68622,0.3834777138304591,0.4086047058494035,0.724964497090294,0.4060609734910352,231.81818181818184,0.56
multiagent,gate_srpt0,6,0.6,1.5,reactive_gate,534,415,5,0.011904761904761904,0.04854368932038835,415,48.51651227335287,3163.01125944527,2.276017468253343,600.0000000000005,0,0,0.0,0.0,0.0,279,0,0,0,0.0005898404484064841,0.3888150014474111,5939781685.617536,0.0,0,0.0,0.0,0.0,0.0,227,49,67,200,3,3416.885849999999,0.4777612236984614,0.48583953548953995,0.5492546003585536,0.35520343126871473,226.36363636363637,0.34
multiagent,gate_srpt0,7,0.6,1.5,reactive_gate,525,330,11,0.03225806451612903,0.09243697478991597,330,298.13213965233854,3720.337686758178,8.990088759050916,600.0000000000005,0,0,0.0,0.0,0.0,684,0,0,0,0.02146210212755319,0.4299693818415665,6104940098.79464,0.0,0,0.0,0.0,0.0,0.0,232,31,102,299,10,3666.25193,0.31133744856563755,0.3217296303272925,0.5934650651223776,0.3605670982104174,180.0,0.39
multiagent,gate_srpt0,8,0.6,1.5,reactive_gate,646,450,24,0.05063291139240506,0.168,450,63.60230293847803,4222.967324592181,0.905525908515159,600.0000000000005,0,0,0.0,0.0,0.0,848,0,0,0,0.02130291837775103,0.49721025703385857,7760218923.086966,0.0,0,0.0,0.0,0.0,0.0,261,10,88,251,12,3656.76988,0.30969530778662535,0.3327286971367091,0.5366330411972288,0.3433278348980637,245.45454545454547,0.43
multiagent,gate_srpt0,9,0.6,1.5,reactive_gate,499,373,5,0.013227513227513227,0.04504504504504504,373,165.10667631177785,2684.833310448597,6.002254299154594,600.0000000000005,0,0,0.0,0.0,0.0,273,0,0,0,0.01117191691295689,0.3321813448866656,5634557609.5513935,0.0,0,0.0,0.0,0.0,0.0,245,65,95,277,6,3578.6235999999953,0.4967532260137173,0.502470986028625,0.6162729964104183,0.3727910902397065,203.45454545454547,0.34
multiagent,gate_srpt0,10,0.6,1.5,reactive_gate,549,430,5,0.011494252873563218,0.04504504504504504,430,294.08117644938284,2444.4590760903766,18.43472129062808,600.0000000000005,0,0,0.0,0.0,0.0,290,0,0,0,0.007243472763891719,0.28473558214926536,3537524718.92194,0.0,0,0.0,0.0,0.0,0.0,292,62,79,244,4,2600.969800000001,0.4683664924370959,0.4756650773186611,0.7117836069590132,0.389121004433037,234.54545454545456,0.41
multiagent,lease0,1,0.6,1.5,lease,508,359,7,0.01912568306010929,0.05785123966942149,359,336.03343113367055,3468.4368146964466,2.2570765693394637,600.0000000000005,0,0,0.0,0.0,0.0,535,0,0,0,0.0032369365224153603,0.4957329445097204,5801533173.683562,300.8428607708804,5,1461.2724062487023,1069.4325868452806,452400.0,7059.1797087843715,266,10,94,269,10,4749.477490000001,0.38139383209760663,0.39033215520670705,0.6045368781403782,0.31646813237821025,195.8181818181818,0.65
multiagent,lease0,2,0.6,1.5,lease,538,382,11,0.027989821882951654,0.09482758620689655,382,276.7114037320407,3019.3422553957616,0.012792300915151367,600.0000000000005,0,0,0.0,0.0,0.0,454,0,0,0,0.02523109564252272,0.4529428960505148,5998439424.312322,784.1954462010574,6,1804.977255408192,1609.5076663930768,417600.0,8330.876124065639,229,25,71,208,2,3475.935559999997,0.4002425135370978,0.41098071734215375,0.5439085655756282,0.3553616786043592,208.36363636363637,0.66
multiagent,lease0,3,0.6,1.5,lease,420,318,6,0.018518518518518517,0.05319148936170213,318,196.13774267797032,3849.0518492226206,0.9460352335293623,600.0000000000005,0,0,0.0,0.0,0.0,296,0,0,0,0.007394774448422901,0.44469778310500696,5067444909.423628,2039.187346589962,20,1458.881935787238,915.2754341096256,328200.0,3825.9943486980883,219,23,69,221,7,3640.03385,0.49904468418588194,0.5131951850253567,0.5513691971760879,0.35841000755925867,173.45454545454547,0.66
multiagent,lease0,4,0.6,1.5,lease,484,344,2,0.005780346820809248,0.02127659574468085,344,296.16085355714563,3790.027574350138,12.150419994153308,600.0000000000005,0,0,0.0,0.0,0.0,332,0,0,0,0.001060996390594724,0.40466300287345547,5219219847.5544,801.837235741878,5,1177.0696565041528,956.2770415684572,393600.0,5600.374446217112,246,24,95,276,8,3620.33322,0.42263991226298325,0.42592893881755906,0.6347519540395947,0.3492562745251355,187.63636363636365,0.71
multiagent,lease0,5,0.6,1.5,lease,561,394,15,0.03667481662591687,0.16483516483516483,394,549.2379659846206,5465.04209583307,25.066579098113227,600.0000000000005,0,0,0.0,0.0,0.0,865,0,0,0,0.010029144350205988,0.35764731952892737,4719431869.711331,35.333415104651635,1,1123.9104029972232,1090.618532362396,514800.0,11470.67054088035,290,4,98,285,14,5462.3114000000005,0.3460174547806254,0.36153984755571583,0.7109232912417444,0.38045602714001386,214.9090909090909,0.97
multiagent,lease0,6,0.6,1.5,lease,529,415,4,0.00954653937947494,0.03773584905660377,415,55.50375506700652,3267.2572551581156,4.130373709466221,600.0000000000005,0,0,0.0,0.0,0.0,291,0,0,0,0.0018667969253322427,0.375234000530959,5268605172.102331,6821.632797569297,28,1678.299028382089,907.7193425362534,454800.0,4191.721883599473,215,41,66,198,5,3631.6812,0.47045571226908156,0.4763664589841244,0.5566778815438035,0.36807355663447694,226.36363636363637,0.66
multiagent,lease0,7,0.6,1.5,lease,517,323,10,0.03003003003003003,0.08403361344537816,323,263.1413337880531,3902.7434752669865,9.255857906898232,600.0000000000005,0,0,0.0,0.0,0.0,792,0,0,0,0.013334363884913509,0.379686765093829,5588352596.383327,0.0,0,1030.238815116591,915.904809847939,410400.0,5996.497132420247,235,29,103,304,6,3653.08625,0.301317615546292,0.310562134061413,0.6036025780319219,0.3676867398584226,176.1818181818182,0.71
multiagent,lease0,8,0.6,1.5,lease,609,407,21,0.04906542056074766,0.14782608695652175,407,54.08921623931633,4105.16112075997,0.0,600.0000000000005,0,0,0.0,0.0,0.0,1080,0,0,0,0.021414360535158238,0.5369515974201895,7893498095.046768,886.4955843831948,4,1308.8873402752195,1061.6007176300072,484200.0,11445.356135726182,251,10,85,242,11,5184.690099999999,0.28118046704636096,0.3001112304424166,0.5163200861661487,0.3271867069986288,222.0,0.8
multiagent,lease0,9,0.6,1.5,lease,500,373,3,0.007978723404255319,0.02702702702702703,373,209.65028706596604,3001.1904575081835,6.265684914127196,600.0000000000005,0,0,0.0,0.0,0.0,307,0,0,0,0.009701587649640693,0.3167054944480376,5346277966.232641,4990.796718522681,12,1465.2612116611253,771.9721920359507,367800.0,3051.2961752022297,245,50,94,276,7,3510.696930000002,0.5007340623853064,0.5040453009223782,0.6024088550529332,0.37585747300559996,203.45454545454547,0.77
multiagent,lease0,10,0.6,1.5,lease,552,432,5,0.011441647597254004,0.045454545454545456,432,313.10229453371244,2527.051269609138,21.880781301351238,600.0000000000005,0,0,0.0,0.0,0.0,389,2,0,0,0.004103301550373256,0.2648185763842848,3555892090.854482,1408.8481520020505,12,1940.9180763980235,1796.6360429196816,448200.0,6728.054010721283,300,48,80,249,6,2977.4273600000006,0.45221901192600483,0.45930116024366185,0.7077174777057433,0.3838917408310171,235.63636363636365,0.88
multiagent,needs,1,0.6,1.5,needs,508,361,4,0.010958904109589041,0.03361344537815126,361,318.01041147083765,3878.8713223630957,2.9839238245123942,600.0000000000005,0,0,0.0,0.0,0.0,532,0,0,0,0.0024987176731929867,0.5060119046728911,4981220566.967935,0.0,0,0.0,0.0,2426400.0,22157.67694276452,267,12,94,272,10,4710.714399999994,0.38690875878461006,0.3917708071072608,0.6010205544143357,0.31409960735924586,196.9090909090909,8.98
multiagent,needs,2,0.6,1.5,needs,535,379,10,0.02570694087403599,0.08620689655172414,379,263.9414025813335,3072.616360306442,1.1997521977423968,600.0000000000005,0,0,0.0,0.0,0.0,454,0,0,0,0.021318112377675308,0.44612363236841385,5601525871.186299,0.0,0,0.0,0.0,2227200.0,19769.38087618014,227,30,72,216,4,4870.1125200000015,0.3937819866189933,0.4027807447165915,0.545030575045325,0.36544658071198066,206.72727272727275,7.45
multiagent,needs,3,0.6,1.5,needs,424,324,5,0.015197568389057751,0.05263157894736842,324,194.99334569034943,3371.9861830914756,4.72974804681591,600.0000000000005,0,0,0.0,0.0,0.0,263,0,0,0,0.0021546729578876232,0.44148907264402415,4270831676.156016,0.0,0,0.7608650061757771,0.25362166872525904,1781400.0,13006.809307673007,233,22,70,217,5,3638.1504800000002,0.5031844447868875,0.5149403896225666,0.567752282953736,0.35554541227936765,176.72727272727275,9.3
multiagent,needs,4,0.6,1.5,needs,483,345,3,0.008620689655172414,0.03125,345,283.94533785627846,3598.6935755471277,12.386000683130547,600.0000000000005,0,0,0.0,0.0,0.0,327,0,0,0,0.012587832455032403,0.3924335812411902,5121451364.029167,0.0,0,8.948360827615915,2.982786942538638,2116800.0,21854.757149497033,252,22,96,279,8,3050.0088400000004,0.41915753101204695,0.4240695333285944,0.6332293443044225,0.3578189334084259,188.1818181818182,11.19
multiagent,needs,5,0.6,1.5,needs,561,396,12,0.029411764705882353,0.13636363636363635,396,533.8093886020305,4026.8545955419295,28.13077456894941,600.0000000000005,0,0,0.0,0.0,0.0,864,1,0,0,0.007643011517915789,0.3698922467519235,4742401552.3962755,0.0,0,0.0,0.0,2716200.0,34888.118256438276,290,5,98,285,8,4625.156079999993,0.33454129493431356,0.34498744956886046,0.7041160589751684,0.3796609406060008,216.0,24.67
multiagent,needs,6,0.6,1.5,needs,527,410,4,0.00966183574879227,0.038461538461538464,410,52.69679105300793,3341.5762804631063,7.853261954519258,600.0000000000005,0,0,0.0,0.0,0.0,298,0,0,0,0.0019330018922270877,0.37658720332077417,5445538835.885221,0.0,0,0.0,0.0,2256600.0,12831.88510972565,219,47,68,208,5,3632.58696,0.46856381735727526,0.4744053471007951,0.5548044055296555,0.3749893504877082,223.63636363636365,30.8
multiagent,needs,7,0.6,1.5,needs,516,326,9,0.026865671641791045,0.075,326,316.6264672216167,4405.375604988998,6.984962897337858,600.0000000000005,0,0,0.0,0.0,0.0,782,0,0,0,0.016352374797328838,0.3863489813151676,5372297559.597159,0.0,0,0.0,0.0,2095800.0,17700.238000963836,237,32,100,298,6,3652.635,0.3057565177780609,0.3141601502901603,0.6045949094591752,0.3661660020228911,177.8181818181818,16.1
multiagent,needs,8,0.6,1.5,needs,624,424,19,0.04288939051918736,0.14912280701754385,424,55.07420719140208,3894.3723241030134,0.01617852157079684,600.0000000000005,0,0,0.0,0.0,0.0,1049,0,0,0,0.00844215178239535,0.5442084751469042,7463191507.385823,0.0,0,0.0,0.0,2559000.0,25008.715288055493,255,9,85,241,11,3643.90648,0.29033788340755795,0.30703740027832976,0.5300036578768453,0.3209444279183363,231.27272727272728,7.46
multiagent,needs,9,0.6,1.5,needs,494,367,4,0.01078167115902965,0.03636363636363636,367,190.36695448127784,2996.3911130080696,7.417429707783848,600.0000000000005,0,0,0.0,0.0,0.0,338,1,0,0,0.011639991554000532,0.30934909333271093,5198689128.055222,0.0,0,0.0,0.0,1861800.0,11802.338444475361,251,62,95,278,5,3454.2869999999916,0.5032917639373201,0.5070362285416744,0.606703229656339,0.38909523691219794,200.1818181818182,7.48
multiagent,needs,10,0.6,1.5,needs,555,440,5,0.011235955056179775,0.04504504504504504,440,313.5217251682536,2483.7614654392814,22.518401276999896,600.0000000000005,0,0,0.0,0.0,0.0,383,3,0,0,0.00985377174381253,0.2672715450186118,3346113203.0985265,0.0,0,84.80834585485528,8.841828825544297,2332800.0,20872.687148158562,295,48,79,244,4,2483.7428800000016,0.46062257225604397,0.4679728920908645,0.7043716757195351,0.3945440357518658,240.0,9.52
multiagent,needs_pre,1,0.6,1.5,needs,508,361,5,0.01366120218579235,0.04201680672268908,361,317.1847455857808,3825.8276298313704,2.1261789363321033,600.0000000000005,0,0,0.0,0.0,0.0,542,0,0,0,0.0024711511901317974,0.5000918814375688,5185786584.86531,0.0,0,0.0,0.0,2400000.0,21897.647354066477,270,12,93,268,10,4751.258940000001,0.383949148568924,0.3900747810610328,0.600928608440171,0.3164690750264677,196.9090909090909,10.23
multiagent,needs_pre,2,0.6,1.5,needs,536,378,9,0.023255813953488372,0.0782608695652174,378,272.9417256259269,3049.3174527167407,0.4083645996382103,600.0000000000005,0,0,0.0,0.0,0.0,455,0,0,0,0.016621405716945203,0.45706409221507194,5809626807.498801,0.0,0,0.0,0.0,2233800.0,20260.39729955219,228,30,70,206,3,4868.500680000001,0.3898463114044551,0.39865920348981476,0.5457939291634293,0.362624232323832,206.1818181818182,7.48
multiagent,needs_pre,3,0.6,1.5,needs,422,322,5,0.01529051987767584,0.052083333333333336,322,186.99831230775226,3759.7786559095907,2.5773160277540543,600.0000000000005,0,0,0.0,0.0,0.0,297,0,0,0,0.001702805810174725,0.4314314279345994,4719385118.578758,0.0,0,1.2871941945793992,0.4290647315264664,1765800.0,12271.800026690407,228,20,69,219,7,3639.24592,0.5083992629573516,0.520282859193974,0.5617655324316887,0.36347789403626757,175.63636363636365,6.9
multiagent,needs_pre,4,0.6,1.5,needs,486,346,3,0.008595988538681949,0.03125,346,259.2301868984256,3609.981588373221,18.752474737790685,600.0000000000005,0,0,0.0,0.0,0.0,335,0,0,0,0.016132624450812254,0.39817050170087465,5256111520.081077,0.0,0,3.903924263192323,1.3013080877307743,2082000.0,21683.222893092086,253,22,96,277,7,2969.68116,0.417297022873259,0.422187222360055,0.6280363384526353,0.3579574031695286,188.72727272727275,7.0
multiagent,needs_pre,5,0.6,1.5,needs,567,404,15,0.03579952267303103,0.15384615384615385,404,598.2490482738541,4277.091018452586,25.184940248306063,600.0000000000005,0,0,0.0,0.0,0.0,862,1,0,0,0.015309349391523681,0.3739713700744127,4962735577.820032,0.0,0,0.0,0.0,2764200.0,34253.351460243524,285,4,101,295,12,4561.224710000003,0.3446401936281702,0.36009446322876354,0.709069933250777,0.38280769512684637,220.36363636363637,9.23
multiagent,needs_pre,6,0.6,1.5,needs,529,415,5,0.011904761904761904,0.04672897196261682,415,57.711412273352835,3007.4733163936785,13.014227646254875,600.0000000000005,0,0,0.0,0.0,0.0,295,0,0,0,0.003369196257255671,0.37918883748805143,5015601920.130046,0.0,0,0.0,0.0,2221800.0,12147.593423776394,219,48,67,204,6,3631.69837,0.4717965526159082,0.479733928351671,0.5598574319962445,0.37122031811361605,226.36363636363637,9.53
multiagent,needs_pre,7,0.6,1.5,needs,518,325,9,0.02694610778443114,0.07692307692307693,325,298.03721974387577,3757.483203381353,7.3960383728013674,600.0000000000005,0,0,0.0,0.0,0.0,804,0,0,0,0.013265617725168606,0.3748774865184076,5552530314.375877,0.0,0,0.0,0.0,2081400.0,17555.788600602806,235,32,101,299,6,3657.40072,0.3025177552221164,0.31086997800679694,0.5978565929729993,0.37550383906456153,177.27272727272728,7.69
multiagent,needs_pre,8,0.6,1.5,needs,610,405,19,0.04481132075471698,0.14545454545454545,405,49.720776490811204,3965.693719712447,0.0,600.0000000000005,0,0,0.0,0.0,0.0,1093,0,0,0,0.011321331483165482,0.5424641668405528,7865757156.564649,0.0,0,0.0,0.0,2426400.0,22724.49263423616,252,8,83,237,10,5007.908370000002,0.2793239356296551,0.2954955179916871,0.5185476785159285,0.3289616659263307,220.9090909090909,7.7
multiagent,needs_pre,9,0.6,1.5,needs,489,362,4,0.01092896174863388,0.037383177570093455,362,162.78276677067424,2916.9799160207085,10.809008688439521,600.0000000000005,0,0,0.0,0.0,0.0,340,0,0,0,0.010433556866250996,0.31441615000583484,5027017142.810413,0.0,0,0.0,0.0,1870200.0,11953.400558581126,253,64,99,289,5,3453.0275499999816,0.4835290494779909,0.4870234626609034,0.6241144644926834,0.37996209536297787,197.45454545454547,7.83
multiagent,needs_pre,10,0.6,1.5,needs,552,434,5,0.011389521640091117,0.045454545454545456,434,321.6141624239915,2585.366303590633,21.666940681112226,600.0000000000005,0,0,0.0,0.0,0.0,386,3,0,0,0.006109574246195551,0.2644212013604197,3229321943.3907003,0.0,0,12.498005992746386,4.1660019975821285,2326800.0,21004.147418847002,305,60,82,250,5,2535.5948399999966,0.46287870548995774,0.4704243605042852,0.7205381940154753,0.3847173877636517,236.72727272727275,8.4
multiagent,needs_jev,1,0.6,1.5,needs,520,371,8,0.021108179419525065,0.06557377049180328,371,293.13222886976746,3740.5056365660394,5.269140037007219,600.0000000000005,0,0,0.0,0.0,0.0,549,1,0,0,0.005832896642260304,0.49978038820484344,4613399742.965163,0.0,0,0.0,0.0,2433600.0,21976.720046462506,268,12,93,269,10,4710.381999999994,0.39810452003768226,0.4089063713722613,0.6095303330581456,0.3167823558274796,202.36363636363637,26.01
multiagent,needs_jev,2,0.6,1.5,needs,542,386,9,0.02278481012658228,0.07758620689655173,386,285.2475299171433,2992.672346698213,1.0388478619245691,600.0000000000002,0,0,0.0,0.0,0.0,457,0,0,0,0.019124078290966493,0.4476403880248245,5409732421.611698,0.0,0,0.0,0.0,2257800.0,20138.428567120318,232,30,71,212,3,4867.498560000001,0.39862425626244574,0.40774098781976914,0.5534340721234784,0.36275500573103525,210.54545454545456,24.01
multiagent,needs_jev,3,0.6,1.5,needs,426,326,5,0.015105740181268883,0.052083333333333336,326,197.2743239254844,3412.351818979937,3.245448206397704,600.0000000000005,0,0,0.0,0.0,0.0,291,1,0,0,0.0026642752946942024,0.43579189865564943,4705037192.569291,0.0,0,1.5045926240622975,0.5015308746874325,1747800.0,12140.615633547945,223,22,69,219,7,3638.81357,0.5053162630222305,0.5171245985818606,0.5592286225233101,0.357011527056185,177.8181818181818,25.96
multiagent,needs_jev,4,0.6,1.5,needs,484,345,3,0.008620689655172414,0.030927835051546393,345,301.94891906748376,3531.4253577751583,15.34321963534635,600.0000000000005,0,0,0.0,0.0,0.0,341,0,0,0,0.014276003200402117,0.4057627692003181,5499182739.569336,0.0,0,3.9039250693522405,1.3013083564507468,2106000.0,21876.844317899697,250,21,94,273,7,3070.7491499999996,0.4232142540507684,0.4281737960904259,0.6317665257017289,0.3547358160904402,188.1818181818182,31.08
multiagent,needs_jev,5,0.6,1.5,needs,560,393,17,0.041463414634146344,0.17582417582417584,393,581.1843188471009,5461.0209098053865,26.587209678353297,600.0000000000005,0,0,0.0,0.0,0.0,878,0,0,0,0.01356758682006839,0.36878612570034197,4828613992.978211,0.0,0,0.0,0.0,2655000.0,34242.208622554754,289,3,98,285,8,5448.211,0.33800099354407465,0.3564508274053218,0.7039238122409998,0.38951545028900797,214.36363636363637,29.11
multiagent,needs_jev,6,0.6,1.5,needs,530,418,5,0.01182033096926714,0.046296296296296294,418,62.015256700921555,2953.014565275682,7.735253475519995,600.0000000000005,0,0,0.0,0.0,0.0,298,0,0,0,0.0020545141286725022,0.373587624082646,5302139343.555898,0.0,0,0.0,0.0,2232600.0,12396.170115569823,221,48,67,204,5,3633.34612,0.47561013207116576,0.48362244055642106,0.5576307145007771,0.3708004684590761,228.0,22.27
multiagent,needs_jev,7,0.6,1.5,needs,517,326,8,0.023952095808383235,0.06722689075630252,326,320.51710741023186,3753.459808849174,12.915731094902958,600.0000000000005,0,0,0.0,0.0,0.0,789,0,0,0,0.01291012382992518,0.3821039503702465,5220804279.56483,0.0,0,0.0,0.0,2099400.0,18003.406140454594,230,28,102,303,5,3656.1342999999997,0.3049821287392303,0.31258779629242733,0.6016022655562031,0.37290054399397266,177.8181818181818,25.63
multiagent,needs_jev,8,0.6,1.5,needs,608,407,20,0.0468384074941452,0.15178571428571427,407,48.542900247482066,3862.2513551616985,1.3497365618311559,600.0000000000005,0,0,0.0,0.0,0.0,1085,0,0,0,0.010116068520228429,0.545754139784622,7924633070.1891985,0.0,0,0.0,0.0,2505000.0,23160.080005304506,255,8,84,237,12,5029.318299999999,0.2786017019175556,0.29572005058481504,0.5177633157253626,0.32399857611366967,222.0,40.78
multiagent,needs_jev,9,0.6,1.5,needs,490,364,4,0.010869565217391304,0.03669724770642202,364,169.4681913240895,3018.525545697886,7.498213869427285,600.0000000000005,0,0,0.0,0.0,0.0,337,0,0,0,0.01167078795471072,0.3240234867395748,5084631772.868254,0.0,0,0.0,0.0,1860600.0,11002.732868526053,255,64,96,281,5,3507.7686199999916,0.4889153426529907,0.4925051141476788,0.6169683472586442,0.3752582838731676,198.54545454545456,27.68
multiagent,needs_jev,10,0.6,1.5,needs,547,432,6,0.0136986301369863,0.05309734513274336,432,314.9279377699801,2825.990325078608,21.401444221342047,600.0000000000005,0,0,0.0,0.0,0.0,426,1,0,0,0.0046994698629646645,0.29061705911196395,3556742876.2216825,0.0,0,12.795270172065926,4.265090057355309,2316000.0,20553.88506746098,300,54,78,238,4,3344.6440999999986,0.45138216586678986,0.46003684348296825,0.7030895561949625,0.3779731980773432,235.63636363636365,26.22
multiagent,needs-content,1,0.6,1.5,needs,512,366,5,0.013477088948787063,0.04132231404958678,366,323.97646347507595,3693.532218554026,5.045710213099158,600.0000000000005,0,0,0.0,0.0,0.0,549,0,0,0,0.002846641863498068,0.5003287380144863,5494380726.760224,0.0,0,0.0,0.0,2408400.0,21886.994751695504,270,11,96,277,9,4744.598010000001,0.3819143001319978,0.3879882911809135,0.6083217092843499,0.31614542283929875,199.63636363636365,7.47
multiagent,needs-content,2,0.6,1.5,needs,538,383,9,0.02295918367346939,0.07894736842105263,383,260.78991950285285,2479.1820891783495,1.1310662615211344,600.0000000000005,0,0,0.0,0.0,0.0,474,0,0,0,0.013877694756034356,0.434607489810086,5689891800.863598,0.0,0,0.0,0.0,2188800.0,19083.030427717167,225,30,71,213,4,4863.762680000001,0.3849577097329153,0.39526884854315125,0.551883817421005,0.37444166014501246,208.9090909090909,7.89
multiagent,needs-content,3,0.6,1.5,needs,425,320,5,0.015384615384615385,0.05319148936170213,320,193.68721237177988,3273.7634813533305,2.218032555354638,600.0000000000005,0,0,0.0,0.0,0.0,295,0,0,0,0.0018099611035560527,0.4441173719265367,4717035614.890629,0.0,0,0.7416947977475274,0.24723159924917582,1765800.0,12760.262738805543,231,23,68,216,6,3638.3864,0.4989178393162829,0.5105703692086674,0.5577061335065399,0.35201366975602527,174.54545454545456,7.2
multiagent,needs-content,4,0.6,1.5,needs,489,353,3,0.008426966292134831,0.030927835051546393,353,286.294152716177,3480.218571761591,13.993527007235798,600.0000000000005,0,0,0.0,0.0,0.0,307,0,0,0,0.013428525385416352,0.38941921087036696,5126130360.734009,0.0,0,9.079577448225109,3.0265258160750363,2140800.0,21161.84801414396,252,24,97,286,8,2306.9635,0.430396389464915,0.435440097153957,0.6512135142328737,0.3623275779233391,192.54545454545456,6.98
multiagent,needs-content,5,0.6,1.5,needs,577,417,17,0.03917050691244239,0.16326530612244897,417,540.3561779486345,5480.147420664975,23.81485408604169,600.0000000000005,0,0,0.0,0.0,0.0,788,0,0,0,0.011453162883515278,0.3560647149458596,4519243078.2079315,0.0,0,0.0,0.0,2768400.0,34587.99442041146,291,3,103,295,12,5452.8011799999995,0.3654041961628496,0.3869165652521613,0.7346341055183243,0.38381443341339894,227.45454545454547,8.71
multiagent,needs-content,6,0.6,1.5,needs,535,420,4,0.009433962264150943,0.03773584905660377,420,57.30792031038345,3241.5992682019173,8.442905958529256,600.0000000000005,0,0,0.0,0.0,0.0,289,0,0,0,0.0017877026807011595,0.3805481588073655,5496673819.265089,0.0,0,0.0,0.0,2286600.0,12991.073766269154,219,48,68,208,6,3631.78586,0.47567952349007936,0.4816549074652552,0.5687843255754662,0.368472363721471,229.0909090909091,6.87
multiagent,needs-content,7,0.6,1.5,needs,528,337,9,0.02601156069364162,0.075,337,304.95842362714666,3870.940632826937,5.304470423077373,600.0000000000005,0,0,0.0,0.0,0.0,792,0,0,0,0.004011838129988699,0.3728687541778344,4840989874.829344,0.0,0,0.0,0.0,2125800.0,17546.06101116414,244,31,102,303,8,3654.3369,0.3112186595182206,0.31957272253683705,0.6221834332669646,0.37108863247422846,183.8181818181818,6.98
multiagent,needs-content,8,0.6,1.5,needs,613,412,21,0.04849884526558892,0.15789473684210525,412,56.104197362293576,3822.669137686062,1.7749280805141558,600.0000000000005,0,0,0.0,0.0,0.0,1087,0,0,0,0.010919880964035395,0.5366906841444893,7340659920.999292,0.0,0,0.0,0.0,2448000.0,24517.196973224272,260,8,86,244,11,4884.097399999993,0.28476824102665504,0.30260206570635234,0.5223325785620629,0.332327257834694,224.72727272727275,6.99
multiagent,needs-content,9,0.6,1.5,needs,489,358,5,0.013774104683195593,0.045454545454545456,358,151.6875237739614,2454.431492563594,8.251446814771453,600.0000000000005,0,0,0.0,0.0,0.0,342,0,0,0,0.011008262985968492,0.3231964945484796,5670299593.987504,0.0,0,0.0,0.0,1857000.0,11785.369167525629,250,61,96,282,5,3820.216660000002,0.4792602499969413,0.48460721585070227,0.6056879550836896,0.37668464410222297,195.27272727272728,7.28
multiagent,needs-content,10,0.6,1.5,needs,548,429,3,0.006944444444444444,0.027777777777777776,429,282.21130328228037,2592.495904123954,23.024033811215034,600.0000000000005,0,0,0.0,0.0,0.0,429,1,0,0,0.0028703297253731127,0.265433418648897,3158487892.525176,0.0,0,218.97973479394727,41.86183834856888,2295600.0,21114.00980074465,296,55,79,245,5,2789.19918,0.4540643806329303,0.45964713941120405,0.713130240465553,0.38271447380722795,234.0,7.63
multiagent,needs-ev,1,0.6,1.5,needs,478,310,9,0.02821316614420063,0.08333333333333333,310,316.3117149544041,4282.843373011232,13.213351465548964,600.0000000000005,0,0,0.0,0.0,0.0,626,0,0,0,0.0046238218557831945,0.5084872084265034,6136480547.42121,514.1046650116913,10,209665.1857964795,186864.85261629458,2190000.0,21433.253268817156,255,36,96,272,10,4630.5030199999965,0.31908010121881786,0.3289124550497045,0.5451726664481352,0.2903357331831854,169.0909090909091,6.91
multiagent,needs-ev,2,0.6,1.5,needs,512,344,11,0.030985915492957747,0.1,344,215.94515343004923,3065.938743167418,8.852146433871665,600.0000000000005,0,0,0.0,0.0,0.0,495,0,0,0,0.010893471887723593,0.4633525401860103,6437288639.85041,1409.3598162692397,7,157796.07088308778,135387.9959922215,2192400.0,20999.78148530577,219,52,70,204,3,4855.943520000001,0.3448866111891873,0.35662905579414017,0.520727925221769,0.3429665211058432,187.63636363636365,6.58
multiagent,needs-ev,3,0.6,1.5,needs,392,289,6,0.020338983050847456,0.06382978723404255,289,197.0793428837169,3429.9059389455924,4.568856796844927,600.0000000000005,0,0,0.0,0.0,0.0,338,0,0,0,0.0035874893789122134,0.4382162423713579,5766435825.851455,1803.6947104412825,7,153056.01532573623,147062.24763654484,1642200.0,12118.922621626194,215,35,65,203,4,3622.2219099999998,0.4325013662955948,0.44469945997993615,0.5096099499036844,0.33936426211385445,157.63636363636365,6.7
multiagent,needs-ev,4,0.6,1.5,needs,450,297,2,0.006688963210702341,0.024390243902439025,297,263.6937937674743,3945.4092187134415,21.19535722490353,600.0000000000005,0,0,0.0,0.0,0.0,411,0,0,0,0.0031435729117996456,0.4256734522310648,5645967547.006309,943.683822465332,8,177365.53590899045,160662.06922032192,1984800.0,20954.465531903475,234,40,82,236,7,2879.02013,0.3450749483522038,0.34776035651058673,0.5823168101973258,0.3198911708383535,162.0,6.52
multiagent,needs-ev,5,0.6,1.5,needs,514,340,16,0.0449438202247191,0.17582417582417584,340,555.8194306011566,5220.973189602687,28.014268126308107,600.0000000000005,0,0,0.0,0.0,0.0,833,0,0,0,0.016163361089274412,0.3774780050180675,5806769661.612031,0.0,0,175140.0743339166,163306.17183921646,2464200.0,25623.136495556606,290,35,85,254,8,4765.050599999999,0.2891806185488815,0.30348635178887945,0.6319514620888371,0.372388945495291,185.45454545454547,7.79
multiagent,needs-ev,6,0.6,1.5,needs,508,387,3,0.007692307692307693,0.03125,387,40.87327845895197,3138.107307921702,10.548691979269286,600.0000000000005,0,0,0.0,0.0,0.0,364,0,0,0,0.0019718745629708676,0.3967921633027003,5184190629.003738,5122.540470416385,28,172501.3913511176,152971.76820354123,2125800.0,12080.146665729517,224,56,71,214,4,3375.264979999999,0.4263384166281371,0.4296466251809917,0.5462259355858262,0.3270826758184294,211.0909090909091,6.99
multiagent,needs-ev,7,0.6,1.5,needs,482,274,11,0.03859649122807018,0.0990990990990991,274,245.5749166087528,3524.5811941753495,32.24193855916809,600.0000000000005,0,0,0.0,0.0,0.0,805,0,0,0,0.016704066571481945,0.33574696940466703,5342413158.36842,292.4257535607984,2,197798.94811215872,178234.81739888212,1861200.0,17602.38638639456,245,36,100,298,6,4502.130159999998,0.25448569857127107,0.26096879569600434,0.5880033228559635,0.3689300317680292,149.45454545454547,6.5
multiagent,needs-ev,8,0.6,1.5,needs,560,337,29,0.07923497267759563,0.23423423423423423,337,22.360302348088226,4372.147812326714,3.8589216979941083,600.0000000000005,0,0,0.0,0.0,0.0,1088,0,0,0,0.013312809854240238,0.5535852043950351,7915082565.694991,1665.0267394172513,9,176860.6686021094,156625.96917641212,2136000.0,21440.659897017053,228,29,76,229,12,5524.4708,0.2398716782397837,0.26200855545595486,0.48106369591750847,0.28397476896627094,183.8181818181818,6.69
multiagent,needs-ev,9,0.6,1.5,needs,471,332,4,0.011904761904761904,0.039603960396039604,332,164.79762370932895,2854.9291143240152,13.813851903938293,600.0000000000005,0,0,0.0,0.0,0.0,363,0,0,0,0.013268385805070471,0.30629961455354915,5533040763.968413,4345.973692572859,11,183846.60819475554,171738.38656894126,1907400.0,10611.487645236752,252,62,92,269,5,3297.1940400000035,0.42434052697617936,0.427050897481544,0.592808180341071,0.3559468581483012,181.0909090909091,7.2
multiagent,needs-ev,10,0.6,1.5,needs,525,401,4,0.009876543209876543,0.03773584905660377,401,303.7630362719333,2774.341814187483,25.207447590189652,600.0000000000005,0,0,0.0,0.0,0.0,405,0,0,0,0.0027669033866758903,0.2706378498982072,4280802641.3926296,2172.698257646345,6,151816.24845434024,135474.52784928837,2193600.0,17262.472721039467,288,66,77,236,2,2442.441949999998,0.4146899276656012,0.42143313729661114,0.6530974566215035,0.3733742906744441,218.72727272727275,7.34
multiagent,needs-forecast,1,0.6,1.5,needs,487,329,6,0.01791044776119403,0.05357142857142857,329,456.7954891492159,3593.0058503061664,3.7366387685695566,600.0000000000005,0,0,0.0,0.0,0.0,643,0,0,1,0.0031363540651080115,0.5280976010159604,5857890915.335842,17.245075185968403,0,72113.01976459067,69576.48855236155,2347800.0,22637.516908665755,269,21,95,274,10,4736.99055,0.3335185201539191,0.3399551125976892,0.5684397382519102,0.3017982657320023,179.45454545454547,6.9
multiagent,needs-forecast,2,0.6,1.5,needs,530,374,9,0.02349869451697128,0.0782608695652174,374,361.09135507558426,3288.202270031779,2.5912499446347077,600.0000000000005,0,0,0.0,0.0,0.0,477,0,0,8,0.016107475765697193,0.4517815257465932,6668776920.239189,0.0,0,65582.19978599869,60938.79552979359,2214000.0,21341.4982271634,227,28,71,210,2,3473.969099999999,0.3790716232333577,0.387472900074895,0.5381865088626652,0.3501601843456599,204.0,7.02
multiagent,needs-forecast,3,0.6,1.5,needs,412,315,6,0.018691588785046728,0.061224489795918366,315,229.7586770012192,3778.572123891416,0.5374723765982242,600.0000000000005,0,0,0.0,0.0,0.0,287,0,0,11,0.002235801802544472,0.4358457668279326,4681126072.107889,0.0,0,92205.00051611145,86437.6892492148,1749000.0,12726.26272378077,231,19,69,215,4,3619.78093,0.4804611150769545,0.49406517404653716,0.5437460539610852,0.34958408186657464,171.8181818181818,7.82
multiagent,needs-forecast,4,0.6,1.5,needs,472,330,4,0.011976047904191617,0.042105263157894736,330,348.9909463645847,3759.990681269678,14.264387951582043,600.0000000000005,0,0,0.0,0.0,0.0,388,0,0,13,0.013169712502187443,0.40761970327944586,5456713595.062624,0.0,0,63005.98541495621,59893.91264062097,2071200.0,22643.806646691857,238,22,91,267,8,2885.176999999999,0.38935797119004967,0.39546554720871707,0.6057900973557693,0.33557841560397195,180.0,8.41
multiagent,needs-forecast,5,0.6,1.5,needs,553,385,14,0.03508771929824561,0.1590909090909091,385,631.1751335180782,4537.33377709325,29.341588376323667,600.0000000000005,0,0,0.0,0.0,0.0,892,3,0,5,0.012766860729898792,0.3958219927581679,5147533336.267011,0.0,0,20537.524324498554,20005.031646971383,2602200.0,31912.334340506797,272,6,93,273,9,5451.04731,0.31920047333302076,0.33238203171497543,0.6732606047210891,0.36567385941322567,210.0,10.45
multiagent,needs-forecast,6,0.6,1.5,needs,523,415,4,0.00954653937947494,0.037383177570093455,415,65.39007295382544,3336.24167537924,5.575707913898005,600.0000000000005,0,0,0.0,0.0,0.0,304,0,0,13,0.0033194391486773204,0.39181286104562596,5263509301.645617,0.0,0,78074.18352836199,64519.01585498492,2303400.0,14535.90623563321,220,42,70,216,5,3632.52879,0.46340049372260883,0.46915522492501865,0.5634412641074203,0.3420190446716758,226.36363636363637,6.73
multiagent,needs-forecast,7,0.6,1.5,needs,516,323,11,0.03293413173652695,0.09243697478991597,323,360.9921206663828,3775.1311052390333,19.40683833775081,600.0000000000005,0,0,0.0,0.0,0.0,831,0,0,6,0.01846857670618566,0.3799648538879075,5306087223.504843,0.0,0,53256.105170020164,51139.3766042581,2073000.0,18410.98416766584,236,25,98,293,10,3667.0713299999998,0.28649281545597405,0.29624535807443886,0.6026229097060347,0.35821366923613096,176.1818181818182,6.5
multiagent,needs-forecast,8,0.6,1.5,needs,613,403,20,0.04728132387706856,0.16216216216216217,403,47.261944871795095,3899.9858396726063,1.0307461444022077,600.0000000000005,0,0,0.0,0.0,0.0,1112,0,0,6,0.01047019427745592,0.5071730104676615,7475887068.179488,0.0,0,53012.88605562654,49172.9219959787,2551800.0,22165.02935121585,277,13,86,253,11,5521.9945,0.2701969249990389,0.28579846939698617,0.5506281320982259,0.3409230138062926,219.8181818181818,7.38
multiagent,needs-forecast,9,0.6,1.5,needs,484,353,5,0.013966480446927373,0.04504504504504504,353,211.64145294062996,2836.782771784378,16.009784614725604,600.0000000000005,0,0,0.0,0.0,0.0,366,0,0,2,0.012285179435816595,0.32192370980408147,5214069664.9828825,0.0,0,81768.5795028642,71117.5804770955,1836600.0,12208.598729327627,250,54,95,274,5,3355.6939499999908,0.45605698270912076,0.46101592710745537,0.5987466294718014,0.36695623749144307,192.54545454545456,8.16
multiagent,needs-forecast,10,0.6,1.5,needs,542,421,5,0.011737089201877934,0.045454545454545456,421,421.6628316095837,2477.0171645447194,20.345663564715064,600.0000000000005,0,0,0.0,0.0,0.0,362,0,0,2,0.005754913327341334,0.2768617395411887,3733523546.0578074,0.0,0,59381.068140368334,57677.61481893687,2265600.0,20994.64387572081,295,48,84,254,5,2421.641020000001,0.45169960181227226,0.45909324824317593,0.6993698594680783,0.3758238999786814,229.63636363636365,7.44
multiagent,needs-conformal,1,0.6,1.5,needs,516,369,6,0.016,0.049586776859504134,369,312.23877228933577,3804.1707369712794,4.349911189620681,600.0000000000005,0,0,0.0,0.0,0.0,537,0,0,0,0.00253807582137923,0.5023514033800848,5192514525.975778,0.0,0,0.0,0.0,2414400.0,22125.960858948234,263,12,94,271,9,4768.8918799999965,0.3947684975565572,0.4025221284876633,0.6106079124214906,0.3134108558226841,201.27272727272728,6.86
multiagent,needs-conformal,2,0.6,1.5,needs,534,374,11,0.02857142857142857,0.09565217391304348,374,263.3392984705265,2763.3964441466737,0.1080386786496788,600.0000000000005,0,0,0.0,0.0,0.0,474,0,0,0,0.019891347771478995,0.44897999221157464,5850106929.270516,0.0,0,0.0,0.0,2213400.0,19429.069134178026,227,30,69,208,2,3491.1764999999973,0.3856243387641598,0.3963078182305418,0.544457154712186,0.36126832544206966,204.0,6.39
multiagent,needs-conformal,3,0.6,1.5,needs,422,322,5,0.01529051987767584,0.041666666666666664,322,206.23066641353978,3481.186444619768,2.2573742036896056,600.0000000000005,0,0,0.0,0.0,0.0,295,0,0,0,0.00797127995755152,0.4509962654808694,4740616871.083691,0.0,0,0.7608650061757771,0.25362166872525904,1751400.0,11844.318796602422,228,22,69,219,7,3638.76035,0.5035450577164609,0.5152969154351164,0.5594364669815138,0.3562740864114338,175.63636363636365,7.2
multiagent,needs-conformal,4,0.6,1.5,needs,481,343,3,0.008670520231213872,0.031914893617021274,343,274.5732496485075,3525.605531070286,16.30599830298067,600.0000000000005,0,0,0.0,0.0,0.0,340,0,0,0,0.015032231273444871,0.3975443829500864,5087175400.060012,0.0,0,8.948360827615915,2.982786942538638,2054400.0,21270.921919868946,253,21,95,275,8,2985.6421200000004,0.42249271714002284,0.42744380366900747,0.6324202166658573,0.3590183508265926,187.0909090909091,8.14
multiagent,needs-conformal,5,0.6,1.5,needs,569,403,14,0.03357314148681055,0.15384615384615385,403,565.0743141203527,4311.953248387304,24.184835283670832,600.0000000000005,0,0,0.0,0.0,0.0,869,1,0,0,0.012687844423900252,0.37258415648957127,4785790033.94277,0.0,0,1405.0040765861368,262.6335921526297,2716200.0,34180.127364384745,293,4,98,287,11,5450.65146,0.3408191369255635,0.35502595817425736,0.7000309675197487,0.38514175501485975,219.8181818181818,11.48
multiagent,needs-conformal,6,0.6,1.5,needs,531,420,3,0.0070921985815602835,0.027777777777777776,420,57.30792031038345,2980.333780247808,5.794563453959142,600.0000000000005,0,0,0.0,0.0,0.0,299,0,0,0,0.0017761503264387875,0.3722188965202762,5454630926.471415,0.0,0,0.0,0.0,2237400.0,12738.78246211678,218,48,68,208,6,3632.0366599999998,0.47881049845352985,0.48278459058975004,0.5627183485617392,0.3728208198360162,229.0909090909091,10.59
multiagent,needs-conformal,7,0.6,1.5,needs,518,326,9,0.026865671641791045,0.0743801652892562,326,321.10479984342254,3601.362096225379,15.184831842267037,600.0000000000005,0,0,0.0,0.0,0.0,802,0,0,0,0.005025092521092815,0.37918870499875607,5463018074.676543,0.0,0,0.0,0.0,2069400.0,18153.203923206893,233,30,101,298,5,3446.7686400000002,0.30314953243989967,0.31145913674006953,0.5969361482169452,0.37055562594919594,177.8181818181818,8.43
multiagent,needs-conformal,8,0.6,1.5,needs,617,423,18,0.04081632653061224,0.1391304347826087,423,62.741203978241174,4014.3287284808594,0.0,600.0000000000005,0,0,0.0,0.0,0.0,1066,0,0,0,0.009599383318694981,0.5313116938195998,7295121212.261864,0.0,0,0.0,0.0,2572200.0,24165.483757588645,262,8,85,242,11,3643.75878,0.28540090501760057,0.3011224574873052,0.5322008557489963,0.3286822271072351,230.72727272727275,8.14
multiagent,needs-conformal,9,0.6,1.5,needs,487,355,4,0.011142061281337047,0.037037037037037035,355,153.47141210044492,2713.7823471403553,10.369575349887386,600.0000000000005,0,0,0.0,0.0,0.0,346,0,0,0,0.009174787085445472,0.3190443382010161,5077480491.051211,0.0,0,0.0,0.0,1853400.0,11679.93330240889,253,60,98,287,5,3535.499400000009,0.4811522195943627,0.4846141500068039,0.6143802140475266,0.3840204956171363,193.63636363636365,7.8
multiagent,needs-conformal,10,0.6,1.5,needs,558,437,5,0.011312217194570135,0.04504504504504504,437,288.75224762121707,2541.6866540280994,12.326009201058815,600.0000000000005,0,0,0.0,0.0,0.0,369,0,0,0,0.004250014146495441,0.2519210983031949,3433996668.2130303,0.0,0,15.748714399105182,5.249571466368394,2329200.0,20252.337521143578,305,65,84,259,4,2501.0697799999994,0.47315790617687226,0.48097485578393046,0.7172843502250066,0.39445153980365005,238.36363636363637,8.23
multiagent,needs-learn_pre,1,0.6,1.5,needs,516,363,9,0.024193548387096774,0.075,363,283.5860386391664,3804.672406497314,2.892692849320216,600.0000000000005,0,0,0.0,0.0,0.0,544,0,0,0,0.0037814938333321823,0.5002425090987831,4964034006.126384,0.0,0,0.0,0.0,2414400.0,21874.5560870989,263,12,93,269,8,4767.793039999997,0.39145408748990973,0.40358572493374356,0.6081049198596543,0.3105603084367459,198.0,3.08
multiagent,needs-learn_pre,2,0.6,1.5,needs,541,385,10,0.02531645569620253,0.08547008547008547,385,288.5587170479421,2994.9448611242924,1.7960091578734678,600.0000000000005,0,0,0.0,0.0,0.0,437,0,0,0,0.018806351992990435,0.4444459464284075,5187288483.922112,0.0,0,0.0,0.0,2254200.0,20855.2547979679,235,29,71,208,2,3471.077549999999,0.40183441615667426,0.4124924829258248,0.5564055947212511,0.36053719415464275,210.0,3.06
multiagent,needs-learn_pre,3,0.6,1.5,needs,426,327,6,0.018018018018018018,0.052083333333333336,327,212.15447422898524,3713.838361490196,2.9816430468883426,600.0000000000002,0,0,0.0,0.0,0.0,277,0,0,0,0.006974782982591733,0.45143774327796343,4862387556.820842,0.0,0,0.40821453238868344,0.1360715107962278,1756200.0,12408.937675730922,229,22,67,214,6,3640.8592,0.5104389572118263,0.5249307957313056,0.5565178593264375,0.3556259722468905,178.36363636363637,2.55
multiagent,needs-learn_pre,4,0.6,1.5,needs,485,344,4,0.011494252873563218,0.041237113402061855,344,285.2554137074553,3493.717385001618,14.46760854146657,600.0000000000005,0,0,0.0,0.0,0.0,328,0,0,0,0.01212840113286299,0.4073318078172748,5318195380.3173275,0.0,0,0.48922383438434025,0.16307461146144675,2110800.0,22626.28399427987,251,21,97,283,8,3075.6724000000004,0.4034350232239709,0.4097634157451312,0.6371124922502267,0.35236931128309057,187.63636363636365,2.78
multiagent,needs-learn_pre,5,0.6,1.5,needs,567,405,16,0.03800475059382423,0.16304347826086957,405,616.831729587496,4545.5479190449605,27.22456997440477,600.0000000000005,0,0,0.0,0.0,0.0,887,0,0,0,0.015911335416730718,0.3551708718597695,4985362524.003601,0.0,0,0.0,0.0,2749800.0,33942.26985928131,293,5,100,290,13,4598.413359999995,0.3502774068647519,0.3666338302108362,0.7086514532747346,0.3898898909962599,220.9090909090909,3.27
multiagent,needs-learn_pre,6,0.6,1.5,needs,532,416,3,0.007159904534606206,0.02857142857142857,416,57.30792031038345,2977.6016772063253,9.433513817151246,600.0000000000005,0,0,0.0,0.0,0.0,284,0,0,0,0.0017472913714804555,0.37150036063264014,5225648944.366066,0.0,0,0.0,0.0,2314200.0,12131.393862194716,215,48,67,204,6,3632.50556,0.47483284577748,0.47876039163885653,0.5601134293091168,0.37366078447966733,226.9090909090909,2.66
multiagent,needs-learn_pre,7,0.6,1.5,needs,516,322,9,0.027190332326283987,0.07692307692307693,322,285.6841867753459,3593.8896311768535,9.244366967481325,600.0000000000005,0,0,0.0,0.0,0.0,783,0,0,0,0.014399167093480882,0.3902635554946518,5489338731.029978,0.0,0,0.0,0.0,2074800.0,18001.103114388025,233,30,101,298,6,3654.79999,0.2981849060087207,0.306382631519637,0.6004077318133256,0.3602226776581608,175.63636363636365,2.57
multiagent,needs-learn_pre,8,0.6,1.5,needs,614,409,18,0.04215456674473068,0.14414414414414414,409,47.261944871795095,3915.1891936819284,0.0,600.0000000000005,0,0,0.0,0.0,0.0,1093,0,0,0,0.009795875113074008,0.5570788753279932,7470515030.818291,0.0,0,0.0,0.0,2460000.0,24361.41635985607,253,8,87,246,13,3765.90564,0.2743859317879388,0.2895604043282036,0.5194717169289045,0.31404759152268563,223.0909090909091,2.79
multiagent,needs-learn_pre,9,0.6,1.5,needs,489,357,4,0.0110803324099723,0.037383177570093455,357,152.174725709011,2521.735918610744,5.083908016757847,600.0000000000005,0,0,0.0,0.0,0.0,350,0,0,0,0.010418368564604626,0.31581737066035237,5061790908.595532,0.0,0,0.0,0.0,1866600.0,11400.2006451318,247,59,97,284,4,3516.4320800000087,0.4847947157225242,0.48838701729763445,0.6140415190486597,0.3774447686924302,194.72727272727275,3.05
multiagent,needs-learn_pre,10,0.6,1.5,needs,554,434,5,0.011389521640091117,0.04504504504504504,434,297.4321168100778,2543.554938692737,17.502754523597556,600.0000000000005,0,0,0.0,0.0,0.0,385,1,0,0,0.006388455415892599,0.26358861470959855,3197495922.5330377,0.0,0,6.048716049335383,2.016238683111794,2337600.0,20186.615674010092,300,57,81,249,5,2627.7898400000017,0.470725259248519,0.47824252940480066,0.7237907158038721,0.38624045150501213,236.72727272727275,3.08
multiagent,oracle0,1,0.6,1.5,clairvoyant,548,406,12,0.028708133971291867,0.09448818897637795,406,90.94425550775082,4341.274159696378,5.091299666510526,600.0000000000005,0,0,0.0,0.0,0.0,569,0,0,0,0.00805721635082114,0.499747579025423,4191175241.644224,39.0,13,0.0,0.0,0.0,0.0,282,10,93,274,16,5593.58368,0.4647799675930107,0.4846605042839498,0.6467104149103211,0.31130530329281864,221.45454545454547,0.38
multiagent,oracle0,2,0.6,1.5,clairvoyant,564,417,13,0.030232558139534883,0.104,417,102.6887826719535,2657.719486557809,8.345094344947977,600.0000000000005,0,0,0.0,0.0,0.0,509,0,0,0,0.014602954438454982,0.42552053679901886,4248092804.4320555,51.0,17,0.0,0.0,0.0,0.0,263,28,74,219,6,3695.96025,0.47417091922167826,0.48848045473727436,0.6064252021861241,0.369912771318867,227.45454545454547,0.36
multiagent,oracle0,3,0.6,1.5,clairvoyant,454,359,7,0.01912568306010929,0.061224489795918366,359,129.8919668199128,3309.0781394472738,1.776121736246925,600.0000000000005,0,0,0.0,0.0,0.0,306,0,0,0,0.00738868765602195,0.4344006062430401,3704970487.64407,84.0,28,0.0,0.0,0.0,0.0,243,22,71,221,7,3414.709199999999,0.5682691666328585,0.5873259422080812,0.5673838927091428,0.37196682230986994,195.8181818181818,0.33
multiagent,oracle0,4,0.6,1.5,clairvoyant,509,375,3,0.007936507936507936,0.029411764705882353,375,116.63496896665765,3532.7645050760757,8.550040978508823,600.0000000000005,0,0,0.0,0.0,0.0,364,0,0,0,0.0019175808393635983,0.3255156045049196,3770020864.8087406,63.0,21,0.0,0.0,0.0,0.0,283,21,96,282,13,3001.65924,0.4962240015010647,0.5020391265186552,0.6810401787789756,0.3788116245579749,204.54545454545456,0.33
multiagent,oracle0,5,0.6,1.5,clairvoyant,587,426,26,0.05752212389380531,0.23076923076923078,426,128.515788148159,5369.98838756616,22.742981623656817,600.0000000000005,0,0,0.0,0.0,0.0,847,0,0,0,0.019796678273262862,0.33333935489227756,3135694921.1600523,12.0,4,0.0,0.0,0.0,0.0,357,1,109,313,26,5477.419,0.42285498152897577,0.46308204647615037,0.7783336752420034,0.393186040945719,232.36363636363637,0.44
multiagent,oracle0,6,0.6,1.5,clairvoyant,539,425,7,0.016203703703703703,0.06481481481481481,425,28.212276846690656,2998.1831708078084,2.366788257404828,600.0000000000005,0,0,0.0,0.0,0.0,359,0,0,0,0.005803395295320033,0.40791467473505916,4248377231.1419125,159.0,53,0.0,0.0,0.0,0.0,247,48,68,206,8,3634.50939,0.5386348050861456,0.5508067182904018,0.567713748696905,0.3509751134493464,231.81818181818184,0.31
multiagent,oracle0,7,0.6,1.5,clairvoyant,557,386,18,0.04455445544554455,0.12244897959183673,386,93.57086769830994,3806.7514504462038,8.16619433552513,600.0000000000005,0,0,0.0,0.0,0.0,654,1,0,0,0.015782857602094417,0.3330888572698021,4059748748.645306,18.0,6,0.0,0.0,0.0,0.0,281,31,107,315,20,5433.29358,0.433158342829671,0.45565391025160795,0.6877803050335082,0.3827591153372689,210.54545454545456,0.38
multiagent,oracle0,8,0.6,1.5,clairvoyant,697,514,33,0.0603290676416819,0.2127659574468085,514,42.74299986484948,4020.121698361397,3.5187280226661906,600.0000000000005,0,0,0.0,0.0,0.0,966,0,0,0,0.014623020380203059,0.5312160186153387,6004246041.69868,45.0,15,0.0,0.0,0.0,0.0,306,10,82,237,18,4956.677299999999,0.3837783806074144,0.4212852576733916,0.5782535131361695,0.3116546997755775,280.3636363636364,0.38
multiagent,oracle0,9,0.6,1.5,clairvoyant,533,412,9,0.021377672209026127,0.07692307692307693,412,85.74987623926859,2127.014330214569,5.505807641078111,600.0000000000005,0,0,0.0,0.0,0.0,334,0,0,0,0.011718911702044917,0.2973445606875476,3737019556.1425214,57.0,19,0.0,0.0,0.0,0.0,258,61,98,287,8,3655.5528399999957,0.5543698199689348,0.5704878219488954,0.62158842308097,0.3851627322428181,224.72727272727275,0.36
multiagent,oracle0,10,0.6,1.5,clairvoyant,566,447,11,0.024017467248908297,0.09322033898305085,447,107.0395585716451,2144.60746159823,31.235491727976157,600.0000000000005,0,0,0.0,0.0,0.0,432,4,0,0,0.012754135551076086,0.2824943341024875,2492168069.1003904,75.0,25,0.0,0.0,0.0,0.0,292,45,77,234,10,2524.764679999999,0.5069553204407234,0.529946219280684,0.7186581892199236,0.3833265811174071,243.81818181818184,0.43
