scenario,variant,seed,content_snr,rate_per_min,policy,req_started,req_done,req_failed,failure_rate,session_fail_finished,tct_n,tct_p50,tct_p99,chat_wait_p99,block_wait_max,n429,timeouts,evicted,deadlock_breaks,cycles_seen,token_waste,tool_waste,kv_unused_token_s,prewarm_idle_s,prewarm_hits,lease_cpu_issued,lease_cpu_unused,lease_budget_issued,lease_budget_unused,par_groups,par_groups_parallel,spawns,children,children_aborted,join_p99,jain_all,jain_survivors,util_model,util_cpu,throughput_rph,wall_s
multiagent,gate_fifo300,1,0.6,1.0,reactive_gate,333,268,5,0.018315018315018316,0.06329113924050633,268,176.66990602889553,3323.9081955682664,0.0,600.0000000000005,0,184,0,0,222,0.005608351328245256,0.5508091178956024,5814524395.446117,0.0,0,0.0,0.0,0.0,0.0,207,23,49,138,7,3556.3365599999997,0.4893842171872828,0.5053944328487077,0.40227799798060737,0.21751460180755688,146.1818181818182,0.17
multiagent,gate_fifo300,2,0.6,1.0,reactive_gate,331,265,3,0.011194029850746268,0.045454545454545456,265,147.31110396733402,3335.9365831891255,0.0,600.0000000000005,0,126,0,0,169,0.0072957957759289946,0.48285036249256413,5587154591.082202,0.0,0,0.0,0.0,0.0,0.0,165,38,42,120,3,3551.91953,0.5186687278992,0.5246371429634088,0.40304173927981746,0.26208679124742307,144.54545454545456,0.17
multiagent,gate_fifo300,3,0.6,1.0,reactive_gate,344,264,5,0.01858736059479554,0.05,264,87.13777212018863,2588.118962351936,0.0,600.0000000000005,0,209,0,0,184,0.013421313703843706,0.4289762738108572,5426061521.686751,0.0,0,0.0,0.0,0.0,0.0,155,33,56,178,4,2525.7317900000016,0.47364251501567983,0.48729399668276957,0.42576202424080556,0.2950208159117157,144.0,0.18
multiagent,gate_fifo300,4,0.6,1.0,reactive_gate,336,258,2,0.007692307692307693,0.03076923076923077,258,127.25025684846378,3246.9486490033332,2.836432749922551,600.0000000000005,0,228,0,0,255,0.002446121958172038,0.40236450927452,6047008928.1596985,0.0,0,0.0,0.0,0.0,0.0,199,20,68,189,7,3097.771219999999,0.46391269493780096,0.4698602935908497,0.47808065824915824,0.27003144324091966,140.72727272727272,0.2
multiagent,gate_fifo300,5,0.6,1.0,reactive_gate,444,320,13,0.03903903903903904,0.18571428571428572,320,126.83176408651298,4218.317295840336,0.0,600.0000000000005,0,605,0,0,245,0.01162623929201851,0.4408152829680803,6136529821.29432,0.0,0,0.0,0.0,0.0,0.0,190,9,62,180,18,4974.120850000002,0.3504239798290765,0.3729793020587679,0.5036731580184861,0.26592274290519063,174.54545454545456,0.24
multiagent,gate_fifo300,6,0.6,1.0,reactive_gate,425,346,4,0.011428571428571429,0.05194805194805195,346,28.134107724574562,2696.026204471396,0.0,600.0000000000005,0,271,0,0,231,0.0005331271403717208,0.442653728225299,5978430609.807106,0.0,0,0.0,0.0,0.0,0.0,162,44,51,149,7,3537.72348,0.4983763177544597,0.5070992064449426,0.4243869798060736,0.2641904898221133,188.72727272727275,0.19
multiagent,gate_fifo300,7,0.6,1.0,reactive_gate,293,210,4,0.018691588785046728,0.058823529411764705,210,229.87000611917983,2666.584209694547,0.0,600.0000000000005,0,234,0,0,261,0.040361100262232885,0.29696599265674206,5697613711.273364,0.0,0,0.0,0.0,0.0,0.0,176,40,70,210,4,3326.123989999997,0.4093988749965368,0.41932072908912166,0.4270286605032699,0.3351660453305844,114.54545454545455,0.19
multiagent,gate_fifo300,8,0.6,1.0,reactive_gate,454,351,13,0.03571428571428571,0.1511627906976744,351,38.70034914529924,3070.0193209542676,0.0,600.0000000000005,0,437,0,0,274,0.009345561352409338,0.5632094683013729,6408646949.045196,0.0,0,0.0,0.0,0.0,0.0,151,15,53,153,8,5237.706440000004,0.40787184064317505,0.4361571994600865,0.3764020720627752,0.22809342248183664,191.45454545454547,0.2
multiagent,gate_fifo300,9,0.6,1.0,reactive_gate,421,334,3,0.008902077151335312,0.03333333333333333,334,139.4046590116829,2851.1100078429577,0.457592087348938,600.0000000000005,0,267,0,0,295,0.002128134885776086,0.32853953040486344,6760765155.97172,0.0,0,0.0,0.0,0.0,0.0,195,22,73,210,8,4712.689299999995,0.4957514993568036,0.5033784455007545,0.4756732771828866,0.3064157101763861,182.1818181818182,0.23
multiagent,gate_fifo300,10,0.6,1.0,reactive_gate,422,354,3,0.008403361344537815,0.03896103896103896,354,163.9634268623936,2324.5215195346973,5.7358661288162756,600.0000000000005,0,134,0,0,219,0.0012271066045283002,0.1771145669328014,4288580271.76603,0.0,0,0.0,0.0,0.0,0.0,225,37,47,145,3,2682.8145999999992,0.5568046910176647,0.5672447789742459,0.5130075190567535,0.30937557175714864,193.0909090909091,0.2
multiagent,gate_vtfq0,1,0.6,1.0,reactive_gate,354,297,3,0.01,0.03571428571428571,297,195.3876144085084,3611.2377929186587,3.760283317331281,600.0000000000005,0,115,0,0,0,0.002775010759847375,0.5073240887098228,4886956904.911287,0.0,0,0.0,0.0,0.0,0.0,241,39,74,204,4,3477.8244999999997,0.6446676626805672,0.6571423904407205,0.511705202254921,0.2933190936014176,162.0,0.23
multiagent,gate_vtfq0,2,0.6,1.0,reactive_gate,370,327,2,0.0060790273556231,0.02564102564102564,327,199.9183687587656,2511.655663207578,0.0,600.0,0,68,0,0,0,0.0093955218306271,0.4561488585141806,4967853737.804698,0.0,0,0.0,0.0,0.0,0.0,197,67,50,140,1,3453.318440000002,0.6846308650273847,0.6908402565667627,0.47512750409544163,0.3216006523141125,178.36363636363637,0.21
multiagent,gate_vtfq0,3,0.6,1.0,reactive_gate,361,290,1,0.003436426116838488,0.011904761904761904,290,151.52023774074337,2926.936232694886,5.480766847926455,600.0,0,115,0,0,0,0.001612181407297498,0.39474020840157853,5002875215.827113,0.0,0,0.0,0.0,0.0,0.0,180,41,63,201,1,2595.105909999998,0.5609005305743833,0.5637169110860512,0.4848959463909933,0.3478281661037888,158.1818181818182,0.21
multiagent,gate_vtfq0,4,0.6,1.0,reactive_gate,351,281,1,0.0035460992907801418,0.014492753623188406,281,211.88535837959262,3319.0387715778647,4.204407444308927,600.0,0,173,0,0,0,0.0013268968129262135,0.41244830446568115,5449162301.154341,0.0,0,0.0,0.0,0.0,0.0,227,32,77,211,5,2946.41889,0.5461136733610609,0.5495921044015771,0.5438329214500777,0.33943034341872863,153.27272727272728,0.23
multiagent,gate_vtfq0,5,0.6,1.0,reactive_gate,474,370,7,0.01856763925729443,0.09210526315789473,370,354.1205121070573,3751.769975752949,3.0253506012378186,600.0000000000005,0,365,0,0,0,0.0129288110650015,0.4351958248828283,5470870050.432784,0.0,0,0.0,0.0,0.0,0.0,253,26,79,237,7,5465.06441,0.4549052633776649,0.467881478318565,0.6149280496106903,0.3576398988978579,201.8181818181818,0.28
multiagent,gate_vtfq0,6,0.6,1.0,reactive_gate,442,384,1,0.0025974025974025974,0.011363636363636364,384,70.33828389437355,3050.625679949386,0.0,600.0000000000005,0,150,0,0,0,3.180064535728397e-05,0.3871707806282047,5755062020.429214,0.0,0,0.0,0.0,0.0,0.0,202,61,61,183,3,2923.65283,0.5930256623189533,0.5936288711690169,0.5013581170843047,0.3332246248220097,209.45454545454547,0.22
multiagent,gate_vtfq0,7,0.6,1.0,reactive_gate,287,209,1,0.004761904761904762,0.014285714285714285,209,408.0277059612663,3601.9075376248866,0.8671325067343141,600.0000000000005,0,231,0,0,0,0.0005704890650226399,0.28391251569097764,5823442320.298529,0.0,0,0.0,0.0,0.0,0.0,165,99,71,209,4,3516.2498000000014,0.4400468655437111,0.44276320421990684,0.43118953783022534,0.3386507845519483,114.0,0.2
multiagent,gate_vtfq0,8,0.6,1.0,reactive_gate,439,346,5,0.014245014245014245,0.05952380952380952,346,40.55632067230442,3146.198686110992,5.794296266103174,600.0000000000005,0,368,0,0,0,0.003865521305599949,0.5429350618862321,6525574862.911304,0.0,0,0.0,0.0,0.0,0.0,189,45,70,204,5,5080.591649999998,0.44384280937118037,0.45558468263496815,0.4422616365902616,0.2819990019174026,188.72727272727275,0.23
multiagent,gate_vtfq0,9,0.6,1.0,reactive_gate,439,369,3,0.008064516129032258,0.028846153846153848,369,220.2503842878441,2827.6402922628367,4.043327514804537,600.0,0,155,0,0,0,0.003725800039157942,0.3207341855260981,5140276951.649648,0.0,0,0.0,0.0,0.0,0.0,239,51,95,278,4,3760.585549999984,0.6238436468028873,0.6290368237914141,0.6327218008207071,0.37765083394256105,201.27272727272728,0.28
multiagent,gate_vtfq0,10,0.6,1.0,reactive_gate,458,399,0,0.0,0.0,399,184.5493240166934,1843.4350296755254,27.49729367726537,600.0,0,65,1,0,0,0.00033308515278178527,0.23132845450881961,3268900355.9224687,0.0,0,0.0,0.0,0.0,0.0,255,72,66,199,1,2430.4983000000016,0.6650629610257782,0.6650629610257782,0.6389169956091363,0.368757951413112,217.63636363636365,0.26
multiagent,gate_srpt0,1,0.6,1.0,reactive_gate,356,302,2,0.006578947368421052,0.023809523809523808,302,191.89073224083813,3016.440352158057,3.728203030519925,600.0000000000005,0,108,0,0,0,0.0026192261301348726,0.5091694633552339,4903603014.48417,0.0,0,0.0,0.0,0.0,0.0,244,45,72,198,5,3471.568919999999,0.6359530008797061,0.6441588460523475,0.5104392773569024,0.290979377945123,164.72727272727275,0.22
multiagent,gate_srpt0,2,0.6,1.0,reactive_gate,369,321,1,0.003105590062111801,0.013157894736842105,321,180.73141344367014,2621.0754423380586,0.0,600.0,0,69,0,0,0,0.009735083101819354,0.45480056093440946,4929523885.121896,0.0,0,0.0,0.0,0.0,0.0,197,66,48,136,1,3460.9133200000006,0.6784180740029424,0.6828521790617852,0.4690602177504209,0.32365813182097913,175.0909090909091,0.19
multiagent,gate_srpt0,3,0.6,1.0,reactive_gate,369,301,1,0.0033112582781456954,0.011764705882352941,301,176.6408993482928,2707.9493195695927,2.6387219785896723,600.0000000000005,0,98,1,0,0,0.0033909169316355963,0.3813594021619282,4873432704.58579,0.0,0,0.0,0.0,0.0,0.0,184,41,64,204,2,2614.8035399999985,0.5823972335671591,0.5853348223848146,0.49704964557838,0.34966533754672263,164.1818181818182,0.23
multiagent,gate_srpt0,4,0.6,1.0,reactive_gate,358,289,2,0.006872852233676976,0.02857142857142857,289,200.84680851087523,3326.9835894206794,3.003793675877178,600.0,0,161,0,0,0,0.0015413454342459957,0.4106819030243358,5462562505.057855,0.0,0,0.0,0.0,0.0,0.0,226,38,80,223,4,2947.43448,0.5512012274992067,0.5582679099030426,0.5530776954076017,0.333778098479902,157.63636363636365,0.21
multiagent,gate_srpt0,5,0.6,1.0,reactive_gate,471,360,9,0.024390243902439025,0.10666666666666667,360,331.9919998982325,3794.268844272583,4.651172438061942,600.0000000000005,0,340,0,0,0,0.015900599095281888,0.44437224985388096,5595070292.196133,0.0,0,0.0,0.0,0.0,0.0,239,26,78,230,8,5466.3096000000005,0.4413097976786981,0.45508705542901906,0.6064139917565075,0.3625193884489091,196.36363636363637,0.28
multiagent,gate_srpt0,6,0.6,1.0,reactive_gate,443,383,1,0.0026041666666666665,0.011363636363636364,383,71.21864382753813,2947.2775020533472,0.5007506618342815,600.0000000000005,0,129,0,0,0,3.06394097672401e-05,0.3944351759972824,5363570677.639402,0.0,0,0.0,0.0,0.0,0.0,202,60,60,179,4,3383.2564000000007,0.6141909332974639,0.6148460201564523,0.5107960611240612,0.33159183366988093,208.9090909090909,0.23
multiagent,gate_srpt0,7,0.6,1.0,reactive_gate,294,219,1,0.004545454545454545,0.0136986301369863,219,344.63767877951886,3427.9707899128152,0.0,600.0000000000005,0,179,0,0,0,0.0005414595983773617,0.2821979136305382,5701879743.076976,0.0,0,0.0,0.0,0.0,0.0,172,101,71,209,4,3747.3872199999987,0.4665191750492831,0.4693989230434144,0.43979647509145947,0.3557586006752971,119.45454545454545,0.18
multiagent,gate_srpt0,8,0.6,1.0,reactive_gate,451,355,7,0.019337016574585635,0.08045977011494253,355,40.896747703219944,3093.2256149573996,1.8881624346822719,600.0000000000005,0,314,0,0,0,0.021679213892500684,0.5698413314195713,6491416645.972775,0.0,0,0.0,0.0,0.0,0.0,191,47,69,199,6,5187.867799999998,0.4494719034730919,0.4662516057269513,0.43792328122167185,0.27026825614790506,193.63636363636365,0.24
multiagent,gate_srpt0,9,0.6,1.0,reactive_gate,437,365,2,0.005449591280653951,0.019801980198019802,365,205.93751936472245,2707.3886328828357,5.75064916702263,600.0000000000005,0,168,0,0,0,0.0033438218618350507,0.3424465730859627,5201698758.402431,0.0,0,0.0,0.0,0.0,0.0,229,41,92,270,4,3844.943120000007,0.6358838663275521,0.6396561108642751,0.6271788502492878,0.3635700973992815,199.0909090909091,0.27
multiagent,gate_srpt0,10,0.6,1.0,reactive_gate,452,394,0,0.0,0.0,394,174.5274924530786,2287.2382671786986,18.94103794639406,600.0000000000005,0,61,0,0,0,0.0,0.22158972215602363,3131016257.9140315,0.0,0,0.0,0.0,0.0,0.0,257,76,66,201,1,2401.466,0.6764120672083137,0.6764120672083137,0.6439431348177287,0.3706056823042372,214.9090909090909,0.24
multiagent,lease0,1,0.6,1.0,lease,355,297,2,0.006688963210702341,0.024096385542168676,297,161.48456209229198,2933.8826390933746,2.7375884367780334,600.0000000000005,0,110,0,0,0,0.0026684788640937494,0.5149581232219833,4223469672.558078,1656.5331016596924,12,912.6141977539377,611.3600312055319,345000.0,1769.2148143976917,240,44,68,188,3,3487.2606200000005,0.6222449064792616,0.6302738730144778,0.5018077234565204,0.2840092857223272,162.0,0.43
multiagent,lease0,2,0.6,1.0,lease,367,322,1,0.0030959752321981426,0.012987012987012988,322,195.62765991766128,2661.864319732247,0.0,600.0,0,69,0,0,0,0.009132024953344111,0.45772144197429926,3891776960.5636573,3195.5417536971536,22,1604.4609128013644,953.7738612769526,289200.0,1506.2205107036848,196,50,49,138,1,3453.421170000002,0.6814972483832225,0.6859514787648121,0.47110685311447814,0.3192145285830239,175.63636363636365,0.4
multiagent,lease0,3,0.6,1.0,lease,358,282,1,0.0035335689045936395,0.012195121951219513,282,155.69320327519688,3292.2841425764072,0.0085611275357215,600.0000000000005,0,132,0,0,0,0.0015679834306688784,0.39717113204149984,4517626245.117208,3546.9814044747,27,1221.5636895374107,978.1892594191213,265800.0,3003.519272480633,182,43,62,198,2,2620.7747799999984,0.5551289438118853,0.5579068952355213,0.48283013209013215,0.3357218869949597,153.8181818181818,0.4
multiagent,lease0,4,0.6,1.0,lease,353,280,2,0.0070921985815602835,0.028985507246376812,280,190.0085734707177,3263.182169012178,5.118557628181098,600.0000000000005,0,190,0,0,0,0.001327916719730542,0.4228074542213573,4288006247.441036,1820.9584600818748,5,1473.1020402134313,957.6744650425644,331800.0,3240.7616450953074,226,28,78,217,4,2984.34582,0.5436552043055294,0.5506251428222669,0.5577357007454352,0.3249321668680837,152.72727272727272,0.43
multiagent,lease0,5,0.6,1.0,lease,468,361,8,0.02168021680216802,0.0945945945945946,361,313.5048547952497,4030.0787616464927,3.1402945005656497,600.0000000000005,0,368,0,0,0,0.016015945753170266,0.4437622405357448,5594555917.512248,1025.6550695497356,8,731.8447152465423,673.9649964452212,427800.0,7051.5196493331105,238,17,77,229,6,5463.217500000001,0.43757459548010097,0.44706269217377026,0.5993531696977791,0.36348265794601736,196.9090909090909,0.53
multiagent,lease0,6,0.6,1.0,lease,436,377,1,0.0026455026455026454,0.011363636363636364,377,57.72109992257083,3100.493258124173,5.222533058227972,600.0000000000005,0,148,0,0,0,2.8085989615378284e-05,0.402279454007452,4982516338.095164,8687.933917431987,33,1888.203878987968,851.4617857062317,381600.0,2968.348081535658,198,49,62,187,4,3376.3868299999976,0.5855634929017466,0.5860406173393906,0.5098689103211603,0.320698056188202,205.63636363636365,0.44
multiagent,lease0,7,0.6,1.0,lease,290,206,2,0.009615384615384616,0.029850746268656716,206,325.40530755727104,3663.0545932170535,0.0,600.0000000000005,0,227,0,0,0,0.0021091681983189366,0.28651812361978934,5254199989.461482,1024.3738875529573,3,1343.3848428524727,811.8585052369785,194400.0,949.358601478432,166,97,70,206,4,3723.74694,0.4346945010374051,0.4400944327273108,0.4308961874635781,0.334486243881168,112.36363636363637,0.38
multiagent,lease0,8,0.6,1.0,lease,444,347,6,0.0169971671388102,0.07142857142857142,347,39.48166414318894,3133.6027515940073,1.1795150976558038,600.0000000000005,0,371,0,0,0,0.0038589627254695643,0.548554773498308,6031985738.158328,3602.3715503674607,19,948.4980509285592,504.2774463386527,396000.0,5620.264782019566,187,44,67,197,5,5229.395239999997,0.4371906954975937,0.451143590034751,0.4410995161996568,0.2753628133125278,189.27272727272728,0.43
multiagent,lease0,9,0.6,1.0,lease,434,362,1,0.0027548209366391185,0.01,362,218.80078671474098,2794.3806817941713,5.027010052487553,600.0000000000005,0,159,0,0,0,6.304068683533402e-05,0.3256768308641963,4735305198.596405,1555.3627955957782,7,1359.4474489012796,858.242013836312,339000.0,2262.924784548144,235,33,92,268,4,3816.5131399999927,0.6210637136333924,0.6242163213168107,0.6357353488409739,0.368742431441209,197.45454545454547,0.51
multiagent,lease0,10,0.6,1.0,lease,459,401,0,0.0,0.0,401,185.75429405098384,2213.423224823264,18.475563173117084,600.0,0,58,2,0,0,0.0004119936075355702,0.2160154456339825,2769557969.5898724,3906.9793124715725,34,2129.724207095946,1078.3890595528997,353400.0,3198.225792672026,254,80,63,190,0,2433.5158599999986,0.6691830903745206,0.6691830903745206,0.6324147468151062,0.3622864482663889,218.72727272727275,0.52
multiagent,needs,1,0.6,1.0,needs,303,217,5,0.02252252252252252,0.07575757575757576,217,237.01648272187185,2826.098796632477,19.88392228842605,600.0000000000005,0,213,0,0,0,0.00426887150557767,0.5178799752075401,5190921283.67624,0.0,0,506722.57594066026,413154.54961516993,1420800.0,13293.937985915167,207,65,56,154,1,3361.5292499999996,0.4229000124145776,0.4367207560722652,0.40176273974520854,0.2406481957105199,118.36363636363637,4.63
multiagent,needs,2,0.6,1.0,needs,329,256,2,0.007751937984496124,0.03125,256,292.0028934629845,3233.9899758749552,10.641472773470877,600.0,0,105,0,0,0,0.004248061660842031,0.4707652316099394,5792997083.893412,0.0,0,418063.7683540286,341837.1434405551,1258800.0,11118.097108732964,157,60,44,126,0,3485.2006900000015,0.512036073586486,0.518031319837425,0.38758812674825177,0.2723512383773092,139.63636363636365,4.58
multiagent,needs,3,0.6,1.0,needs,304,215,5,0.022727272727272728,0.06944444444444445,215,119.32824408083161,2814.985638226353,158.95162647969636,600.0,0,237,0,0,0,0.017506389862046973,0.4512805406592749,5438293960.836856,0.0,0,406328.5811907371,361169.3255670272,996000.0,6621.498787587794,147,51,55,172,1,2704.8566000000005,0.38957321087052477,0.40071542836442453,0.3893233204035548,0.27296755613517615,117.27272727272728,4.45
multiagent,needs,4,0.6,1.0,needs,294,200,3,0.014778325123152709,0.03571428571428571,200,190.6226865924168,3649.4093874737896,190.35673608146834,600.0000000000005,0,271,0,0,0,0.005898354997245951,0.4445152941386581,5581579755.271554,0.0,0,450494.8955307921,390626.8218649836,1341600.0,16603.590215197128,158,50,64,169,3,3026.816,0.32802151787472983,0.32450202652857174,0.41700268944250196,0.24242999197297696,109.0909090909091,4.29
multiagent,needs,5,0.6,1.0,needs,343,192,17,0.08133971291866028,0.27419354838709675,192,142.71932853176867,4588.885855750893,321.7793769173541,600.0000000000005,0,676,0,0,0,0.018279374912435187,0.536820658465347,6679639046.114361,0.0,0,575499.403315199,479831.3354078859,1357200.0,19942.975754499803,192,32,61,181,14,3642.30743,0.17810316608925472,0.19344889732635964,0.38265630970360665,0.2275514831899816,104.72727272727273,4.62
multiagent,needs,6,0.6,1.0,needs,385,294,1,0.003389830508474576,0.015151515151515152,294,31.760502555453286,2966.982749804563,78.5842498204165,600.0000000000005,0,281,0,0,0,0.0024293626650568074,0.4492290894470725,5744668929.848746,0.0,0,424231.8508388509,328427.7967199851,1596000.0,9343.347525104342,172,79,51,150,1,3376.298999999998,0.41605211115699914,0.4156176266969818,0.41137203636525516,0.23648982662901238,160.36363636363637,4.93
multiagent,needs,7,0.6,1.0,needs,254,154,6,0.0375,0.1,154,417.93327513313056,3379.995021826608,230.97595955287784,600.0000000000005,0,241,0,0,0,0.024607760267162927,0.3035590284760849,5143405982.882565,0.0,0,479558.296757617,417523.33557333506,834000.0,8915.91943305852,161,50,61,180,3,3254.654799999996,0.29240911770626615,0.3027033644343016,0.3842423247337154,0.2895825340942335,84.0,4.18
multiagent,needs,8,0.6,1.0,needs,388,274,14,0.04861111111111111,0.1728395061728395,274,56.185281971268296,3690.8484759388434,64.03278588294518,600.0000000000005,0,396,0,0,0,0.028273432738932222,0.5482005813076528,6294930928.860138,0.0,0,516358.2079814453,376184.55147948203,1542000.0,13163.67193071992,162,40,55,166,3,4908.611440000006,0.34248971644251625,0.36881936274615457,0.38606335438924505,0.24782648949896313,149.45454545454547,4.85
multiagent,needs,9,0.6,1.0,needs,329,219,6,0.02666666666666667,0.07407407407407407,219,320.0871436193611,3813.916217047374,304.824205671073,600.0000000000005,0,390,0,0,0,0.009892993124853384,0.367164595071778,5939661037.987151,0.0,0,701757.7257303323,542802.8475297759,1317600.0,20313.026093948603,176,37,71,210,2,4183.413599999991,0.27404913395256425,0.279570353751881,0.3980670481861889,0.23742441515589305,119.45454545454545,4.8
multiagent,needs,10,0.6,1.0,needs,382,309,0,0.0,0.0,309,299.7823555654204,3050.3140061842373,222.12830357286592,600.0000000000005,0,136,0,0,0,0.0,0.1939630202178315,3936427464.567275,0.0,0,422710.166030792,357214.8230543776,1556400.0,18501.08704364093,210,83,53,155,0,2163.77661,0.4441834599374259,0.4441834599374259,0.5001076315154753,0.2759314493712022,168.54545454545456,5.39
multiagent,needs_pre,1,0.6,1.0,needs,295,215,6,0.027149321266968326,0.08571428571428572,215,298.3870711597067,2955.0126006051287,17.366719921754168,600.0000000000005,0,217,0,0,0,0.015175977632487906,0.5284364154942197,5477120884.380659,0.0,0,525974.2775296958,412714.47878734826,1516200.0,12240.004830269583,196,69,56,155,1,3092.023160000001,0.41065196552708344,0.4268809871579488,0.3974780698410386,0.23566634882197454,117.27272727272728,4.65
multiagent,needs_pre,2,0.6,1.0,needs,313,238,4,0.01652892561983471,0.0625,238,289.5507787371391,3194.3887626061423,82.48473106498612,600.0000000000005,0,120,0,0,0,0.008521078545739682,0.4871422031398673,5520287021.328336,0.0,0,424649.59254965733,339886.64524986816,1213200.0,9873.566788385098,146,53,43,127,0,3491.5477999999994,0.47693517964002585,0.48448612112364814,0.3713574874465812,0.2549068376926709,129.8181818181818,4.4
multiagent,needs_pre,3,0.6,1.0,needs,300,209,5,0.02336448598130841,0.06944444444444445,209,119.53154229320444,3554.8765748942633,109.06533585844984,600.0,0,223,0,0,0,0.0037418177009332777,0.4252766578143722,5246982269.746783,0.0,0,424477.1139237226,363801.2390312361,1029000.0,7344.694913792468,149,55,56,176,1,2751.3388699999996,0.3934543109724752,0.404713292021907,0.387313982634842,0.2773421258171203,114.0,4.54
multiagent,needs_pre,4,0.6,1.0,needs,300,205,7,0.0330188679245283,0.1,205,186.52667387618476,3742.7470697036556,177.25179194903433,600.0000000000005,0,265,0,0,0,0.02689573972801002,0.4751634207618438,5334280967.526074,0.0,0,429190.59178251965,354442.7737074794,1401000.0,17851.922234655587,155,51,63,172,3,3115.97067,0.3314466732849034,0.3400133955533926,0.4099054022193085,0.2443429706046296,111.81818181818183,4.34
multiagent,needs_pre,5,0.6,1.0,needs,321,164,17,0.09392265193370165,0.30357142857142855,164,232.28348289094413,5243.607719158434,452.709181250525,600.0000000000005,0,673,0,0,0,0.0050985176873611674,0.561386801376764,6711404998.01761,0.0,0,622327.0333606274,563167.1605902148,1230000.0,24033.099262476535,186,32,61,181,9,3733.206,0.14568673598790044,0.15810599065855577,0.34475647142903393,0.18464147117716406,89.45454545454545,4.17
multiagent,needs_pre,6,0.6,1.0,needs,380,292,2,0.006802721088435374,0.029850746268656716,292,28.47636657798148,2890.303397903806,137.1976622137801,600.0000000000005,0,289,0,0,0,0.0001480814001350633,0.4443091628388006,5554638380.262624,0.0,0,389417.75646294415,303449.8566076048,1567200.0,9016.835346804077,162,68,48,141,2,3822.3526800000004,0.43049697684491706,0.43267750717251685,0.40157222132786197,0.24137160387795029,159.27272727272728,4.79
multiagent,needs_pre,7,0.6,1.0,needs,258,158,8,0.04819277108433735,0.12903225806451613,158,417.52886619181606,3573.8502109653186,146.15365773042168,600.0000000000005,0,269,0,0,0,0.0045892408648135425,0.2752787615884164,5468717468.526983,0.0,0,482335.77197971503,391281.9061565071,855600.0,9008.734130636563,161,50,65,190,3,3245.7651299999984,0.3041928240759173,0.3138561886475005,0.39066445080209145,0.3097911589291177,86.18181818181819,4.24
multiagent,needs_pre,8,0.6,1.0,needs,383,263,15,0.0539568345323741,0.19736842105263158,263,80.53749538828197,3750.238008515212,130.82862871478133,600.0000000000005,0,456,0,0,0,0.030458839243245935,0.58177479112751,6039881328.720429,0.0,0,516152.82214381755,403985.6749699643,1513200.0,16856.392717312843,147,36,51,153,4,5155.855439999999,0.270471300284975,0.2892873767931693,0.3765566141017548,0.22043344657449623,143.45454545454547,4.74
multiagent,needs_pre,9,0.6,1.0,needs,323,208,6,0.028037383177570093,0.0759493670886076,208,382.82697490987766,3909.805869684282,332.53549540151266,600.0000000000005,0,392,0,0,0,0.01465472637598701,0.34862742767363275,5851407939.202721,0.0,0,690088.0441776429,539508.3660657178,1238400.0,19281.033646092634,175,40,71,208,1,4875.697979999998,0.27064102008913016,0.2756313715997422,0.3942618169556139,0.22627971144764666,113.45454545454545,4.86
multiagent,needs_pre,10,0.6,1.0,needs,383,306,2,0.006493506493506494,0.02702702702702703,306,304.941683240138,2624.794188648628,204.6687835749451,600.0000000000005,0,159,1,0,0,0.003648922011544839,0.1881481761538221,4077652501.943554,0.0,0,434668.8987223035,334939.8760101625,1580400.0,17596.8261175235,212,75,52,152,0,2464.7763099999993,0.44957543770697966,0.4530726589549772,0.4997984756013663,0.28629735925622146,166.9090909090909,5.31
multiagent,needs_jev,1,0.6,1.0,needs,307,235,4,0.016736401673640166,0.05405405405405406,235,331.36395418440065,3454.4632999647056,13.974716301432606,600.0000000000005,0,190,0,0,0,0.003664875769896311,0.5353210295157429,5326936214.418351,0.0,0,466721.6238058593,365443.71457534644,1584600.0,12853.366706492983,219,59,59,157,4,3477.089,0.4647473554606573,0.47680412683404444,0.41839720278101533,0.24281463911451137,128.1818181818182,11.77
multiagent,needs_jev,2,0.6,1.0,needs,311,235,3,0.012605042016806723,0.046875,235,312.8669652141325,3369.5022474581547,31.184238718839595,600.0,0,116,0,0,0,0.004458628307103609,0.4723847427497408,5736120723.050308,0.0,0,427403.2191272984,348047.6818624896,1204200.0,10796.232826016221,154,57,45,128,0,3491.9589199999996,0.4962579182691835,0.5011344176070723,0.3794829265896141,0.27038496354385605,128.1818181818182,11.04
multiagent,needs_jev,3,0.6,1.0,needs,298,203,5,0.02403846153846154,0.07246376811594203,203,114.0713551178651,3996.4698764012082,176.55208436250828,600.0000000000005,0,244,0,0,0,0.003918804460704694,0.4347075114665657,5483716240.411429,0.0,0,391902.98866316926,336819.7262288332,960600.0,6398.158510471456,145,58,55,171,1,2658.1260199999997,0.3857985429227008,0.3968433384107865,0.37313404853422044,0.26729139300356275,110.72727272727273,10.55
multiagent,needs_jev,4,0.6,1.0,needs,299,198,6,0.029411764705882353,0.10344827586206896,198,189.8135611094781,3501.716244155253,138.87519403234123,600.0000000000005,0,256,0,0,0,0.028143853966013987,0.4879878833398667,5486660894.416216,0.0,0,409580.78093609377,305698.80106034223,1308600.0,15509.291911214797,157,49,61,163,3,2876.5704999999994,0.34051094516187624,0.3462044874305373,0.42325034152826346,0.24507135283937878,108.0,9.99
multiagent,needs_jev,5,0.6,1.0,needs,349,204,16,0.07272727272727272,0.25806451612903225,204,262.37124140739536,4704.093111355563,349.36830692406846,600.0000000000005,0,615,0,0,0,0.018344545525340712,0.5012700051298825,6915344049.788292,0.0,0,541869.3606236081,455714.9474157519,1416600.0,22092.76104428035,192,30,59,178,9,4939.48933,0.21187816073213966,0.22776270188380623,0.39568193882332947,0.2296235477815544,111.27272727272728,11.55
multiagent,needs_jev,6,0.6,1.0,needs,378,280,2,0.0070921985815602835,0.03225806451612903,280,30.481048058282624,3028.7013960767617,188.96660303063032,600.0000000000005,0,293,0,0,0,0.00014430239234521606,0.44732190588462223,5732259165.378276,0.0,0,441387.9553119061,343948.4613039752,1537800.0,11634.436440774902,163,68,51,152,2,3410.9006400000003,0.3987369796958436,0.400529042825203,0.3950628692979474,0.2316841607117882,152.72727272727272,11.27
multiagent,needs_jev,7,0.6,1.0,needs,251,148,8,0.05128205128205128,0.13333333333333333,148,527.0340616217284,4373.433905849062,114.78903708538033,600.0000000000005,0,303,0,0,0,0.013707427596898213,0.32830800169799723,5541625019.016838,0.0,0,461890.64137639187,347008.80488440185,862800.0,7993.434155079953,147,72,54,160,3,3564.401420000001,0.27754535847723905,0.28988143525364507,0.33887576526482777,0.24128613530143747,80.72727272727273,8.81
multiagent,needs_jev,8,0.6,1.0,needs,376,245,14,0.05405405405405406,0.2028985507246377,245,56.07641000667718,3082.336197805458,121.4582889809297,600.0000000000005,0,493,0,0,0,0.025893003528624253,0.5761325668069754,6382033410.74342,0.0,0,462146.1544580232,377288.3766344877,1436400.0,14843.789240330449,152,38,53,160,5,5034.881719999999,0.25828762370043556,0.2762405694717951,0.3592531336441337,0.23423690234793798,133.63636363636365,11.36
multiagent,needs_jev,9,0.6,1.0,needs,318,203,9,0.04245283018867924,0.10256410256410256,203,266.7974170815205,3512.2080476989076,303.255068075307,600.0000000000005,0,414,0,0,0,0.014071390326619637,0.37987570041727353,6318191178.130042,0.0,0,637902.4142502459,523589.4839480743,1193400.0,21084.409046270663,181,42,66,195,3,4306.564110000006,0.26385760307851625,0.2730265934437453,0.39231325250097127,0.22614603534100647,110.72727272727273,11.5
multiagent,needs_jev,10,0.6,1.0,needs,385,305,1,0.0032679738562091504,0.014084507042253521,305,253.2751857195508,2682.198668440817,118.26259881910143,600.0000000000005,0,138,0,0,0,0.00044653647826312825,0.21622477318731834,3439225340.4906344,0.0,0,423405.2451236563,350799.67702547135,1536000.0,17347.950701608068,208,77,54,159,1,2448.99306,0.45882565303729395,0.4616579101548081,0.5184832014212639,0.28089148014154686,166.36363636363637,12.83
multiagent,needs-content,1,0.6,1.0,needs,310,234,3,0.012658227848101266,0.0410958904109589,234,261.2597220370768,3157.479528520258,27.562037777403475,600.0000000000005,0,185,0,0,0,0.0035106645422985773,0.5224090768999702,5190038097.427196,0.0,0,457259.27135071886,350656.23061496747,1521000.0,13363.917407341392,210,49,55,151,1,3585.148079999999,0.4422146730426717,0.45073692053383363,0.40170382340229216,0.24620770159443173,127.63636363636364,4.63
multiagent,needs-content,2,0.6,1.0,needs,315,247,1,0.004032258064516129,0.015384615384615385,247,328.2394171670994,3710.2967084382185,16.118332918288516,600.0000000000005,0,124,0,0,0,0.004334341707834902,0.47554830379097235,5688061456.630823,0.0,0,407575.85541729396,348005.8501043658,1231200.0,10350.829599291217,159,64,43,123,0,3476.8546599999977,0.5025707507559627,0.5038191824150482,0.3935876659584629,0.2645614869554644,134.72727272727272,4.55
multiagent,needs-content,3,0.6,1.0,needs,300,212,3,0.013953488372093023,0.04,212,115.49615485710683,2481.978708126781,35.369418808453844,600.0000000000005,0,223,0,0,0,0.018952219578629543,0.4553919399743239,5200615147.7371435,0.0,0,394781.38929791184,344173.2323049701,1027200.0,6623.036691638142,148,59,55,169,0,2541.3379999999997,0.40457006910824467,0.4112642929734947,0.37833088787312225,0.268370208630708,115.63636363636364,4.33
multiagent,needs-content,4,0.6,1.0,needs,290,190,8,0.04040404040404041,0.13559322033898305,190,160.47798364411358,3154.8111263323103,133.97019794181236,600.0000000000005,0,293,0,0,0,0.0292082818351288,0.46390993433864225,6195174480.193409,0.0,0,452778.5006498923,392463.12778334715,1323000.0,14850.962714052694,136,46,63,170,2,2948.87129,0.34164964845058216,0.3435689112777992,0.3768333891155141,0.24435079138188387,103.63636363636364,3.98
multiagent,needs-content,5,0.6,1.0,needs,332,189,18,0.08695652173913043,0.2537313432835821,189,304.1086861785823,5374.434761432315,313.05943121110363,600.0000000000005,0,644,0,0,0,0.010185743176107863,0.45893740463227084,6652034614.168714,0.0,0,524809.1369574342,468546.1115612816,1316400.0,24404.578127694924,191,37,58,168,12,3912.5547599999995,0.19687153393847573,0.2131813350757205,0.3794203096712316,0.2455584825352616,103.0909090909091,4.43
multiagent,needs-content,6,0.6,1.0,needs,385,299,4,0.013201320132013201,0.05970149253731343,299,28.212276846690656,2927.684949520451,213.75659685435403,600.0000000000005,0,306,0,0,0,0.007775312700826045,0.4368339131839166,5821157520.800005,0.0,0,386831.0254710774,319294.312099583,1619400.0,9568.735999017514,161,69,48,135,1,3575.2081999999978,0.43380060140802323,0.4383462566367066,0.39872260961781275,0.24164276643762045,163.0909090909091,4.67
multiagent,needs-content,7,0.6,1.0,needs,255,154,4,0.02531645569620253,0.07142857142857142,154,400.71550869252405,3316.545876144358,148.69191776348336,600.0000000000005,0,266,0,0,0,0.027418213607276767,0.3115030341268609,5376826025.237502,0.0,0,491770.41508223163,416560.71839285985,856800.0,10201.001973656526,155,53,62,182,3,3291.873900000001,0.29571968483431166,0.30230562163898234,0.37887979182044806,0.2917545683523436,84.0,3.99
multiagent,needs-content,8,0.6,1.0,needs,378,263,16,0.05734767025089606,0.1927710843373494,263,65.51553550488279,3782.6000501790863,69.25303802869436,600.0000000000005,0,436,0,0,0,0.029030344311267,0.553432624489838,6272005627.44445,0.0,0,560267.9957495547,413099.44855122926,1583400.0,15246.791290161489,178,48,53,161,4,4955.5596499999965,0.31813259628778995,0.34574144638565696,0.38896911224423725,0.23276829677489608,143.45454545454547,4.68
multiagent,needs-content,9,0.6,1.0,needs,313,196,8,0.0392156862745098,0.10526315789473684,196,335.45344781634947,3600.0081213930903,410.102403749808,600.0000000000005,0,411,0,0,0,0.012119472087375665,0.3566668237722996,6196163570.303149,0.0,0,669375.9896007726,553243.3740407667,1216200.0,20508.085445394358,172,43,64,193,5,4403.791720000003,0.2430300309762219,0.2527414614901597,0.3781217457710114,0.21865334425894836,106.9090909090909,4.46
multiagent,needs-content,10,0.6,1.0,needs,378,303,1,0.003289473684210526,0.013888888888888888,303,311.3082498691101,2884.2241350357267,239.33556311173925,600.0000000000005,0,158,0,0,0,0.0032111914738367628,0.1912531032720382,3917722675.11247,0.0,0,431589.5867709759,357545.8094153115,1593600.0,16841.479455917288,212,76,52,153,0,2083.4156499999995,0.4497265317597722,0.45060279395478087,0.4907638788688164,0.28057854911750546,165.27272727272728,5.2
multiagent,needs-ev,1,0.6,1.0,needs,298,218,7,0.03111111111111111,0.09859154929577464,218,304.6329073566596,3095.1149411516885,23.4319200381428,600.0000000000005,0,224,0,0,0,0.00581695048544229,0.5403791379804854,5005123234.9904175,1242.2195349321312,7,664384.2350501611,496140.8090847914,1449000.0,13173.849090320315,204,68,52,144,1,3117.372699999998,0.4100746789485877,0.428994758265324,0.38186873733731547,0.228562019273293,118.90909090909092,4.38
multiagent,needs-ev,2,0.6,1.0,needs,309,234,3,0.012658227848101266,0.05,234,269.0314699583613,3748.9719783610785,50.151379897771044,600.0000000000005,0,132,0,0,0,0.0138071970298851,0.4763326554136005,5973317243.996248,1088.929252827668,5,649342.4107101706,546135.6137794709,1250400.0,12166.752984821207,154,57,45,128,0,3475.1099600000007,0.4459220493842499,0.453949327248342,0.3792527755034318,0.2625498350049546,127.63636363636364,4.5
multiagent,needs-ev,3,0.6,1.0,needs,305,216,4,0.01818181818181818,0.05405405405405406,216,182.0880663920127,2575.9248945533054,168.29262835733027,600.0,0,232,0,0,0,0.019852505058053443,0.48490574650428997,5358384667.628002,1455.1046998646552,7,675476.6276386735,577687.3192225387,1139400.0,11145.137233119707,156,40,57,170,1,2587.97785,0.3617996096706238,0.3648393673768319,0.3805628272023116,0.2505572648058312,117.81818181818183,4.42
multiagent,needs-ev,4,0.6,1.0,needs,296,202,3,0.014634146341463415,0.05172413793103448,202,256.1358207072142,4078.9354521677824,94.48853301936218,600.0000000000005,0,260,0,0,0,0.009259279387875886,0.4302528063557556,5283427870.77987,1834.0060065966106,4,641570.0084627781,486279.9047205375,1444800.0,16431.824213228432,164,37,61,164,3,2847.6275,0.3528677903814662,0.35969748955013975,0.4195874567793318,0.2533559351838228,110.18181818181819,4.48
multiagent,needs-ev,5,0.6,1.0,needs,297,134,26,0.1625,0.4166666666666667,134,419.3922475546408,4734.882881283658,466.9397762172777,600.0000000000005,0,692,0,0,0,0.055371948717308585,0.48166608204413536,6324739851.278034,0.0,0,669093.3116054347,621410.0309749008,1146000.0,26701.62517742512,148,25,50,152,10,3720.732,0.16662449464931037,0.18047131832055427,0.30500216254694384,0.1821453887128003,73.0909090909091,3.8
multiagent,needs-ev,6,0.6,1.0,needs,371,275,7,0.024822695035460994,0.10294117647058823,275,74.10312261866898,3268.1634038817315,132.99385238695263,600.0000000000005,0,301,0,0,0,0.00997798428017317,0.47802491887724546,5573600862.822582,2487.904565295799,14,661640.118202752,529489.01577449,1526400.0,9175.05758563798,158,62,48,142,2,2942.8593600000004,0.32854955198505487,0.3347678739372542,0.3778605500760814,0.2226074601516181,150.0,4.61
multiagent,needs-ev,7,0.6,1.0,needs,253,149,7,0.04487179487179487,0.12727272727272726,149,426.0578252291443,4141.456632625428,182.7375196229088,600.0000000000005,0,272,0,0,0,0.02023848651089077,0.2938852775329448,5237295280.722419,215.52234753013613,2,668755.5515801386,543317.7210304653,853200.0,10215.448015511105,158,42,61,181,3,3319.525800000002,0.29129266513391705,0.3021633793113817,0.3645314388799858,0.279329151719429,81.27272727272728,3.97
multiagent,needs-ev,8,0.6,1.0,needs,381,262,12,0.043795620437956206,0.16,262,85.5045532104175,3536.787980672785,203.22775871249058,600.0000000000005,0,467,0,0,0,0.008451451949607556,0.5671797920509813,6352053923.032228,2311.8382387943907,12,683168.9856497536,551377.2742337557,1478400.0,14322.05394611586,150,22,51,148,5,5298.980799999999,0.27516689965068153,0.2913366727014808,0.34582310050019427,0.21427129822076013,142.9090909090909,4.49
multiagent,needs-ev,9,0.6,1.0,needs,307,190,6,0.030612244897959183,0.08571428571428572,190,401.72385233381783,3931.194176024258,312.89715903114643,600.0000000000005,0,449,0,0,0,0.014572695986499939,0.34119454957491707,6089575136.377494,160.1215292281638,1,827421.8282779983,686810.1616721178,1167000.0,19792.963534735878,170,29,62,182,2,5555.04132,0.19716085446281242,0.19922331674099342,0.3651867765434797,0.21431170070615252,103.63636363636364,4.42
multiagent,needs-ev,10,0.6,1.0,needs,373,291,1,0.003424657534246575,0.014084507042253521,291,306.6045973047585,3036.2520872732207,253.90507609427257,600.0000000000005,0,175,0,0,0,0.0002485699617241081,0.18621633375905428,4419942282.295676,2396.1709257718594,14,578097.3269411976,429371.1524926614,1517400.0,16616.716298189673,209,77,50,149,0,2328.85365,0.4288106779794557,0.43145765747315606,0.47282034720198785,0.2657761203074113,158.72727272727272,5.09
multiagent,needs-forecast,1,0.6,1.0,needs,296,217,3,0.013636363636363636,0.04411764705882353,217,295.8952905213325,3380.594799875473,79.00648158603025,600.0000000000005,0,205,0,0,6,0.0034897999080377292,0.5363951636336974,5666020021.969507,150.43275361210715,0,575850.2300671374,453446.419590295,1455600.0,14150.601267952501,201,63,54,155,1,3118.1362499999996,0.4078356651721721,0.41568110112873674,0.3851379785636817,0.227412748693486,118.36363636363637,4.48
multiagent,needs-forecast,2,0.6,1.0,needs,294,218,2,0.00909090909090909,0.03225806451612903,218,343.6167891177795,3545.0918086896013,23.847522000408148,600.0000000000005,0,147,0,0,7,0.007598711024827202,0.4800262635258946,6049976641.073824,19.22729257265928,1,493143.96961590595,396049.3488805723,1132200.0,9015.999769796756,150,57,43,126,0,3522.8535600000014,0.47076401030987,0.4738246593549472,0.36556220667815986,0.2544101418657858,118.90909090909092,4.21
multiagent,needs-forecast,3,0.6,1.0,needs,301,215,3,0.013761467889908258,0.027777777777777776,215,117.1663746412537,3391.2863241370433,41.964607145162546,600.0000000000005,0,240,0,0,10,0.013554740883195558,0.4508766133584903,5204855627.298297,36.95362184734904,0,432151.86100167525,360938.72061557043,1010400.0,7792.642687792702,143,49,53,168,0,2677.4141099999997,0.38532578677075724,0.3916763429002085,0.3702574534406566,0.2707564530700212,117.27272727272728,4.32
multiagent,needs-forecast,4,0.6,1.0,needs,287,184,7,0.03664921465968586,0.125,184,212.9123994008869,3463.6998291659493,144.93360524367986,600.0000000000005,0,264,0,0,27,0.030017855190804788,0.4319118515752685,5724762779.851542,0.0,0,468723.17680630594,347190.32647399005,1309800.0,15920.077832575222,160,37,61,167,3,3449.2198800000006,0.3151455899174641,0.31647521134398165,0.40843523247296687,0.2517790465404152,100.36363636363637,4.09
multiagent,needs-forecast,5,0.6,1.0,needs,308,144,22,0.13253012048192772,0.3684210526315789,144,430.5333508080407,4534.0476327259885,527.7132159490677,600.0000000000005,0,739,0,0,2,0.057156949111792074,0.5178466062516002,7410683661.356123,0.0,0,610495.9915171707,520827.57609964546,1098600.0,31056.947054460117,132,23,52,155,15,4986.313249999999,0.13096221648096643,0.14070635431615472,0.28948594568278946,0.15372502897383003,78.54545454545455,3.56
multiagent,needs-forecast,6,0.6,1.0,needs,375,283,4,0.013937282229965157,0.058823529411764705,283,47.53470644162462,3298.6965673909176,143.30696799450837,600.0000000000005,0,281,0,0,1,0.006368186131872147,0.47027175506138635,5651705238.2111435,0.0,0,592548.510735793,427797.5632073882,1554000.0,9260.06290687398,156,74,53,154,1,3073.6947999999998,0.39445853750080756,0.3980725411275036,0.38828756398115777,0.21668883498548008,154.36363636363637,4.67
multiagent,needs-forecast,7,0.6,1.0,needs,248,150,4,0.025974025974025976,0.06666666666666667,150,399.67579466764084,3631.0162458321734,204.29050860052268,600.0000000000005,0,259,0,0,5,0.021929950332184582,0.30479924617362114,4998573994.544929,0.0,0,555776.5129213275,449058.77419937815,874800.0,8834.795917539384,165,44,60,180,2,3395.770399999998,0.3165497611121556,0.3241402173821867,0.376165617573977,0.30066308021870886,81.81818181818183,4.15
multiagent,needs-forecast,8,0.6,1.0,needs,369,241,14,0.054901960784313725,0.208955223880597,241,71.90649885292896,3569.446580486076,211.0089572472615,600.0000000000005,0,482,0,0,13,0.012001075714651354,0.5874134207024108,6376616914.313189,0.9249351843154727,1,632332.3876875076,530300.5005729042,1352400.0,17071.13161107886,143,29,53,163,2,5074.253599999999,0.23290992384909182,0.24890673899593985,0.34531070427026683,0.19715781394784773,131.45454545454547,4.43
multiagent,needs-forecast,9,0.6,1.0,needs,319,208,7,0.03255813953488372,0.08974358974358974,208,467.4979314231309,4024.1846548999056,301.97969894660923,600.0000000000005,0,432,0,0,0,0.016814461206988495,0.36575602004906155,6426282675.171546,0.0,0,690061.2875393846,544635.8522634299,1281600.0,18321.25693982069,179,36,67,197,4,4667.6857299999965,0.26799674927703143,0.27754413515997983,0.39176069979846545,0.2403902063146239,113.45454545454545,4.54
multiagent,needs-forecast,10,0.6,1.0,needs,379,301,1,0.0033112582781456954,0.013888888888888888,301,281.85583809110403,2923.37690420516,238.51941017732614,600.0000000000005,0,155,0,0,5,0.00023739170010359033,0.20029407078289738,4150892632.041594,0.0,0,474955.1914745074,381057.4697903155,1555200.0,17460.39452684709,204,71,52,153,0,2325.6435699999993,0.4350258906427166,0.43771123564668396,0.49195063309780496,0.2646023705825585,164.1818181818182,5.17
multiagent,needs-conformal,1,0.6,1.0,needs,316,237,3,0.0125,0.043478260869565216,237,203.6795025469055,2790.4865053447024,28.124525701339632,600.0000000000005,0,197,0,0,0,0.00312826998015845,0.4960781833892637,4972800584.04434,0.0,0,526616.0922014924,384812.72556300793,1593000.0,14725.289936151214,223,60,59,159,2,3076.1123500000003,0.42818417124939145,0.4364404532025456,0.42996306212364027,0.25087707459369735,129.27272727272728,5.02
multiagent,needs-conformal,2,0.6,1.0,needs,328,256,1,0.0038910505836575876,0.015873015873015872,256,260.7537494566667,3395.5076407902816,10.780696360859729,600.0000000000005,0,121,0,0,0,2.044423295617046e-05,0.47335599266794914,5735591870.194852,0.0,0,394252.08218459785,330749.9508660333,1309200.0,10735.218202181313,155,60,42,120,0,3492.78376,0.5111686391410495,0.512498540756913,0.3926937800642644,0.26660368177076504,139.63636363636365,4.54
multiagent,needs-conformal,3,0.6,1.0,needs,305,220,3,0.013452914798206279,0.02666666666666667,220,131.13668414631206,4698.874088439768,54.772966533607814,600.0,0,227,0,0,0,0.013602488620217302,0.42452118381604276,5568547687.521036,0.0,0,428359.0619960854,310024.836115955,1006200.0,8049.815870907971,152,63,55,174,1,2520.56631,0.39748119130458964,0.4040411444582992,0.3845958603422041,0.2852007269518658,120.0,4.43
multiagent,needs-conformal,4,0.6,1.0,needs,293,193,2,0.010256410256410256,0.03636363636363636,193,274.609947643557,3897.9483748459043,268.55920438027664,600.0000000000005,0,262,0,0,0,0.006480220973800407,0.44371464172884184,5157820476.163004,0.0,0,456020.3395809425,358455.5010429213,1339800.0,16802.048781449696,158,52,63,168,2,3387.296190000001,0.3321211816780054,0.33314751758114486,0.43275270401126653,0.24332226196990872,105.27272727272728,4.33
multiagent,needs-conformal,5,0.6,1.0,needs,348,200,19,0.0867579908675799,0.2835820895522388,200,182.20663360345975,4697.603093286366,350.8989761441316,600.0000000000005,0,614,0,0,0,0.019649152835064545,0.5188144546747167,6642106331.661786,0.0,0,558110.4313881171,484385.47541713924,1447200.0,24449.936695089506,187,30,61,179,12,5202.660400000001,0.19109927146981523,0.20994874823026516,0.38157496584434086,0.2092975897542943,109.0909090909091,4.66
multiagent,needs-conformal,6,0.6,1.0,needs,368,275,5,0.017857142857142856,0.07575757575757576,275,26.60580242839842,2914.5734773350646,110.62742665131329,600.0000000000005,0,298,0,0,0,0.0007525263921301109,0.45683101777660834,6023639501.559256,0.0,0,425927.5252384239,353721.4372543004,1519200.0,9042.511704015982,165,79,51,153,1,2930.9866999999995,0.4028894720055406,0.41163180713226144,0.39531452757543384,0.23649568123340536,150.0,4.74
multiagent,needs-conformal,7,0.6,1.0,needs,237,127,12,0.08633093525179857,0.21052631578947367,127,458.22377581683486,3134.5063059983036,221.48401266088425,600.0000000000005,0,369,0,0,0,0.019841557143194095,0.34247319167146256,5865415413.272237,0.0,0,464762.0796380939,386634.6230513992,776400.0,8555.253041771884,151,73,57,169,4,4690.794879999995,0.2399022933841116,0.25603020573748103,0.32676398351706165,0.23772624291379602,69.27272727272728,3.43
multiagent,needs-conformal,8,0.6,1.0,needs,390,270,17,0.059233449477351915,0.20987654320987653,270,45.05824295255138,3686.5966170749484,64.28398240724324,600.0000000000005,0,431,0,0,0,0.029776349685257525,0.5589045464259941,6000035176.409148,0.0,0,508115.14760999713,381885.7034576116,1537200.0,13089.257529152732,159,42,54,162,2,4854.1002899999985,0.31603490046589827,0.3454500127633841,0.38374361865449363,0.24181892452476683,147.27272727272728,4.81
multiagent,needs-conformal,9,0.6,1.0,needs,332,219,7,0.030973451327433628,0.08641975308641975,219,337.0437846810323,3909.9925760474034,302.2518336682593,600.0000000000005,0,381,0,0,0,0.010347972631618236,0.3813389804344087,6269147396.177599,0.0,0,652314.9487829462,528784.7254562128,1324800.0,18426.73277672547,181,37,68,205,4,4358.101499999992,0.29556733233343196,0.3031416722015387,0.3942367550059894,0.22356846688022308,119.45454545454545,4.7
multiagent,needs-conformal,10,0.6,1.0,needs,387,305,1,0.0032679738562091504,0.014084507042253521,305,265.2946868689587,2575.1506702528013,158.7890272247939,600.0000000000005,0,147,1,0,0,0.0019893886848330227,0.20836083669714092,3838095538.193059,0.0,0,455190.4683011219,320912.47181201703,1515000.0,15983.074210959558,216,84,58,178,1,2482.466199999998,0.42936838314993314,0.43201880526814257,0.5145699923594924,0.2948472434205882,166.36363636363637,5.42
multiagent,needs-learn_pre,1,0.6,1.0,needs,306,227,2,0.008733624454148471,0.02857142857142857,227,336.33799439835457,3080.613707464527,57.586209846275395,600.0000000000005,0,187,0,0,0,0.0029386254820658064,0.5153579803633946,5044376469.517132,0.0,0,495394.83949007234,360123.65358838765,1474200.0,14025.269664385101,208,63,57,159,1,3360.93566,0.4236294479983638,0.429002781104139,0.40512266866987184,0.2480111543435198,123.81818181818183,1.74
multiagent,needs-learn_pre,2,0.6,1.0,needs,321,246,4,0.016,0.0625,246,249.18910056995617,2395.5659042434777,12.539901277281247,600.0000000000005,0,118,0,0,0,0.02094462416433154,0.4863780703063755,5898040611.331955,0.0,0,426139.9601205375,359833.2188969576,1344000.0,10393.493016310696,154,54,43,124,0,3490.8409999999994,0.48903942739801765,0.4959478275008223,0.39179375730866356,0.2636572043320551,134.1818181818182,1.7
multiagent,needs-learn_pre,3,0.6,1.0,needs,300,207,3,0.014285714285714285,0.04411764705882353,207,114.80075405688058,2711.131480728741,149.88882327306163,600.0000000000005,0,243,0,0,0,0.018236646441527997,0.4578164297073809,5384972894.537169,0.0,0,407285.0128684634,364112.90578177606,987600.0,7816.060939342609,141,54,54,168,2,2593.1551299999983,0.36565021378216794,0.37165828533177625,0.36460542664222356,0.2592873953528588,112.90909090909092,1.63
multiagent,needs-learn_pre,4,0.6,1.0,needs,292,192,7,0.035175879396984924,0.1206896551724138,192,168.3540957516011,3549.6527138042948,380.32924739412493,600.0000000000005,0,267,0,0,0,0.016800739006306572,0.4472671325782437,5975141456.978656,0.0,0,496777.45158903697,395541.0636471028,1269000.0,15662.333431045136,140,43,64,173,4,3403.157589999997,0.3310333287415011,0.3348573236902567,0.3821919368039368,0.24433821504626696,104.72727272727273,1.51
multiagent,needs-learn_pre,5,0.6,1.0,needs,354,212,17,0.07423580786026202,0.2463768115942029,212,226.75689339604503,4326.354334212047,261.41484124203794,600.0000000000005,0,604,0,0,0,0.03401738151531433,0.5044716571766245,6512946193.581508,0.0,0,560442.3118394741,477333.78172029473,1448400.0,23787.058862473696,194,41,61,179,10,3564.4219,0.20426473426189867,0.22235067427467098,0.3848826397872961,0.2576444717628678,115.63636363636364,1.99
multiagent,needs-learn_pre,6,0.6,1.0,needs,373,286,1,0.003484320557491289,0.015151515151515152,286,32.060952555453355,3171.6809854410253,216.93516842569096,600.0000000000005,0,300,0,0,0,0.0025448632934424826,0.45288026025629446,5719395242.392581,0.0,0,407830.4399855797,352679.08486854343,1537800.0,9489.06397782547,160,66,50,146,2,3416.0116800000005,0.41206379415039945,0.4116113210606596,0.3877713547979798,0.23317219946126824,156.0,1.74
multiagent,needs-learn_pre,7,0.6,1.0,needs,253,151,6,0.03821656050955414,0.10714285714285714,151,481.0490902622778,3914.023541559947,247.73302047354025,600.0000000000005,0,304,0,0,0,0.024317112126347018,0.3107283021203027,5309868134.60017,0.0,0,547775.5909333416,479985.02098989923,837600.0,10259.45677997215,155,36,63,186,3,3338.148129999997,0.2953568544809008,0.30660320423508824,0.3604098702934797,0.2802167323716942,82.36363636363637,1.46
multiagent,needs-learn_pre,8,0.6,1.0,needs,389,265,15,0.05357142857142857,0.20833333333333334,265,58.281347703220035,3666.842053316442,139.24429116122818,600.0000000000005,0,446,0,0,0,0.028931437110574065,0.5791656800637794,6223724218.259606,0.0,0,449388.4952276998,365232.9652177771,1506600.0,13839.243407798614,164,44,52,156,2,5064.346880000001,0.27034508451255695,0.291218361729982,0.38042227782634036,0.22691224552799333,144.54545454545456,1.93
multiagent,needs-learn_pre,9,0.6,1.0,needs,310,197,7,0.03431372549019608,0.07792207792207792,197,294.3240703585816,2911.2062447689177,316.2458714931187,600.0000000000005,0,420,0,0,0,0.011934514678007426,0.37332787540175416,6082552037.045436,0.0,0,669157.7813045036,511827.2024680907,1168800.0,18534.400361855332,169,39,65,198,1,4476.8018399999955,0.27413668780073397,0.2806580650103639,0.36713765217074595,0.22232250076703736,107.45454545454545,1.65
multiagent,needs-learn_pre,10,0.6,1.0,needs,393,310,0,0.0,0.0,310,282.21855543908214,2570.1510033083528,230.63021941516695,600.0000000000005,0,131,0,0,0,0.0,0.19361368780154548,3824173685.234859,0.0,0,424708.7235948121,348756.1713775275,1498800.0,15874.922131110132,207,86,52,156,0,2015.8704599999994,0.43820140027263865,0.43820140027263865,0.5017577568877881,0.2767739486534291,169.0909090909091,2.06
multiagent,oracle0,1,0.6,1.0,clairvoyant,361,306,3,0.009708737864077669,0.03571428571428571,306,122.8677104870701,2864.368374002103,2.182994250076545,600.0000000000002,0,135,0,0,0,0.0030266573789957825,0.5170842432629119,3018496286.633153,93.0,31,0.0,0.0,0.0,0.0,243,39,71,195,5,3480.1961599999995,0.6665587279209503,0.6794659125464374,0.51573068743525,0.2869845417148711,166.9090909090909,0.22
multiagent,oracle0,2,0.6,1.0,clairvoyant,366,321,1,0.003105590062111801,0.013333333333333334,321,141.73190138321388,2665.574892097863,0.0,600.0000000000002,0,95,0,0,0,0.009956191626123087,0.4578942775868621,3489456124.134628,102.0,34,0.0,0.0,0.0,0.0,191,66,49,142,1,3475.153339999997,0.7005756476201691,0.7051545734216081,0.4557998150576276,0.3258476955361517,175.0909090909091,0.18
multiagent,oracle0,3,0.6,1.0,clairvoyant,367,299,4,0.013201320132013201,0.03529411764705882,299,111.80075405688058,2409.8517956502915,2.1273225853474145,600.0,0,143,0,0,0,0.007063691265810586,0.41848605887870705,3393139066.066089,147.0,49,0.0,0.0,0.0,0.0,196,40,65,212,2,2667.232289999999,0.593471699436351,0.6070796860072276,0.49576262894570705,0.32979791895974014,163.0909090909091,0.22
multiagent,oracle0,4,0.6,1.0,clairvoyant,372,304,3,0.009771986970684038,0.04225352112676056,304,131.3392988013593,3391.060041026016,6.050957781379281,600.0000000000005,0,197,0,0,0,0.007578180408092073,0.380818674085877,3450033430.7217255,75.0,25,0.0,0.0,0.0,0.0,244,29,81,228,6,2914.8394999999996,0.5959334374573577,0.6074676330210486,0.5868931532755439,0.3549133338925571,165.8181818181818,0.23
multiagent,oracle0,5,0.6,1.0,clairvoyant,493,389,12,0.029925187032418952,0.13580246913580246,389,121.67146184399644,3873.5302592559024,3.51032917130991,600.0000000000005,0,412,0,0,0,0.012000424130626887,0.39294238318838437,4029161043.6418414,66.0,22,0.0,0.0,0.0,0.0,285,17,84,243,15,5463.72783,0.5106175803278103,0.5363514778406655,0.6377063193230381,0.39036723388264616,212.1818181818182,0.27
multiagent,oracle0,6,0.6,1.0,clairvoyant,448,386,1,0.002583979328165375,0.011904761904761904,386,45.908645798689804,2844.037249367649,0.2355979820160566,600.0000000000005,0,193,0,0,0,3.440572088327155e-05,0.39123532433187513,3894972877.7769365,195.0,65,0.0,0.0,0.0,0.0,214,57,61,181,3,3402.7842700000015,0.6495570946482254,0.6505715067954485,0.5169580010238604,0.3354048512793304,210.54545454545456,0.23
multiagent,oracle0,7,0.6,1.0,clairvoyant,303,232,1,0.004291845493562232,0.013333333333333334,232,140.71156273348288,2833.6147409911914,4.229061552106908,600.0000000000005,0,187,0,0,0,0.0003972811653305826,0.24118799277958547,3839310530.216138,57.0,19,0.0,0.0,0.0,0.0,198,56,84,250,4,3177.394359999997,0.5917427444083159,0.5953954773984906,0.5229479199851075,0.4053439923807896,126.54545454545455,0.22
multiagent,oracle0,8,0.6,1.0,clairvoyant,458,370,14,0.036458333333333336,0.15053763440860216,370,38.19739975639584,3241.670110903017,0.0,600.0000000000005,0,366,0,0,0,0.007822006475956388,0.5329772298925485,4427832883.368482,180.0,60,0.0,0.0,0.0,0.0,205,45,64,183,9,5126.280159999999,0.5076906889167486,0.5449757795704342,0.43980912380212384,0.2878998210558259,201.8181818181818,0.21
multiagent,oracle0,9,0.6,1.0,clairvoyant,461,387,4,0.010230179028132993,0.038834951456310676,387,131.48066744822881,2031.2822461350875,3.083069842676192,600.0000000000005,0,198,0,0,0,0.0021089194804281603,0.3248491176128079,3958594797.363642,42.0,14,0.0,0.0,0.0,0.0,240,53,86,255,4,4096.241059999997,0.6556476325450105,0.664580820099713,0.602874494382932,0.3815347060872677,211.0909090909091,0.27
multiagent,oracle0,10,0.6,1.0,clairvoyant,476,416,1,0.002398081534772182,0.012048192771084338,416,130.37871002133556,2082.8352739425272,18.823939378703116,600.0000000000005,0,72,1,0,0,0.0027084806396754134,0.2043722627401826,2008309806.823882,165.0,55,0.0,0.0,0.0,0.0,263,82,64,198,2,2400.0992700000015,0.6907815361541039,0.6950456197106106,0.6445296715876716,0.36770546076202143,226.9090909090909,0.25
multiagent,gate_fifo300,1,0.6,1.5,reactive_gate,509,344,13,0.036414565826330535,0.11926605504587157,344,86.04337687155402,4057.8387558226327,0.0,600.0000000000005,0,683,0,0,504,0.005980485088437348,0.5554941470121006,6754137768.652329,0.0,0,0.0,0.0,0.0,0.0,229,7,81,236,15,5147.3104799999965,0.2962849716638994,0.30988592883289096,0.5031312124732906,0.20966633039972501,187.63636363636365,0.27
multiagent,gate_fifo300,2,0.6,1.5,reactive_gate,518,346,14,0.03888888888888889,0.13592233009708737,346,124.46119099546877,3657.6693054627435,0.0,600.0000000000005,0,620,0,0,333,0.005156955362299176,0.5015663671881166,6207464998.695059,0.0,0,0.0,0.0,0.0,0.0,215,17,61,184,10,3848.80398,0.33005262603571,0.3461379056838826,0.47847268915517355,0.2748083400149871,188.72727272727275,0.27
multiagent,gate_fifo300,3,0.6,1.5,reactive_gate,410,301,7,0.022727272727272728,0.07954545454545454,301,104.0404918803415,2513.2925706677684,0.0,600.0000000000005,0,384,0,0,316,0.004451223727109374,0.42520928748327064,6020024882.78144,0.0,0,0.0,0.0,0.0,0.0,222,5,60,188,8,3395.1070999999993,0.41230335622455705,0.42598683472375204,0.48561015067744756,0.2963644947844045,164.1818181818182,0.24
multiagent,gate_fifo300,4,0.6,1.5,reactive_gate,459,302,8,0.025806451612903226,0.08888888888888889,302,120.05397690869495,3726.7058852400396,3.4601397999247845,600.0000000000005,0,440,0,0,338,0.004285275515192217,0.38070836888067955,6293914933.530295,0.0,0,0.0,0.0,0.0,0.0,224,15,81,238,11,3321.758400000001,0.3403151307679788,0.34914643788794614,0.5393822498543124,0.2953668083998875,164.72727272727275,0.25
multiagent,gate_fifo300,5,0.6,1.5,reactive_gate,541,357,24,0.06299212598425197,0.27058823529411763,357,122.1986720528239,4869.023967847479,1.9143292935923983,600.0000000000005,0,1076,0,0,515,0.018885864498034737,0.40801873834524466,6897776672.382381,0.0,0,0.0,0.0,0.0,0.0,244,2,79,230,25,5463.931659999999,0.26505686202791023,0.2874953688240586,0.539608086558696,0.29915915758048106,194.72727272727275,0.3
multiagent,gate_fifo300,6,0.6,1.5,reactive_gate,523,392,8,0.02,0.08695652173913043,392,26.066400453844494,2572.626808058645,0.0,600.0000000000005,0,432,0,0,225,0.001298897154142186,0.4418757984868965,6647025269.444173,0.0,0,0.0,0.0,0.0,0.0,193,20,55,164,10,3656.71476,0.4044375524384072,0.4162800624513098,0.4794320099755569,0.2693956344868178,213.8181818181818,0.25
multiagent,gate_fifo300,7,0.6,1.5,reactive_gate,519,310,18,0.054878048780487805,0.15789473684210525,310,107.77718515278457,3377.4243929056797,2.0265199520933446,600.0000000000005,0,924,0,0,477,0.012267395059907179,0.3989367147532904,6520373020.570753,0.0,0,0.0,0.0,0.0,0.0,213,25,91,272,16,5473.0385,0.2690168316042426,0.28485003926268554,0.5209106144335989,0.2898445617207939,169.0909090909091,0.3
multiagent,gate_fifo300,8,0.6,1.5,reactive_gate,613,409,37,0.08295964125560538,0.2892561983471074,409,47.261944871795095,3875.0304106971453,0.0,600.0000000000005,0,1127,0,0,371,0.02046245671614867,0.5303248914846761,7985539909.438204,0.0,0,0.0,0.0,0.0,0.0,211,3,69,196,18,5518.38004,0.2627804634138059,0.29645537292466945,0.4537495665428322,0.2642091218079506,223.0909090909091,0.31
multiagent,gate_fifo300,9,0.6,1.5,reactive_gate,501,371,7,0.018518518518518517,0.0660377358490566,371,77.93199972981802,2584.416134033497,2.297513927188389,600.0000000000005,0,403,0,0,344,0.015203536384286955,0.3098581561733369,6571677441.708138,0.0,0,0.0,0.0,0.0,0.0,220,39,80,229,14,4693.394359999998,0.43197972135317236,0.44161570026556224,0.5123127281509,0.3121460214258779,202.36363636363637,0.28
multiagent,gate_fifo300,10,0.6,1.5,reactive_gate,532,393,9,0.022388059701492536,0.0891089108910891,393,153.642554566919,3383.9047846470708,15.197009125154676,600.0000000000005,0,529,0,0,413,0.00561561252786087,0.19232089289858242,4326334173.122681,0.0,0,0.0,0.0,0.0,0.0,235,7,65,202,7,2784.7941999999994,0.38008497313948686,0.3944338865708028,0.5957664215269685,0.30157247759768446,214.36363636363637,0.3
multiagent,gate_vtfq0,1,0.6,1.5,reactive_gate,507,356,5,0.013850415512465374,0.0423728813559322,356,318.2661037056901,3586.7038155181467,3.4699135644587953,600.0000000000005,0,528,0,0,0,0.002893783224570118,0.4969083984363377,6111519137.335002,0.0,0,0.0,0.0,0.0,0.0,266,8,97,276,9,4729.518600000005,0.37700680550658133,0.3831451816710536,0.5994454802836053,0.32066188527140344,194.1818181818182,0.33
multiagent,gate_vtfq0,2,0.6,1.5,reactive_gate,536,377,12,0.030848329048843187,0.10256410256410256,377,263.93266824825514,3061.1094690515265,0.6937862448976962,600.0000000000005,0,463,0,0,0,0.025656646555194403,0.4523462248987072,6527925385.346076,0.0,0,0.0,0.0,0.0,0.0,232,28,69,203,2,3483.9893900000015,0.38771657164331724,0.39961035889727725,0.5322570132859039,0.36576115606368625,205.63636363636365,0.27
multiagent,gate_vtfq0,3,0.6,1.5,reactive_gate,426,326,5,0.015105740181268883,0.041666666666666664,326,194.99334569034943,3204.657821748873,4.9036298487806,600.0000000000005,0,271,0,0,0,0.007232207231932586,0.45084031307778005,5658126591.76397,0.0,0,0.0,0.0,0.0,0.0,230,22,69,219,6,3638.57951,0.5154402706461048,0.5274917032610992,0.5570589374635782,0.35627092273077904,177.8181818181818,0.27
multiagent,gate_vtfq0,4,0.6,1.5,reactive_gate,488,350,2,0.005681818181818182,0.021052631578947368,350,272.85472843597904,3431.691903959888,12.73031244310594,600.0000000000005,0,310,0,0,0,0.0012439431355652103,0.4030980670569341,5711182817.3138485,0.0,0,0.0,0.0,0.0,0.0,249,22,95,276,10,2943.9530799999993,0.4287496159347047,0.4320861888213561,0.6268903197439135,0.3514424498082139,190.9090909090909,0.28
multiagent,gate_vtfq0,5,0.6,1.5,reactive_gate,574,420,17,0.038901601830663615,0.17,420,513.1852129597767,5482.858627685392,23.010552722646786,600.0000000000005,0,788,0,0,0,0.01266577153688258,0.3764423984276838,5148202894.298063,0.0,0,0.0,0.0,0.0,0.0,285,4,101,293,14,5472.336499999999,0.3704431928258678,0.39051567100195406,0.7038711146764116,0.3912481256430763,229.0909090909091,0.37
multiagent,gate_vtfq0,6,0.6,1.5,reactive_gate,531,414,4,0.009569377990430622,0.03773584905660377,414,50.86680500849798,2998.295179829496,7.812057788362977,600.0000000000005,0,304,0,0,0,0.0005123195653085153,0.377168592039685,5955484264.873169,0.0,0,0.0,0.0,0.0,0.0,213,52,70,214,6,3632.6144600000002,0.4670274740135106,0.47285194934282593,0.5530623100759195,0.3741929192199513,225.81818181818184,0.27
multiagent,gate_vtfq0,7,0.6,1.5,reactive_gate,519,326,10,0.02976190476190476,0.0847457627118644,326,249.53310516081183,4004.4077891491734,5.870730411623105,600.0000000000005,0,796,0,0,0,0.01474599150972152,0.389137442122674,5886849739.9034,0.0,0,0.0,0.0,0.0,0.0,233,30,100,297,4,3681.34868,0.30008991698556425,0.30891201265714335,0.6010629685071873,0.37069083163387845,177.8181818181818,0.3
multiagent,gate_vtfq0,8,0.6,1.5,reactive_gate,620,421,20,0.045351473922902494,0.14912280701754385,421,54.08921623931633,3765.757598701465,0.7175014534959417,600.0000000000005,0,1092,0,0,0,0.023497416052013866,0.5293263331566943,8059073015.168739,0.0,0,0.0,0.0,0.0,0.0,268,9,86,247,13,3666.39571,0.2836932751469237,0.30115157555856786,0.5316752084709272,0.3262945884973251,229.63636363636365,0.37
multiagent,gate_vtfq0,9,0.6,1.5,reactive_gate,490,361,4,0.010958904109589041,0.03636363636363636,361,167.0329761086441,2824.517691806304,5.61216775523998,600.0000000000005,0,331,0,0,0,0.011430642670231759,0.3286948573966496,5963143456.815671,0.0,0,0.0,0.0,0.0,0.0,252,65,97,284,5,3503.5377599999915,0.4860128994964089,0.4895421199779089,0.6082351873745468,0.36724696621419267,196.9090909090909,0.3
multiagent,gate_vtfq0,10,0.6,1.5,reactive_gate,551,435,5,0.011363636363636364,0.04504504504504504,435,316.93836552688117,2814.8270571004937,19.42646340754318,600.0000000000005,0,400,0,0,0,0.004122023229434359,0.2702290297247544,3743328571.96885,0.0,0,0.0,0.0,0.0,0.0,303,66,80,247,4,2579.823079999997,0.4593115309560748,0.4667409738071003,0.7038388737576082,0.38851362073138224,237.27272727272728,0.34
multiagent,gate_srpt0,1,0.6,1.5,reactive_gate,512,364,9,0.024128686327077747,0.07377049180327869,364,292.3423763885785,3798.9629096960603,2.8357213040797693,600.0000000000005,0,493,0,0,0,0.0034726781926373534,0.5047982644888924,5980482301.707886,0.0,0,0.0,0.0,0.0,0.0,264,11,93,271,12,4847.612979999995,0.39321515773832444,0.4054117045153561,0.6053765281298563,0.31519851058405446,198.54545454545456,0.31
multiagent,gate_srpt0,2,0.6,1.5,reactive_gate,550,397,11,0.02696078431372549,0.09322033898305085,397,276.3371066129321,2901.105132895884,1.5908156253514156,600.0000000000002,0,389,0,0,0,0.02213451465054848,0.4524327741644429,6267811930.795114,0.0,0,0.0,0.0,0.0,0.0,242,28,69,202,3,3490.9016399999996,0.410088187901855,0.42328407472768936,0.5582323866388241,0.3651677035751983,216.54545454545456,0.27
multiagent,gate_srpt0,3,0.6,1.5,reactive_gate,425,327,7,0.020958083832335328,0.061224489795918366,327,195.27327633779396,3624.7294207965024,7.459450073769891,600.0000000000005,0,243,1,0,0,0.006952318798852819,0.42916282308785353,5373189031.425515,0.0,0,0.0,0.0,0.0,0.0,219,21,70,221,8,3639.05346,0.5203827285332976,0.537780652667886,0.5715016337574463,0.3662793611999309,178.36363636363637,0.27
multiagent,gate_srpt0,4,0.6,1.5,reactive_gate,494,360,4,0.01098901098901099,0.04040404040404041,360,295.7918078543569,3381.2367130899565,7.086850364786712,600.0000000000005,0,274,0,0,0,0.014635238827265688,0.3986969065788972,5530747100.225178,0.0,0,0.0,0.0,0.0,0.0,254,22,98,289,8,3044.1596999999992,0.44456950579079546,0.45154314509731774,0.6480613138799859,0.35650517427992273,196.36363636363637,0.29
multiagent,gate_srpt0,5,0.6,1.5,reactive_gate,578,425,19,0.04279279279279279,0.17142857142857143,425,481.9494193105206,5480.866039534595,8.187450528655265,600.0000000000005,0,668,0,0,0,0.018319029219528698,0.3557008178842794,5006519841.223572,0.0,0,0.0,0.0,0.0,0.0,278,5,105,301,14,5447.68622,0.3834777138304591,0.4086047058494035,0.724964497090294,0.4060609734910352,231.81818181818184,0.37
multiagent,gate_srpt0,6,0.6,1.5,reactive_gate,534,415,5,0.011904761904761904,0.04854368932038835,415,48.51651227335287,3163.01125944527,2.276017468253343,600.0000000000005,0,279,0,0,0,0.0005898404484064841,0.3888150014474111,5939781685.617536,0.0,0,0.0,0.0,0.0,0.0,227,49,67,200,3,3416.885849999999,0.4777612236984614,0.48583953548953995,0.5492546003585536,0.35520343126871473,226.36363636363637,0.27
multiagent,gate_srpt0,7,0.6,1.5,reactive_gate,525,330,11,0.03225806451612903,0.09243697478991597,330,298.13213965233854,3720.337686758178,8.990088759050916,600.0000000000005,0,684,0,0,0,0.02146210212755319,0.4299693818415665,6104940098.79464,0.0,0,0.0,0.0,0.0,0.0,232,31,102,299,10,3666.25193,0.31133744856563755,0.3217296303272925,0.5934650651223776,0.3605670982104174,180.0,0.3
multiagent,gate_srpt0,8,0.6,1.5,reactive_gate,646,450,24,0.05063291139240506,0.168,450,63.60230293847803,4222.967324592181,0.905525908515159,600.0000000000005,0,848,0,0,0,0.02130291837775103,0.49721025703385857,7760218923.086966,0.0,0,0.0,0.0,0.0,0.0,261,10,88,251,12,3656.76988,0.30969530778662535,0.3327286971367091,0.5366330411972288,0.3433278348980637,245.45454545454547,0.36
multiagent,gate_srpt0,9,0.6,1.5,reactive_gate,499,373,5,0.013227513227513227,0.04504504504504504,373,165.10667631177785,2684.833310448597,6.002254299154594,600.0000000000005,0,273,0,0,0,0.01117191691295689,0.3321813448866656,5634557609.5513935,0.0,0,0.0,0.0,0.0,0.0,245,65,95,277,6,3578.6235999999953,0.4967532260137173,0.502470986028625,0.6162729964104183,0.3727910902397065,203.45454545454547,0.3
multiagent,gate_srpt0,10,0.6,1.5,reactive_gate,549,430,5,0.011494252873563218,0.04504504504504504,430,294.08117644938284,2444.4590760903766,18.43472129062808,600.0000000000005,0,290,0,0,0,0.007243472763891719,0.28473558214926536,3537524718.92194,0.0,0,0.0,0.0,0.0,0.0,292,62,79,244,4,2600.969800000001,0.4683664924370959,0.4756650773186611,0.7117836069590132,0.389121004433037,234.54545454545456,0.32
multiagent,lease0,1,0.6,1.5,lease,508,359,7,0.01912568306010929,0.05785123966942149,359,336.03343113367055,3468.4368146964466,2.2570765693394637,600.0000000000005,0,535,0,0,0,0.0032369365224153603,0.4957329445097204,5801533173.683562,300.8428607708804,5,1461.2724062487023,1069.4325868452806,452400.0,7059.1797087843715,266,10,94,269,10,4749.477490000001,0.38139383209760663,0.39033215520670705,0.6045368781403782,0.31646813237821025,195.8181818181818,0.56
multiagent,lease0,2,0.6,1.5,lease,538,382,11,0.027989821882951654,0.09482758620689655,382,276.7114037320407,3019.3422553957616,0.012792300915151367,600.0000000000005,0,454,0,0,0,0.02523109564252272,0.4529428960505148,5998439424.312322,784.1954462010574,6,1804.977255408192,1609.5076663930768,417600.0,8330.876124065639,229,25,71,208,2,3475.935559999997,0.4002425135370978,0.41098071734215375,0.5439085655756282,0.3553616786043592,208.36363636363637,0.51
multiagent,lease0,3,0.6,1.5,lease,420,318,6,0.018518518518518517,0.05319148936170213,318,196.13774267797032,3849.0518492226206,0.9460352335293623,600.0000000000005,0,296,0,0,0,0.007394774448422901,0.44469778310500696,5067444909.423628,2039.187346589962,20,1458.881935787238,915.2754341096256,328200.0,3825.9943486980883,219,23,69,221,7,3640.03385,0.49904468418588194,0.5131951850253567,0.5513691971760879,0.35841000755925867,173.45454545454547,0.51
multiagent,lease0,4,0.6,1.5,lease,484,344,2,0.005780346820809248,0.02127659574468085,344,296.16085355714563,3790.027574350138,12.150419994153308,600.0000000000005,0,332,0,0,0,0.001060996390594724,0.40466300287345547,5219219847.5544,801.837235741878,5,1177.0696565041528,956.2770415684572,393600.0,5600.374446217112,246,24,95,276,8,3620.33322,0.42263991226298325,0.42592893881755906,0.6347519540395947,0.3492562745251355,187.63636363636365,0.51
multiagent,lease0,5,0.6,1.5,lease,561,394,15,0.03667481662591687,0.16483516483516483,394,549.2379659846206,5465.04209583307,25.066579098113227,600.0000000000005,0,865,0,0,0,0.010029144350205988,0.35764731952892737,4719431869.711331,35.333415104651635,1,1123.9104029972232,1090.618532362396,514800.0,11470.67054088035,290,4,98,285,14,5462.3114000000005,0.3460174547806254,0.36153984755571583,0.7109232912417444,0.38045602714001386,214.9090909090909,0.66
multiagent,lease0,6,0.6,1.5,lease,529,415,4,0.00954653937947494,0.03773584905660377,415,55.50375506700652,3267.2572551581156,4.130373709466221,600.0000000000005,0,291,0,0,0,0.0018667969253322427,0.375234000530959,5268605172.102331,6821.632797569297,28,1678.299028382089,907.7193425362534,454800.0,4191.721883599473,215,41,66,198,5,3631.6812,0.47045571226908156,0.4763664589841244,0.5566778815438035,0.36807355663447694,226.36363636363637,0.5
multiagent,lease0,7,0.6,1.5,lease,517,323,10,0.03003003003003003,0.08403361344537816,323,263.1413337880531,3902.7434752669865,9.255857906898232,600.0000000000005,0,792,0,0,0,0.013334363884913509,0.379686765093829,5588352596.383327,0.0,0,1030.238815116591,915.904809847939,410400.0,5996.497132420247,235,29,103,304,6,3653.08625,0.301317615546292,0.310562134061413,0.6036025780319219,0.3676867398584226,176.1818181818182,0.54
multiagent,lease0,8,0.6,1.5,lease,609,407,21,0.04906542056074766,0.14782608695652175,407,54.08921623931633,4105.16112075997,0.0,600.0000000000005,0,1080,0,0,0,0.021414360535158238,0.5369515974201895,7893498095.046768,886.4955843831948,4,1308.8873402752195,1061.6007176300072,484200.0,11445.356135726182,251,10,85,242,11,5184.690099999999,0.28118046704636096,0.3001112304424166,0.5163200861661487,0.3271867069986288,222.0,0.61
multiagent,lease0,9,0.6,1.5,lease,500,373,3,0.007978723404255319,0.02702702702702703,373,209.65028706596604,3001.1904575081835,6.265684914127196,600.0000000000005,0,307,0,0,0,0.009701587649640693,0.3167054944480376,5346277966.232641,4990.796718522681,12,1465.2612116611253,771.9721920359507,367800.0,3051.2961752022297,245,50,94,276,7,3510.696930000002,0.5007340623853064,0.5040453009223782,0.6024088550529332,0.37585747300559996,203.45454545454547,0.55
multiagent,lease0,10,0.6,1.5,lease,552,432,5,0.011441647597254004,0.045454545454545456,432,313.10229453371244,2527.051269609138,21.880781301351238,600.0000000000005,0,389,2,0,0,0.004103301550373256,0.2648185763842848,3555892090.854482,1408.8481520020505,12,1940.9180763980235,1796.6360429196816,448200.0,6728.054010721283,300,48,80,249,6,2977.4273600000006,0.45221901192600483,0.45930116024366185,0.7077174777057433,0.3838917408310171,235.63636363636365,0.61
multiagent,needs,1,0.6,1.5,needs,417,218,23,0.0954356846473029,0.22580645161290322,218,202.43669131518635,4297.6272989264,411.8314587037675,600.0000000000005,0,717,0,0,0,0.06203784642400211,0.6207977498924984,7073623344.51655,0.0,0,588471.0206929017,490269.04704369634,1660800.0,29472.418512025146,211,20,73,204,5,3738.9714799999992,0.1682989851159255,0.1789898845206177,0.3838024759615385,0.1838737468590727,118.90909090909092,4.78
multiagent,needs,2,0.6,1.5,needs,417,216,28,0.11475409836065574,0.2857142857142857,216,137.62742102120285,3852.4356605863154,326.65893176442665,600.0000000000005,0,622,0,0,0,0.031467284176047085,0.5017449133267904,6975434760.575502,0.0,0,647255.1126308324,523497.0981404417,1489800.0,30586.906061456102,178,42,54,165,0,3618.161799999999,0.19090564516376657,0.20873635330803658,0.397533181478244,0.22549391973826088,117.81818181818183,5.23
multiagent,needs,3,0.6,1.5,needs,337,202,12,0.056074766355140186,0.15,202,157.34006422273683,3843.9157849624307,185.99828793849002,600.0000000000005,0,500,0,0,0,0.025690738259817675,0.4686679783016783,6101236400.494545,0.0,0,722883.3496827765,573078.917274339,1344600.0,16896.83455802731,166,30,54,160,5,2598.7131799999984,0.25286566371290764,0.2676190936091461,0.38025009695512824,0.22697091871456565,110.18181818181819,4.61
multiagent,needs,4,0.6,1.5,needs,406,231,11,0.045454545454545456,0.13580246913580246,231,140.8287845688892,3774.5450547814316,131.92300875752866,600.0000000000005,0,457,0,0,0,0.05017179049925925,0.4769926589601585,5763757032.956508,0.0,0,411911.8085276492,324904.2045746991,1614600.0,21779.858014982008,180,39,64,178,2,3368.500940000001,0.23900272911297843,0.24482914517935864,0.4700355221647566,0.2686296773271681,126.0,4.9
multiagent,needs,5,0.6,1.5,needs,384,163,40,0.19704433497536947,0.4578313253012048,163,328.95547910484765,5704.0635126569805,471.0064366217277,600.0000000000005,0,1088,0,0,0,0.04773675855528141,0.41341620565517734,7221503510.770616,0.0,0,675914.0288780985,551875.089372746,1438200.0,47308.30244338894,210,16,62,187,14,5140.341030000002,0.14772021446836958,0.17144347765159665,0.37547890087574465,0.17216941095710023,88.9090909090909,4.87
multiagent,needs,6,0.6,1.5,needs,438,292,18,0.05806451612903226,0.2,292,31.92545331729957,4035.6704632818814,178.31022331010254,600.0000000000005,0,502,0,0,0,0.007718968696734852,0.4530179776577851,6380959312.020245,0.0,0,545011.2696843608,454553.10790402186,1768800.0,14327.343267381384,175,61,51,146,4,2953.28355,0.2843018804829533,0.30441590348369907,0.4130035046053484,0.24565182283678674,159.27272727272728,4.86
multiagent,needs,7,0.6,1.5,needs,425,176,38,0.17757009345794392,0.36538461538461536,176,158.5655896017588,4324.081095729044,450.2333517934314,600.0000000000005,0,897,0,0,0,0.08289279175571378,0.45787997893425675,6309723212.285814,0.0,0,581853.1961555011,476275.6452672642,1180800.0,17921.580985164543,182,35,75,214,6,3297.2531999999965,0.13978817348540554,0.15214094111747492,0.4010992272039303,0.25806131979652347,96.0,4.45
multiagent,needs,8,0.6,1.5,needs,467,210,53,0.20152091254752852,0.47115384615384615,210,112.98073163390836,4893.899908378923,489.3919100183135,600.0000000000005,0,1085,0,0,0,0.0370737674369886,0.6107442081502474,8461479891.175028,0.0,0,782357.4942337034,668924.9711324926,1537200.0,32490.46998560048,144,12,59,178,8,5186.934279999998,0.10532668655122195,0.1239877809098394,0.30618130664416604,0.14847841978927728,114.54545454545455,4.6
multiagent,needs,9,0.6,1.5,needs,395,230,19,0.07630522088353414,0.2087912087912088,230,134.91588785011436,2947.9998921274223,391.6924556590388,600.0000000000005,0,503,0,0,0,0.028004600753549453,0.33796531944149655,6731686731.830953,0.0,0,609246.0345117373,486816.95366900583,1524000.0,15875.914802936804,191,62,70,206,9,4308.98711999999,0.24963345760806294,0.2666098145652842,0.4039704495151839,0.24079935005828076,125.45454545454545,4.92
multiagent,needs,10,0.6,1.5,needs,426,264,16,0.05714285714285714,0.16304347826086957,264,191.96734198014133,4128.246269690883,441.0700265649375,600.0000000000005,0,516,0,0,0,0.026381001124815878,0.3056101751096874,5758836527.477779,0.0,0,526209.4347911517,416728.18286338914,1573800.0,24016.92560554559,213,40,52,158,2,3426.3679199999992,0.24148402381143927,0.25812946674993514,0.4420779970781534,0.25303394567299303,144.0,5.18
multiagent,needs_pre,1,0.6,1.5,needs,411,211,26,0.10970464135021098,0.2631578947368421,211,175.30256512189135,3609.6872491649506,289.684464715526,600.0000000000005,0,807,0,0,0,0.05303654141141246,0.5874150166591626,6753625938.120611,0.0,0,616605.149646338,523607.3239875937,1703400.0,29584.2629405413,196,17,70,194,8,4962.747759999994,0.16562984668929476,0.17768567331745802,0.4029028943845506,0.19529155457466674,115.0909090909091,5.01
multiagent,needs_pre,2,0.6,1.5,needs,440,248,21,0.07806691449814127,0.2079207920792079,248,146.23792269649948,4739.682890658257,319.21396939405713,600.0000000000005,0,625,0,0,0,0.022599703228974206,0.481366188139686,7104955609.096875,0.0,0,616129.466512909,486135.2449750523,1534200.0,26850.215517527107,175,50,52,157,1,3718.90552,0.2182703000472008,0.23225857076700762,0.40334408433695934,0.24474307612871124,135.27272727272728,5.08
multiagent,needs_pre,3,0.6,1.5,needs,333,197,20,0.09216589861751152,0.2261904761904762,197,155.05142978146932,3752.6732251288754,247.16875885887603,600.0000000000005,0,468,0,0,0,0.03334626626288688,0.4955706990202573,5866454160.625348,0.0,0,655845.8391289576,583883.5752559295,1237800.0,16545.448993732483,155,41,51,151,3,2472.4194400000006,0.24736873158343212,0.26784809895364614,0.36541656230170294,0.22225196399336816,107.45454545454545,4.28
multiagent,needs_pre,4,0.6,1.5,needs,406,217,18,0.07659574468085106,0.2236842105263158,217,97.94399412941152,3629.035011569614,235.73195677939705,600.0000000000005,0,489,0,0,0,0.09078148428212612,0.5096938300032311,5888322287.233647,0.0,0,508311.73055119044,409901.0785059984,1542600.0,22601.10725723255,175,38,67,188,4,3001.986949999999,0.23075373910763314,0.24244126110748843,0.45057652749854316,0.25035097163232983,118.36363636363637,4.79
multiagent,needs_pre,5,0.6,1.5,needs,374,142,41,0.22404371584699453,0.5066666666666667,142,239.1982012751514,4908.272320727942,523.56272770078,600.0000000000005,0,1081,0,0,0,0.040076908365713156,0.4277877361878479,7959890695.343619,0.0,0,725006.2823625054,602826.189914653,1317600.0,46074.9444029931,205,9,61,186,13,5536.470359999998,0.09165443032264001,0.10482355747051172,0.3280774286656631,0.17258571306456408,77.45454545454545,4.57
multiagent,needs_pre,6,0.6,1.5,needs,455,311,16,0.04892966360856269,0.17582417582417584,311,40.71667294741428,3863.866828590414,241.05135831510478,600.0000000000005,0,469,0,0,0,0.01537410582601202,0.4762107068759806,6100896659.744627,0.0,0,578152.2995488135,456117.59489732864,1858800.0,13508.209516591814,176,50,53,153,4,3046.57147,0.27043616332225917,0.2858682096888231,0.42185588081536524,0.24161284117613252,169.63636363636365,5.02
multiagent,needs_pre,7,0.6,1.5,needs,421,179,40,0.182648401826484,0.3669724770642202,179,146.61275416717854,4345.821747176039,341.7041278213097,600.0000000000005,0,910,0,0,0,0.06552817805030164,0.3768490509411543,6387749841.504203,0.0,0,579097.5693380202,471316.3344569839,1222200.0,21892.93111996001,166,26,79,224,7,3860.413819999999,0.1430142073480218,0.15842303215164877,0.4020971730688293,0.240713501372039,97.63636363636364,4.44
multiagent,needs_pre,8,0.6,1.5,needs,452,186,60,0.24390243902439024,0.5096153846153846,186,126.59673645710382,5206.700024519689,470.972114441683,600.0000000000005,0,1193,0,0,0,0.043817476050168634,0.577348772868619,8503845794.063775,0.0,0,790585.4726953494,716277.2099918692,1442400.0,41179.64986231348,138,5,54,165,11,4115.655599999999,0.06896611798797339,0.08269523504460848,0.27275482511816884,0.1280323105644803,101.45454545454545,4.18
multiagent,needs_pre,9,0.6,1.5,needs,397,233,17,0.068,0.19101123595505617,233,98.45527189777658,3693.863127521642,310.2683040750606,600.0000000000005,0,485,1,0,0,0.02212664351644403,0.35322308504217803,6052176122.989933,0.0,0,592366.6885820978,485309.718515015,1518600.0,17993.055400211786,202,65,74,215,4,4133.8067499999925,0.24548857068646937,0.2599248963925268,0.41636961222400287,0.21612145681162512,127.0909090909091,5.09
multiagent,needs_pre,10,0.6,1.5,needs,439,287,15,0.04966887417218543,0.15151515151515152,287,165.41489509944313,4207.054800377734,341.6153382636492,600.0000000000005,0,538,0,0,0,0.018894571798468617,0.2879977606292343,5723273661.714529,0.0,0,593487.2901157085,442314.4379661843,1714200.0,22992.910475062727,206,36,58,176,3,3207.8829099999994,0.27249846877789047,0.28751693781663923,0.4613338507187258,0.266065886179284,156.54545454545456,5.36
multiagent,needs_jev,1,0.6,1.5,needs,414,215,27,0.1115702479338843,0.2736842105263158,215,274.12555753047855,4224.331065187135,417.6360420636843,600.0000000000005,0,733,0,0,0,0.04018624291363022,0.6084724206593001,6769335340.26315,0.0,0,621860.7750586398,496414.632545713,1626000.0,27027.338359484485,187,22,74,209,4,2842.1505999999977,0.18152491234845738,0.19463635595098522,0.39237034124093506,0.17694221607135932,117.27272727272728,11.07
multiagent,needs_jev,2,0.6,1.5,needs,451,257,24,0.08540925266903915,0.23076923076923078,257,140.39772840845762,3771.108022511947,336.61999573463453,600.0000000000005,0,586,0,0,0,0.03844526400585562,0.5126038266443192,7296971535.810929,0.0,0,590686.1267489609,464257.842144495,1606200.0,26153.35680865541,171,50,55,159,2,3765.3398000000016,0.23770443802802055,0.25305572736274873,0.39513045099229477,0.25227266608204796,140.1818181818182,11.83
multiagent,needs_jev,3,0.6,1.5,needs,329,194,23,0.10599078341013825,0.24175824175824176,194,108.2488650234078,2887.8445072809964,291.23677411727874,600.0000000000005,0,488,0,0,0,0.04135256710715636,0.47526197485871413,6424408629.181352,0.0,0,704671.1699562435,568453.100716589,1225800.0,15737.781310644463,163,35,55,164,4,3380.050199999997,0.25685826913270177,0.27505545609209847,0.3566393255269037,0.2338989455170424,105.81818181818183,10.11
multiagent,needs_jev,4,0.6,1.5,needs,397,209,14,0.06278026905829596,0.17333333333333334,209,174.17945862573106,4195.639825292916,404.1046132480005,600.0000000000005,0,470,0,0,0,0.08836628248633827,0.5676891617755758,6364497232.196433,0.0,0,469580.05180697015,372101.69161073375,1468200.0,21728.459294857115,157,37,62,178,2,3163.30731,0.21352624430951814,0.21845650264816227,0.4362035078711798,0.21579822116638908,114.0,10.66
multiagent,needs_jev,5,0.6,1.5,needs,406,191,32,0.14349775784753363,0.38961038961038963,191,388.45818300459723,5435.282398154176,456.4120634667344,600.0000000000005,0,1113,0,0,0,0.04277638191964487,0.4198194445769351,6731713060.710139,0.0,0,651399.3288767674,515074.26350382675,1597800.0,42903.796539418436,223,16,62,190,17,4629.183749999998,0.1346717972814174,0.15151071301722327,0.42206715410515416,0.21954716144291822,104.18181818181819,11.89
multiagent,needs_jev,6,0.6,1.5,needs,437,291,19,0.06129032258064516,0.1956521739130435,291,33.802040386969566,3964.4479102387368,196.74013453761674,600.0000000000005,0,504,0,0,0,0.014604270469380424,0.44552193892195113,6297015345.49213,0.0,0,585757.4901048765,479325.4718324149,1734600.0,14439.265945477942,168,43,50,146,2,2997.5519,0.281851919999989,0.2974697285293065,0.3983503962339744,0.2396197464158707,158.72727272727272,10.79
multiagent,needs_jev,7,0.6,1.5,needs,417,168,36,0.17647058823529413,0.36,168,241.0003476061779,4180.376548051117,475.46273597892736,600.0000000000005,0,825,0,0,0,0.0523192357078031,0.335102611950577,6597260983.571463,0.0,0,580338.2339966715,449954.17345799186,1131600.0,18792.090429500902,174,35,76,216,5,3537.2288599999997,0.14277672297261426,0.15469873830132846,0.3939971776337089,0.27041363873207697,91.63636363636364,10.68
multiagent,needs_jev,8,0.6,1.5,needs,471,211,58,0.21561338289962825,0.4811320754716981,211,101.21712682498492,4571.749349777325,442.9582776363559,600.0000000000005,0,1108,0,0,0,0.044537382556489764,0.5664218760539789,8257379159.8117285,0.0,0,778750.2367181828,680205.9243863898,1572600.0,36712.555775570785,146,9,58,170,11,3820.3220699999997,0.07770611330165766,0.09259298313987536,0.293351603486791,0.15028387142162258,115.0909090909091,10.62
multiagent,needs_jev,9,0.6,1.5,needs,393,219,20,0.08368200836820083,0.2159090909090909,219,117.95435239379276,2897.582207758757,358.91780029615927,600.0000000000005,0,476,0,0,0,0.025327444289706673,0.37177162274559206,5941090888.920261,0.0,0,619025.641753857,484159.2420881489,1367400.0,18371.615369315725,188,60,72,211,6,4490.960970000001,0.2278270917580268,0.24361463958453008,0.3736645929042023,0.2088266977678127,119.45454545454545,10.91
multiagent,needs_jev,10,0.6,1.5,needs,421,260,14,0.051094890510948905,0.13793103448275862,260,238.27496446345594,4172.71070443283,349.9992364935257,600.0000000000005,0,545,0,0,0,0.022585198247377893,0.24443156978879463,5571398185.186868,0.0,0,647931.2879030986,507814.5880850353,1638600.0,26877.972988011294,202,42,59,177,2,3058.706039999999,0.2331106407625692,0.2401917607302521,0.4448554173465424,0.2428601611225182,141.8181818181818,12.36
multiagent,needs-content,1,0.6,1.5,needs,423,229,20,0.08032128514056225,0.20212765957446807,229,146.87672516538578,3634.5235469354893,308.66356135028457,600.0000000000005,0,725,0,0,0,0.03555061770304785,0.607675937394914,6739312653.202071,0.0,0,601794.7145339021,527443.3333738771,1778400.0,28082.453520799565,202,28,72,200,5,4959.935659999994,0.20602109672251326,0.21827632178466386,0.4030733171053484,0.1834628594175671,124.90909090909092,4.85
multiagent,needs-content,2,0.6,1.5,needs,430,233,27,0.10384615384615385,0.2647058823529412,233,192.06249665095334,4025.0729428346194,398.70809836313737,600.0000000000005,0,579,0,0,0,0.03852820620991512,0.5010877717586524,7271676829.678095,0.0,0,601909.3469491379,476244.2236693407,1384800.0,24026.16546059203,163,44,52,155,0,3746.8298700000014,0.20761261318619645,0.22579420610953682,0.36543805760327636,0.23622815385399615,127.0909090909091,4.68
multiagent,needs-content,3,0.6,1.5,needs,330,209,15,0.06696428571428571,0.16304347826086957,209,194.7905489084751,4323.649230777373,131.84431444946458,600.0000000000005,0,470,0,0,0,0.022220604655416202,0.41191806102082124,6127162932.487729,0.0,0,721753.0951092618,582740.4574007548,1365600.0,15092.034028048214,166,43,54,162,2,2532.457000000001,0.280167303584428,0.2990169893845132,0.40072300174015796,0.2619632755994671,114.0,4.72
multiagent,needs-content,4,0.6,1.5,needs,400,220,16,0.06779661016949153,0.1875,220,185.13788988909033,3718.0406376033316,298.268000426466,600.0000000000005,0,473,0,0,0,0.0886020192738761,0.5288453576309601,5537808561.637095,0.0,0,477645.69929515,380292.2012108663,1519200.0,24641.025425959335,158,38,61,172,4,2986.92859,0.22270794329457408,0.2262872625152808,0.43705515977483167,0.22848882335198067,120.0,4.57
multiagent,needs-content,5,0.6,1.5,needs,369,142,40,0.21978021978021978,0.49333333333333335,142,449.1020487918745,5512.255163106949,550.7292769438865,600.0000000000005,0,1206,0,0,0,0.04302102435699919,0.4924592475538543,8676962897.09021,0.0,0,689149.8806751554,589477.0288053979,1326000.0,56532.03190276903,182,15,58,186,24,3990.70355,0.0801534537578031,0.09281303628441039,0.32307808368945873,0.12996033518947883,77.45454545454545,4.15
multiagent,needs-content,6,0.6,1.5,needs,455,306,16,0.049689440993788817,0.18604651162790697,306,41.257341868040385,3706.422620466705,257.9365888446627,600.0000000000005,0,489,0,0,0,0.018005471246630975,0.48990711741384463,6854001104.455991,0.0,0,499532.162074177,419928.69088534644,1801800.0,13261.555452175624,168,61,51,148,3,2954.8285500000006,0.2642744401776551,0.27838197250110275,0.39958892935767937,0.22833960108193432,166.9090909090909,4.72
multiagent,needs-content,7,0.6,1.5,needs,433,189,39,0.17105263157894737,0.3611111111111111,189,138.20706538675677,4320.4606753427515,363.6621920002131,600.0000000000005,0,864,0,0,0,0.06443899502295689,0.420583919643646,6435518050.735117,0.0,0,581049.1354468979,507349.04139156255,1312200.0,24819.72778920619,174,36,76,224,4,3548.852749999998,0.14740520725205608,0.15996050853506372,0.3852685664092852,0.24202838333155396,103.0909090909091,4.41
multiagent,needs-content,8,0.6,1.5,needs,484,224,54,0.19424460431654678,0.4752475247524752,224,121.1042984754202,4744.2896649989825,465.27088799790494,600.0000000000005,0,1183,0,0,0,0.07499205483752885,0.6062922285888057,8450174335.721424,0.0,0,767798.7895297628,655815.7608925644,1627800.0,34632.80203595515,152,6,57,173,13,3245.94884,0.09192477106074905,0.10745987347630373,0.3084342045252202,0.14633922893988868,122.18181818181819,4.84
multiagent,needs-content,9,0.6,1.5,needs,396,238,10,0.04032258064516129,0.10989010989010989,238,102.91416774159461,3319.9539910931558,304.6489513672953,600.0000000000005,0,483,0,0,0,0.023096320581561715,0.33942719447231806,6231414138.500692,0.0,0,613375.9999775937,486536.7931334216,1519800.0,16431.314861527844,207,72,75,222,2,3864.9052799999927,0.2640232150585635,0.26960369148582686,0.42352136398844215,0.23908450726934163,129.8181818181818,5.19
multiagent,needs-content,10,0.6,1.5,needs,426,268,13,0.046263345195729534,0.14444444444444443,268,173.20024605109256,3921.0931807748807,330.7726336810833,600.0000000000005,0,543,0,0,0,0.020350766569581707,0.2783678888772975,5416786975.787721,0.0,0,568680.5035514528,429371.8737867237,1587600.0,27474.689419361133,210,37,53,160,4,2906.37636,0.2449319718787517,0.2569875248392149,0.4468997330921394,0.24770418222062776,146.1818181818182,5.18
multiagent,needs-ev,1,0.6,1.5,needs,405,195,25,0.11363636363636363,0.27906976744186046,195,236.2937436693378,4125.611038115222,449.3437712416178,600.0000000000005,0,727,0,0,0,0.06342921119993734,0.6329142059451204,7208445468.190627,674.0645995165016,5,719905.330269778,580032.5607712277,1572000.0,28630.694722233995,201,25,61,177,2,3402.838119999999,0.14781378304446102,0.15911743454869734,0.3599934381434538,0.17199570421969287,106.36363636363637,4.36
multiagent,needs-ev,2,0.6,1.5,needs,415,214,29,0.11934156378600823,0.2871287128712871,214,198.99739183577526,4808.996387156433,351.635328284337,600.0000000000005,0,642,0,0,0,0.0296388163187492,0.5439736868717628,6205896834.822862,92.52148065316447,0,823444.2090669275,650970.0055108895,1380000.0,30150.041407427154,149,38,55,160,3,3799.794260000002,0.17486892642681873,0.19106963798202264,0.37025231413089227,0.19057143405886817,116.72727272727273,4.65
multiagent,needs-ev,3,0.6,1.5,needs,347,217,11,0.04824561403508772,0.12195121951219512,217,380.50207791133744,3344.6617827216833,301.077325536755,600.0000000000005,0,440,0,0,0,0.02839295047882498,0.4027087986585037,6065215138.642094,9.550886186077832,1,719168.4316633622,579873.1497864714,1342800.0,18253.00125018907,164,27,53,155,5,4860.026039999999,0.2437486885920162,0.2561757793084564,0.39564657012432014,0.2549938858897183,118.36363636363637,4.65
multiagent,needs-ev,4,0.6,1.5,needs,389,203,18,0.08144796380090498,0.19753086419753085,203,243.74759940053082,3350.876350550661,244.3325374440908,600.0000000000005,0,470,0,0,0,0.09335517416714362,0.5054832819641297,5326595783.852276,1371.943097590784,5,682535.021708731,530411.872662485,1472400.0,24496.584085275583,156,35,60,174,4,2969.0764599999998,0.19455959716316823,0.19543565654983147,0.4238653765256734,0.2203533171503668,110.72727272727273,4.51
multiagent,needs-ev,5,0.6,1.5,needs,344,114,34,0.22972972972972974,0.5074626865671642,114,359.3298054339414,5467.730061905734,564.2730416947628,600.0000000000005,0,1193,0,0,0,0.020715712699022868,0.5427950267168039,7910289980.262112,0.0,0,760227.1095980523,689251.7133566388,1015200.0,55218.92559519259,142,7,55,173,21,6440.105079999999,0.054167385407067385,0.06155142692682875,0.26328768411276227,0.08196089853599331,62.18181818181819,3.44
multiagent,needs-ev,6,0.6,1.5,needs,439,294,11,0.036065573770491806,0.12643678160919541,294,128.6423329599105,3748.3744456525096,195.49643120151828,600.0000000000005,0,468,0,0,0,0.004922473252536605,0.4608120741053415,6167388278.758313,1351.5024380832672,5,687758.9106301584,542662.8287407316,1788600.0,19317.287937462752,177,41,52,155,4,3331.2522499999995,0.24452957065739073,0.2537592840161872,0.41479398297477993,0.23101959154773455,160.36363636363637,5.07
multiagent,needs-ev,7,0.6,1.5,needs,416,171,40,0.1895734597156398,0.37735849056603776,171,184.01335003573695,4287.882560932199,460.061936436256,600.0000000000005,0,965,0,0,0,0.10133487973797328,0.4970229634637995,6627178063.123419,84.72066226993007,2,731128.6903137508,605428.8695267378,1186200.0,21170.459565341647,177,31,75,216,14,5034.516240000001,0.13524539429485238,0.15132122395037173,0.38031391591799407,0.20167943122609244,93.27272727272728,4.44
multiagent,needs-ev,8,0.6,1.5,needs,469,206,55,0.210727969348659,0.504950495049505,206,114.302029963314,4143.8547996019515,467.6525184481137,600.0000000000005,0,1234,0,0,0,0.08019419090985686,0.59958892457185,8667068532.353966,277.2071050101457,1,816948.7032566383,689296.1329281564,1491600.0,41054.31749213291,122,8,59,170,10,3728.83704,0.09289096003497467,0.11084761763989791,0.28229932836781274,0.12124975356822176,112.36363636363637,4.36
multiagent,needs-ev,9,0.6,1.5,needs,359,177,29,0.1407766990291262,0.3181818181818182,177,178.92690426446188,3505.336134193196,439.9127566103868,600.0000000000005,0,550,0,0,0,0.034072578163041094,0.3644437017385449,6644941523.695787,964.3332248373455,1,864495.6738319239,733842.342455531,1258200.0,25422.129108565787,164,46,62,184,9,4897.3807999999935,0.17022326415043382,0.18809586897397415,0.32504433972335534,0.18973583380900128,96.54545454545455,4.22
multiagent,needs-ev,10,0.6,1.5,needs,434,279,14,0.04778156996587031,0.15053763440860216,279,168.8123074701823,3783.8987809235746,302.49845607387783,600.0000000000005,0,532,0,0,0,0.04079285027511835,0.31736116297020844,5300285211.874385,1553.7328320971899,10,640404.6205870883,447611.02438735944,1726800.0,24684.288310593492,223,52,57,168,2,2868.6791499999995,0.25188345197646833,0.2630444576871723,0.46620278029898343,0.2695687546475734,152.1818181818182,5.76
multiagent,needs-forecast,1,0.6,1.5,needs,401,193,21,0.09813084112149532,0.24390243902439024,193,244.66370342394293,4052.2142359042086,417.9340687795555,600.0000000000005,0,803,0,0,0,0.035060225024334674,0.6367822957751286,7730357765.715364,59.49265958569316,0,694819.015458074,583630.4415542185,1458600.0,29451.096805932462,168,28,69,193,1,3470.3715999999995,0.14389129976990872,0.1553663285289155,0.33901327329383585,0.1540414808017356,105.27272727272728,4.14
multiagent,needs-forecast,2,0.6,1.5,needs,411,202,31,0.13304721030042918,0.32978723404255317,202,174.55338407469037,4138.39401043576,390.31146818986196,600.0000000000005,0,687,0,0,13,0.055489655746275,0.5525959700430338,6768154123.171702,0.6736783066689895,1,664754.5085561557,562117.5364084245,1442400.0,30243.34176745064,156,30,51,158,3,3857.851619999998,0.1292578729176134,0.1428260524895049,0.3549672521488928,0.1726876548304668,110.18181818181819,4.17
multiagent,needs-forecast,3,0.6,1.5,needs,338,208,13,0.058823529411764705,0.14814814814814814,208,228.28944699791543,4002.9055094082314,319.5291533127024,600.0000000000005,0,512,0,0,4,0.022663449784974338,0.4545605291192835,6015417673.31574,0.0,0,747010.466428699,637105.0597493461,1327200.0,17793.703465815976,158,31,50,151,5,3486.181040000001,0.21565197638864514,0.22898021535110577,0.3665556881555944,0.19396647578803355,113.45454545454545,4.36
multiagent,needs-forecast,4,0.6,1.5,needs,391,205,15,0.06818181818181818,0.18666666666666668,205,174.44333385552977,3797.894048274429,390.3080144090537,600.0000000000005,0,511,0,0,13,0.06513136419457585,0.515108049583881,5300704391.350246,0.0,0,492357.64673164085,405945.0987485449,1486800.0,27180.928777559326,146,30,63,174,11,3304.48504,0.19127350391413522,0.19276189609021718,0.41662320993994434,0.20844863921652007,111.81818181818183,4.38
multiagent,needs-forecast,5,0.6,1.5,needs,375,153,40,0.20725388601036268,0.46835443037974683,153,346.2223178314189,5287.2249972059835,462.74739869921996,600.0000000000005,0,1110,0,0,2,0.06769894652058893,0.527820010864648,7349268338.234461,0.0,0,632342.8784329125,511987.9519092611,1375200.0,47790.21144531123,180,18,62,199,20,3710.2427399999997,0.08986508067226924,0.10379424126072755,0.3303705956115644,0.1395178904566522,83.45454545454545,4.25
multiagent,needs-forecast,6,0.6,1.5,needs,438,292,12,0.039473684210526314,0.14457831325301204,292,103.84399428517895,3609.6789219538296,310.94883350031904,600.0000000000005,0,462,0,0,7,0.011112792720604812,0.44809864018149975,6282527556.412615,0.0,0,640532.5682902293,539866.7348006825,1830000.0,20072.74516686018,175,50,51,149,4,3086.79343,0.2480677554215425,0.25582602988673636,0.4001296174282893,0.21544389865067737,159.27272727272728,4.81
multiagent,needs-forecast,7,0.6,1.5,needs,397,140,41,0.2265193370165746,0.41,140,115.52830579021429,4973.996940744086,440.34882286978205,600.0000000000005,0,963,0,0,5,0.04910028227102206,0.27997882468068086,7480098905.551279,0.0,0,770435.102260852,654638.2131933059,1078800.0,26318.76124861905,140,24,68,196,12,4196.961270000001,0.1303197776992868,0.1457600459868553,0.3475372422987892,0.1768768652683345,76.36363636363636,3.9
multiagent,needs-forecast,8,0.6,1.5,needs,477,222,61,0.21554770318021202,0.4818181818181818,222,115.24074989131827,4335.3159482716765,371.28789561609005,600.0000000000005,0,1183,0,0,6,0.04811716831196536,0.5574189037616192,7915897552.622499,0.0,0,759431.7202946572,669007.3746732613,1563600.0,34444.1661524347,148,13,58,175,9,3226.7483799999995,0.10357070648078778,0.12568848399515845,0.3147037846170034,0.16984584291170887,121.0909090909091,4.82
multiagent,needs-forecast,9,0.6,1.5,needs,390,223,14,0.05907172995780591,0.16279069767441862,223,193.32457815066653,3059.748928353872,454.98609400888586,600.0000000000005,0,524,0,0,8,0.0063341403717618655,0.33303892556310694,6465564364.681557,0.0,0,661230.238118291,538083.7446222487,1446600.0,20751.78835249935,184,60,67,205,9,4569.054139999989,0.23035612127329388,0.2420433949239597,0.38753060041116294,0.20953656176077307,121.63636363636364,4.8
multiagent,needs-forecast,10,0.6,1.5,needs,427,268,16,0.056338028169014086,0.1595744680851064,268,227.1338180542798,3856.4214523163755,307.9011096263329,600.0000000000005,0,560,0,0,2,0.03755626306595762,0.30972201442534697,5247796907.203273,0.0,0,595271.8252036385,445741.83907070244,1555800.0,27155.970951050676,200,55,56,165,7,2975.9854800000003,0.23349410062213705,0.2446982565971763,0.44055893864526674,0.24837155214352605,146.1818181818182,5.23
multiagent,needs-conformal,1,0.6,1.5,needs,424,224,18,0.0743801652892562,0.19540229885057472,224,248.06295909369896,3769.8442738592043,414.0003300234346,600.0000000000005,0,695,0,0,0,0.021861391334298146,0.6070164638120334,7940430608.100821,0.0,0,546841.8669642537,483472.1051587455,1626600.0,27180.034590943065,195,26,67,188,4,3533.6467999999995,0.18179996784804456,0.18996909960238254,0.3936832387860982,0.17621547833348317,122.18181818181819,4.84
multiagent,needs-conformal,2,0.6,1.5,needs,422,220,29,0.11646586345381527,0.29292929292929293,220,145.78240122899433,4142.451044179939,411.72212936097486,600.0000000000005,0,659,0,0,0,0.0321322363502565,0.4996048918499823,6915845004.081769,0.0,0,644553.8646717859,528089.7675604697,1468800.0,27022.620149120696,158,45,53,165,4,3929.192499999999,0.18364633545503858,0.20182429467988408,0.3874015641511267,0.21663102408504697,120.0,4.65
multiagent,needs-conformal,3,0.6,1.5,needs,336,202,18,0.08181818181818182,0.21176470588235294,202,179.8294840519486,3748.3584364484072,293.52423734674693,600.0000000000005,0,456,0,0,0,0.029324890220301218,0.47359140675312317,6378951443.622938,0.0,0,711906.1150666067,618816.076954758,1221000.0,18185.288300439246,158,23,48,146,2,2564.581099999999,0.24485783381701715,0.26047753740208224,0.37747119720441596,0.2245218104732055,110.18181818181819,4.41
multiagent,needs-conformal,4,0.6,1.5,needs,392,206,18,0.08035714285714286,0.2125,206,176.5936523366396,3748.220038981465,418.2109301775508,600.0000000000005,0,456,0,0,0,0.09821390959834006,0.5398352898449599,6114851541.215019,0.0,0,487381.8780289967,408742.03972004494,1405200.0,22477.48109006132,152,32,62,175,2,2989.540880000001,0.21082222178937912,0.21567096883918313,0.42843628211603213,0.22480318136882466,112.36363636363637,4.53
multiagent,needs-conformal,5,0.6,1.5,needs,365,134,32,0.1927710843373494,0.45454545454545453,134,353.61128040763697,5090.110937159265,538.4446466216431,600.0000000000005,0,1228,0,0,0,0.02279884622060611,0.5234185946106057,8400373706.857594,0.0,0,646541.550402999,581563.2944618411,1392000.0,57081.97953450415,179,12,57,186,26,4082.7006,0.09968656429245795,0.11158264245757059,0.3062853854935574,0.11035034859006536,73.0909090909091,4.04
multiagent,needs-conformal,6,0.6,1.5,needs,440,286,9,0.030508474576271188,0.11392405063291139,286,40.982328708143314,3779.902448126374,328.1553772467754,600.0000000000005,0,452,0,0,0,0.006304392644909231,0.43234219136658764,7197328408.524784,0.0,0,562932.1535978139,490137.9572875198,1787400.0,19017.346470475397,165,52,50,150,5,2938.7524900000003,0.2687613133259842,0.27422230191455477,0.40624860603632484,0.23073402301667276,156.0,5.01
multiagent,needs-conformal,7,0.6,1.5,needs,409,158,44,0.21782178217821782,0.4074074074074074,158,125.02727466446618,4676.149718883122,399.0838153270365,600.0000000000005,0,923,0,0,0,0.08161743145754494,0.4077654772762444,6429242781.83395,0.0,0,583353.3603437513,474749.53937079903,1197000.0,20960.987548174584,173,35,75,219,6,3423.4281999999994,0.14204005973518102,0.16041067848595378,0.37974199993525,0.2295622460127471,86.18181818181819,4.18
multiagent,needs-conformal,8,0.6,1.5,needs,465,209,56,0.21132075471698114,0.4766355140186916,209,126.03497754319051,4622.924737674014,479.8935608417533,600.0000000000005,0,1094,0,0,0,0.04774487117463949,0.5930851953757311,8606337707.924109,0.0,0,752074.0409836038,652521.6151798913,1558800.0,35254.450885102226,135,8,55,165,10,4855.846200000001,0.0829493005641313,0.09876387587970825,0.2946249899799275,0.13429254089413323,114.0,4.48
multiagent,needs-conformal,9,0.6,1.5,needs,392,224,18,0.0743801652892562,0.19148936170212766,224,106.40848894476767,2613.0584052238314,309.22205495202365,600.0000000000005,0,490,0,0,0,0.03334021295387723,0.33952713273501406,6457967163.372029,0.0,0,621318.1528002088,512142.05068059324,1450800.0,17222.190567645324,206,61,70,209,5,4192.324799999986,0.25106223634198943,0.26692120780656897,0.4041944043317794,0.2281542773102413,122.18181818181819,4.99
multiagent,needs-conformal,10,0.6,1.5,needs,428,268,16,0.056338028169014086,0.16304347826086957,268,228.62446714700081,4292.021962811314,380.81694206997895,600.0000000000005,0,521,0,0,0,0.025563321727307593,0.2979842537359788,5663062185.400073,0.0,0,561083.287757209,431685.70013013546,1644000.0,23982.998976712137,197,43,55,163,2,3329.3974799999983,0.22445813638178097,0.23760645658999158,0.43058113249482005,0.25347352458478956,146.1818181818182,5.06
multiagent,needs-learn_pre,1,0.6,1.5,needs,420,215,25,0.10416666666666667,0.27472527472527475,215,146.7881166097377,3851.339774146561,324.21117229878877,600.0000000000005,0,793,0,0,0,0.025709614302500405,0.5892135971230235,6952589759.080512,0.0,0,628958.4181070849,519961.3119858554,1637400.0,26834.468598322208,210,20,76,217,5,4919.757279999999,0.17946077050825862,0.19072114511360422,0.40420593523374776,0.18668490044575745,117.27272727272728,2.04
multiagent,needs-learn_pre,2,0.6,1.5,needs,426,228,24,0.09523809523809523,0.24742268041237114,228,178.43334812180967,4271.252735233932,415.80434565010864,600.0000000000005,0,580,0,0,0,0.03303445062582509,0.528342523635506,6860382946.467126,0.0,0,613183.0065843919,492717.16904791543,1331400.0,26654.92426111642,159,46,54,155,0,3751.821520000002,0.19029461321437954,0.2031820008468719,0.37574664458284773,0.2221409099238057,124.36363636363637,1.97
multiagent,needs-learn_pre,3,0.6,1.5,needs,335,208,15,0.06726457399103139,0.1590909090909091,208,205.89813270478953,4154.807748383329,308.9661474107067,600.0000000000005,0,451,0,0,0,0.017405946634045107,0.4724805006448024,6460191891.0809145,0.0,0,705374.7775283622,593241.4226455664,1318200.0,16099.568034704345,162,27,51,152,3,2547.33292,0.24853505032463966,0.26591176436144087,0.3802462162166537,0.22608110030498385,113.45454545454545,1.79
multiagent,needs-learn_pre,4,0.6,1.5,needs,393,206,18,0.08035714285714286,0.21518987341772153,206,163.98544475701067,3568.6506281552774,365.101847598146,600.0000000000005,0,474,0,0,0,0.09707125015779582,0.5599362416269285,5912393177.409397,0.0,0,503014.6532713878,436459.87217152707,1431000.0,24940.456385923073,149,28,62,177,5,3319.9201799999983,0.19381165979468667,0.19817610025468985,0.4185504131742101,0.21349691303515772,112.36363636363637,1.82
multiagent,needs-learn_pre,5,0.6,1.5,needs,343,106,33,0.23741007194244604,0.5166666666666667,106,434.9713791552301,4708.634810627135,571.484040274227,600.0000000000005,0,1223,0,0,0,0.023127524842779402,0.5112779901374314,9142956261.851524,0.0,0,669690.849464516,599609.7702397995,1017000.0,60660.18010680751,142,8,54,171,29,6016.48748,0.04614773675067038,0.05164642851146533,0.2333180845190689,0.08779744766451934,57.81818181818182,1.8
multiagent,needs-learn_pre,6,0.6,1.5,needs,436,278,20,0.06711409395973154,0.2235294117647059,278,30.765767757561093,3401.0673589267603,304.36759057634066,600.0000000000005,0,487,0,0,0,0.018207953788475964,0.4621132306275172,6507785414.267503,0.0,0,549603.8156942612,442463.5735816621,1714200.0,18422.243866715944,160,49,51,148,3,2935.3086,0.26203674532385374,0.27709600525826966,0.4094745865951179,0.23031664236381613,151.63636363636365,1.94
multiagent,needs-learn_pre,7,0.6,1.5,needs,428,185,35,0.1590909090909091,0.330188679245283,185,278.04502524153395,4208.789814959852,475.1833693903685,600.0000000000005,0,865,0,0,0,0.060647300835528974,0.34851193442466744,6823906271.335135,0.0,0,547043.7093447727,479693.53444096615,1201800.0,21501.446809430425,184,37,76,220,7,4748.664739999997,0.15557113643000428,0.17111389096775162,0.3963767982266576,0.27050848231899194,100.9090909090909,2.12
multiagent,needs-learn_pre,8,0.6,1.5,needs,478,216,58,0.2116788321167883,0.49523809523809526,216,135.04167600703522,5038.809466505524,414.5173079489225,600.0000000000005,0,1079,0,0,0,0.08730290980955405,0.56080869169023,7189008464.364934,0.0,0,778184.169478087,639061.4358776641,1626600.0,34148.44072154657,154,11,57,171,11,3654.8651199999995,0.09051393208628081,0.10918082450982462,0.3171414260109104,0.15996480854487263,117.81818181818183,2.37
multiagent,needs-learn_pre,9,0.6,1.5,needs,395,228,19,0.07692307692307693,0.20212765957446807,228,112.32536592018778,2778.25322153047,351.2308362354374,600.0000000000005,0,494,0,0,0,0.016379131525359032,0.3386891605976193,6545184507.172643,0.0,0,597334.3136320256,497079.6418447272,1495800.0,17241.14747773372,208,72,71,206,6,4515.5761099999945,0.24311222655415768,0.2607238043012015,0.39729063515766644,0.22451144442986729,124.36363636363637,2.04
multiagent,needs-learn_pre,10,0.6,1.5,needs,421,265,19,0.06690140845070422,0.18556701030927836,265,253.38044805169102,3984.1420114473863,370.9521200869583,600.0000000000005,0,550,0,0,0,0.03809406649263504,0.35201219514958615,5358899717.203778,0.0,0,557126.1719380959,429046.961261221,1705200.0,26543.26918551729,207,35,54,158,3,3308.4885399999994,0.23174070599996457,0.24809431705667753,0.45279846524540274,0.24236722606166164,144.54545454545456,2.29
multiagent,oracle0,1,0.6,1.5,clairvoyant,548,406,12,0.028708133971291867,0.09448818897637795,406,90.94425550775082,4341.274159696378,5.091299666510526,600.0000000000005,0,569,0,0,0,0.00805721635082114,0.499747579025423,4191175241.644224,39.0,13,0.0,0.0,0.0,0.0,282,10,93,274,16,5593.58368,0.4647799675930107,0.4846605042839498,0.6467104149103211,0.31130530329281864,221.45454545454547,0.34
multiagent,oracle0,2,0.6,1.5,clairvoyant,564,417,13,0.030232558139534883,0.104,417,102.6887826719535,2657.719486557809,8.345094344947977,600.0000000000005,0,509,0,0,0,0.014602954438454982,0.42552053679901886,4248092804.4320555,51.0,17,0.0,0.0,0.0,0.0,263,28,74,219,6,3695.96025,0.47417091922167826,0.48848045473727436,0.6064252021861241,0.369912771318867,227.45454545454547,0.33
multiagent,oracle0,3,0.6,1.5,clairvoyant,454,359,7,0.01912568306010929,0.061224489795918366,359,129.8919668199128,3309.0781394472738,1.776121736246925,600.0000000000005,0,306,0,0,0,0.00738868765602195,0.4344006062430401,3704970487.64407,84.0,28,0.0,0.0,0.0,0.0,243,22,71,221,7,3414.709199999999,0.5682691666328585,0.5873259422080812,0.5673838927091428,0.37196682230986994,195.8181818181818,0.29
multiagent,oracle0,4,0.6,1.5,clairvoyant,509,375,3,0.007936507936507936,0.029411764705882353,375,116.63496896665765,3532.7645050760757,8.550040978508823,600.0000000000005,0,364,0,0,0,0.0019175808393635983,0.3255156045049196,3770020864.8087406,63.0,21,0.0,0.0,0.0,0.0,283,21,96,282,13,3001.65924,0.4962240015010647,0.5020391265186552,0.6810401787789756,0.3788116245579749,204.54545454545456,0.32
multiagent,oracle0,5,0.6,1.5,clairvoyant,587,426,26,0.05752212389380531,0.23076923076923078,426,128.515788148159,5369.98838756616,22.742981623656817,600.0000000000005,0,847,0,0,0,0.019796678273262862,0.33333935489227756,3135694921.1600523,12.0,4,0.0,0.0,0.0,0.0,357,1,109,313,26,5477.419,0.42285498152897577,0.46308204647615037,0.7783336752420034,0.393186040945719,232.36363636363637,0.42
multiagent,oracle0,6,0.6,1.5,clairvoyant,539,425,7,0.016203703703703703,0.06481481481481481,425,28.212276846690656,2998.1831708078084,2.366788257404828,600.0000000000005,0,359,0,0,0,0.005803395295320033,0.40791467473505916,4248377231.1419125,159.0,53,0.0,0.0,0.0,0.0,247,48,68,206,8,3634.50939,0.5386348050861456,0.5508067182904018,0.567713748696905,0.3509751134493464,231.81818181818184,0.27
multiagent,oracle0,7,0.6,1.5,clairvoyant,557,386,18,0.04455445544554455,0.12244897959183673,386,93.57086769830994,3806.7514504462038,8.16619433552513,600.0000000000005,0,654,1,0,0,0.015782857602094417,0.3330888572698021,4059748748.645306,18.0,6,0.0,0.0,0.0,0.0,281,31,107,315,20,5433.29358,0.433158342829671,0.45565391025160795,0.6877803050335082,0.3827591153372689,210.54545454545456,0.37
multiagent,oracle0,8,0.6,1.5,clairvoyant,697,514,33,0.0603290676416819,0.2127659574468085,514,42.74299986484948,4020.121698361397,3.5187280226661906,600.0000000000005,0,966,0,0,0,0.014623020380203059,0.5312160186153387,6004246041.69868,45.0,15,0.0,0.0,0.0,0.0,306,10,82,237,18,4956.677299999999,0.3837783806074144,0.4212852576733916,0.5782535131361695,0.3116546997755775,280.3636363636364,0.38
multiagent,oracle0,9,0.6,1.5,clairvoyant,533,412,9,0.021377672209026127,0.07692307692307693,412,85.74987623926859,2127.014330214569,5.505807641078111,600.0000000000005,0,334,0,0,0,0.011718911702044917,0.2973445606875476,3737019556.1425214,57.0,19,0.0,0.0,0.0,0.0,258,61,98,287,8,3655.5528399999957,0.5543698199689348,0.5704878219488954,0.62158842308097,0.3851627322428181,224.72727272727275,0.32
multiagent,oracle0,10,0.6,1.5,clairvoyant,566,447,11,0.024017467248908297,0.09322033898305085,447,107.0395585716451,2144.60746159823,31.235491727976157,600.0000000000005,0,432,4,0,0,0.012754135551076086,0.2824943341024875,2492168069.1003904,75.0,25,0.0,0.0,0.0,0.0,292,45,77,234,10,2524.764679999999,0.5069553204407234,0.529946219280684,0.7186581892199236,0.3833265811174071,243.81818181818184,0.35
