scenario,variant,seed,content_snr,knob:arrivals.rate_per_min,knob:arrivals.burst_factor,knob:resources.model.slots.capacity,knob:resources.sandbox.mem.capacity,knob:resources.sandbox.cpu.capacity,knob:resources.ext.search.rpm,knob:resources.ext.search.background_load,knob:resources.ext.web.rpm,knob:resources.ext.web.background_load,knob:resources.ext.api.rpm,knob:framework.step_timeout_s,knob:framework.sandbox_idle_timeout_s,knob:framework.sandbox_cold_start_s,knob:reaction.after_sdk.abort,knob:generator.recipe_temperature,knob:generator.think_snr,knob:generator.tool_tail_scale,knob:generator.p_parallel_scale,knob:reaction.after_sdk.replan,policy,req_started,req_done,req_failed,failure_rate,session_fail_finished,tct_n,tct_p50,tct_p99,chat_wait_p99,block_wait_max,n429,budget_errs,usd,usd_per_req,usd_waste_frac,timeouts,evicted,deadlock_breaks,cycles_seen,token_waste,tool_waste,kv_unused_token_s,prewarm_idle_s,prewarm_hits,lease_cpu_issued,lease_cpu_unused,lease_budget_issued,lease_budget_unused,par_groups,par_groups_parallel,spawns,children,children_aborted,join_p99,jain_all,jain_survivors,util_model,util_cpu,throughput_rph,wall_s
scenario_0004,gate_fifo300,1,0.6,3.675472812031094,4.726257256130564,8,150,24,23.49611347545937,0.13108014550138095,83.85797248786798,0.32010533461546853,594.4266671214542,900,900,1.2981341628087275,0.2178503096121513,0.21844527131830385,0.8356728746335957,0.8319916997110613,0.9064171732216624,0.7821496903878487,reactive_gate,444,73,0,0.0,0.0,73,704.9417963956637,2122.8622310251,423.8550400696959,900.0000000000002,0,0,0.0,0.0,0.0,170,0,0,0,0.0,0.19522715834249657,4410250470.245282,0.0,0,0.0,0.0,0.0,0.0,1,0,0,0,0,nan,0.034282257229565266,0.034282257229565266,0.9525166574786325,0.03595460272784175,87.6,0.23
scenario_0004,gate_fifo300,2,0.6,3.675472812031094,4.726257256130564,8,150,24,23.49611347545937,0.13108014550138095,83.85797248786798,0.32010533461546853,594.4266671214542,900,900,1.2981341628087275,0.2178503096121513,0.21844527131830385,0.8356728746335957,0.8319916997110613,0.9064171732216624,0.7821496903878487,reactive_gate,416,103,2,0.01904761904761905,0.08,103,709.1324094386337,2320.8504844450918,272.24168824286204,900.0000000000002,0,0,0.0,0.0,0.0,303,0,0,0,0.0002753977098824582,0.0,5025010582.5549755,0.0,0,0.0,0.0,0.0,0.0,4,0,0,0,0,nan,0.06340788597336319,0.06377761125600671,0.9703944342414531,0.016870470731401223,123.6,0.32
scenario_0004,gate_fifo300,3,0.6,3.675472812031094,4.726257256130564,8,150,24,23.49611347545937,0.13108014550138095,83.85797248786798,0.32010533461546853,594.4266671214542,900,900,1.2981341628087275,0.2178503096121513,0.21844527131830385,0.8356728746335957,0.8319916997110613,0.9064171732216624,0.7821496903878487,reactive_gate,339,95,1,0.010416666666666666,0.034482758620689655,95,603.8731233495378,1604.4647380073116,266.1194644550491,900.0000000000002,0,0,0.0,0.0,0.0,156,0,0,0,0.0004542760452518646,0.0,4728723997.125379,0.0,0,0.0,0.0,0.0,0.0,0,0,0,0,0,nan,0.09057730475040579,0.09090195458822085,0.9801527764779203,0.026426499016234953,114.0,0.23
scenario_0004,gate_fifo300,4,0.6,3.675472812031094,4.726257256130564,8,150,24,23.49611347545937,0.13108014550138095,83.85797248786798,0.32010533461546853,594.4266671214542,900,900,1.2981341628087275,0.2178503096121513,0.21844527131830385,0.8356728746335957,0.8319916997110613,0.9064171732216624,0.7821496903878487,reactive_gate,485,126,0,0.0,0.0,126,447.76916312153594,2215.12330326446,359.21803296679013,900.0000000000002,0,0,0.0,0.0,0.0,67,0,0,0,0.0,0.0,4073556528.792122,0.0,0,0.0,0.0,0.0,0.0,1,0,0,0,0,nan,0.0723772080638698,0.0723772080638698,0.9732701998575499,0.04291159956899397,151.2,0.28
scenario_0004,gate_fifo300,5,0.6,3.675472812031094,4.726257256130564,8,150,24,23.49611347545937,0.13108014550138095,83.85797248786798,0.32010533461546853,594.4266671214542,900,900,1.2981341628087275,0.2178503096121513,0.21844527131830385,0.8356728746335957,0.8319916997110613,0.9064171732216624,0.7821496903878487,reactive_gate,419,138,2,0.014285714285714285,0.058823529411764705,138,606.7222372376308,2404.4276248296296,291.69485662834705,900.0000000000002,0,0,0.0,0.0,0.0,165,0,0,0,0.0012488011060612738,0.0,4804431510.872924,0.0,0,0.0,0.0,0.0,0.0,4,0,0,0,0,nan,0.06296859951169566,0.06336092723450996,0.9852849329059831,0.0446374458332688,165.6,0.27
scenario_0004,gate_fifo300,6,0.6,3.675472812031094,4.726257256130564,8,150,24,23.49611347545937,0.13108014550138095,83.85797248786798,0.32010533461546853,594.4266671214542,900,900,1.2981341628087275,0.2178503096121513,0.21844527131830385,0.8356728746335957,0.8319916997110613,0.9064171732216624,0.7821496903878487,reactive_gate,419,95,1,0.010416666666666666,0.027777777777777776,95,807.3023637488418,2292.0772335072284,299.6551352864738,900.0000000000002,0,0,0.0,0.0,0.0,214,0,0,0,0.0006469881129623501,0.0,4878479769.530766,0.0,0,0.0,0.0,0.0,0.0,5,0,0,0,0,nan,0.06072994427842892,0.06089275914244616,0.9868068222044161,0.036083036015146036,114.0,0.33
scenario_0004,gate_fifo300,7,0.6,3.675472812031094,4.726257256130564,8,150,24,23.49611347545937,0.13108014550138095,83.85797248786798,0.32010533461546853,594.4266671214542,900,900,1.2981341628087275,0.2178503096121513,0.21844527131830385,0.8356728746335957,0.8319916997110613,0.9064171732216624,0.7821496903878487,reactive_gate,320,118,0,0.0,0.0,118,571.5892581647862,2414.164356215827,165.99950356253856,900.0000000000002,0,0,0.0,0.0,0.0,124,0,0,0,0.0,0.16660740412651204,4173129586.5758286,0.0,0,0.0,0.0,0.0,0.0,2,0,0,0,0,nan,0.12808267232170437,0.12808267232170437,0.9664949727207977,0.043959791771211204,141.6,0.22
scenario_0004,gate_fifo300,8,0.6,3.675472812031094,4.726257256130564,8,150,24,23.49611347545937,0.13108014550138095,83.85797248786798,0.32010533461546853,594.4266671214542,900,900,1.2981341628087275,0.2178503096121513,0.21844527131830385,0.8356728746335957,0.8319916997110613,0.9064171732216624,0.7821496903878487,reactive_gate,456,89,0,0.0,0.0,89,1123.5207450048965,2430.2602224265265,314.19553831692843,900.0000000000002,0,0,0.0,0.0,0.0,282,0,0,0,0.0,0.0,5542106395.908983,0.0,0,0.0,0.0,0.0,0.0,2,0,0,0,0,nan,0.07268740073983297,0.07268740073983297,0.9207499576032765,0.01640120534431073,106.8,0.38
scenario_0004,gate_fifo300,9,0.6,3.675472812031094,4.726257256130564,8,150,24,23.49611347545937,0.13108014550138095,83.85797248786798,0.32010533461546853,594.4266671214542,900,900,1.2981341628087275,0.2178503096121513,0.21844527131830385,0.8356728746335957,0.8319916997110613,0.9064171732216624,0.7821496903878487,reactive_gate,468,127,0,0.0,0.0,127,674.35333693294,2404.787408437099,257.6945345974111,900.0000000000002,0,0,0.0,0.0,0.0,177,0,0,0,0.0,0.0,4550169556.98527,0.0,0,0.0,0.0,0.0,0.0,4,0,0,0,0,nan,0.059810404679288484,0.059810404679288484,0.9692105137286325,0.059925722868079394,152.4,0.31
scenario_0004,gate_fifo300,10,0.6,3.675472812031094,4.726257256130564,8,150,24,23.49611347545937,0.13108014550138095,83.85797248786798,0.32010533461546853,594.4266671214542,900,900,1.2981341628087275,0.2178503096121513,0.21844527131830385,0.8356728746335957,0.8319916997110613,0.9064171732216624,0.7821496903878487,reactive_gate,362,107,1,0.009259259259259259,0.038461538461538464,107,547.5728561439951,1963.9794053767598,203.32206588701806,900.0000000000002,0,0,0.0,0.0,0.0,183,0,0,0,8.279228014982448e-05,0.0,4004078000.5455766,0.0,0,0.0,0.0,0.0,0.0,2,0,0,0,0,nan,0.09245211399095853,0.09278112507277687,0.9793072267450144,0.038989196640843854,128.4,0.24
scenario_0004,gate_vtfq0,1,0.6,3.675472812031094,4.726257256130564,8,150,24,23.49611347545937,0.13108014550138095,83.85797248786798,0.32010533461546853,594.4266671214542,900,900,1.2981341628087275,0.2178503096121513,0.21844527131830385,0.8356728746335957,0.8319916997110613,0.9064171732216624,0.7821496903878487,reactive_gate,481,83,1,0.011904761904761904,0.2,83,197.22649405565005,1870.4054435791863,502.0681496529716,900.0000000000002,0,0,0.0,0.0,0.0,396,0,0,0,0.0,0.0,1496955146.6855254,0.0,0,0.0,0.0,0.0,0.0,1,0,0,0,0,nan,0.04015492954619023,0.04025432293615605,0.9621342762464388,0.04569518715380419,99.6,0.35
scenario_0004,gate_vtfq0,2,0.6,3.675472812031094,4.726257256130564,8,150,24,23.49611347545937,0.13108014550138095,83.85797248786798,0.32010533461546853,594.4266671214542,900,900,1.2981341628087275,0.2178503096121513,0.21844527131830385,0.8356728746335957,0.8319916997110613,0.9064171732216624,0.7821496903878487,reactive_gate,376,51,5,0.08928571428571429,0.625,51,553.7620600454716,2498.1419661502337,57.85869655068619,900.0000000000002,0,0,0.0,0.0,0.0,585,0,0,0,0.0,0.0,1671366452.2340982,0.0,0,0.0,0.0,0.0,0.0,4,0,0,0,0,nan,0.05707649662461915,0.05793093519684399,0.9875402683760683,0.03812861275649704,61.199999999999996,0.37
scenario_0004,gate_vtfq0,3,0.6,3.675472812031094,4.726257256130564,8,150,24,23.49611347545937,0.13108014550138095,83.85797248786798,0.32010533461546853,594.4266671214542,900,900,1.2981341628087275,0.2178503096121513,0.21844527131830385,0.8356728746335957,0.8319916997110613,0.9064171732216624,0.7821496903878487,reactive_gate,353,92,1,0.010752688172043012,0.14285714285714285,92,275.90953263646713,2675.5502622819754,558.8520180329255,900.0000000000002,0,0,0.0,0.0,0.0,317,0,0,0,0.0,0.0,1869224872.4964511,0.0,0,0.0,0.0,0.0,0.0,0,0,0,0,0,nan,0.07369716066645282,0.07396225836669186,0.989498817824074,0.0674224351146434,110.39999999999999,0.32
scenario_0004,gate_vtfq0,4,0.6,3.675472812031094,4.726257256130564,8,150,24,23.49611347545937,0.13108014550138095,83.85797248786798,0.32010533461546853,594.4266671214542,900,900,1.2981341628087275,0.2178503096121513,0.21844527131830385,0.8356728746335957,0.8319916997110613,0.9064171732216624,0.7821496903878487,reactive_gate,536,176,2,0.011235955056179775,0.08333333333333333,176,153.36868252558656,1848.325217658233,819.3354962565957,900.0000000000002,0,0,0.0,0.0,0.0,185,0,0,0,0.0,0.0,1847684082.6079025,0.0,0,0.0,0.0,0.0,0.0,3,0,0,0,0,nan,0.07901204323020342,0.0794100887880382,0.9871033176103989,0.10078885308111538,211.2,0.32
scenario_0004,gate_vtfq0,5,0.6,3.675472812031094,4.726257256130564,8,150,24,23.49611347545937,0.13108014550138095,83.85797248786798,0.32010533461546853,594.4266671214542,900,900,1.2981341628087275,0.2178503096121513,0.21844527131830385,0.8356728746335957,0.8319916997110613,0.9064171732216624,0.7821496903878487,reactive_gate,420,114,7,0.05785123966942149,0.7777777777777778,114,158.9800802575851,1559.0180184475382,262.6081815683487,900.0000000000002,0,0,0.0,0.0,0.0,414,0,0,0,0.0,0.0,1652328068.6315322,0.0,0,0.0,0.0,0.0,0.0,2,0,0,0,0,nan,0.06551988090917381,0.06698518176017769,0.9723980377849004,0.06126148792860991,136.79999999999998,0.3
scenario_0004,gate_vtfq0,6,0.6,3.675472812031094,4.726257256130564,8,150,24,23.49611347545937,0.13108014550138095,83.85797248786798,0.32010533461546853,594.4266671214542,900,900,1.2981341628087275,0.2178503096121513,0.21844527131830385,0.8356728746335957,0.8319916997110613,0.9064171732216624,0.7821496903878487,reactive_gate,420,57,4,0.06557377049180328,0.4,57,409.6772315346617,2304.069083336442,399.48330460656854,900.0000000000002,0,0,0.0,0.0,0.0,451,0,0,0,0.0,0.19055747758671493,1740005268.0847712,0.0,0,0.0,0.0,0.0,0.0,1,1,0,0,0,nan,0.044545049393744394,0.04502274429340921,0.9777831390491453,0.048849570326535495,68.39999999999999,0.25
scenario_0004,gate_vtfq0,7,0.6,3.675472812031094,4.726257256130564,8,150,24,23.49611347545937,0.13108014550138095,83.85797248786798,0.32010533461546853,594.4266671214542,900,900,1.2981341628087275,0.2178503096121513,0.21844527131830385,0.8356728746335957,0.8319916997110613,0.9064171732216624,0.7821496903878487,reactive_gate,320,88,0,0.0,0.0,88,337.94940439686206,1816.516206257631,606.9209608162653,900.0000000000002,0,0,0.0,0.0,0.0,261,0,0,0,0.0,0.13623611400757857,1232138221.8979428,0.0,0,0.0,0.0,0.0,0.0,1,0,0,0,0,nan,0.096226114119879,0.096226114119879,0.9814534506410256,0.06632449630287232,105.6,0.24
scenario_0004,gate_vtfq0,8,0.6,3.675472812031094,4.726257256130564,8,150,24,23.49611347545937,0.13108014550138095,83.85797248786798,0.32010533461546853,594.4266671214542,900,900,1.2981341628087275,0.2178503096121513,0.21844527131830385,0.8356728746335957,0.8319916997110613,0.9064171732216624,0.7821496903878487,reactive_gate,465,56,9,0.13846153846153847,1.0,56,488.8821038056485,1596.6774443335846,57.37183992975678,900.0000000000002,0,0,0.0,0.0,0.0,660,0,0,0,0.0,0.0,1325518108.0598001,0.0,0,0.0,0.0,0.0,0.0,1,0,0,0,0,nan,0.04016839336565478,0.04105882573090328,0.9747457409188035,0.07735173293298146,67.2,0.28
scenario_0004,gate_vtfq0,9,0.6,3.675472812031094,4.726257256130564,8,150,24,23.49611347545937,0.13108014550138095,83.85797248786798,0.32010533461546853,594.4266671214542,900,900,1.2981341628087275,0.2178503096121513,0.21844527131830385,0.8356728746335957,0.8319916997110613,0.9064171732216624,0.7821496903878487,reactive_gate,513,162,7,0.04142011834319527,0.1891891891891892,162,152.78493969261024,1854.6685107985898,414.95345774298323,900.0000000000002,0,0,0.0,0.0,0.0,385,0,0,0,0.0,0.0,1462782677.8123355,0.0,0,0.0,0.0,0.0,0.0,0,0,0,0,0,nan,0.08641805545234986,0.087997497719103,0.9760877502314815,0.09333643882207301,194.39999999999998,0.29
scenario_0004,gate_vtfq0,10,0.6,3.675472812031094,4.726257256130564,8,150,24,23.49611347545937,0.13108014550138095,83.85797248786798,0.32010533461546853,594.4266671214542,900,900,1.2981341628087275,0.2178503096121513,0.21844527131830385,0.8356728746335957,0.8319916997110613,0.9064171732216624,0.7821496903878487,reactive_gate,359,96,3,0.030303030303030304,0.21428571428571427,96,410.1585984005073,2344.095766238267,131.22762518768778,900.0000000000002,0,0,0.0,0.0,0.0,323,0,0,0,0.0,0.0,1428000223.2206492,0.0,0,0.0,0.0,0.0,0.0,1,0,0,0,0,nan,0.08828261658004757,0.08922513561826872,0.9725037931801994,0.09891869953922001,115.19999999999999,0.26
scenario_0004,gate_srpt0,1,0.6,3.675472812031094,4.726257256130564,8,150,24,23.49611347545937,0.13108014550138095,83.85797248786798,0.32010533461546853,594.4266671214542,900,900,1.2981341628087275,0.2178503096121513,0.21844527131830385,0.8356728746335957,0.8319916997110613,0.9064171732216624,0.7821496903878487,reactive_gate,633,337,0,0.0,0.0,337,20.144654888031255,1237.629217888004,263.149303993029,900.0000000000002,0,0,0.0,0.0,0.0,287,0,0,0,0.0,0.29787002323042444,4388678847.683803,0.0,0,0.0,0.0,0.0,0.0,2,0,0,0,0,nan,0.24442612496776941,0.24442612496776941,0.9551046505876069,0.05592074111907614,404.4,0.33
scenario_0004,gate_srpt0,2,0.6,3.675472812031094,4.726257256130564,8,150,24,23.49611347545937,0.13108014550138095,83.85797248786798,0.32010533461546853,594.4266671214542,900,900,1.2981341628087275,0.2178503096121513,0.21844527131830385,0.8356728746335957,0.8319916997110613,0.9064171732216624,0.7821496903878487,reactive_gate,643,395,3,0.007537688442211055,0.037037037037037035,395,16.63548338027158,2120.7593604626704,279.1900495145912,900.0000000000002,0,0,0.0,0.0,0.0,380,0,0,0,0.0003580014416443565,0.0,3380313874.9416513,0.0,0,0.0,0.0,0.0,0.0,0,0,0,0,0,nan,0.24874426813054396,0.25095205749264937,0.980367234633191,0.08843212032321593,474.0,0.41
scenario_0004,gate_srpt0,3,0.6,3.675472812031094,4.726257256130564,8,150,24,23.49611347545937,0.13108014550138095,83.85797248786798,0.32010533461546853,594.4266671214542,900,900,1.2981341628087275,0.2178503096121513,0.21844527131830385,0.8356728746335957,0.8319916997110613,0.9064171732216624,0.7821496903878487,reactive_gate,562,378,0,0.0,0.0,378,17.939198843020222,1951.5098353415947,441.46146696847677,900.0000000000002,0,0,0.0,0.0,0.0,200,0,0,0,0.0,0.0,3839600288.801458,0.0,0,0.0,0.0,0.0,0.0,0,0,0,0,0,nan,0.3370339175410737,0.3370339175410737,0.9716146122863248,0.03836854000861442,453.59999999999997,0.34
scenario_0004,gate_srpt0,4,0.6,3.675472812031094,4.726257256130564,8,150,24,23.49611347545937,0.13108014550138095,83.85797248786798,0.32010533461546853,594.4266671214542,900,900,1.2981341628087275,0.2178503096121513,0.21844527131830385,0.8356728746335957,0.8319916997110613,0.9064171732216624,0.7821496903878487,reactive_gate,679,404,0,0.0,0.0,404,15.911599553078304,1237.1820669413623,372.80029357063654,900.0000000000002,0,0,0.0,0.0,0.0,135,0,0,0,0.0,0.0,3780819051.110931,0.0,0,0.0,0.0,0.0,0.0,2,0,0,0,0,nan,0.29630986073397797,0.29630986073397797,0.9845868607549858,0.03786033024817499,484.79999999999995,0.36
scenario_0004,gate_srpt0,5,0.6,3.675472812031094,4.726257256130564,8,150,24,23.49611347545937,0.13108014550138095,83.85797248786798,0.32010533461546853,594.4266671214542,900,900,1.2981341628087275,0.2178503096121513,0.21844527131830385,0.8356728746335957,0.8319916997110613,0.9064171732216624,0.7821496903878487,reactive_gate,717,506,0,0.0,0.0,506,16.387901221635616,1309.9774376321532,350.48530845474227,900.0000000000002,0,0,0.0,0.0,0.0,243,0,0,0,0.0,0.0,4088865390.4244313,0.0,0,0.0,0.0,0.0,0.0,4,0,0,0,0,nan,0.3292029890221164,0.3292029890221164,0.9779707225427351,0.05527613603596251,607.1999999999999,0.39
scenario_0004,gate_srpt0,6,0.6,3.675472812031094,4.726257256130564,8,150,24,23.49611347545937,0.13108014550138095,83.85797248786798,0.32010533461546853,594.4266671214542,900,900,1.2981341628087275,0.2178503096121513,0.21844527131830385,0.8356728746335957,0.8319916997110613,0.9064171732216624,0.7821496903878487,reactive_gate,683,414,1,0.0024096385542168677,0.013333333333333334,414,16.70390989279997,893.1224948076562,341.1951974769357,900.0000000000002,0,0,0.0,0.0,0.0,321,0,0,0,0.001269361435317065,0.0,4409546171.36192,0.0,0,0.0,0.0,0.0,0.0,6,0,0,0,0,nan,0.2762227963659776,0.276969344464264,0.9687859188924502,0.05035586961851795,496.79999999999995,0.41
scenario_0004,gate_srpt0,7,0.6,3.675472812031094,4.726257256130564,8,150,24,23.49611347545937,0.13108014550138095,83.85797248786798,0.32010533461546853,594.4266671214542,900,900,1.2981341628087275,0.2178503096121513,0.21844527131830385,0.8356728746335957,0.8319916997110613,0.9064171732216624,0.7821496903878487,reactive_gate,439,273,0,0.0,0.0,273,18.378595906652436,2189.9861389904695,386.2715368032367,900.0000000000002,0,0,0.0,0.0,0.0,181,0,0,0,0.0,0.09982740213784315,3469064029.7969017,0.0,0,0.0,0.0,0.0,0.0,2,0,0,0,0,nan,0.3626313857861097,0.3626313857861097,0.9872916492699431,0.08205443829084995,327.59999999999997,0.26
scenario_0004,gate_srpt0,8,0.6,3.675472812031094,4.726257256130564,8,150,24,23.49611347545937,0.13108014550138095,83.85797248786798,0.32010533461546853,594.4266671214542,900,900,1.2981341628087275,0.2178503096121513,0.21844527131830385,0.8356728746335957,0.8319916997110613,0.9064171732216624,0.7821496903878487,reactive_gate,720,423,2,0.004705882352941176,0.023255813953488372,423,17.492451443311893,1724.9447283829913,709.658645697675,900.0000000000002,0,0,0.0,0.0,0.0,458,0,0,0,0.0013604423569503524,0.0,4070450537.6385026,0.0,0,0.0,0.0,0.0,0.0,3,0,0,0,0,nan,0.24226915840862956,0.24348965794721208,0.9457528631944445,0.007485139196648365,507.59999999999997,0.52
scenario_0004,gate_srpt0,9,0.6,3.675472812031094,4.726257256130564,8,150,24,23.49611347545937,0.13108014550138095,83.85797248786798,0.32010533461546853,594.4266671214542,900,900,1.2981341628087275,0.2178503096121513,0.21844527131830385,0.8356728746335957,0.8319916997110613,0.9064171732216624,0.7821496903878487,reactive_gate,727,445,2,0.0044742729306487695,0.011904761904761904,445,17.17352630482651,1316.9512046617303,426.23505396582914,900.0000000000002,0,0,0.0,0.0,0.0,278,0,0,0,0.0,0.0,4005231812.5052686,0.0,0,0.0,0.0,0.0,0.0,4,0,0,0,0,nan,0.27092420044346815,0.27232795277737215,0.9699077137108263,0.05925074595580663,534.0,0.41
scenario_0004,gate_srpt0,10,0.6,3.675472812031094,4.726257256130564,8,150,24,23.49611347545937,0.13108014550138095,83.85797248786798,0.32010533461546853,594.4266671214542,900,900,1.2981341628087275,0.2178503096121513,0.21844527131830385,0.8356728746335957,0.8319916997110613,0.9064171732216624,0.7821496903878487,reactive_gate,543,350,0,0.0,0.0,350,18.34405171678486,1966.9315963431766,455.2086251178371,900.0000000000002,0,0,0.0,0.0,0.0,209,0,0,0,0.0,0.0,3924301398.3093925,0.0,0,0.0,0.0,0.0,0.0,1,0,0,0,0,nan,0.3017220657249721,0.3017220657249721,0.9594620081908832,0.06711414404557775,420.0,0.29
scenario_0004,lease0,1,0.6,3.675472812031094,4.726257256130564,8,150,24,23.49611347545937,0.13108014550138095,83.85797248786798,0.32010533461546853,594.4266671214542,900,900,1.2981341628087275,0.2178503096121513,0.21844527131830385,0.8356728746335957,0.8319916997110613,0.9064171732216624,0.7821496903878487,lease,482,103,1,0.009615384615384616,0.05,103,259.4815388013444,2356.064456959931,863.2213383939591,900.0000000000002,0,0,0.0,0.0,0.0,362,0,0,0,0.0,0.28674903102299376,488469946.1776113,1076.5310213436774,11,0.0,0.0,311400.0,0.0,2,0,0,0,0,nan,0.053343828408001816,0.053475541564564785,0.9580700628205129,0.05090110762006158,123.6,0.4
scenario_0004,lease0,2,0.6,3.675472812031094,4.726257256130564,8,150,24,23.49611347545937,0.13108014550138095,83.85797248786798,0.32010533461546853,594.4266671214542,900,900,1.2981341628087275,0.2178503096121513,0.21844527131830385,0.8356728746335957,0.8319916997110613,0.9064171732216624,0.7821496903878487,lease,389,63,7,0.1,0.5,63,417.66629849260426,2292.131091940504,474.92874901847193,900.0000000000002,0,0,0.0,0.0,0.0,574,0,0,0,0.0,0.0,393509050.4412379,1502.89951689677,14,0.0,0.0,332400.0,0.0,3,0,0,0,0,nan,0.052497874043027457,0.05360143295684485,0.9534889864494303,0.07212635303562624,75.6,0.45
scenario_0004,lease0,3,0.6,3.675472812031094,4.726257256130564,8,150,24,23.49611347545937,0.13108014550138095,83.85797248786798,0.32010533461546853,594.4266671214542,900,900,1.2981341628087275,0.2178503096121513,0.21844527131830385,0.8356728746335957,0.8319916997110613,0.9064171732216624,0.7821496903878487,lease,364,115,0,0.0,0.0,115,297.36224921525354,2125.742981733399,809.0140678061754,900.0000000000002,0,0,0.0,0.0,0.0,273,0,0,0,0.0,0.0,568986054.8219051,2468.1798624101693,17,0.0,0.0,276000.0,0.0,0,0,0,0,0,nan,0.11035375623325629,0.11035375623325629,0.9868009555021368,0.09487070875503018,138.0,0.37
scenario_0004,lease0,4,0.6,3.675472812031094,4.726257256130564,8,150,24,23.49611347545937,0.13108014550138095,83.85797248786798,0.32010533461546853,594.4266671214542,900,900,1.2981341628087275,0.2178503096121513,0.21844527131830385,0.8356728746335957,0.8319916997110613,0.9064171732216624,0.7821496903878487,lease,551,190,0,0.0,0.0,190,145.93052505159164,2230.826704848701,460.5371515826295,900.0000000000002,0,0,0.0,0.0,0.0,172,0,0,0,0.0,0.0,481460436.6877993,1745.990775315105,15,0.0,0.0,559800.0,0.0,3,0,0,0,0,nan,0.08582689112383894,0.08582689112383894,0.9710583283653847,0.09213563295258975,228.0,0.44
scenario_0004,lease0,5,0.6,3.675472812031094,4.726257256130564,8,150,24,23.49611347545937,0.13108014550138095,83.85797248786798,0.32010533461546853,594.4266671214542,900,900,1.2981341628087275,0.2178503096121513,0.21844527131830385,0.8356728746335957,0.8319916997110613,0.9064171732216624,0.7821496903878487,lease,427,119,6,0.048,0.4,119,225.79534809122606,2309.4741747312305,616.7588055706595,900.0000000000002,0,0,0.0,0.0,0.0,358,0,0,0,0.0,0.0,407120021.51528406,1281.097721650684,14,0.0,0.0,374400.0,0.0,3,0,0,0,0,nan,0.08676728287983648,0.08840956583655261,0.9826034767984331,0.08339490056941656,142.79999999999998,0.43
scenario_0004,lease0,6,0.6,3.675472812031094,4.726257256130564,8,150,24,23.49611347545937,0.13108014550138095,83.85797248786798,0.32010533461546853,594.4266671214542,900,900,1.2981341628087275,0.2178503096121513,0.21844527131830385,0.8356728746335957,0.8319916997110613,0.9064171732216624,0.7821496903878487,lease,409,45,0,0.0,0.0,45,542.841109930896,2142.2779406258073,705.3414879796679,900.0000000000002,0,0,0.0,0.0,0.0,375,0,0,0,0.0,0.0,1217780423.8584423,377.4906024773169,2,0.9758502995509843,0.9758502995509843,171600.0,0.0,4,0,0,0,0,nan,0.046508182300422876,0.046508182300422876,0.9781487349002849,0.07484825384862584,54.0,0.37
scenario_0004,lease0,7,0.6,3.675472812031094,4.726257256130564,8,150,24,23.49611347545937,0.13108014550138095,83.85797248786798,0.32010533461546853,594.4266671214542,900,900,1.2981341628087275,0.2178503096121513,0.21844527131830385,0.8356728746335957,0.8319916997110613,0.9064171732216624,0.7821496903878487,lease,320,94,0,0.0,0.0,94,430.4680598361208,2274.508813162997,852.004237032937,900.0000000000002,0,0,0.0,0.0,0.0,246,0,0,0,0.0,0.19419403837232538,308724012.8839448,940.9676996126299,9,0.0,0.0,312000.0,0.0,1,0,0,0,0,nan,0.10068215984191371,0.10068215984191371,0.9636428437678063,0.09029496116995833,112.8,0.32
scenario_0004,lease0,8,0.6,3.675472812031094,4.726257256130564,8,150,24,23.49611347545937,0.13108014550138095,83.85797248786798,0.32010533461546853,594.4266671214542,900,900,1.2981341628087275,0.2178503096121513,0.21844527131830385,0.8356728746335957,0.8319916997110613,0.9064171732216624,0.7821496903878487,lease,460,50,9,0.15254237288135594,0.9,50,437.0610954416777,1831.5550609185243,644.3037407656187,900.0000000000002,0,0,0.0,0.0,0.0,618,0,0,0,0.0,0.0,450486200.13480633,892.5443942578227,11,0.0,0.0,190200.0,4.564873531423814,1,0,0,0,0,nan,0.03175234066942526,0.03245275994889788,0.9815389971688036,0.06676422922937132,60.0,0.39
scenario_0004,lease0,9,0.6,3.675472812031094,4.726257256130564,8,150,24,23.49611347545937,0.13108014550138095,83.85797248786798,0.32010533461546853,594.4266671214542,900,900,1.2981341628087275,0.2178503096121513,0.21844527131830385,0.8356728746335957,0.8319916997110613,0.9064171732216624,0.7821496903878487,lease,515,168,4,0.023255813953488372,0.10256410256410256,168,198.17227154239788,2691.5197595061336,804.8949487977285,900.0000000000002,0,0,0.0,0.0,0.0,360,0,0,0,0.0,0.0,435224809.3586195,2392.348878053401,20,0.0,0.0,400200.0,0.0,1,0,0,0,0,nan,0.09140538984436439,0.09235259595674122,0.9647490762642451,0.09009808174461824,201.6,0.42
scenario_0004,lease0,10,0.6,3.675472812031094,4.726257256130564,8,150,24,23.49611347545937,0.13108014550138095,83.85797248786798,0.32010533461546853,594.4266671214542,900,900,1.2981341628087275,0.2178503096121513,0.21844527131830385,0.8356728746335957,0.8319916997110613,0.9064171732216624,0.7821496903878487,lease,381,120,0,0.0,0.0,120,279.78161310591486,2611.5473143613904,809.3177196869146,900.0000000000002,0,0,0.0,0.0,0.0,270,0,0,0,0.0,0.0,412619270.028204,2170.157772171492,21,0.0,0.0,226800.0,0.0,0,0,0,0,0,nan,0.10379140616810043,0.10379140616810043,0.967226147275641,0.07633121310498671,144.0,0.36
scenario_0004,needs,1,0.6,3.675472812031094,4.726257256130564,8,150,24,23.49611347545937,0.13108014550138095,83.85797248786798,0.32010533461546853,594.4266671214542,900,900,1.2981341628087275,0.2178503096121513,0.21844527131830385,0.8356728746335957,0.8319916997110613,0.9064171732216624,0.7821496903878487,needs,626,322,0,0.0,0.0,322,18.87337782287409,1268.491665232471,285.85319062269707,900.0000000000002,0,0,0.0,0.0,0.0,298,0,0,0,0.0,0.25968903994753306,4177768838.087404,0.0,0,0.0,0.0,4119000.0,40366.94808028321,3,0,0,0,0,nan,0.22770269864369705,0.22770269864369705,0.9492360255876069,0.03836566924001178,386.4,4.22
scenario_0004,needs,2,0.6,3.675472812031094,4.726257256130564,8,150,24,23.49611347545937,0.13108014550138095,83.85797248786798,0.32010533461546853,594.4266671214542,900,900,1.2981341628087275,0.2178503096121513,0.21844527131830385,0.8356728746335957,0.8319916997110613,0.9064171732216624,0.7821496903878487,needs,636,374,1,0.0026666666666666666,0.0,374,17.33145494880341,2188.291574165572,496.22149950883244,900.0000000000002,0,0,0.0,0.0,0.0,427,0,0,0,0.0014530052691357424,0.0,3909336160.9773717,0.0,0,0.0,0.0,4097400.0,27569.42289630777,1,0,0,0,0,nan,0.22533847683925756,0.22599163184458876,0.9896363983262109,0.07549490869305181,448.79999999999995,5.11
scenario_0004,needs,3,0.6,3.675472812031094,4.726257256130564,8,150,24,23.49611347545937,0.13108014550138095,83.85797248786798,0.32010533461546853,594.4266671214542,900,900,1.2981341628087275,0.2178503096121513,0.21844527131830385,0.8356728746335957,0.8319916997110613,0.9064171732216624,0.7821496903878487,needs,563,378,0,0.0,0.0,378,18.27378868828771,1855.0740151247235,289.4430108596413,900.0000000000002,0,0,0.0,0.0,0.0,221,0,0,0,0.0,0.0,4023414132.1913357,0.0,0,0.0,0.0,4281600.0,29340.47559774781,0,0,0,0,0,nan,0.33050499418343676,0.33050499418343676,0.9750051244123932,0.03610520005451158,453.59999999999997,4.99
scenario_0004,needs,4,0.6,3.675472812031094,4.726257256130564,8,150,24,23.49611347545937,0.13108014550138095,83.85797248786798,0.32010533461546853,594.4266671214542,900,900,1.2981341628087275,0.2178503096121513,0.21844527131830385,0.8356728746335957,0.8319916997110613,0.9064171732216624,0.7821496903878487,needs,691,409,0,0.0,0.0,409,17.499732774102085,1398.5051848585526,343.3244733210938,900.0000000000002,0,0,0.0,0.0,0.0,136,0,0,0,0.0,0.0,3392157546.358646,135.5397321783762,1,0.0,0.0,4558800.0,33664.102796900486,2,0,0,0,0,nan,0.2894598445268022,0.2894598445268022,0.9884370058582622,0.054719754299087126,490.79999999999995,5.0
scenario_0004,needs,5,0.6,3.675472812031094,4.726257256130564,8,150,24,23.49611347545937,0.13108014550138095,83.85797248786798,0.32010533461546853,594.4266671214542,900,900,1.2981341628087275,0.2178503096121513,0.21844527131830385,0.8356728746335957,0.8319916997110613,0.9064171732216624,0.7821496903878487,needs,708,497,1,0.002008032128514056,0.013157894736842105,497,17.84288499729155,1884.3357808988337,381.55903218769976,900.0000000000002,0,0,0.0,0.0,0.0,258,0,0,0,0.0004650260027451767,0.0003077002432396075,3866905518.504902,0.0,0,0.0,0.0,5388000.0,32184.477697393075,4,0,0,0,0,nan,0.3112876266436844,0.3122758413314422,0.9854815288995726,0.05115169433741604,596.4,5.59
scenario_0004,needs,6,0.6,3.675472812031094,4.726257256130564,8,150,24,23.49611347545937,0.13108014550138095,83.85797248786798,0.32010533461546853,594.4266671214542,900,900,1.2981341628087275,0.2178503096121513,0.21844527131830385,0.8356728746335957,0.8319916997110613,0.9064171732216624,0.7821496903878487,needs,686,416,0,0.0,0.0,416,17.422972838668898,1993.996840395394,366.65316373301204,900.0000000000002,0,0,0.0,0.0,0.0,327,0,0,0,0.0,0.0,3862172477.326979,0.0,0,0.43868322958292083,0.0,4507800.0,34216.498558759915,6,0,0,0,0,nan,0.2684813918461277,0.2684813918461277,0.9685685439992877,0.04577924406749593,499.2,5.29
scenario_0004,needs,7,0.6,3.675472812031094,4.726257256130564,8,150,24,23.49611347545937,0.13108014550138095,83.85797248786798,0.32010533461546853,594.4266671214542,900,900,1.2981341628087275,0.2178503096121513,0.21844527131830385,0.8356728746335957,0.8319916997110613,0.9064171732216624,0.7821496903878487,needs,435,261,0,0.0,0.0,261,19.83360275919358,1942.779702174956,314.3023519878646,900.0000000000002,0,0,0.0,0.0,0.0,196,0,0,0,0.0,0.2772932416082068,2881521557.141725,0.0,0,0.0,0.0,3120000.0,25475.4706469494,2,0,0,0,0,nan,0.3306072060806845,0.3306072060806845,0.9926491599002849,0.03926390790038626,313.2,3.77
scenario_0004,needs,8,0.6,3.675472812031094,4.726257256130564,8,150,24,23.49611347545937,0.13108014550138095,83.85797248786798,0.32010533461546853,594.4266671214542,900,900,1.2981341628087275,0.2178503096121513,0.21844527131830385,0.8356728746335957,0.8319916997110613,0.9064171732216624,0.7821496903878487,needs,718,411,1,0.0024271844660194173,0.012048192771084338,411,18.501474422534557,2297.2828617313726,584.3868417838878,900.0000000000002,0,0,0.0,0.0,0.0,480,0,0,0,0.0005929426003565648,0.0,4571769726.267855,0.0,0,0.0,0.0,4903200.0,45314.47025489433,4,0,0,0,0,nan,0.2318618226376659,0.23243859334074468,0.9685052459223648,0.012553482896967744,493.2,5.13
scenario_0004,needs,9,0.6,3.675472812031094,4.726257256130564,8,150,24,23.49611347545937,0.13108014550138095,83.85797248786798,0.32010533461546853,594.4266671214542,900,900,1.2981341628087275,0.2178503096121513,0.21844527131830385,0.8356728746335957,0.8319916997110613,0.9064171732216624,0.7821496903878487,needs,726,444,1,0.0022471910112359553,0.0,444,18.66265883300082,2145.100309062031,457.1088211507926,900.0000000000002,0,0,0.0,0.0,0.0,273,0,0,0,0.0,0.0,3879047510.996973,0.0,0,0.0,0.0,4888200.0,37813.39598300473,5,0,0,0,0,nan,0.27393883488455134,0.2746466871710747,0.971483556712963,0.07818709906603237,532.8,5.55
scenario_0004,needs,10,0.6,3.675472812031094,4.726257256130564,8,150,24,23.49611347545937,0.13108014550138095,83.85797248786798,0.32010533461546853,594.4266671214542,900,900,1.2981341628087275,0.2178503096121513,0.21844527131830385,0.8356728746335957,0.8319916997110613,0.9064171732216624,0.7821496903878487,needs,543,345,0,0.0,0.0,345,20.057062631638928,2359.0749457422917,291.0044406231142,900.0000000000002,0,0,0.0,0.0,0.0,240,0,0,0,0.0,0.0,3122487970.5721045,0.0,0,0.0,0.0,3559200.0,19723.72971396294,1,0,0,0,0,nan,0.2770350238196432,0.2770350238196432,0.9825422614672366,0.05217048343888228,414.0,4.42
scenario_0004,needs_pre,1,0.6,3.675472812031094,4.726257256130564,8,150,24,23.49611347545937,0.13108014550138095,83.85797248786798,0.32010533461546853,594.4266671214542,900,900,1.2981341628087275,0.2178503096121513,0.21844527131830385,0.8356728746335957,0.8319916997110613,0.9064171732216624,0.7821496903878487,needs,636,343,0,0.0,0.0,343,20.85143495820921,1348.926662840065,434.05527581280234,900.0000000000002,0,0,0.0,0.0,0.0,256,0,0,0,0.0,0.0,3428653468.639701,0.0,0,0.0,0.0,3522600.0,17063.344518598904,5,0,0,0,0,nan,0.25564528975375017,0.25564528975375017,0.9673815248041312,0.08295320079953071,411.59999999999997,4.63
scenario_0004,needs_pre,2,0.6,3.675472812031094,4.726257256130564,8,150,24,23.49611347545937,0.13108014550138095,83.85797248786798,0.32010533461546853,594.4266671214542,900,900,1.2981341628087275,0.2178503096121513,0.21844527131830385,0.8356728746335957,0.8319916997110613,0.9064171732216624,0.7821496903878487,needs,630,365,1,0.00273224043715847,0.015384615384615385,365,16.890631352410537,1507.0502831761328,501.5185945374079,900.0000000000002,0,0,0.0,0.0,0.0,408,0,0,0,0.0003124334260488042,0.0,4083915076.6838665,0.0,0,0.0,0.0,4801200.0,49170.758024429975,3,0,0,0,0,nan,0.22285500300787506,0.22350472604871438,0.9792027340633904,0.03515931610671537,438.0,5.34
scenario_0004,needs_pre,3,0.6,3.675472812031094,4.726257256130564,8,150,24,23.49611347545937,0.13108014550138095,83.85797248786798,0.32010533461546853,594.4266671214542,900,900,1.2981341628087275,0.2178503096121513,0.21844527131830385,0.8356728746335957,0.8319916997110613,0.9064171732216624,0.7821496903878487,needs,566,386,0,0.0,0.0,386,19.035551759651298,1639.1541686825399,220.3182306801147,900.0000000000002,0,0,0.0,0.0,0.0,212,0,0,0,0.0,0.0,3640591564.082807,0.0,0,0.0,0.0,3883800.0,21798.48961101858,0,0,0,0,0,nan,0.3496793672597582,0.3496793672597582,0.98661683630698,0.04093953953268452,463.2,5.01
scenario_0004,needs_pre,4,0.6,3.675472812031094,4.726257256130564,8,150,24,23.49611347545937,0.13108014550138095,83.85797248786798,0.32010533461546853,594.4266671214542,900,900,1.2981341628087275,0.2178503096121513,0.21844527131830385,0.8356728746335957,0.8319916997110613,0.9064171732216624,0.7821496903878487,needs,686,405,0,0.0,0.0,405,17.439923932892043,1298.544714058346,228.6458980743259,900.0000000000002,0,0,0.0,0.0,0.0,135,0,0,0,0.0,0.0,3193605582.5770693,0.0,0,0.0,0.0,4509600.0,33513.020608007355,3,0,0,0,0,nan,0.2951716481864153,0.2951716481864153,0.9915018196759259,0.05830794328598516,486.0,5.24
scenario_0004,needs_pre,5,0.6,3.675472812031094,4.726257256130564,8,150,24,23.49611347545937,0.13108014550138095,83.85797248786798,0.32010533461546853,594.4266671214542,900,900,1.2981341628087275,0.2178503096121513,0.21844527131830385,0.8356728746335957,0.8319916997110613,0.9064171732216624,0.7821496903878487,needs,705,499,2,0.003992015968063872,0.024096385542168676,499,17.57381953653396,1438.851682590092,280.0253682779275,900.0000000000002,0,0,0.0,0.0,0.0,254,0,0,0,0.0019577292095268872,0.0,4122960131.208101,0.0,0,0.0,0.0,5361600.0,25460.59328170366,4,0,0,0,0,nan,0.33236933672122865,0.3344999093925186,0.9676612781695157,0.04454323296270826,598.8,5.84
scenario_0004,needs_pre,6,0.6,3.675472812031094,4.726257256130564,8,150,24,23.49611347545937,0.13108014550138095,83.85797248786798,0.32010533461546853,594.4266671214542,900,900,1.2981341628087275,0.2178503096121513,0.21844527131830385,0.8356728746335957,0.8319916997110613,0.9064171732216624,0.7821496903878487,needs,674,407,1,0.0024509803921568627,0.013157894736842105,407,18.25580118515336,1463.6976986723541,302.8932352029078,900.0000000000002,0,0,0.0,0.0,0.0,341,0,0,0,0.0007686863834989648,0.0,3996260087.97241,0.0,0,1.843039775191528,0.0,4306800.0,33397.01236333357,3,0,0,0,0,nan,0.27157790396190934,0.2723118982969415,0.9704316479344729,0.03629165353953758,488.4,5.03
scenario_0004,needs_pre,7,0.6,3.675472812031094,4.726257256130564,8,150,24,23.49611347545937,0.13108014550138095,83.85797248786798,0.32010533461546853,594.4266671214542,900,900,1.2981341628087275,0.2178503096121513,0.21844527131830385,0.8356728746335957,0.8319916997110613,0.9064171732216624,0.7821496903878487,needs,434,266,0,0.0,0.0,266,20.398534723804005,2104.9949706012344,353.880502657111,900.0000000000002,0,0,0.0,0.0,0.0,200,0,0,0,0.0,0.22456503452043713,2831016131.5713444,0.0,0,0.0,0.0,3207000.0,28794.21731982084,1,0,0,0,0,nan,0.34580884252404565,0.34580884252404565,0.9784889957977209,0.05960226639894011,319.2,3.85
scenario_0004,needs_pre,8,0.6,3.675472812031094,4.726257256130564,8,150,24,23.49611347545937,0.13108014550138095,83.85797248786798,0.32010533461546853,594.4266671214542,900,900,1.2981341628087275,0.2178503096121513,0.21844527131830385,0.8356728746335957,0.8319916997110613,0.9064171732216624,0.7821496903878487,needs,720,423,1,0.0023584905660377358,0.011494252873563218,423,18.58590568724844,2554.503081661826,478.7152960627191,900.0000000000002,0,0,0.0,0.0,0.0,483,0,0,0,0.000306776768516043,0.0011311681485261817,4878222801.052184,0.0,0,0.0,0.0,5058600.0,42959.63849098716,4,0,0,0,0,nan,0.2498664763592825,0.2504895847791311,0.9780412798967237,0.012635125332734655,507.59999999999997,5.2
scenario_0004,needs_pre,9,0.6,3.675472812031094,4.726257256130564,8,150,24,23.49611347545937,0.13108014550138095,83.85797248786798,0.32010533461546853,594.4266671214542,900,900,1.2981341628087275,0.2178503096121513,0.21844527131830385,0.8356728746335957,0.8319916997110613,0.9064171732216624,0.7821496903878487,needs,721,442,2,0.0045045045045045045,0.022727272727272728,442,17.697357469856456,2236.8709627176936,325.5930688794022,900.0000000000002,0,0,0.0,0.0,0.0,299,0,0,0,0.000272816648979504,0.0007076532778993239,3611507945.468268,188.82957618641615,0,0.0,0.0,5000400.0,31470.668347909217,7,0,0,0,0,nan,0.2747781378601715,0.2761981799162964,0.9710913180733619,0.055049554670589564,530.4,5.12
scenario_0004,needs_pre,10,0.6,3.675472812031094,4.726257256130564,8,150,24,23.49611347545937,0.13108014550138095,83.85797248786798,0.32010533461546853,594.4266671214542,900,900,1.2981341628087275,0.2178503096121513,0.21844527131830385,0.8356728746335957,0.8319916997110613,0.9064171732216624,0.7821496903878487,needs,545,357,1,0.002793296089385475,0.014285714285714285,357,19.893639221135913,1977.8656529680816,212.491002810495,900.0000000000002,0,0,0.0,0.0,0.0,236,0,0,0,0.0021938697037357535,0.00018493584881002452,3355510434.3215723,0.0,0,0.0,0.0,3735600.0,21523.50848497464,2,0,0,0,0,nan,0.3107364614268065,0.31186231817110655,0.9764629464209402,0.07323148885937382,428.4,4.92
scenario_0004,needs_jev,1,0.6,3.675472812031094,4.726257256130564,8,150,24,23.49611347545937,0.13108014550138095,83.85797248786798,0.32010533461546853,594.4266671214542,900,900,1.2981341628087275,0.2178503096121513,0.21844527131830385,0.8356728746335957,0.8319916997110613,0.9064171732216624,0.7821496903878487,needs,640,333,0,0.0,0.0,333,18.684106403612986,1752.2607929767735,355.3394718207328,900.0000000000002,0,0,0.0,0.0,0.0,308,0,0,0,0.0,0.0,3931183366.748412,0.0,0,0.0,0.0,4131600.0,42194.47199812473,4,0,0,0,0,nan,0.2275194807843538,0.2275194807843538,0.947379218287037,0.04689210017454168,399.59999999999997,13.71
scenario_0004,needs_jev,2,0.6,3.675472812031094,4.726257256130564,8,150,24,23.49611347545937,0.13108014550138095,83.85797248786798,0.32010533461546853,594.4266671214542,900,900,1.2981341628087275,0.2178503096121513,0.21844527131830385,0.8356728746335957,0.8319916997110613,0.9064171732216624,0.7821496903878487,needs,632,368,2,0.005405405405405406,0.015384615384615385,368,16.774304360751444,2247.3458253846284,242.3559577499339,900.0000000000002,0,0,0.0,0.0,0.0,442,0,0,0,0.0003891313318724295,0.0,3693629667.313961,0.0,0,0.0,0.0,4651200.0,36338.74640474663,3,0,0,0,0,nan,0.22492576974336653,0.22624112512198266,0.9420161305911682,0.046566720320703414,441.59999999999997,15.01
scenario_0004,needs_jev,3,0.6,3.675472812031094,4.726257256130564,8,150,24,23.49611347545937,0.13108014550138095,83.85797248786798,0.32010533461546853,594.4266671214542,900,900,1.2981341628087275,0.2178503096121513,0.21844527131830385,0.8356728746335957,0.8319916997110613,0.9064171732216624,0.7821496903878487,needs,564,383,0,0.0,0.0,383,18.46435826086872,1730.4150615728938,179.71428009957904,900.0000000000002,0,0,0.0,0.0,0.0,198,0,0,0,0.0,0.0,3700389988.1804423,37.69709964848954,0,0.0,0.0,4254000.0,24814.29088887961,0,0,0,0,0,nan,0.3486828893916731,0.3486828893916731,0.9656667417378918,0.020865432531949266,459.59999999999997,14.63
scenario_0004,needs_jev,4,0.6,3.675472812031094,4.726257256130564,8,150,24,23.49611347545937,0.13108014550138095,83.85797248786798,0.32010533461546853,594.4266671214542,900,900,1.2981341628087275,0.2178503096121513,0.21844527131830385,0.8356728746335957,0.8319916997110613,0.9064171732216624,0.7821496903878487,needs,682,400,0,0.0,0.0,400,16.96290536764252,1338.5543040448918,227.55958226180704,900.0000000000002,0,0,0.0,0.0,0.0,137,0,0,0,0.0,0.0,3073175865.343685,131.33875762410196,0,0.0,0.0,3913800.0,24680.043703828334,0,0,0,0,0,nan,0.29167260561058816,0.29167260561058816,0.9693249087250712,0.0590930393566983,480.0,14.41
scenario_0004,needs_jev,5,0.6,3.675472812031094,4.726257256130564,8,150,24,23.49611347545937,0.13108014550138095,83.85797248786798,0.32010533461546853,594.4266671214542,900,900,1.2981341628087275,0.2178503096121513,0.21844527131830385,0.8356728746335957,0.8319916997110613,0.9064171732216624,0.7821496903878487,needs,714,496,0,0.0,0.0,496,18.391451529662277,2247.8125622959433,295.9688591865363,900.0000000000002,0,0,0.0,0.0,0.0,265,0,0,0,0.0,0.0,4096154440.9658246,0.0,0,0.0,0.0,5347200.0,30190.008321543333,4,0,0,0,0,nan,0.3086458159171856,0.3086458159171856,0.9853523128383191,0.0485145357639371,595.1999999999999,18.41
scenario_0004,needs_jev,6,0.6,3.675472812031094,4.726257256130564,8,150,24,23.49611347545937,0.13108014550138095,83.85797248786798,0.32010533461546853,594.4266671214542,900,900,1.2981341628087275,0.2178503096121513,0.21844527131830385,0.8356728746335957,0.8319916997110613,0.9064171732216624,0.7821496903878487,needs,680,408,2,0.004878048780487805,0.02666666666666667,408,16.336469905243575,1224.7348312991462,325.3129222635234,900.0000000000002,0,0,0.0,0.0,0.0,347,0,0,0,0.000622744313687027,0.0,3906452703.9452496,0.0,0,2.104693441693371,1.403128961128914,4665000.0,31741.323475484387,5,0,0,0,0,nan,0.27503783655804365,0.27652052031307356,0.9777722819978634,0.03277067281194998,489.59999999999997,16.39
scenario_0004,needs_jev,7,0.6,3.675472812031094,4.726257256130564,8,150,24,23.49611347545937,0.13108014550138095,83.85797248786798,0.32010533461546853,594.4266671214542,900,900,1.2981341628087275,0.2178503096121513,0.21844527131830385,0.8356728746335957,0.8319916997110613,0.9064171732216624,0.7821496903878487,needs,430,269,3,0.011029411764705883,0.012987012987012988,269,19.353926067260545,1918.627022536614,278.1866175891235,900.0000000000002,0,0,0.0,0.0,0.0,186,0,0,0,0.002722010339623527,0.21737450645951054,2898529004.2542267,0.0,0,0.0,0.0,3010200.0,20082.765226272084,0,0,0,0,0,nan,0.36642091932335397,0.37085343044420094,0.9902471178418804,0.06620446355421124,322.8,13.81
scenario_0004,needs_jev,8,0.6,3.675472812031094,4.726257256130564,8,150,24,23.49611347545937,0.13108014550138095,83.85797248786798,0.32010533461546853,594.4266671214542,900,900,1.2981341628087275,0.2178503096121513,0.21844527131830385,0.8356728746335957,0.8319916997110613,0.9064171732216624,0.7821496903878487,needs,725,422,2,0.0047169811320754715,0.023255813953488372,422,18.544837478698355,2501.5586543313334,449.95415409068175,900.0000000000002,0,0,0.0,0.0,0.0,491,0,0,0,0.0,0.0,4222983762.2998047,0.0,0,0.0,0.0,5160000.0,46104.77877849948,3,0,0,0,0,nan,0.2405664716721316,0.24176331978990342,0.9823199835648149,0.016188179992831408,506.4,18.7
scenario_0004,needs_jev,9,0.6,3.675472812031094,4.726257256130564,8,150,24,23.49611347545937,0.13108014550138095,83.85797248786798,0.32010533461546853,594.4266671214542,900,900,1.2981341628087275,0.2178503096121513,0.21844527131830385,0.8356728746335957,0.8319916997110613,0.9064171732216624,0.7821496903878487,needs,719,441,1,0.0022624434389140274,0.011494252873563218,441,17.714084509522763,2478.3826589895293,468.01049903299867,900.0000000000002,0,0,0.0,0.0,0.0,272,0,0,0,0.0,0.0,4231232635.196923,17.30920206961332,1,0.0,0.0,4834800.0,35959.8538353977,5,0,0,0,0,nan,0.26482682297119936,0.26550936632937255,0.9726443726139602,0.05186764193254852,529.1999999999999,17.42
scenario_0004,needs_jev,10,0.6,3.675472812031094,4.726257256130564,8,150,24,23.49611347545937,0.13108014550138095,83.85797248786798,0.32010533461546853,594.4266671214542,900,900,1.2981341628087275,0.2178503096121513,0.21844527131830385,0.8356728746335957,0.8319916997110613,0.9064171732216624,0.7821496903878487,needs,539,348,1,0.0028653295128939827,0.015625,348,19.46558731653363,2172.8886065065976,236.66066113435295,900.0000000000002,0,0,0.0,0.0,0.0,241,0,0,0,0.002231924691746587,0.00023825306129068855,3471286123.187412,0.0,0,0.0,0.0,3676200.0,22307.6162163099,2,0,0,0,0,nan,0.29695110108537803,0.29803092327114306,0.9529870339387465,0.05051505687858894,417.59999999999997,13.93
scenario_0004,needs-content,1,0.6,3.675472812031094,4.726257256130564,8,150,24,23.49611347545937,0.13108014550138095,83.85797248786798,0.32010533461546853,594.4266671214542,900,900,1.2981341628087275,0.2178503096121513,0.21844527131830385,0.8356728746335957,0.8319916997110613,0.9064171732216624,0.7821496903878487,needs,634,326,0,0.0,0.0,326,20.164641314457413,2150.8652966888926,386.4804918541706,900.0000000000002,0,0,0.0,0.0,0.0,305,0,0,0,0.0,0.3162948107894101,3817061696.181972,39.973970033313094,1,0.0,0.0,3985800.0,37045.83714133975,1,0,0,0,0,nan,0.22534874882805883,0.22534874882805883,0.9539583581018519,0.04991761505725538,391.2,4.42
scenario_0004,needs-content,2,0.6,3.675472812031094,4.726257256130564,8,150,24,23.49611347545937,0.13108014550138095,83.85797248786798,0.32010533461546853,594.4266671214542,900,900,1.2981341628087275,0.2178503096121513,0.21844527131830385,0.8356728746335957,0.8319916997110613,0.9064171732216624,0.7821496903878487,needs,632,377,1,0.0026455026455026454,0.0,377,17.199310566648364,1951.7007030470509,456.13271492505135,900.0000000000002,0,0,0.0,0.0,0.0,437,0,0,0,2.1556843209885394e-05,0.0,4129234658.599111,0.0,0,0.0,0.0,4543200.0,36328.565634983795,1,0,0,0,0,nan,0.23785651551210302,0.2385623211961152,0.9833509944266382,0.05320895517512666,452.4,5.36
scenario_0004,needs-content,3,0.6,3.675472812031094,4.726257256130564,8,150,24,23.49611347545937,0.13108014550138095,83.85797248786798,0.32010533461546853,594.4266671214542,900,900,1.2981341628087275,0.2178503096121513,0.21844527131830385,0.8356728746335957,0.8319916997110613,0.9064171732216624,0.7821496903878487,needs,551,368,0,0.0,0.0,368,19.212692869501893,1371.4919560690582,380.0357880808521,900.0000000000002,0,0,0.0,0.0,0.0,220,0,0,0,0.0,0.0,3496938069.1128902,0.0,0,0.0,0.0,3924600.0,30867.969355038113,0,0,0,0,0,nan,0.3149817016066885,0.3149817016066885,0.9818904880163818,0.032948725195994594,441.59999999999997,4.68
scenario_0004,needs-content,4,0.6,3.675472812031094,4.726257256130564,8,150,24,23.49611347545937,0.13108014550138095,83.85797248786798,0.32010533461546853,594.4266671214542,900,900,1.2981341628087275,0.2178503096121513,0.21844527131830385,0.8356728746335957,0.8319916997110613,0.9064171732216624,0.7821496903878487,needs,684,399,0,0.0,0.0,399,17.12783566176904,1305.0087211779978,279.30703509499153,900.0000000000002,0,0,0.0,0.0,0.0,128,0,0,0,0.0,0.0,3559080151.6460004,0.0,0,0.0,0.0,4221600.0,29583.51872455678,0,0,0,0,0,nan,0.2789687797103986,0.2789687797103986,0.9652246276709402,0.06736695687420902,478.79999999999995,4.95
scenario_0004,needs-content,5,0.6,3.675472812031094,4.726257256130564,8,150,24,23.49611347545937,0.13108014550138095,83.85797248786798,0.32010533461546853,594.4266671214542,900,900,1.2981341628087275,0.2178503096121513,0.21844527131830385,0.8356728746335957,0.8319916997110613,0.9064171732216624,0.7821496903878487,needs,707,496,0,0.0,0.0,496,17.398227588010798,1269.5108451055721,198.90433966509977,900.0000000000002,0,0,0.0,0.0,0.0,272,0,0,0,0.0,0.0,3515684977.60035,0.0,0,0.0,0.0,5365200.0,29889.281673973128,3,0,0,0,0,nan,0.31374202193408185,0.31374202193408185,0.9945502471153846,0.029113866727991433,595.1999999999999,5.56
scenario_0004,needs-content,6,0.6,3.675472812031094,4.726257256130564,8,150,24,23.49611347545937,0.13108014550138095,83.85797248786798,0.32010533461546853,594.4266671214542,900,900,1.2981341628087275,0.2178503096121513,0.21844527131830385,0.8356728746335957,0.8319916997110613,0.9064171732216624,0.7821496903878487,needs,678,406,2,0.004901960784313725,0.0273972602739726,406,16.68013084691688,1903.2567738556268,313.40676364681764,900.0000000000002,0,0,0.0,0.0,0.0,344,0,0,0,0.000583444133621448,0.0,4246284380.519015,0.0,0,0.8182821268355838,0.0,4584600.0,32217.810758133695,5,0,0,0,0,nan,0.26304105978225883,0.26445907088620635,0.970495634241453,0.048499974345003305,487.2,5.01
scenario_0004,needs-content,7,0.6,3.675472812031094,4.726257256130564,8,150,24,23.49611347545937,0.13108014550138095,83.85797248786798,0.32010533461546853,594.4266671214542,900,900,1.2981341628087275,0.2178503096121513,0.21844527131830385,0.8356728746335957,0.8319916997110613,0.9064171732216624,0.7821496903878487,needs,430,261,1,0.003816793893129771,0.0,261,19.574762068918517,1917.425089780612,314.82523062612023,900.0000000000002,0,0,0.0,0.0,0.0,182,0,0,0,6.565419811384132e-05,0.0008726636115610533,2890774116.544311,0.0,0,0.0,0.0,2771400.0,21790.25872985695,0,0,0,0,0,nan,0.33387657464628334,0.3352120809448685,0.9953829362357551,0.08274866997213362,313.2,3.83
scenario_0004,needs-content,8,0.6,3.675472812031094,4.726257256130564,8,150,24,23.49611347545937,0.13108014550138095,83.85797248786798,0.32010533461546853,594.4266671214542,900,900,1.2981341628087275,0.2178503096121513,0.21844527131830385,0.8356728746335957,0.8319916997110613,0.9064171732216624,0.7821496903878487,needs,715,408,1,0.0024449877750611247,0.012658227848101266,408,18.25775074155922,2145.779417537294,555.2675017933251,900.0000000000002,0,0,0.0,0.0,0.0,482,0,0,0,0.0007263966805239463,0.0,4592613744.627067,0.0,0,0.0,0.0,5148000.0,50015.891013785134,4,0,0,0,0,nan,0.23357501271014697,0.2341574940386012,0.9745328573539886,0.01468690839678353,489.59999999999997,5.25
scenario_0004,needs-content,9,0.6,3.675472812031094,4.726257256130564,8,150,24,23.49611347545937,0.13108014550138095,83.85797248786798,0.32010533461546853,594.4266671214542,900,900,1.2981341628087275,0.2178503096121513,0.21844527131830385,0.8356728746335957,0.8319916997110613,0.9064171732216624,0.7821496903878487,needs,733,456,2,0.004366812227074236,0.022222222222222223,456,17.755285233214522,2076.27874310775,417.1436690249519,900.0000000000002,0,0,0.0,0.0,0.0,276,0,0,0,0.0,0.0,3848403285.3430424,257.38777549145385,1,0.0,0.0,5091600.0,38592.21133330882,6,0,0,0,0,nan,0.2814731823107513,0.28293159258179146,0.9687822061431625,0.05490397885620994,547.1999999999999,5.28
scenario_0004,needs-content,10,0.6,3.675472812031094,4.726257256130564,8,150,24,23.49611347545937,0.13108014550138095,83.85797248786798,0.32010533461546853,594.4266671214542,900,900,1.2981341628087275,0.2178503096121513,0.21844527131830385,0.8356728746335957,0.8319916997110613,0.9064171732216624,0.7821496903878487,needs,549,355,2,0.0056022408963585435,0.015384615384615385,355,20.212285812822643,2244.830038686354,351.75551484983737,900.0000000000002,0,0,0.0,0.0,0.0,227,0,0,0,0.003972540471052281,0.00039141972164474364,3225011545.6278586,0.0,0,0.0,0.0,3480000.0,23888.921965062684,1,0,0,0,0,nan,0.295112548365083,0.2972356602238246,0.9572473520299145,0.08726039718343948,426.0,4.61
scenario_0004,needs-ev,1,0.6,3.675472812031094,4.726257256130564,8,150,24,23.49611347545937,0.13108014550138095,83.85797248786798,0.32010533461546853,594.4266671214542,900,900,1.2981341628087275,0.2178503096121513,0.21844527131830385,0.8356728746335957,0.8319916997110613,0.9064171732216624,0.7821496903878487,needs,636,332,0,0.0,0.0,332,19.004142245728417,1809.0842176137871,446.0472907011027,900.0000000000002,0,0,0.0,0.0,0.0,284,0,0,0,0.0,0.15014388987443414,4104435871.896635,195.41229156804636,4,0.0,0.0,4251000.0,40319.28352987052,3,0,0,0,0,nan,0.240156638881697,0.240156638881697,0.9772396353632479,0.03581887509997102,398.4,4.51
scenario_0004,needs-ev,2,0.6,3.675472812031094,4.726257256130564,8,150,24,23.49611347545937,0.13108014550138095,83.85797248786798,0.32010533461546853,594.4266671214542,900,900,1.2981341628087275,0.2178503096121513,0.21844527131830385,0.8356728746335957,0.8319916997110613,0.9064171732216624,0.7821496903878487,needs,632,375,2,0.005305039787798408,0.028985507246376812,375,17.774692011151274,1719.729364310117,496.67224923921657,900.0000000000002,0,0,0.0,0.0,0.0,420,0,0,0,0.0003120056178460964,0.0,4272111887.542067,35.24625473318372,0,0.0,0.0,4833000.0,42458.86155057343,2,0,0,0,0,nan,0.24005281779955043,0.24148170361978585,0.9838358470975784,0.055842762416275414,450.0,5.34
scenario_0004,needs-ev,3,0.6,3.675472812031094,4.726257256130564,8,150,24,23.49611347545937,0.13108014550138095,83.85797248786798,0.32010533461546853,594.4266671214542,900,900,1.2981341628087275,0.2178503096121513,0.21844527131830385,0.8356728746335957,0.8319916997110613,0.9064171732216624,0.7821496903878487,needs,557,376,0,0.0,0.0,376,18.326943456296817,2260.1012318021712,327.9110995903447,900.0000000000002,0,0,0.0,0.0,0.0,231,0,0,0,0.0,0.0,3896887476.0481033,13.780385016870554,0,0.0,0.0,4083600.0,26917.843058805927,0,0,0,0,0,nan,0.3310726088799475,0.3310726088799475,0.9723213960826212,0.03061781875914509,451.2,4.77
scenario_0004,needs-ev,4,0.6,3.675472812031094,4.726257256130564,8,150,24,23.49611347545937,0.13108014550138095,83.85797248786798,0.32010533461546853,594.4266671214542,900,900,1.2981341628087275,0.2178503096121513,0.21844527131830385,0.8356728746335957,0.8319916997110613,0.9064171732216624,0.7821496903878487,needs,690,412,0,0.0,0.0,412,16.42180568794015,1388.9787718051055,279.8268963635248,900.0000000000002,0,0,0.0,0.0,0.0,120,0,0,0,0.0,0.0,3447493293.9973884,609.6843506972025,0,0.0,0.0,4026600.0,24925.081155510357,3,0,0,0,0,nan,0.29560413706401273,0.29560413706401273,0.9933206574252137,0.08592855977527447,494.4,5.24
scenario_0004,needs-ev,5,0.6,3.675472812031094,4.726257256130564,8,150,24,23.49611347545937,0.13108014550138095,83.85797248786798,0.32010533461546853,594.4266671214542,900,900,1.2981341628087275,0.2178503096121513,0.21844527131830385,0.8356728746335957,0.8319916997110613,0.9064171732216624,0.7821496903878487,needs,718,504,1,0.0019801980198019802,0.013157894736842105,504,17.718654069394006,1462.26435175542,241.829478526962,900.0000000000002,0,0,0.0,0.0,0.0,269,0,0,0,0.0027116383388148656,0.0,4238722139.781558,207.84070246447538,2,0.0,0.0,5751000.0,32844.776754507,3,0,0,0,0,nan,0.32497470161885483,0.3260031025733449,0.984315325124644,0.04171769352323363,604.8,5.97
scenario_0004,needs-ev,6,0.6,3.675472812031094,4.726257256130564,8,150,24,23.49611347545937,0.13108014550138095,83.85797248786798,0.32010533461546853,594.4266671214542,900,900,1.2981341628087275,0.2178503096121513,0.21844527131830385,0.8356728746335957,0.8319916997110613,0.9064171732216624,0.7821496903878487,needs,677,402,1,0.0024813895781637717,0.013333333333333334,402,17.92714860032561,1648.0044583085646,376.89062177621634,900.0000000000002,0,0,0.0,0.0,0.0,312,0,0,0,0.0005937402259310812,0.0,4060135269.229962,130.08302202794601,0,2.179294198257594,1.452862798838396,4329000.0,32254.04439367721,5,0,0,0,0,nan,0.2603191865932971,0.2610189693529565,0.9694256950676639,0.07126517845234895,482.4,5.01
scenario_0004,needs-ev,7,0.6,3.675472812031094,4.726257256130564,8,150,24,23.49611347545937,0.13108014550138095,83.85797248786798,0.32010533461546853,594.4266671214542,900,900,1.2981341628087275,0.2178503096121513,0.21844527131830385,0.8356728746335957,0.8319916997110613,0.9064171732216624,0.7821496903878487,needs,433,262,0,0.0,0.0,262,20.966690623980867,1986.822610358698,420.9361989132356,900.0000000000002,0,0,0.0,0.0,0.0,183,0,0,0,0.0,0.19815160805856283,3269788865.367305,134.7101152138099,2,0.0,0.0,3385200.0,30102.514608302834,2,0,0,0,0,nan,0.3300133483321682,0.3300133483321682,0.9924739133725071,0.0720020694554655,314.4,3.75
scenario_0004,needs-ev,8,0.6,3.675472812031094,4.726257256130564,8,150,24,23.49611347545937,0.13108014550138095,83.85797248786798,0.32010533461546853,594.4266671214542,900,900,1.2981341628087275,0.2178503096121513,0.21844527131830385,0.8356728746335957,0.8319916997110613,0.9064171732216624,0.7821496903878487,needs,713,406,0,0.0,0.0,406,19.007755839277706,1629.0573999164224,614.520182212454,900.0000000000002,0,0,0.0,0.0,0.0,483,0,0,0,0.0,0.0,4330216960.403129,183.3619328548067,1,0.0,0.0,4921800.0,43314.36852639685,5,0,0,0,0,nan,0.22379596429783727,0.22379596429783727,0.975137832371795,0.01091776688301787,487.2,5.55
scenario_0004,needs-ev,9,0.6,3.675472812031094,4.726257256130564,8,150,24,23.49611347545937,0.13108014550138095,83.85797248786798,0.32010533461546853,594.4266671214542,900,900,1.2981341628087275,0.2178503096121513,0.21844527131830385,0.8356728746335957,0.8319916997110613,0.9064171732216624,0.7821496903878487,needs,731,454,4,0.008733624454148471,0.043478260869565216,454,18.25932560105616,1821.0906063457526,379.2589562948681,900.0000000000002,0,0,0.0,0.0,0.0,272,0,0,0,0.0009623917925090075,0.0,4049378889.942297,188.57915060037215,1,0.0,0.0,4633800.0,28990.197463383418,3,0,0,0,0,nan,0.28656736386244813,0.2895524405693486,0.9771332331908833,0.07889818178187344,544.8,5.82
scenario_0004,needs-ev,10,0.6,3.675472812031094,4.726257256130564,8,150,24,23.49611347545937,0.13108014550138095,83.85797248786798,0.32010533461546853,594.4266671214542,900,900,1.2981341628087275,0.2178503096121513,0.21844527131830385,0.8356728746335957,0.8319916997110613,0.9064171732216624,0.7821496903878487,needs,533,334,1,0.0029850746268656717,0.0,334,19.902991141707503,2223.5553273539817,354.95142605063535,900.0000000000002,0,0,0.0,0.0,0.0,251,0,0,0,0.0007968122662585134,0.0004939952202149219,3186696824.834102,283.29433232500946,2,0.0,0.0,3657600.0,24490.4246440752,2,0,0,0,0,nan,0.2826801012745754,0.2837080289155738,0.9705526554131055,0.056088097942014414,400.79999999999995,4.49
scenario_0004,needs-forecast,1,0.6,3.675472812031094,4.726257256130564,8,150,24,23.49611347545937,0.13108014550138095,83.85797248786798,0.32010533461546853,594.4266671214542,900,900,1.2981341628087275,0.2178503096121513,0.21844527131830385,0.8356728746335957,0.8319916997110613,0.9064171732216624,0.7821496903878487,needs,631,325,0,0.0,0.0,325,19.603967227765224,887.318539390917,345.3450974643654,900.0000000000002,0,0,0.0,0.0,0.0,296,0,0,0,0.0,0.27727895989823587,3821438278.861354,0.0,0,0.0,0.0,4178400.0,42269.15982896141,3,0,0,0,0,nan,0.23677316685155625,0.23677316685155625,0.9507772213319089,0.030755529550900704,390.0,4.32
scenario_0004,needs-forecast,2,0.6,3.675472812031094,4.726257256130564,8,150,24,23.49611347545937,0.13108014550138095,83.85797248786798,0.32010533461546853,594.4266671214542,900,900,1.2981341628087275,0.2178503096121513,0.21844527131830385,0.8356728746335957,0.8319916997110613,0.9064171732216624,0.7821496903878487,needs,636,375,1,0.0026595744680851063,0.014925373134328358,375,16.954495073213366,1676.2818515401682,449.2975788027518,900.0000000000002,0,0,0.0,0.0,0.0,439,0,0,0,0.0,0.0,4449078149.103998,0.0,0,0.0,0.0,5050800.0,48792.14422941668,5,0,0,0,0,nan,0.23870554499442098,0.23940969114484703,0.9878375731659546,0.027781022538906186,450.0,5.12
scenario_0004,needs-forecast,3,0.6,3.675472812031094,4.726257256130564,8,150,24,23.49611347545937,0.13108014550138095,83.85797248786798,0.32010533461546853,594.4266671214542,900,900,1.2981341628087275,0.2178503096121513,0.21844527131830385,0.8356728746335957,0.8319916997110613,0.9064171732216624,0.7821496903878487,needs,557,371,0,0.0,0.0,371,17.655772813606745,2081.0091323921233,323.82730936829097,900.0000000000002,0,0,0.0,0.0,0.0,226,0,0,0,0.0,0.0,3763368048.314805,0.0,0,0.0,0.0,4212000.0,29542.221424747015,0,0,0,0,0,nan,0.3225507666796333,0.3225507666796333,0.974454539031339,0.03918814817789459,445.2,4.57
scenario_0004,needs-forecast,4,0.6,3.675472812031094,4.726257256130564,8,150,24,23.49611347545937,0.13108014550138095,83.85797248786798,0.32010533461546853,594.4266671214542,900,900,1.2981341628087275,0.2178503096121513,0.21844527131830385,0.8356728746335957,0.8319916997110613,0.9064171732216624,0.7821496903878487,needs,686,402,0,0.0,0.0,402,18.01302315276962,1258.3569646671162,248.91713751484698,900.0000000000002,0,0,0.0,0.0,0.0,151,0,0,0,0.0,0.0,3537867368.3176074,0.0,0,0.0,0.0,4436400.0,31170.985459494324,0,0,0,0,0,nan,0.28671113911624335,0.28671113911624335,0.9684491933404559,0.03771687897454881,482.4,4.98
scenario_0004,needs-forecast,5,0.6,3.675472812031094,4.726257256130564,8,150,24,23.49611347545937,0.13108014550138095,83.85797248786798,0.32010533461546853,594.4266671214542,900,900,1.2981341628087275,0.2178503096121513,0.21844527131830385,0.8356728746335957,0.8319916997110613,0.9064171732216624,0.7821496903878487,needs,711,497,1,0.002008032128514056,0.013333333333333334,497,18.21915004822904,1043.0439836667795,243.72842497886737,900.0000000000002,0,0,0.0,0.0,0.0,276,0,0,0,0.002233217525461123,0.0,3889250706.1346107,0.0,0,0.0,0.0,5698800.0,36226.18371004739,4,0,0,0,0,nan,0.32166215800668563,0.32268655978377697,0.9822309930021368,0.029048247929655234,596.4,5.59
scenario_0004,needs-forecast,6,0.6,3.675472812031094,4.726257256130564,8,150,24,23.49611347545937,0.13108014550138095,83.85797248786798,0.32010533461546853,594.4266671214542,900,900,1.2981341628087275,0.2178503096121513,0.21844527131830385,0.8356728746335957,0.8319916997110613,0.9064171732216624,0.7821496903878487,needs,678,404,2,0.0049261083743842365,0.027777777777777776,404,17.190849792366635,1973.032500673633,424.01271837137915,900.0000000000002,0,0,0.0,0.0,0.0,335,0,0,0,0.0006994195953251026,0.0,3895299848.208511,0.0,0,1.0558840934190812,0.5279420467095406,4563600.0,35648.07493071641,3,0,0,0,0,nan,0.26350771372509646,0.2649282404837224,0.9813475481659545,0.051523740305287904,484.79999999999995,4.93
scenario_0004,needs-forecast,7,0.6,3.675472812031094,4.726257256130564,8,150,24,23.49611347545937,0.13108014550138095,83.85797248786798,0.32010533461546853,594.4266671214542,900,900,1.2981341628087275,0.2178503096121513,0.21844527131830385,0.8356728746335957,0.8319916997110613,0.9064171732216624,0.7821496903878487,needs,435,261,0,0.0,0.0,261,19.83360275919358,1942.779702174956,314.3023519878646,900.0000000000002,0,0,0.0,0.0,0.0,196,0,0,0,0.0,0.2772932416082068,2881521557.141725,0.0,0,0.0,0.0,3120000.0,25475.4706469494,2,0,0,0,0,nan,0.3306072060806845,0.3306072060806845,0.9926491599002849,0.03926390790038626,313.2,3.75
scenario_0004,needs-forecast,8,0.6,3.675472812031094,4.726257256130564,8,150,24,23.49611347545937,0.13108014550138095,83.85797248786798,0.32010533461546853,594.4266671214542,900,900,1.2981341628087275,0.2178503096121513,0.21844527131830385,0.8356728746335957,0.8319916997110613,0.9064171732216624,0.7821496903878487,needs,716,412,1,0.002421307506053269,0.012345679012345678,412,18.614383166805737,1959.752871976203,621.0402890514806,900.0000000000002,0,0,0.0,0.0,0.0,476,0,0,0,0.0006711004543538204,0.0,4538680996.660091,0.0,0,0.0,0.0,5247000.0,48306.76758514184,3,0,0,0,0,nan,0.22702634978330308,0.22759109194694313,0.9724314412037038,0.006890193386100732,494.4,5.11
scenario_0004,needs-forecast,9,0.6,3.675472812031094,4.726257256130564,8,150,24,23.49611347545937,0.13108014550138095,83.85797248786798,0.32010533461546853,594.4266671214542,900,900,1.2981341628087275,0.2178503096121513,0.21844527131830385,0.8356728746335957,0.8319916997110613,0.9064171732216624,0.7821496903878487,needs,713,426,5,0.01160092807424594,0.056818181818181816,426,18.848398728504662,2329.6142061432647,402.1198815001688,900.0000000000002,0,0,0.0,0.0,0.0,293,0,0,0,0.0005977251571083296,0.002077127090401072,3766309730.585406,0.0,0,0.0,0.0,4424400.0,32955.548988497656,1,0,0,0,0,nan,0.2544147576711546,0.25773609915511225,0.9755858423789174,0.06053051564056639,511.2,4.99
scenario_0004,needs-forecast,10,0.6,3.675472812031094,4.726257256130564,8,150,24,23.49611347545937,0.13108014550138095,83.85797248786798,0.32010533461546853,594.4266671214542,900,900,1.2981341628087275,0.2178503096121513,0.21844527131830385,0.8356728746335957,0.8319916997110613,0.9064171732216624,0.7821496903878487,needs,546,355,0,0.0,0.0,355,19.328958306403592,2057.2465587624365,266.8364137191694,900.0000000000002,0,0,0.0,0.0,0.0,224,0,0,0,0.0,0.0,3410376378.3012967,0.0,0,0.0,0.0,3568800.0,20164.67152330133,2,0,0,0,0,nan,0.29379179859363413,0.29379179859363413,0.9801053823896012,0.07720942754323996,426.0,4.47
scenario_0004,needs-conformal,1,0.6,3.675472812031094,4.726257256130564,8,150,24,23.49611347545937,0.13108014550138095,83.85797248786798,0.32010533461546853,594.4266671214542,900,900,1.2981341628087275,0.2178503096121513,0.21844527131830385,0.8356728746335957,0.8319916997110613,0.9064171732216624,0.7821496903878487,needs,635,336,0,0.0,0.0,336,19.506938686824014,1786.2228347505713,358.1786185686706,900.0000000000002,0,0,0.0,0.0,0.0,288,0,0,0,0.0,0.323312629533208,4363944222.717973,0.0,0,0.0,0.0,4372200.0,41794.5786597487,2,0,0,0,0,nan,0.2466319467156805,0.2466319467156805,0.9749401371438747,0.04213030570267492,403.2,4.4
scenario_0004,needs-conformal,2,0.6,3.675472812031094,4.726257256130564,8,150,24,23.49611347545937,0.13108014550138095,83.85797248786798,0.32010533461546853,594.4266671214542,900,900,1.2981341628087275,0.2178503096121513,0.21844527131830385,0.8356728746335957,0.8319916997110613,0.9064171732216624,0.7821496903878487,needs,623,370,4,0.0106951871657754,0.04411764705882353,370,17.973179497770047,1089.7268157681297,386.6203259442884,900.0000000000002,0,0,0.0,0.0,0.0,440,0,0,0,0.0026200964593673056,0.0,4279987268.6126947,0.0,0,0.0,0.0,4998000.0,46080.07793407292,3,0,0,0,0,nan,0.2393333213871889,0.2422431490028386,0.975118820138889,0.04246935047109469,444.0,5.07
scenario_0004,needs-conformal,3,0.6,3.675472812031094,4.726257256130564,8,150,24,23.49611347545937,0.13108014550138095,83.85797248786798,0.32010533461546853,594.4266671214542,900,900,1.2981341628087275,0.2178503096121513,0.21844527131830385,0.8356728746335957,0.8319916997110613,0.9064171732216624,0.7821496903878487,needs,558,374,0,0.0,0.0,374,18.195998465663934,2039.7100832070366,427.1609088696606,900.0000000000002,0,0,0.0,0.0,0.0,218,0,0,0,0.0,0.0,3581000091.987727,0.0,0,0.0,0.0,4301400.0,31663.843058318005,2,0,0,0,0,nan,0.3330274409601854,0.3330274409601854,0.9779735928062678,0.027104904649640684,448.79999999999995,4.7
scenario_0004,needs-conformal,4,0.6,3.675472812031094,4.726257256130564,8,150,24,23.49611347545937,0.13108014550138095,83.85797248786798,0.32010533461546853,594.4266671214542,900,900,1.2981341628087275,0.2178503096121513,0.21844527131830385,0.8356728746335957,0.8319916997110613,0.9064171732216624,0.7821496903878487,needs,684,404,0,0.0,0.0,404,17.02863367246664,972.0574001278815,344.26070751457746,900.0000000000002,0,0,0.0,0.0,0.0,132,0,0,0,0.0,0.0,3619615148.173487,27.929378708751983,0,0.0,0.0,4729800.0,39039.79143718694,4,0,0,0,0,nan,0.2894788789676316,0.2894788789676316,0.987108541150285,0.048903509360911375,484.79999999999995,4.93
scenario_0004,needs-conformal,5,0.6,3.675472812031094,4.726257256130564,8,150,24,23.49611347545937,0.13108014550138095,83.85797248786798,0.32010533461546853,594.4266671214542,900,900,1.2981341628087275,0.2178503096121513,0.21844527131830385,0.8356728746335957,0.8319916997110613,0.9064171732216624,0.7821496903878487,needs,711,496,1,0.002012072434607646,0.013333333333333334,496,18.509267374104184,1241.823306654354,243.35611208815874,900.0000000000002,0,0,0.0,0.0,0.0,271,0,0,0,0.0021965815923911305,0.0,4089346229.3866315,0.0,0,0.0,0.0,5604600.0,32224.88069756109,7,0,0,0,0,nan,0.3198714320062438,0.32089013083428913,0.9876122440705128,0.04004792368025319,595.1999999999999,5.63
scenario_0004,needs-conformal,6,0.6,3.675472812031094,4.726257256130564,8,150,24,23.49611347545937,0.13108014550138095,83.85797248786798,0.32010533461546853,594.4266671214542,900,900,1.2981341628087275,0.2178503096121513,0.21844527131830385,0.8356728746335957,0.8319916997110613,0.9064171732216624,0.7821496903878487,needs,682,409,1,0.0024390243902439024,0.013888888888888888,409,17.311073477416357,1134.6250882871823,375.08333468082435,900.0000000000002,0,0,0.0,0.0,0.0,339,0,0,0,0.0006694424703139623,0.0,4136219694.558771,0.0,0,0.3622962549202384,0.0,4903800.0,34693.58622489401,6,0,0,0,0,nan,0.2715606448469344,0.2722926142400528,0.9646965874465812,0.03978851492902426,490.79999999999995,5.01
scenario_0004,needs-conformal,7,0.6,3.675472812031094,4.726257256130564,8,150,24,23.49611347545937,0.13108014550138095,83.85797248786798,0.32010533461546853,594.4266671214542,900,900,1.2981341628087275,0.2178503096121513,0.21844527131830385,0.8356728746335957,0.8319916997110613,0.9064171732216624,0.7821496903878487,needs,428,256,0,0.0,0.0,256,20.389156446958168,2157.4672648146948,316.60614223191806,900.0000000000002,0,0,0.0,0.0,0.0,199,0,0,0,0.0,0.0,2760754824.9724865,0.0,0,0.0,0.0,3290400.0,25564.051538972766,2,0,0,0,0,nan,0.3133162432709396,0.3133162432709396,0.9744447095619659,0.030728217863508323,307.2,3.66
scenario_0004,needs-conformal,8,0.6,3.675472812031094,4.726257256130564,8,150,24,23.49611347545937,0.13108014550138095,83.85797248786798,0.32010533461546853,594.4266671214542,900,900,1.2981341628087275,0.2178503096121513,0.21844527131830385,0.8356728746335957,0.8319916997110613,0.9064171732216624,0.7821496903878487,needs,723,415,0,0.0,0.0,415,18.81430681343727,1791.194405059928,620.2908215518713,900.0000000000002,0,0,0.0,0.0,0.0,452,0,0,0,0.0,0.0,4808098449.727882,111.50103654631096,1,0.0,0.0,5274600.0,55446.817078667395,2,0,0,0,0,nan,0.22998768092344649,0.22998768092344649,0.9576093604878918,0.01599719672412293,498.0,5.25
scenario_0004,needs-conformal,9,0.6,3.675472812031094,4.726257256130564,8,150,24,23.49611347545937,0.13108014550138095,83.85797248786798,0.32010533461546853,594.4266671214542,900,900,1.2981341628087275,0.2178503096121513,0.21844527131830385,0.8356728746335957,0.8319916997110613,0.9064171732216624,0.7821496903878487,needs,727,445,1,0.002242152466367713,0.011904761904761904,445,18.644649524265787,1647.0360928728253,397.22533647337355,900.0000000000002,0,0,0.0,0.0,0.0,282,0,0,0,0.0,0.0,4131597157.2798324,0.0,0,0.0,0.0,4910400.0,33362.65497185122,5,0,0,0,0,nan,0.25930876668740777,0.2599788151801401,0.9711522978454417,0.05703044170042914,534.0,5.17
scenario_0004,needs-conformal,10,0.6,3.675472812031094,4.726257256130564,8,150,24,23.49611347545937,0.13108014550138095,83.85797248786798,0.32010533461546853,594.4266671214542,900,900,1.2981341628087275,0.2178503096121513,0.21844527131830385,0.8356728746335957,0.8319916997110613,0.9064171732216624,0.7821496903878487,needs,547,351,2,0.0056657223796034,0.0,351,19.72517582064438,2176.4800991714674,191.9742510211599,900.0000000000002,0,0,0.0,0.0,0.0,257,0,0,0,0.00892102383944145,0.000149212932846978,3100848662.887005,0.0,0,0.0,0.0,3841200.0,23278.33743373102,1,0,0,0,0,nan,0.29795316575263975,0.3001122466638908,0.9743877403133904,0.052194209144464127,421.2,4.33
scenario_0004,needs-learn_pre,1,0.6,3.675472812031094,4.726257256130564,8,150,24,23.49611347545937,0.13108014550138095,83.85797248786798,0.32010533461546853,594.4266671214542,900,900,1.2981341628087275,0.2178503096121513,0.21844527131830385,0.8356728746335957,0.8319916997110613,0.9064171732216624,0.7821496903878487,needs,642,341,0,0.0,0.0,341,19.535489603084443,1561.9224137544315,352.27138386587944,900.0000000000002,0,0,0.0,0.0,0.0,269,0,0,0,0.0,0.0,3023021849.4220877,0.0,0,0.0,0.0,3783000.0,24216.092010340057,2,0,0,0,0,nan,0.2561160188925223,0.2561160188925223,0.9764218857371796,0.06772894645027172,409.2,2.1
scenario_0004,needs-learn_pre,2,0.6,3.675472812031094,4.726257256130564,8,150,24,23.49611347545937,0.13108014550138095,83.85797248786798,0.32010533461546853,594.4266671214542,900,900,1.2981341628087275,0.2178503096121513,0.21844527131830385,0.8356728746335957,0.8319916997110613,0.9064171732216624,0.7821496903878487,needs,636,396,1,0.0025188916876574307,0.012658227848101266,396,17.884493535589968,2148.879523516371,247.7678813137713,900.0000000000002,0,0,0.0,0.0,0.0,425,0,0,0,0.0028240595486707107,0.00036407063758941115,3058184052.6501484,0.0,0,0.0,0.0,4636800.0,28303.974427394,2,0,0,0,0,nan,0.2736705688450756,0.274487495916255,0.9829735883368947,0.027770878711800857,475.2,2.34
scenario_0004,needs-learn_pre,3,0.6,3.675472812031094,4.726257256130564,8,150,24,23.49611347545937,0.13108014550138095,83.85797248786798,0.32010533461546853,594.4266671214542,900,900,1.2981341628087275,0.2178503096121513,0.21844527131830385,0.8356728746335957,0.8319916997110613,0.9064171732216624,0.7821496903878487,needs,565,392,1,0.002544529262086514,0.013157894736842105,392,18.30091345717142,1543.4643459752738,271.7569280787339,900.0000000000002,0,0,0.0,0.0,0.0,221,0,0,0,0.000488430841800392,0.0,2988478381.3062534,324.6535908000629,0,0.0,0.0,3902400.0,16120.827890492492,0,0,0,0,0,nan,0.36484832762271574,0.36618476838323855,0.97858383497151,0.06350677225550787,470.4,2.17
scenario_0004,needs-learn_pre,4,0.6,3.675472812031094,4.726257256130564,8,150,24,23.49611347545937,0.13108014550138095,83.85797248786798,0.32010533461546853,594.4266671214542,900,900,1.2981341628087275,0.2178503096121513,0.21844527131830385,0.8356728746335957,0.8319916997110613,0.9064171732216624,0.7821496903878487,needs,697,409,2,0.004866180048661801,0.025974025974025976,409,17.81153793316207,1050.7468447727483,313.06815689953555,900.0000000000002,0,0,0.0,0.0,0.0,149,0,0,0,0.0003640681075145836,0.00017077587702213844,2383269214.225638,16.332257106168584,1,0.0,0.0,4039200.0,23641.043139541565,1,0,0,0,0,nan,0.29245794303236156,0.2939387427439178,0.9818748562321937,0.09637928818765178,490.79999999999995,2.11
scenario_0004,needs-learn_pre,5,0.6,3.675472812031094,4.726257256130564,8,150,24,23.49611347545937,0.13108014550138095,83.85797248786798,0.32010533461546853,594.4266671214542,900,900,1.2981341628087275,0.2178503096121513,0.21844527131830385,0.8356728746335957,0.8319916997110613,0.9064171732216624,0.7821496903878487,needs,719,503,4,0.007889546351084813,0.05,503,17.432258544829438,1626.2318440980612,234.01134093084866,900.0000000000002,0,0,0.0,0.0,0.0,272,0,0,0,0.0004146136551454438,0.1326648651512792,2007770267.5435824,0.0,0,0.0,0.0,4914600.0,18602.06396932846,2,0,0,0,0,nan,0.32741230121852793,0.3315831585588913,0.9897543747685186,0.045937634681137644,603.6,2.55
scenario_0004,needs-learn_pre,6,0.6,3.675472812031094,4.726257256130564,8,150,24,23.49611347545937,0.13108014550138095,83.85797248786798,0.32010533461546853,594.4266671214542,900,900,1.2981341628087275,0.2178503096121513,0.21844527131830385,0.8356728746335957,0.8319916997110613,0.9064171732216624,0.7821496903878487,needs,687,418,3,0.007125890736342043,0.0375,418,17.48002029246186,1704.8383920863462,282.4623246794441,900.0000000000002,0,0,0.0,0.0,0.0,340,0,0,0,0.0012294503585151934,0.00046660189484162986,3230319853.7180467,0.0,0,0.0,0.0,4503600.0,21836.36458282118,3,0,0,0,0,nan,0.2906993821817849,0.2930500510403978,0.9598489292022793,0.03487413760503705,501.59999999999997,2.42
scenario_0004,needs-learn_pre,7,0.6,3.675472812031094,4.726257256130564,8,150,24,23.49611347545937,0.13108014550138095,83.85797248786798,0.32010533461546853,594.4266671214542,900,900,1.2981341628087275,0.2178503096121513,0.21844527131830385,0.8356728746335957,0.8319916997110613,0.9064171732216624,0.7821496903878487,needs,441,275,3,0.01079136690647482,0.03896103896103896,275,19.5806227401672,1764.1475703933183,135.42178304017463,900.0000000000002,0,0,0.0,0.0,0.0,189,0,0,0,0.0,0.0,2007071851.9211633,0.0,0,0.0,0.0,2989200.0,17258.31495648319,2,0,0,0,0,nan,0.3711720981473481,0.3756620832055821,0.9816476110933049,0.08263646128441013,330.0,1.71
scenario_0004,needs-learn_pre,8,0.6,3.675472812031094,4.726257256130564,8,150,24,23.49611347545937,0.13108014550138095,83.85797248786798,0.32010533461546853,594.4266671214542,900,900,1.2981341628087275,0.2178503096121513,0.21844527131830385,0.8356728746335957,0.8319916997110613,0.9064171732216624,0.7821496903878487,needs,733,431,5,0.011467889908256881,0.052083333333333336,431,18.325219522324687,2193.0762343049855,448.19800927219455,900.0000000000002,0,0,0.0,0.0,0.0,478,0,0,0,0.0,0.0,3644125813.9106636,0.0,0,0.0,0.0,5020200.0,38124.25605101167,2,0,0,0,0,nan,0.25918062117160906,0.2623803819268141,0.9813824513354701,0.022277808708908907,517.1999999999999,2.41
scenario_0004,needs-learn_pre,9,0.6,3.675472812031094,4.726257256130564,8,150,24,23.49611347545937,0.13108014550138095,83.85797248786798,0.32010533461546853,594.4266671214542,900,900,1.2981341628087275,0.2178503096121513,0.21844527131830385,0.8356728746335957,0.8319916997110613,0.9064171732216624,0.7821496903878487,needs,737,463,6,0.01279317697228145,0.0625,463,18.167326669610247,1646.4499914237867,143.9749710348208,900.0000000000002,0,0,0.0,0.0,0.0,297,0,0,0,0.00179081644773254,0.00022202034900086281,2863360524.7587175,131.30796780787193,2,0.0,0.0,4792200.0,20312.500417918032,5,0,0,0,0,nan,0.29691028749129766,0.30157379986027094,0.9670362122150997,0.08015830661677284,555.6,2.44
scenario_0004,needs-learn_pre,10,0.6,3.675472812031094,4.726257256130564,8,150,24,23.49611347545937,0.13108014550138095,83.85797248786798,0.32010533461546853,594.4266671214542,900,900,1.2981341628087275,0.2178503096121513,0.21844527131830385,0.8356728746335957,0.8319916997110613,0.9064171732216624,0.7821496903878487,needs,546,351,1,0.002840909090909091,0.015384615384615385,351,18.520533074650075,2034.683248159069,182.92651343347345,900.0000000000002,0,0,0.0,0.0,0.0,233,0,0,0,0.002220329189703438,0.00019635655587846082,2289483035.491359,0.0,0,0.0,0.0,3373200.0,15748.869210943674,2,0,0,0,0,nan,0.3050578867167299,0.30614737916928964,0.9768905185007123,0.07114340115170802,421.2,1.97
scenario_0004,oracle0,1,0.6,3.675472812031094,4.726257256130564,8,150,24,23.49611347545937,0.13108014550138095,83.85797248786798,0.32010533461546853,594.4266671214542,900,900,1.2981341628087275,0.2178503096121513,0.21844527131830385,0.8356728746335957,0.8319916997110613,0.9064171732216624,0.7821496903878487,clairvoyant,644,352,0,0.0,0.0,352,19.926947614320852,1208.49177061609,125.18835738675374,900.0000000000002,0,0,0.0,0.0,0.0,297,0,0,0,0.0,0.281222539306071,3546435942.808971,12.981341628087137,10,0.0,0.0,0.0,0.0,6,0,0,0,0,nan,0.27573291173344955,0.27573291173344955,0.9875398891915955,0.05247153251671557,422.4,0.34
scenario_0004,oracle0,2,0.6,3.675472812031094,4.726257256130564,8,150,24,23.49611347545937,0.13108014550138095,83.85797248786798,0.32010533461546853,594.4266671214542,900,900,1.2981341628087275,0.2178503096121513,0.21844527131830385,0.8356728746335957,0.8319916997110613,0.9064171732216624,0.7821496903878487,clairvoyant,645,393,3,0.007575757575757576,0.02666666666666667,393,17.778701788577564,1823.1791921276679,186.33022994409745,900.0000000000002,0,0,0.0,0.0,0.0,440,0,0,0,0.004995538561152312,0.0,3928910412.1298594,1.298134162808708,1,0.0,0.0,0.0,0.0,5,0,0,0,0,nan,0.2693261031150235,0.27172366486382193,0.9921293407229346,0.03205348339672221,471.59999999999997,0.38
scenario_0004,oracle0,3,0.6,3.675472812031094,4.726257256130564,8,150,24,23.49611347545937,0.13108014550138095,83.85797248786798,0.32010533461546853,594.4266671214542,900,900,1.2981341628087275,0.2178503096121513,0.21844527131830385,0.8356728746335957,0.8319916997110613,0.9064171732216624,0.7821496903878487,clairvoyant,577,389,1,0.002564102564102564,0.014285714285714285,389,18.000711880754807,944.2600329719198,136.11185813694897,900.0000000000002,0,0,0.0,0.0,0.0,230,0,0,0,0.0003670236856009541,0.0,3140434229.236939,2.596268325617473,2,0.0,0.0,0.0,0.0,2,0,0,0,0,nan,0.3626141785405435,0.36391854608925045,0.9917827107371795,0.04411487090227537,466.79999999999995,0.3
scenario_0004,oracle0,4,0.6,3.675472812031094,4.726257256130564,8,150,24,23.49611347545937,0.13108014550138095,83.85797248786798,0.32010533461546853,594.4266671214542,900,900,1.2981341628087275,0.2178503096121513,0.21844527131830385,0.8356728746335957,0.8319916997110613,0.9064171732216624,0.7821496903878487,clairvoyant,702,436,0,0.0,0.0,436,17.46794924653591,1169.4923440641899,166.19060432786375,900.0000000000002,0,0,0.0,0.0,0.0,118,0,0,0,0.0,0.0,2757261329.7982197,6.490670814043767,5,0.0,0.0,0.0,0.0,7,0,0,0,0,nan,0.34723621593285264,0.34723621593285264,0.9921273485933049,0.06823752795004988,523.1999999999999,0.35
scenario_0004,oracle0,5,0.6,3.675472812031094,4.726257256130564,8,150,24,23.49611347545937,0.13108014550138095,83.85797248786798,0.32010533461546853,594.4266671214542,900,900,1.2981341628087275,0.2178503096121513,0.21844527131830385,0.8356728746335957,0.8319916997110613,0.9064171732216624,0.7821496903878487,clairvoyant,720,509,2,0.003913894324853229,0.024691358024691357,509,17.184442463973937,1049.600196499671,239.68502921918105,900.0000000000002,0,0,0.0,0.0,0.0,268,0,0,0,0.0017275483158627196,0.0,3660617670.59533,7.788804976852589,6,0.0,0.0,0.0,0.0,4,0,0,0,0,nan,0.34414778994147804,0.3463190693732855,0.9928596470441595,0.041721634588434024,610.8,0.36
scenario_0004,oracle0,6,0.6,3.675472812031094,4.726257256130564,8,150,24,23.49611347545937,0.13108014550138095,83.85797248786798,0.32010533461546853,594.4266671214542,900,900,1.2981341628087275,0.2178503096121513,0.21844527131830385,0.8356728746335957,0.8319916997110613,0.9064171732216624,0.7821496903878487,clairvoyant,692,426,2,0.004672897196261682,0.012048192771084338,426,17.757134598864923,1134.1068022840448,149.39768353267235,900.0000000000002,0,0,0.0,0.0,0.0,338,0,0,0,0.003211006608871337,0.12429118132669455,3680617992.840887,6.490670814043597,5,0.0,0.0,0.0,0.0,4,0,0,0,0,nan,0.2949869941844856,0.2965686938852067,0.9886206784009972,0.041317453789535656,511.2,0.37
scenario_0004,oracle0,7,0.6,3.675472812031094,4.726257256130564,8,150,24,23.49611347545937,0.13108014550138095,83.85797248786798,0.32010533461546853,594.4266671214542,900,900,1.2981341628087275,0.2178503096121513,0.21844527131830385,0.8356728746335957,0.8319916997110613,0.9064171732216624,0.7821496903878487,clairvoyant,444,284,1,0.0035087719298245615,0.0,284,20.458428626540808,1660.5450655848028,164.8716750867594,900.0000000000002,0,0,0.0,0.0,0.0,189,0,0,0,0.0011110426324471687,0.17209203098816092,2719697065.0912137,6.490670814043597,5,0.0,0.0,0.0,0.0,2,0,0,0,0,nan,0.38970390262147564,0.3912689785356181,0.9860290206018518,0.0911036449139103,340.8,0.23
scenario_0004,oracle0,8,0.6,3.675472812031094,4.726257256130564,8,150,24,23.49611347545937,0.13108014550138095,83.85797248786798,0.32010533461546853,594.4266671214542,900,900,1.2981341628087275,0.2178503096121513,0.21844527131830385,0.8356728746335957,0.8319916997110613,0.9064171732216624,0.7821496903878487,clairvoyant,740,439,4,0.009029345372460496,0.03296703296703297,439,17.492545613054517,2239.0240433373124,216.48575660295933,900.0000000000002,0,0,0.0,0.0,0.0,500,0,0,0,0.005808216286073937,0.0,3988900279.0807304,7.788804976852589,6,0.0,0.0,0.0,0.0,4,0,0,0,0,nan,0.2645120201981152,0.2668520964880993,0.9924616623753562,0.023061389394566662,526.8,0.43
scenario_0004,oracle0,9,0.6,3.675472812031094,4.726257256130564,8,150,24,23.49611347545937,0.13108014550138095,83.85797248786798,0.32010533461546853,594.4266671214542,900,900,1.2981341628087275,0.2178503096121513,0.21844527131830385,0.8356728746335957,0.8319916997110613,0.9064171732216624,0.7821496903878487,clairvoyant,741,472,2,0.004219409282700422,0.020202020202020204,472,17.88267405389024,1535.0522187379142,230.36668319922043,900.0000000000002,0,0,0.0,0.0,0.0,284,0,0,0,0.0016800866129218035,0.00022246309404830593,3418394783.7299557,5.192536651234946,4,0.0,0.0,0.0,0.0,6,0,0,0,0,nan,0.30901341031465146,0.3106062629451393,0.9742841362891739,0.07040699303892639,566.4,0.36
scenario_0004,oracle0,10,0.6,3.675472812031094,4.726257256130564,8,150,24,23.49611347545937,0.13108014550138095,83.85797248786798,0.32010533461546853,594.4266671214542,900,900,1.2981341628087275,0.2178503096121513,0.21844527131830385,0.8356728746335957,0.8319916997110613,0.9064171732216624,0.7821496903878487,clairvoyant,556,367,2,0.005420054200542005,0.014492753623188406,367,18.93257303438213,1322.7509428767178,139.23601286222274,900.0000000000002,0,0,0.0,0.0,0.0,235,0,0,0,0.013143702140879647,0.00031682525327149694,3032138875.8217707,11.683207465278826,9,0.0,0.0,0.0,0.0,4,0,0,0,0,nan,0.3511458712880158,0.3536630459925894,0.9900114652955841,0.07166113007339578,440.4,0.28
scenario_0013,gate_fifo300,1,0.6,2.0048089580032427,5.503915440523606,8,141,24,109.63128674148308,0.46606187289977946,234.60667914728748,0.2763096967801179,153.79967840335826,300,900,2.246822197860199,0.16057097290635328,0.2825882686149096,0.6873038985117523,0.7730115774032742,1.002120773935327,0.8394290270936468,reactive_gate,329,91,15,0.14150943396226415,0.2727272727272727,91,880.0126909942474,2602.298010754754,274.4996552112405,300.0000000000002,0,0,0.0,0.0,0.0,640,0,0,0,0.013561499827891652,0.20439373671424704,5162485621.841312,0.0,0,0.0,0.0,0.0,0.0,5,0,0,0,0,nan,0.1105946521533473,0.11683119268831049,0.7147064832621083,0.03357965717026482,109.19999999999999,0.21
scenario_0013,gate_fifo300,2,0.6,2.0048089580032427,5.503915440523606,8,141,24,109.63128674148308,0.46606187289977946,234.60667914728748,0.2763096967801179,153.79967840335826,300,900,2.246822197860199,0.16057097290635328,0.2825882686149096,0.6873038985117523,0.7730115774032742,1.002120773935327,0.8394290270936468,reactive_gate,249,111,5,0.04310344827586207,0.1,111,484.55300695886467,2255.1006598886506,162.27900507816898,300.0000000000002,0,0,0.0,0.0,0.0,218,0,0,0,0.007923525207663427,0.005451901495998181,3537353931.554539,0.0,0,0.0,0.0,0.0,0.0,12,0,0,0,0,nan,0.20251669276305956,0.20820536390808927,0.8820209006766383,0.0856263183406832,133.2,0.15
scenario_0013,gate_fifo300,3,0.6,2.0048089580032427,5.503915440523606,8,141,24,109.63128674148308,0.46606187289977946,234.60667914728748,0.2763096967801179,153.79967840335826,300,900,2.246822197860199,0.16057097290635328,0.2825882686149096,0.6873038985117523,0.7730115774032742,1.002120773935327,0.8394290270936468,reactive_gate,282,114,20,0.14925373134328357,0.3584905660377358,114,509.32944223898335,2106.732500326502,140.3174964068164,300.0000000000002,0,0,0.0,0.0,0.0,331,0,0,0,0.017031970005754734,0.0010327359859496898,4291974370.8104005,0.0,0,0.0,0.0,0.0,0.0,6,0,0,0,0,nan,0.16405580656341964,0.1813248388332533,0.898819131321225,0.05727606020482895,136.79999999999998,0.2
scenario_0013,gate_fifo300,4,0.6,2.0048089580032427,5.503915440523606,8,141,24,109.63128674148308,0.46606187289977946,234.60667914728748,0.2763096967801179,153.79967840335826,300,900,2.246822197860199,0.16057097290635328,0.2825882686149096,0.6873038985117523,0.7730115774032742,1.002120773935327,0.8394290270936468,reactive_gate,385,157,5,0.030864197530864196,0.09259259259259259,157,431.78044650108654,1804.4071715162718,210.59040193427637,300.0000000000002,0,0,0.0,0.0,0.0,229,0,0,0,0.002330666937605851,0.0,3220970314.6398106,0.0,0,0.0,0.0,0.0,0.0,8,0,0,0,0,nan,0.1092662205590032,0.11124568107637645,0.8686193059650997,0.07281551474897818,188.4,0.17
scenario_0013,gate_fifo300,5,0.6,2.0048089580032427,5.503915440523606,8,141,24,109.63128674148308,0.46606187289977946,234.60667914728748,0.2763096967801179,153.79967840335826,300,900,2.246822197860199,0.16057097290635328,0.2825882686149096,0.6873038985117523,0.7730115774032742,1.002120773935327,0.8394290270936468,reactive_gate,319,115,10,0.08,0.2564102564102564,115,530.0636374014384,2475.8331023154683,220.94783539342498,300.0000000000002,0,0,0.0,0.0,0.0,254,0,0,0,0.005184281339776807,0.0,3862258548.682595,0.0,0,0.0,0.0,0.0,0.0,3,0,0,0,0,nan,0.11592831890313667,0.12092522920068564,0.7564323196759261,0.042647330821048816,138.0,0.17
scenario_0013,gate_fifo300,6,0.6,2.0048089580032427,5.503915440523606,8,141,24,109.63128674148308,0.46606187289977946,234.60667914728748,0.2763096967801179,153.79967840335826,300,900,2.246822197860199,0.16057097290635328,0.2825882686149096,0.6873038985117523,0.7730115774032742,1.002120773935327,0.8394290270936468,reactive_gate,273,92,11,0.10679611650485436,0.25,92,514.6182139279324,1872.658357367775,182.06612770832942,300.0000000000002,0,0,0.0,0.0,0.0,238,0,0,0,0.01097828611876187,0.0008884907187511827,3931626878.800149,0.0,0,0.0,0.0,0.0,0.0,4,0,0,0,0,nan,0.15762108139313044,0.1613781493648205,0.8093723847400285,0.058029918803841535,110.39999999999999,0.13
scenario_0013,gate_fifo300,7,0.6,2.0048089580032427,5.503915440523606,8,141,24,109.63128674148308,0.46606187289977946,234.60667914728748,0.2763096967801179,153.79967840335826,300,900,2.246822197860199,0.16057097290635328,0.2825882686149096,0.6873038985117523,0.7730115774032742,1.002120773935327,0.8394290270936468,reactive_gate,239,150,4,0.025974025974025976,0.06451612903225806,150,314.79439707771166,1564.8935331311009,96.81445900252687,300.0,0,0,0.0,0.0,0.0,99,0,0,0,0.0014982686437104277,0.0,2596637155.634377,0.0,0,0.0,0.0,0.0,0.0,3,0,0,0,0,nan,0.3239571156001187,0.33253876104647945,0.9093824879985755,0.11367959001929563,180.0,0.11
scenario_0013,gate_fifo300,8,0.6,2.0048089580032427,5.503915440523606,8,141,24,109.63128674148308,0.46606187289977946,234.60667914728748,0.2763096967801179,153.79967840335826,300,900,2.246822197860199,0.16057097290635328,0.2825882686149096,0.6873038985117523,0.7730115774032742,1.002120773935327,0.8394290270936468,reactive_gate,228,82,9,0.0989010989010989,0.2727272727272727,82,594.0122065868375,1751.008616524341,173.07404935101968,300.0000000000002,0,0,0.0,0.0,0.0,233,0,0,0,0.005399809175650083,0.0,4134513697.788298,0.0,0,0.0,0.0,0.0,0.0,4,0,0,0,0,nan,0.1505837530321759,0.15879741228847638,0.8242305824608263,0.05716633781842135,98.39999999999999,0.15
scenario_0013,gate_fifo300,9,0.6,2.0048089580032427,5.503915440523606,8,141,24,109.63128674148308,0.46606187289977946,234.60667914728748,0.2763096967801179,153.79967840335826,300,900,2.246822197860199,0.16057097290635328,0.2825882686149096,0.6873038985117523,0.7730115774032742,1.002120773935327,0.8394290270936468,reactive_gate,317,134,24,0.1518987341772152,0.3382352941176471,134,664.9818986120237,2353.506605374345,192.63334291295428,300.0000000000002,0,0,0.0,0.0,0.0,472,0,0,0,0.01951276509585077,0.0,4478485322.873405,0.0,0,0.0,0.0,0.0,0.0,1,0,0,0,0,nan,0.12153657443339537,0.13549292747837854,0.8486184686431625,0.05764385320507274,160.79999999999998,0.19
scenario_0013,gate_fifo300,10,0.6,2.0048089580032427,5.503915440523606,8,141,24,109.63128674148308,0.46606187289977946,234.60667914728748,0.2763096967801179,153.79967840335826,300,900,2.246822197860199,0.16057097290635328,0.2825882686149096,0.6873038985117523,0.7730115774032742,1.002120773935327,0.8394290270936468,reactive_gate,324,112,19,0.1450381679389313,0.38,112,456.08157180349133,2412.0636461814565,164.5599688262036,300.0000000000002,0,0,0.0,0.0,0.0,396,0,0,0,0.0363188108465077,0.0005296090111609281,4043747973.921617,0.0,0,0.0,0.0,0.0,0.0,3,0,0,0,0,nan,0.1312479124684556,0.1419966639206136,0.8788175784188035,0.07677476521735208,134.4,0.17
scenario_0013,gate_vtfq0,1,0.6,2.0048089580032427,5.503915440523606,8,141,24,109.63128674148308,0.46606187289977946,234.60667914728748,0.2763096967801179,153.79967840335826,300,900,2.246822197860199,0.16057097290635328,0.2825882686149096,0.6873038985117523,0.7730115774032742,1.002120773935327,0.8394290270936468,reactive_gate,375,102,44,0.3013698630136986,0.8461538461538461,102,208.0334417996877,2283.166977552369,57.50588262282449,300.0000000000002,0,0,0.0,0.0,0.0,1339,0,0,0,0.0,0.0,1695383195.403118,0.0,0,0.0,0.0,0.0,0.0,3,0,0,0,0,nan,0.08460718389028088,0.09999030823396832,0.90085851116453,0.06816702260721864,122.39999999999999,0.24
scenario_0013,gate_vtfq0,2,0.6,2.0048089580032427,5.503915440523606,8,141,24,109.63128674148308,0.46606187289977946,234.60667914728748,0.2763096967801179,153.79967840335826,300,900,2.246822197860199,0.16057097290635328,0.2825882686149096,0.6873038985117523,0.7730115774032742,1.002120773935327,0.8394290270936468,reactive_gate,255,98,23,0.19008264462809918,0.5945945945945946,98,412.58229221101533,1668.2539752605157,270.7589232425367,300.0000000000002,0,0,0.0,0.0,0.0,495,0,0,0,0.000778034379804158,0.004503442506057017,1394102150.3833582,0.0,0,0.0,0.0,0.0,0.0,9,0,0,0,0,nan,0.1644556770031029,0.18794934514640332,0.887479921207265,0.10590970330973953,117.6,0.15
scenario_0013,gate_vtfq0,3,0.6,2.0048089580032427,5.503915440523606,8,141,24,109.63128674148308,0.46606187289977946,234.60667914728748,0.2763096967801179,153.79967840335826,300,900,2.246822197860199,0.16057097290635328,0.2825882686149096,0.6873038985117523,0.7730115774032742,1.002120773935327,0.8394290270936468,reactive_gate,303,117,31,0.20945945945945946,0.7045454545454546,117,281.96471073938073,1776.2690643943213,260.1708953020501,300.0000000000002,0,0,0.0,0.0,0.0,661,0,0,0,0.0,0.0,1634103787.6039867,0.0,0,0.0,0.0,0.0,0.0,4,1,0,0,0,nan,0.14498933942311695,0.17009922502153385,0.9514663175035614,0.09891296380916642,140.4,0.17
scenario_0013,gate_vtfq0,4,0.6,2.0048089580032427,5.503915440523606,8,141,24,109.63128674148308,0.46606187289977946,234.60667914728748,0.2763096967801179,153.79967840335826,300,900,2.246822197860199,0.16057097290635328,0.2825882686149096,0.6873038985117523,0.7730115774032742,1.002120773935327,0.8394290270936468,reactive_gate,411,166,22,0.11702127659574468,0.44,166,129.44221374282085,1395.7785822713552,60.136531323354625,300.0000000000002,0,0,0.0,0.0,0.0,608,0,0,0,0.0,0.0,1126599024.3721507,0.0,0,0.0,0.0,0.0,0.0,8,0,0,0,0,nan,0.12693442892802645,0.1377165039721059,0.9325159905270656,0.07279381576896599,199.2,0.2
scenario_0013,gate_vtfq0,5,0.6,2.0048089580032427,5.503915440523606,8,141,24,109.63128674148308,0.46606187289977946,234.60667914728748,0.2763096967801179,153.79967840335826,300,900,2.246822197860199,0.16057097290635328,0.2825882686149096,0.6873038985117523,0.7730115774032742,1.002120773935327,0.8394290270936468,reactive_gate,327,103,22,0.176,0.7096774193548387,103,293.16824628902964,1817.9131547399297,151.6875961229382,300.0000000000002,0,0,0.0,0.0,0.0,710,0,0,0,0.0,0.16594848211219956,1651245820.0715466,0.0,0,0.0,0.0,0.0,0.0,4,0,0,0,0,nan,0.09987369425626255,0.10981587196503077,0.852264892218661,0.04969533038086743,123.6,0.16
scenario_0013,gate_vtfq0,6,0.6,2.0048089580032427,5.503915440523606,8,141,24,109.63128674148308,0.46606187289977946,234.60667914728748,0.2763096967801179,153.79967840335826,300,900,2.246822197860199,0.16057097290635328,0.2825882686149096,0.6873038985117523,0.7730115774032742,1.002120773935327,0.8394290270936468,reactive_gate,281,84,15,0.15151515151515152,0.5,84,445.4204806762734,1756.0734059512658,262.7443185477623,300.0000000000002,0,0,0.0,0.0,0.0,504,0,0,0,0.0,0.12119470154983457,1239564188.0662384,0.0,0,0.0,0.0,0.0,0.0,1,1,0,0,0,nan,0.12471723179437572,0.13384288290128124,0.86094064494302,0.08801249491145419,100.8,0.13
scenario_0013,gate_vtfq0,7,0.6,2.0048089580032427,5.503915440523606,8,141,24,109.63128674148308,0.46606187289977946,234.60667914728748,0.2763096967801179,153.79967840335826,300,900,2.246822197860199,0.16057097290635328,0.2825882686149096,0.6873038985117523,0.7730115774032742,1.002120773935327,0.8394290270936468,reactive_gate,236,121,8,0.06201550387596899,0.18181818181818182,121,263.39334479863805,1198.5474260416365,62.350688556059644,300.0000000000002,0,0,0.0,0.0,0.0,290,0,0,0,0.0,0.0,1226190572.8433418,0.0,0,0.0,0.0,0.0,0.0,4,0,0,0,0,nan,0.2945807146468287,0.3106123181650235,0.8835036783297721,0.12926202423166974,145.2,0.14
scenario_0013,gate_vtfq0,8,0.6,2.0048089580032427,5.503915440523606,8,141,24,109.63128674148308,0.46606187289977946,234.60667914728748,0.2763096967801179,153.79967840335826,300,900,2.246822197860199,0.16057097290635328,0.2825882686149096,0.6873038985117523,0.7730115774032742,1.002120773935327,0.8394290270936468,reactive_gate,236,74,22,0.22916666666666666,0.7586206896551724,74,414.6678798167167,1655.5936660014854,77.1843466380186,300.0000000000002,0,0,0.0,0.0,0.0,522,0,0,0,0.0,0.0,1824228104.3888757,0.0,0,0.0,0.0,0.0,0.0,3,0,0,0,0,nan,0.1128070014477297,0.1292424586122996,0.8396651985042736,0.08564283715598514,88.8,0.13
scenario_0013,gate_vtfq0,9,0.6,2.0048089580032427,5.503915440523606,8,141,24,109.63128674148308,0.46606187289977946,234.60667914728748,0.2763096967801179,153.79967840335826,300,900,2.246822197860199,0.16057097290635328,0.2825882686149096,0.6873038985117523,0.7730115774032742,1.002120773935327,0.8394290270936468,reactive_gate,351,152,46,0.23232323232323232,0.6301369863013698,152,191.4406817261264,2341.2201389902607,256.5735227955375,300.0000000000002,0,0,0.0,0.0,0.0,943,0,0,0,0.0,0.0,1243002117.171696,0.0,0,0.0,0.0,0.0,0.0,1,0,0,0,0,nan,0.1528849144954993,0.19049296832861676,0.8097494403490029,0.08857219769932777,182.4,0.19
scenario_0013,gate_vtfq0,10,0.6,2.0048089580032427,5.503915440523606,8,141,24,109.63128674148308,0.46606187289977946,234.60667914728748,0.2763096967801179,153.79967840335826,300,900,2.246822197860199,0.16057097290635328,0.2825882686149096,0.6873038985117523,0.7730115774032742,1.002120773935327,0.8394290270936468,reactive_gate,324,92,31,0.25203252032520324,0.6595744680851063,92,336.2088173413117,1666.2773450554162,68.7779791094496,300.0000000000002,0,0,0.0,0.0,0.0,787,0,0,0,0.0,0.0,1758895917.2100058,0.0,0,0.0,0.0,0.0,0.0,5,0,0,0,0,nan,0.11114922776414801,0.12674029591206018,0.9199579750534188,0.11427577300300337,110.39999999999999,0.17
scenario_0013,gate_srpt0,1,0.6,2.0048089580032427,5.503915440523606,8,141,24,109.63128674148308,0.46606187289977946,234.60667914728748,0.2763096967801179,153.79967840335826,300,900,2.246822197860199,0.16057097290635328,0.2825882686149096,0.6873038985117523,0.7730115774032742,1.002120773935327,0.8394290270936468,reactive_gate,467,279,23,0.076158940397351,0.22772277227722773,279,20.208333751902956,2413.033197470471,145.5856814441151,300.0000000000002,0,0,0.0,0.0,0.0,987,0,0,0,0.013999147477458233,0.1561504648691782,4190086819.5222487,0.0,0,0.0,0.0,0.0,0.0,1,0,0,0,0,nan,0.3095499934629174,0.33220873643664567,0.8648418338497151,0.12786995302483875,334.8,0.28
scenario_0013,gate_srpt0,2,0.6,2.0048089580032427,5.503915440523606,8,141,24,109.63128674148308,0.46606187289977946,234.60667914728748,0.2763096967801179,153.79967840335826,300,900,2.246822197860199,0.16057097290635328,0.2825882686149096,0.6873038985117523,0.7730115774032742,1.002120773935327,0.8394290270936468,reactive_gate,313,211,12,0.053811659192825115,0.15384615384615385,211,26.39389529132086,1617.7848227095064,156.82074745035752,300.0000000000002,0,0,0.0,0.0,0.0,304,0,0,0,0.02584685118795146,0.008226360343746835,3364378558.6890492,0.0,0,0.0,0.0,0.0,0.0,4,0,0,0,0,nan,0.45882568318137884,0.48205436437514637,0.9178910450320513,0.13887571455298617,253.2,0.2
scenario_0013,gate_srpt0,3,0.6,2.0048089580032427,5.503915440523606,8,141,24,109.63128674148308,0.46606187289977946,234.60667914728748,0.2763096967801179,153.79967840335826,300,900,2.246822197860199,0.16057097290635328,0.2825882686149096,0.6873038985117523,0.7730115774032742,1.002120773935327,0.8394290270936468,reactive_gate,379,257,20,0.07220216606498195,0.23376623376623376,257,20.088430319815416,1668.444904515916,186.06226495042324,300.0000000000002,0,0,0.0,0.0,0.0,506,0,0,0,0.08711307476684588,0.1031984316048555,3989184401.1213937,0.0,0,0.0,0.0,0.0,0.0,9,0,0,0,0,nan,0.4242101409694512,0.4646210852549402,0.9062220792378918,0.09801080928035441,308.4,0.22
scenario_0013,gate_srpt0,4,0.6,2.0048089580032427,5.503915440523606,8,141,24,109.63128674148308,0.46606187289977946,234.60667914728748,0.2763096967801179,153.79967840335826,300,900,2.246822197860199,0.16057097290635328,0.2825882686149096,0.6873038985117523,0.7730115774032742,1.002120773935327,0.8394290270936468,reactive_gate,478,289,12,0.03986710963455149,0.13333333333333333,289,17.385900240309184,822.483684439184,183.30784856427044,300.0000000000002,0,0,0.0,0.0,0.0,426,0,0,0,0.0695880390031008,0.007854621731082624,2896146460.788686,0.0,0,0.0,0.0,0.0,0.0,9,0,0,0,0,nan,0.3275952171887166,0.33323306849742707,0.8296695758012822,0.06814642862660783,346.8,0.23
scenario_0013,gate_srpt0,5,0.6,2.0048089580032427,5.503915440523606,8,141,24,109.63128674148308,0.46606187289977946,234.60667914728748,0.2763096967801179,153.79967840335826,300,900,2.246822197860199,0.16057097290635328,0.2825882686149096,0.6873038985117523,0.7730115774032742,1.002120773935327,0.8394290270936468,reactive_gate,459,315,11,0.03374233128834356,0.14473684210526316,315,18.664295426933222,1341.8511336105134,176.62248943421886,300.0000000000002,0,0,0.0,0.0,0.0,455,0,0,0,0.0344878150145158,0.1124438666532334,3512232980.7114596,0.0,0,0.0,0.0,0.0,0.0,4,0,0,0,0,nan,0.391066615976582,0.40663851548257945,0.8330089463141026,0.07810793166342746,378.0,0.22
scenario_0013,gate_srpt0,6,0.6,2.0048089580032427,5.503915440523606,8,141,24,109.63128674148308,0.46606187289977946,234.60667914728748,0.2763096967801179,153.79967840335826,300,900,2.246822197860199,0.16057097290635328,0.2825882686149096,0.6873038985117523,0.7730115774032742,1.002120773935327,0.8394290270936468,reactive_gate,310,166,11,0.062146892655367235,0.12903225806451613,166,27.235370282051576,1384.3946061056056,163.65428765273552,300.0000000000002,0,0,0.0,0.0,0.0,402,0,0,0,0.05245760961602803,0.0031914850844369015,3350731267.260009,0.0,0,0.0,0.0,0.0,0.0,2,2,0,0,0,nan,0.33453850869953144,0.3390319796677059,0.7828077656339031,0.07096642139559015,199.2,0.19
scenario_0013,gate_srpt0,7,0.6,2.0048089580032427,5.503915440523606,8,141,24,109.63128674148308,0.46606187289977946,234.60667914728748,0.2763096967801179,153.79967840335826,300,900,2.246822197860199,0.16057097290635328,0.2825882686149096,0.6873038985117523,0.7730115774032742,1.002120773935327,0.8394290270936468,reactive_gate,282,211,7,0.03211009174311927,0.0759493670886076,211,26.958107285070128,1397.7941609307106,155.3712475726057,300.0000000000002,0,0,0.0,0.0,0.0,155,0,0,0,0.027325949023417815,0.04335072464512543,2572006115.1618233,0.0,0,0.0,0.0,0.0,0.0,3,0,0,0,0,nan,0.5876762241399929,0.6028154703175194,0.9007713695512821,0.1390208003885466,253.2,0.14
scenario_0013,gate_srpt0,8,0.6,2.0048089580032427,5.503915440523606,8,141,24,109.63128674148308,0.46606187289977946,234.60667914728748,0.2763096967801179,153.79967840335826,300,900,2.246822197860199,0.16057097290635328,0.2825882686149096,0.6873038985117523,0.7730115774032742,1.002120773935327,0.8394290270936468,reactive_gate,283,173,10,0.0546448087431694,0.14814814814814814,173,25.403347595231935,1307.4766488970008,183.4749725504901,300.0000000000002,0,0,0.0,0.0,0.0,444,0,0,0,0.023029258981759095,0.0006601560369565834,3355126885.6381316,0.0,0,0.0,0.0,0.0,0.0,8,0,0,0,0,nan,0.33828016286051027,0.35535058067130104,0.7598579837250713,0.050205284514378425,207.6,0.16
scenario_0013,gate_srpt0,9,0.6,2.0048089580032427,5.503915440523606,8,141,24,109.63128674148308,0.46606187289977946,234.60667914728748,0.2763096967801179,153.79967840335826,300,900,2.246822197860199,0.16057097290635328,0.2825882686149096,0.6873038985117523,0.7730115774032742,1.002120773935327,0.8394290270936468,reactive_gate,471,321,25,0.07225433526011561,0.25806451612903225,321,19.106269506202352,2193.0409553885206,219.29366569313223,300.0000000000002,0,0,0.0,0.0,0.0,720,0,0,0,0.026592375766146936,0.0,3854815480.7780437,0.0,0,0.0,0.0,0.0,0.0,3,0,0,0,0,nan,0.3428960032142023,0.3787137651156691,0.8986689170227921,0.08704648642897903,385.2,0.27
scenario_0013,gate_srpt0,10,0.6,2.0048089580032427,5.503915440523606,8,141,24,109.63128674148308,0.46606187289977946,234.60667914728748,0.2763096967801179,153.79967840335826,300,900,2.246822197860199,0.16057097290635328,0.2825882686149096,0.6873038985117523,0.7730115774032742,1.002120773935327,0.8394290270936468,reactive_gate,452,288,24,0.07692307692307693,0.2716049382716049,288,18.382058352218564,1773.5049147330183,192.46443438167262,300.0000000000002,0,0,0.0,0.0,0.0,576,0,0,0,0.06623315171972044,0.006079730603043408,3978255104.017869,0.0,0,0.0,0.0,0.0,0.0,1,0,0,0,0,nan,0.33863529494017164,0.37289805291068034,0.8348431210470086,0.11339616461463915,345.59999999999997,0.21
scenario_0013,lease0,1,0.6,2.0048089580032427,5.503915440523606,8,141,24,109.63128674148308,0.46606187289977946,234.60667914728748,0.2763096967801179,153.79967840335826,300,900,2.246822197860199,0.16057097290635328,0.2825882686149096,0.6873038985117523,0.7730115774032742,1.002120773935327,0.8394290270936468,lease,358,93,43,0.3161764705882353,0.7543859649122807,93,382.9645303077127,2405.2471647166144,270.3330403807021,300.0000000000002,0,0,0.0,0.0,0.0,1281,0,0,0,0.0,0.19198415207605107,362636073.7106754,3605.0195364050414,17,0.3033406730942261,0.3033406730942261,280200.0,0.0,4,0,0,0,0,nan,0.10364532351114451,0.11884266471461465,0.8624336139957265,0.09283315567490252,111.6,0.35
scenario_0013,lease0,2,0.6,2.0048089580032427,5.503915440523606,8,141,24,109.63128674148308,0.46606187289977946,234.60667914728748,0.2763096967801179,153.79967840335826,300,900,2.246822197860199,0.16057097290635328,0.2825882686149096,0.6873038985117523,0.7730115774032742,1.002120773935327,0.8394290270936468,lease,244,83,19,0.18627450980392157,0.5,83,467.9281810057555,1755.418487296487,219.3827290012968,300.0000000000002,0,0,0.0,0.0,0.0,477,0,0,0,0.006595511548617045,0.0052878477193728885,455288796.68100893,1790.4038799820426,16,396.26120999660634,0.0,282000.0,2.1649294643474377,11,2,0,0,0,nan,0.15865536469009597,0.1769247703210767,0.8652353944622508,0.09016766841404292,99.6,0.24
scenario_0013,lease0,3,0.6,2.0048089580032427,5.503915440523606,8,141,24,109.63128674148308,0.46606187289977946,234.60667914728748,0.2763096967801179,153.79967840335826,300,900,2.246822197860199,0.16057097290635328,0.2825882686149096,0.6873038985117523,0.7730115774032742,1.002120773935327,0.8394290270936468,lease,315,138,25,0.15337423312883436,0.5813953488372093,138,293.44050506829853,1899.1541144235862,268.7241423694878,300.0000000000002,0,0,0.0,0.0,0.0,608,0,0,0,0.0,0.0,547326881.8754518,3132.366012644652,19,0.3741843762566077,0.0,313800.0,5.5243346344282145,6,1,0,0,0,nan,0.17764431912404427,0.2016503081948611,0.955914221403134,0.10770443246465762,165.6,0.32
scenario_0013,lease0,4,0.6,2.0048089580032427,5.503915440523606,8,141,24,109.63128674148308,0.46606187289977946,234.60667914728748,0.2763096967801179,153.79967840335826,300,900,2.246822197860199,0.16057097290635328,0.2825882686149096,0.6873038985117523,0.7730115774032742,1.002120773935327,0.8394290270936468,lease,407,160,18,0.10112359550561797,0.3829787234042553,160,145.42598131470925,1256.8574534401096,154.38995538734932,300.0000000000002,0,0,0.0,0.0,0.0,597,0,0,0,0.0,0.0,499295935.51988786,2592.793812864769,15,0.0,0.0,396600.0,1.487339709986486,6,0,0,0,0,nan,0.11791004324202996,0.12597993213311945,0.8614058774038462,0.0900799429694639,192.0,0.27
scenario_0013,lease0,5,0.6,2.0048089580032427,5.503915440523606,8,141,24,109.63128674148308,0.46606187289977946,234.60667914728748,0.2763096967801179,153.79967840335826,300,900,2.246822197860199,0.16057097290635328,0.2825882686149096,0.6873038985117523,0.7730115774032742,1.002120773935327,0.8394290270936468,lease,346,135,19,0.12337662337662338,0.5277777777777778,135,212.93280123502836,2252.3107182999274,284.97914461603835,300.0000000000002,0,0,0.0,0.0,0.0,630,0,0,0,0.0,0.11917030629471195,464986154.90003896,1082.1601555471884,9,0.0,0.0,298800.0,6.821455464983046,3,0,0,0,0,nan,0.12803912819433508,0.13889958996081886,0.8657884034722223,0.07923361950743363,162.0,0.27
scenario_0013,lease0,6,0.6,2.0048089580032427,5.503915440523606,8,141,24,109.63128674148308,0.46606187289977946,234.60667914728748,0.2763096967801179,153.79967840335826,300,900,2.246822197860199,0.16057097290635328,0.2825882686149096,0.6873038985117523,0.7730115774032742,1.002120773935327,0.8394290270936468,lease,286,98,10,0.09259259259259259,0.2857142857142857,98,571.0449813095579,2556.796809642549,239.22606108639692,300.0000000000002,0,0,0.0,0.0,0.0,415,0,0,0,0.0020554818413767626,0.011861872404269136,976543861.9309232,853.5198738413075,9,1.0741294787414972,1.0741294787414972,157200.0,0.0,4,0,0,0,0,nan,0.18827682613362878,0.19724238928284918,0.7967759416310541,0.09332029181853611,117.6,0.26
scenario_0013,lease0,7,0.6,2.0048089580032427,5.503915440523606,8,141,24,109.63128674148308,0.46606187289977946,234.60667914728748,0.2763096967801179,153.79967840335826,300,900,2.246822197860199,0.16057097290635328,0.2825882686149096,0.6873038985117523,0.7730115774032742,1.002120773935327,0.8394290270936468,lease,239,136,4,0.02857142857142857,0.0784313725490196,136,274.2704866305911,1566.7852864139895,255.6820325013428,300.0000000000002,0,0,0.0,0.0,0.0,193,0,0,0,0.0,0.0,841202847.9197457,1040.0820453627857,5,0.0,0.0,305400.0,3.0529197556888903,5,0,0,0,0,nan,0.30182641760574164,0.30982181939662223,0.9109002609864673,0.1392390987863889,163.2,0.22
scenario_0013,lease0,8,0.6,2.0048089580032427,5.503915440523606,8,141,24,109.63128674148308,0.46606187289977946,234.60667914728748,0.2763096967801179,153.79967840335826,300,900,2.246822197860199,0.16057097290635328,0.2825882686149096,0.6873038985117523,0.7730115774032742,1.002120773935327,0.8394290270936468,lease,237,78,22,0.22,0.7096774193548387,78,406.71003883018767,1605.777183421924,206.32372791166205,300.0000000000002,0,0,0.0,0.0,0.0,472,0,0,0,0.0,0.0,429007564.53236055,3302.4207136933437,22,0.0,0.0,177600.0,16.965338142002196,4,0,0,0,0,nan,0.12467241862398588,0.142717110793247,0.887423389423077,0.10020106305333702,93.6,0.22
scenario_0013,lease0,9,0.6,2.0048089580032427,5.503915440523606,8,141,24,109.63128674148308,0.46606187289977946,234.60667914728748,0.2763096967801179,153.79967840335826,300,900,2.246822197860199,0.16057097290635328,0.2825882686149096,0.6873038985117523,0.7730115774032742,1.002120773935327,0.8394290270936468,lease,351,158,36,0.18556701030927836,0.5217391304347826,158,248.42010605165865,2184.927433314111,257.75669931408646,300.0000000000002,0,0,0.0,0.0,0.0,855,0,0,0,0.0,0.08868719731172309,662783723.5129836,2223.1347974844894,12,0.0,0.0,295800.0,2.09019658598595,2,0,0,0,0,nan,0.1758338325686863,0.20796590349494368,0.8008301301638177,0.1183649897290789,189.6,0.33
scenario_0013,lease0,10,0.6,2.0048089580032427,5.503915440523606,8,141,24,109.63128674148308,0.46606187289977946,234.60667914728748,0.2763096967801179,153.79967840335826,300,900,2.246822197860199,0.16057097290635328,0.2825882686149096,0.6873038985117523,0.7730115774032742,1.002120773935327,0.8394290270936468,lease,345,125,25,0.16666666666666666,0.45098039215686275,125,293.0186138645122,2175.642783014875,290.74704486044686,300.0000000000002,0,0,0.0,0.0,0.0,682,0,0,0,0.03900414612224006,0.06300792196757393,1360751429.2065651,341.9186167617795,3,0.0,0.0,249600.0,0.0,6,0,0,0,0,nan,0.1148060839629514,0.12313326284685851,0.808774980448718,0.1278842685353796,150.0,0.26
scenario_0013,needs,1,0.6,2.0048089580032427,5.503915440523606,8,141,24,109.63128674148308,0.46606187289977946,234.60667914728748,0.2763096967801179,153.79967840335826,300,900,2.246822197860199,0.16057097290635328,0.2825882686149096,0.6873038985117523,0.7730115774032742,1.002120773935327,0.8394290270936468,needs,455,249,28,0.10108303249097472,0.27472527472527475,249,19.976281249844305,2735.320081890466,217.5842474954864,300.0000000000002,0,0,0.0,0.0,0.0,1111,0,0,0,0.07556378310920028,0.006411434938841749,4486942227.018724,0.0,0,0.0,0.0,2775000.0,44711.20352039111,2,0,0,0,0,nan,0.2510286633973778,0.2783789559370311,0.8426194666488604,0.06965194297595201,298.8,3.67
scenario_0013,needs,2,0.6,2.0048089580032427,5.503915440523606,8,141,24,109.63128674148308,0.46606187289977946,234.60667914728748,0.2763096967801179,153.79967840335826,300,900,2.246822197860199,0.16057097290635328,0.2825882686149096,0.6873038985117523,0.7730115774032742,1.002120773935327,0.8394290270936468,needs,305,195,9,0.04411764705882353,0.11940298507462686,195,26.197270570220553,1754.1707677505244,159.42257183309553,300.0000000000002,0,0,0.0,0.0,0.0,346,0,0,0,0.03542975109423123,0.005183126229837844,2718927277.6627493,401.8597562515324,1,0.0,0.0,2055000.0,22952.05230118614,7,0,0,0,0,nan,0.3928352527381456,0.40823094276514055,0.9577758599537037,0.1123164839924884,234.0,3.37
scenario_0013,needs,3,0.6,2.0048089580032427,5.503915440523606,8,141,24,109.63128674148308,0.46606187289977946,234.60667914728748,0.2763096967801179,153.79967840335826,300,900,2.246822197860199,0.16057097290635328,0.2825882686149096,0.6873038985117523,0.7730115774032742,1.002120773935327,0.8394290270936468,needs,387,259,16,0.05818181818181818,0.20833333333333334,259,19.07910547249412,1769.6029995280367,188.12877424578528,300.0000000000002,0,0,0.0,0.0,0.0,515,0,0,0,0.049631285086393216,0.08050204704018749,3384106301.9076643,0.0,0,0.0,0.0,2431200.0,24084.579500758788,5,0,0,0,0,nan,0.3855225770696319,0.4081064886783423,0.9072494737001425,0.13241097229239046,310.8,3.89
scenario_0013,needs,4,0.6,2.0048089580032427,5.503915440523606,8,141,24,109.63128674148308,0.46606187289977946,234.60667914728748,0.2763096967801179,153.79967840335826,300,900,2.246822197860199,0.16057097290635328,0.2825882686149096,0.6873038985117523,0.7730115774032742,1.002120773935327,0.8394290270936468,needs,477,286,10,0.033783783783783786,0.11627906976744186,286,19.387976904754396,1367.9393886736748,169.94491429164836,300.0000000000002,0,0,0.0,0.0,0.0,461,0,0,0,0.04387511707362918,0.005795969797443456,2813695655.0797057,222.13195787246218,1,0.0,0.0,3091200.0,23150.431607983974,7,0,0,0,0,nan,0.3245901310379342,0.3327524345700186,0.8284414333511396,0.06436922531047502,343.2,3.65
scenario_0013,needs,5,0.6,2.0048089580032427,5.503915440523606,8,141,24,109.63128674148308,0.46606187289977946,234.60667914728748,0.2763096967801179,153.79967840335826,300,900,2.246822197860199,0.16057097290635328,0.2825882686149096,0.6873038985117523,0.7730115774032742,1.002120773935327,0.8394290270936468,needs,467,312,12,0.037037037037037035,0.1643835616438356,312,20.09868852554439,1856.8939404414152,157.86538629446991,300.0000000000002,0,0,0.0,0.0,0.0,474,0,0,0,0.05277146861150064,0.0035882897252617323,3599716891.9076176,42.18706098431028,1,0.0,0.0,3010200.0,24828.688166304848,4,0,0,0,0,nan,0.36908204543121365,0.3876087527892188,0.8639691836360399,0.05007477029005733,374.4,3.85
scenario_0013,needs,6,0.6,2.0048089580032427,5.503915440523606,8,141,24,109.63128674148308,0.46606187289977946,234.60667914728748,0.2763096967801179,153.79967840335826,300,900,2.246822197860199,0.16057097290635328,0.2825882686149096,0.6873038985117523,0.7730115774032742,1.002120773935327,0.8394290270936468,needs,316,167,8,0.045714285714285714,0.10344827586206896,167,29.66992158157791,1629.4532230534567,165.04114031682354,300.0000000000002,0,0,0.0,0.0,0.0,378,0,0,0,0.023068970132607388,0.0014821135961215158,2720920472.466749,0.0,0,5.589226420471277,2.958467271477275,1768800.0,11426.538650215061,3,1,0,0,0,nan,0.34419199073552137,0.35148821971332933,0.8338874372863249,0.08564014879089366,200.39999999999998,3.19
scenario_0013,needs,7,0.6,2.0048089580032427,5.503915440523606,8,141,24,109.63128674148308,0.46606187289977946,234.60667914728748,0.2763096967801179,153.79967840335826,300,900,2.246822197860199,0.16057097290635328,0.2825882686149096,0.6873038985117523,0.7730115774032742,1.002120773935327,0.8394290270936468,needs,279,205,7,0.0330188679245283,0.07792207792207792,205,34.60515700720498,1489.25394237638,156.62741918698407,300.0000000000002,0,0,0.0,0.0,0.0,187,0,0,0,0.06654666396420535,0.04850026046443115,2287707083.021608,0.0,0,0.0,0.0,1813800.0,14456.137492185502,2,0,0,0,0,nan,0.5328078967462053,0.5473768844811846,0.862346130911681,0.10401248250830523,246.0,2.94
scenario_0013,needs,8,0.6,2.0048089580032427,5.503915440523606,8,141,24,109.63128674148308,0.46606187289977946,234.60667914728748,0.2763096967801179,153.79967840335826,300,900,2.246822197860199,0.16057097290635328,0.2825882686149096,0.6873038985117523,0.7730115774032742,1.002120773935327,0.8394290270936468,needs,290,179,6,0.032432432432432434,0.07547169811320754,179,23.902895482816348,1701.0742807068248,192.9074691307825,300.0000000000002,0,0,0.0,0.0,0.0,415,0,0,0,0.012727585027859449,0.00245232257451209,2745440757.219295,185.32246661418054,2,0.0,0.0,1833000.0,16176.376788441037,3,0,0,0,0,nan,0.35169212500209,0.36448092954762057,0.8698194019052707,0.06356896477841996,214.79999999999998,3.1
scenario_0013,needs,9,0.6,2.0048089580032427,5.503915440523606,8,141,24,109.63128674148308,0.46606187289977946,234.60667914728748,0.2763096967801179,153.79967840335826,300,900,2.246822197860199,0.16057097290635328,0.2825882686149096,0.6873038985117523,0.7730115774032742,1.002120773935327,0.8394290270936468,needs,462,311,27,0.07988165680473373,0.2765957446808511,311,19.753628488875165,2392.5176524480144,200.6968924943726,300.0000000000002,0,0,0.0,0.0,0.0,773,0,0,0,0.06251795640537731,0.03650567142829431,3954317098.337068,0.0,0,0.0,0.0,3148200.0,31840.105880822062,7,0,0,0,0,nan,0.3184136732751928,0.35802796846075946,0.9248078910968661,0.09249877316845974,373.2,4.0
scenario_0013,needs,10,0.6,2.0048089580032427,5.503915440523606,8,141,24,109.63128674148308,0.46606187289977946,234.60667914728748,0.2763096967801179,153.79967840335826,300,900,2.246822197860199,0.16057097290635328,0.2825882686149096,0.6873038985117523,0.7730115774032742,1.002120773935327,0.8394290270936468,needs,453,285,23,0.07467532467532467,0.2727272727272727,285,20.7437500911019,1933.875724314752,188.35489688068986,300.0000000000002,0,0,0.0,0.0,0.0,581,0,0,0,0.1251066130539741,0.008499614429822853,3421886811.862815,111.7381088515001,0,0.0,0.0,2406000.0,16490.557280020003,3,0,0,0,0,nan,0.3304418967748307,0.36231965066762956,0.8615771584757835,0.10849433797137412,342.0,3.67
scenario_0013,needs_pre,1,0.6,2.0048089580032427,5.503915440523606,8,141,24,109.63128674148308,0.46606187289977946,234.60667914728748,0.2763096967801179,153.79967840335826,300,900,2.246822197860199,0.16057097290635328,0.2825882686149096,0.6873038985117523,0.7730115774032742,1.002120773935327,0.8394290270936468,needs,451,259,26,0.0912280701754386,0.25510204081632654,259,19.196494548009014,2401.600469537582,190.6583916108761,300.0000000000002,0,0,0.0,0.0,0.0,1035,0,0,0,0.04718468686971071,0.2138825559259964,4358493654.805015,0.0,0,0.0,0.0,2608200.0,36063.76282324721,5,0,0,0,0,nan,0.2694158599940005,0.2966618538109498,0.8637161163461539,0.07810836191771803,310.8,3.96
scenario_0013,needs_pre,2,0.6,2.0048089580032427,5.503915440523606,8,141,24,109.63128674148308,0.46606187289977946,234.60667914728748,0.2763096967801179,153.79967840335826,300,900,2.246822197860199,0.16057097290635328,0.2825882686149096,0.6873038985117523,0.7730115774032742,1.002120773935327,0.8394290270936468,needs,316,206,12,0.05504587155963303,0.1388888888888889,206,25.646375011124974,1816.0548486568136,226.74522760389132,300.0000000000002,0,0,0.0,0.0,0.0,318,0,0,0,0.018297740814396134,0.004621488793076764,2119015470.5389714,10.515305776836158,1,0.0,0.0,2055000.0,19900.10219577716,8,0,0,0,0,nan,0.42869575849552877,0.43939082427364323,0.9450658752314814,0.12271591286578082,247.2,3.52
scenario_0013,needs_pre,3,0.6,2.0048089580032427,5.503915440523606,8,141,24,109.63128674148308,0.46606187289977946,234.60667914728748,0.2763096967801179,153.79967840335826,300,900,2.246822197860199,0.16057097290635328,0.2825882686149096,0.6873038985117523,0.7730115774032742,1.002120773935327,0.8394290270936468,needs,380,248,15,0.057034220532319393,0.21428571428571427,248,20.16394965017099,1933.8399094703082,195.0701001187736,300.0000000000002,0,0,0.0,0.0,0.0,565,0,0,0,0.06483109056430197,0.13351179918442482,3703033661.1047177,0.0,0,12.459664825546952,0.0,2689200.0,22058.02829212371,8,0,0,0,0,nan,0.3485867630938711,0.37135957765605615,0.8910908347400285,0.07582400410384202,297.59999999999997,3.95
scenario_0013,needs_pre,4,0.6,2.0048089580032427,5.503915440523606,8,141,24,109.63128674148308,0.46606187289977946,234.60667914728748,0.2763096967801179,153.79967840335826,300,900,2.246822197860199,0.16057097290635328,0.2825882686149096,0.6873038985117523,0.7730115774032742,1.002120773935327,0.8394290270936468,needs,489,303,8,0.02572347266881029,0.09195402298850575,303,19.36340548133535,1462.70066430175,171.693022271839,300.0000000000002,0,0,0.0,0.0,0.0,428,0,0,0,0.04045884467899215,0.0021119972161330637,3041925387.740508,515.0038289514393,1,0.0,0.0,2943600.0,22620.25142911041,9,0,0,0,0,nan,0.3461072616539919,0.35179288721071167,0.9133982579415955,0.09121479839478128,363.59999999999997,3.83
scenario_0013,needs_pre,5,0.6,2.0048089580032427,5.503915440523606,8,141,24,109.63128674148308,0.46606187289977946,234.60667914728748,0.2763096967801179,153.79967840335826,300,900,2.246822197860199,0.16057097290635328,0.2825882686149096,0.6873038985117523,0.7730115774032742,1.002120773935327,0.8394290270936468,needs,471,320,9,0.02735562310030395,0.12162162162162163,320,19.074235832900058,1489.6863252527025,160.27103735514592,300.0000000000002,0,0,0.0,0.0,0.0,450,0,0,0,0.021364251739772286,0.0010150273555911348,2797510686.836858,97.54199626250477,2,0.0,0.0,2892600.0,19721.288363187155,3,0,0,0,0,nan,0.36997561939978696,0.3842054509151634,0.8611809495726496,0.08135372100228296,384.0,4.2
scenario_0013,needs_pre,6,0.6,2.0048089580032427,5.503915440523606,8,141,24,109.63128674148308,0.46606187289977946,234.60667914728748,0.2763096967801179,153.79967840335826,300,900,2.246822197860199,0.16057097290635328,0.2825882686149096,0.6873038985117523,0.7730115774032742,1.002120773935327,0.8394290270936468,needs,311,163,8,0.04678362573099415,0.10344827586206896,163,28.18641518687309,1508.7136580889992,179.35713799060923,300.0000000000002,0,0,0.0,0.0,0.0,415,0,0,0,0.03127177789282675,0.018864433399944407,3426493260.7370896,0.0,0,2.2478062060081356,1.4985374706720904,1696200.0,16910.283559412674,2,0,0,0,0,nan,0.3188331259810655,0.3233323902309625,0.7740402678418804,0.08066850573813743,195.6,3.1
scenario_0013,needs_pre,7,0.6,2.0048089580032427,5.503915440523606,8,141,24,109.63128674148308,0.46606187289977946,234.60667914728748,0.2763096967801179,153.79967840335826,300,900,2.246822197860199,0.16057097290635328,0.2825882686149096,0.6873038985117523,0.7730115774032742,1.002120773935327,0.8394290270936468,needs,281,204,4,0.019230769230769232,0.05405405405405406,204,31.612402704068018,1614.599680502677,135.5823940934472,300.0000000000002,0,0,0.0,0.0,0.0,182,0,0,0,0.039071335921916465,0.026693116974494707,2008744908.2974944,0.0,0,0.0,0.0,1785000.0,16469.802844538146,3,0,0,0,0,nan,0.5273190848786597,0.5412878023588892,0.8635304236823362,0.12770194688520148,244.79999999999998,3.03
scenario_0013,needs_pre,8,0.6,2.0048089580032427,5.503915440523606,8,141,24,109.63128674148308,0.46606187289977946,234.60667914728748,0.2763096967801179,153.79967840335826,300,900,2.246822197860199,0.16057097290635328,0.2825882686149096,0.6873038985117523,0.7730115774032742,1.002120773935327,0.8394290270936468,needs,294,179,7,0.03763440860215054,0.1111111111111111,179,24.0553891746531,1651.9775541789516,149.32644508761157,300.0000000000002,0,0,0.0,0.0,0.0,427,0,0,0,0.007754850012176579,0.003646481915794832,2904317680.4348273,0.0,0,0.0,0.0,1975800.0,18864.798961665118,3,0,0,0,0,nan,0.35440796559756926,0.3694434550471631,0.8723860701745014,0.07750480291836578,214.79999999999998,3.05
scenario_0013,needs_pre,9,0.6,2.0048089580032427,5.503915440523606,8,141,24,109.63128674148308,0.46606187289977946,234.60667914728748,0.2763096967801179,153.79967840335826,300,900,2.246822197860199,0.16057097290635328,0.2825882686149096,0.6873038985117523,0.7730115774032742,1.002120773935327,0.8394290270936468,needs,469,319,26,0.07536231884057971,0.2708333333333333,319,19.884999160050484,2141.2493602449317,200.11324047986872,300.0000000000002,0,0,0.0,0.0,0.0,720,0,0,0,0.025660175630725552,0.005229300487718322,3555084663.6647997,0.0,0,0.0,0.0,3175800.0,25088.268720187516,10,0,0,0,0,nan,0.3365677742132272,0.3790472020265472,0.9051229322293448,0.0771790270802527,382.8,4.05
scenario_0013,needs_pre,10,0.6,2.0048089580032427,5.503915440523606,8,141,24,109.63128674148308,0.46606187289977946,234.60667914728748,0.2763096967801179,153.79967840335826,300,900,2.246822197860199,0.16057097290635328,0.2825882686149096,0.6873038985117523,0.7730115774032742,1.002120773935327,0.8394290270936468,needs,452,287,25,0.08012820512820513,0.2804878048780488,287,19.799135536452468,1741.9336798283764,138.80843741496318,300.0000000000002,0,0,0.0,0.0,0.0,594,0,0,0,0.058828774494275954,0.05968609067133155,3187609223.851378,92.11682173388328,1,0.0,0.0,2505000.0,17891.25003023566,3,0,0,0,0,nan,0.32868882341683553,0.3616258236798316,0.8457009809294873,0.10068055818556561,344.4,3.62
scenario_0013,needs_jev,1,0.6,2.0048089580032427,5.503915440523606,8,141,24,109.63128674148308,0.46606187289977946,234.60667914728748,0.2763096967801179,153.79967840335826,300,900,2.246822197860199,0.16057097290635328,0.2825882686149096,0.6873038985117523,0.7730115774032742,1.002120773935327,0.8394290270936468,needs,453,260,28,0.09722222222222222,0.26732673267326734,260,21.693563688218376,2330.414377596951,183.11577490933627,300.0000000000002,0,0,0.0,0.0,0.0,1057,0,0,0,0.04917422436432363,0.005695869299714411,4334508231.329748,0.0,0,0.0,0.0,2662800.0,34850.249525929765,7,0,0,0,0,nan,0.2702171239305105,0.2959687370041741,0.8758150837606837,0.05854197534683255,312.0,10.84
scenario_0013,needs_jev,2,0.6,2.0048089580032427,5.503915440523606,8,141,24,109.63128674148308,0.46606187289977946,234.60667914728748,0.2763096967801179,153.79967840335826,300,900,2.246822197860199,0.16057097290635328,0.2825882686149096,0.6873038985117523,0.7730115774032742,1.002120773935327,0.8394290270936468,needs,314,209,8,0.03686635944700461,0.1111111111111111,209,28.261535987511706,2049.254600727533,154.95335700157239,300.0000000000002,0,0,0.0,0.0,0.0,336,0,0,0,0.008065521983306614,0.001328569373584522,2314837042.0961423,0.0,0,0.0,0.0,1908600.0,23187.787869792064,6,0,0,0,0,nan,0.4222490027851954,0.43339504518935534,0.9504356021723648,0.11828391532144694,250.79999999999998,11.02
scenario_0013,needs_jev,3,0.6,2.0048089580032427,5.503915440523606,8,141,24,109.63128674148308,0.46606187289977946,234.60667914728748,0.2763096967801179,153.79967840335826,300,900,2.246822197860199,0.16057097290635328,0.2825882686149096,0.6873038985117523,0.7730115774032742,1.002120773935327,0.8394290270936468,needs,384,259,17,0.06159420289855073,0.21052631578947367,259,19.838286133746806,1426.717089563942,153.52545229749703,300.0000000000002,0,0,0.0,0.0,0.0,511,0,0,0,0.07202571282457051,0.10505729520660073,3423772530.526415,0.0,0,0.0,0.0,2615400.0,21827.59049894466,7,0,0,0,0,nan,0.39426108649273545,0.4260588055730129,0.8898438417556981,0.09776947330927035,310.8,11.11
scenario_0013,needs_jev,4,0.6,2.0048089580032427,5.503915440523606,8,141,24,109.63128674148308,0.46606187289977946,234.60667914728748,0.2763096967801179,153.79967840335826,300,900,2.246822197860199,0.16057097290635328,0.2825882686149096,0.6873038985117523,0.7730115774032742,1.002120773935327,0.8394290270936468,needs,482,290,10,0.03333333333333333,0.11904761904761904,290,19.628558427036296,1220.9728624166912,141.58719152485028,300.0000000000002,0,0,0.0,0.0,0.0,441,0,0,0,0.06988638138634196,0.00615766657592236,3018259748.1662507,527.2504384851868,1,0.0,0.0,3002400.0,22367.777764580896,7,0,0,0,0,nan,0.3293859674361665,0.3395757998426079,0.845383391417379,0.07532748026114847,348.0,10.88
scenario_0013,needs_jev,5,0.6,2.0048089580032427,5.503915440523606,8,141,24,109.63128674148308,0.46606187289977946,234.60667914728748,0.2763096967801179,153.79967840335826,300,900,2.246822197860199,0.16057097290635328,0.2825882686149096,0.6873038985117523,0.7730115774032742,1.002120773935327,0.8394290270936468,needs,473,321,12,0.036036036036036036,0.15789473684210525,321,20.056125501230326,1646.0311116939351,129.20289666996646,300.0000000000002,0,0,0.0,0.0,0.0,448,0,0,0,0.04323469759513732,0.008890141950309339,3542100024.046286,0.0,0,0.0,0.0,2886600.0,18704.64724764909,6,0,0,0,0,nan,0.3800716912610598,0.39696160779164386,0.8583443021367522,0.05260510075268513,385.2,12.06
scenario_0013,needs_jev,6,0.6,2.0048089580032427,5.503915440523606,8,141,24,109.63128674148308,0.46606187289977946,234.60667914728748,0.2763096967801179,153.79967840335826,300,900,2.246822197860199,0.16057097290635328,0.2825882686149096,0.6873038985117523,0.7730115774032742,1.002120773935327,0.8394290270936468,needs,313,164,11,0.06285714285714286,0.13793103448275862,164,31.537336717673384,1610.259506596824,130.533701740108,300.0000000000002,0,0,0.0,0.0,0.0,420,0,0,0,0.04405100312822313,0.006127067408877966,3280517057.8470907,87.02643845371279,1,2.157599910571207,1.2752378982345363,1770000.0,13867.656442371135,2,1,0,0,0,nan,0.3196061624680944,0.3239003750524897,0.8142917073183761,0.0979835132208783,196.79999999999998,8.65
scenario_0013,needs_jev,7,0.6,2.0048089580032427,5.503915440523606,8,141,24,109.63128674148308,0.46606187289977946,234.60667914728748,0.2763096967801179,153.79967840335826,300,900,2.246822197860199,0.16057097290635328,0.2825882686149096,0.6873038985117523,0.7730115774032742,1.002120773935327,0.8394290270936468,needs,279,208,6,0.028037383177570093,0.0641025641025641,208,30.58107710702393,1420.324971603072,128.21315513212556,300.0000000000002,0,0,0.0,0.0,0.0,176,0,0,0,0.06113353954046051,0.06121869490442269,2412438851.079114,0.0,0,0.0,0.0,1813800.0,14722.600120998854,2,0,0,0,0,nan,0.5475404899207525,0.561818982284882,0.8930027718482907,0.1300821899885215,249.6,9.16
scenario_0013,needs_jev,8,0.6,2.0048089580032427,5.503915440523606,8,141,24,109.63128674148308,0.46606187289977946,234.60667914728748,0.2763096967801179,153.79967840335826,300,900,2.246822197860199,0.16057097290635328,0.2825882686149096,0.6873038985117523,0.7730115774032742,1.002120773935327,0.8394290270936468,needs,293,181,10,0.05235602094240838,0.16363636363636364,181,23.094822500268037,1709.9210057367393,204.0066610734888,300.0000000000002,0,0,0.0,0.0,0.0,421,0,0,0,0.02039543083385492,0.004555310426858097,2721983616.1796994,22.591289143432732,1,0.0,0.0,2092800.0,21629.6132312088,7,0,0,0,0,nan,0.3559294406006151,0.37102619149060256,0.8051087334579773,0.08545011861572345,217.2,9.16
scenario_0013,needs_jev,9,0.6,2.0048089580032427,5.503915440523606,8,141,24,109.63128674148308,0.46606187289977946,234.60667914728748,0.2763096967801179,153.79967840335826,300,900,2.246822197860199,0.16057097290635328,0.2825882686149096,0.6873038985117523,0.7730115774032742,1.002120773935327,0.8394290270936468,needs,474,328,22,0.06285714285714286,0.2268041237113402,328,19.918722344325715,2292.704927085744,184.8537629851177,300.0000000000002,0,0,0.0,0.0,0.0,731,0,0,0,0.031043500381744943,0.02627968890061416,3688035295.517275,0.0,0,0.0,0.0,3111000.0,25918.047784331,4,0,0,0,0,nan,0.3491546370324964,0.38343715485128815,0.9192592148860399,0.10902064214244625,393.59999999999997,13.82
scenario_0013,needs_jev,10,0.6,2.0048089580032427,5.503915440523606,8,141,24,109.63128674148308,0.46606187289977946,234.60667914728748,0.2763096967801179,153.79967840335826,300,900,2.246822197860199,0.16057097290635328,0.2825882686149096,0.6873038985117523,0.7730115774032742,1.002120773935327,0.8394290270936468,needs,453,281,20,0.0664451827242525,0.24324324324324326,281,19.24537215715077,1764.961118927939,137.17296777215938,300.0000000000002,0,0,0.0,0.0,0.0,629,0,0,0,0.11128037604553007,0.0067548998305985535,3507077314.0255394,130.68504958478547,2,0.0,0.0,2444400.0,20693.318159538347,3,0,0,0,0,nan,0.3206157397951274,0.3486171144497237,0.8748453614316241,0.07945387316861502,337.2,11.5
scenario_0013,needs-content,1,0.6,2.0048089580032427,5.503915440523606,8,141,24,109.63128674148308,0.46606187289977946,234.60667914728748,0.2763096967801179,153.79967840335826,300,900,2.246822197860199,0.16057097290635328,0.2825882686149096,0.6873038985117523,0.7730115774032742,1.002120773935327,0.8394290270936468,needs,444,247,30,0.10830324909747292,0.30612244897959184,247,20.686779149853464,2385.4435660880667,219.37574830227805,300.0000000000002,0,0,0.0,0.0,0.0,1077,0,0,0,0.0388060808761013,0.0178372641861612,4490437854.053559,0.0,0,0.0,0.0,2752800.0,45914.172198449145,5,0,0,0,0,nan,0.24991740299681137,0.27365521962981076,0.8548830262820513,0.06094718012496886,296.4,3.71
scenario_0013,needs-content,2,0.6,2.0048089580032427,5.503915440523606,8,141,24,109.63128674148308,0.46606187289977946,234.60667914728748,0.2763096967801179,153.79967840335826,300,900,2.246822197860199,0.16057097290635328,0.2825882686149096,0.6873038985117523,0.7730115774032742,1.002120773935327,0.8394290270936468,needs,310,206,16,0.07207207207207207,0.18421052631578946,206,27.157197836662704,2066.549240905502,155.52647435148347,300.0000000000002,0,0,0.0,0.0,0.0,351,0,0,0,0.03192973237971492,0.015714119655091577,2616340511.9108014,0.0,0,0.0,0.0,2006400.0,23997.39525442975,10,0,0,0,0,nan,0.41770398184961427,0.44963690122539135,0.9230286026353277,0.11315146656449236,247.2,3.42
scenario_0013,needs-content,3,0.6,2.0048089580032427,5.503915440523606,8,141,24,109.63128674148308,0.46606187289977946,234.60667914728748,0.2763096967801179,153.79967840335826,300,900,2.246822197860199,0.16057097290635328,0.2825882686149096,0.6873038985117523,0.7730115774032742,1.002120773935327,0.8394290270936468,needs,375,252,16,0.05970149253731343,0.21333333333333335,252,23.32749572843909,1840.7242719779456,173.95810498843528,300.0000000000002,0,0,0.0,0.0,0.0,548,0,0,0,0.041620488991467704,0.009222859626606352,3540335834.055716,0.0,0,0.6134052416937266,0.0,2581800.0,23267.848606056054,8,0,0,0,0,nan,0.38245929723962585,0.40851121381717387,0.8959150121438747,0.0892287040387782,302.4,3.71
scenario_0013,needs-content,4,0.6,2.0048089580032427,5.503915440523606,8,141,24,109.63128674148308,0.46606187289977946,234.60667914728748,0.2763096967801179,153.79967840335826,300,900,2.246822197860199,0.16057097290635328,0.2825882686149096,0.6873038985117523,0.7730115774032742,1.002120773935327,0.8394290270936468,needs,483,294,12,0.0392156862745098,0.1348314606741573,294,19.852798651178432,1288.1050750353716,161.48414559355658,300.0000000000002,0,0,0.0,0.0,0.0,426,0,0,0,0.0498980627720389,0.01856577054806582,2701657426.463456,0.0,0,0.0,0.0,3019800.0,24540.21842785168,7,0,0,0,0,nan,0.32743850069794844,0.34022602315686484,0.8603187880163818,0.06584989457574877,352.8,3.75
scenario_0013,needs-content,5,0.6,2.0048089580032427,5.503915440523606,8,141,24,109.63128674148308,0.46606187289977946,234.60667914728748,0.2763096967801179,153.79967840335826,300,900,2.246822197860199,0.16057097290635328,0.2825882686149096,0.6873038985117523,0.7730115774032742,1.002120773935327,0.8394290270936468,needs,464,311,12,0.03715170278637771,0.14864864864864866,311,19.132873021365413,1587.4088750341582,139.44606908127204,300.0000000000002,0,0,0.0,0.0,0.0,467,0,0,0,0.03194838289472127,0.011682175958252222,3352304455.0285487,0.0,0,0.0,0.0,2684400.0,21716.154670031163,2,0,0,0,0,nan,0.3617734219270816,0.38007907008713426,0.8965423207264958,0.060038514222435876,373.2,4.23
scenario_0013,needs-content,6,0.6,2.0048089580032427,5.503915440523606,8,141,24,109.63128674148308,0.46606187289977946,234.60667914728748,0.2763096967801179,153.79967840335826,300,900,2.246822197860199,0.16057097290635328,0.2825882686149096,0.6873038985117523,0.7730115774032742,1.002120773935327,0.8394290270936468,needs,308,158,10,0.05952380952380952,0.12280701754385964,158,28.18074261469792,1673.0041013654852,198.19644359637078,300.0000000000002,0,0,0.0,0.0,0.0,424,0,0,0,0.04974229713661772,0.0037690063429070115,3114468323.4604235,174.76285349263821,1,1.8944761871139235,0.9840210419433788,1590000.0,16639.829524108245,4,1,0,0,0,nan,0.3147600120550842,0.32417987298234385,0.8240301750712251,0.08231221041325405,189.6,2.96
scenario_0013,needs-content,7,0.6,2.0048089580032427,5.503915440523606,8,141,24,109.63128674148308,0.46606187289977946,234.60667914728748,0.2763096967801179,153.79967840335826,300,900,2.246822197860199,0.16057097290635328,0.2825882686149096,0.6873038985117523,0.7730115774032742,1.002120773935327,0.8394290270936468,needs,278,203,6,0.028708133971291867,0.06756756756756757,203,29.85247001344669,1477.3464882213095,165.89062674499075,300.0000000000002,0,0,0.0,0.0,0.0,184,0,0,0,0.04139458378700432,0.03752176093263142,2293158886.7670283,0.0,0,0.0,0.0,1649400.0,13640.360135494291,2,0,0,0,0,nan,0.5296337010514304,0.5426427421358685,0.889384216488604,0.12863680868414604,243.6,2.84
scenario_0013,needs-content,8,0.6,2.0048089580032427,5.503915440523606,8,141,24,109.63128674148308,0.46606187289977946,234.60667914728748,0.2763096967801179,153.79967840335826,300,900,2.246822197860199,0.16057097290635328,0.2825882686149096,0.6873038985117523,0.7730115774032742,1.002120773935327,0.8394290270936468,needs,289,173,5,0.028089887640449437,0.08695652173913043,173,26.21632730083752,1925.2404495973713,191.7274710888405,300.0000000000002,0,0,0.0,0.0,0.0,426,0,0,0,0.015065030828654525,0.001974958748770536,2890616752.855424,723.2129458679569,0,0.0,0.0,1763400.0,18805.075041161956,1,0,0,0,0,nan,0.3291565941798707,0.33456744239853625,0.8597735819444445,0.07863758085732633,207.6,2.98
scenario_0013,needs-content,9,0.6,2.0048089580032427,5.503915440523606,8,141,24,109.63128674148308,0.46606187289977946,234.60667914728748,0.2763096967801179,153.79967840335826,300,900,2.246822197860199,0.16057097290635328,0.2825882686149096,0.6873038985117523,0.7730115774032742,1.002120773935327,0.8394290270936468,needs,470,322,32,0.0903954802259887,0.3069306930693069,322,22.04834308065159,2289.6718634346644,189.02188180831308,300.0000000000002,0,0,0.0,0.0,0.0,726,0,0,0,0.06655711811326952,0.033166721139807946,3795141553.5486,0.0,0,0.0,0.0,2991600.0,27676.572600439675,3,0,0,0,0,nan,0.34353432988423327,0.3935520987403802,0.93867050119302,0.09420649555850619,386.4,3.94
scenario_0013,needs-content,10,0.6,2.0048089580032427,5.503915440523606,8,141,24,109.63128674148308,0.46606187289977946,234.60667914728748,0.2763096967801179,153.79967840335826,300,900,2.246822197860199,0.16057097290635328,0.2825882686149096,0.6873038985117523,0.7730115774032742,1.002120773935327,0.8394290270936468,needs,453,281,21,0.0695364238410596,0.273972602739726,281,19.95783157983624,1927.2925158315952,192.22592582181724,300.0000000000002,0,0,0.0,0.0,0.0,623,0,0,0,0.05172398570915201,0.04678299198246625,3576469772.4276156,0.0,0,0.0,0.0,2485200.0,18120.85554032898,3,0,0,0,0,nan,0.3112174301356374,0.3397570197987308,0.864650750658832,0.10438916507634588,337.2,3.43
scenario_0013,needs-ev,1,0.6,2.0048089580032427,5.503915440523606,8,141,24,109.63128674148308,0.46606187289977946,234.60667914728748,0.2763096967801179,153.79967840335826,300,900,2.246822197860199,0.16057097290635328,0.2825882686149096,0.6873038985117523,0.7730115774032742,1.002120773935327,0.8394290270936468,needs,455,249,25,0.09124087591240876,0.2696629213483146,249,20.27388570187145,2199.5164278670013,237.74001537474624,300.0000000000002,0,0,0.0,0.0,0.0,1085,0,0,0,0.037414240150632716,0.01914216146445539,4617165533.078395,333.51605828422805,1,0.0,0.0,3010200.0,42166.379445807324,7,0,0,0,0,nan,0.252707083451962,0.2763743765644553,0.8724872868945869,0.05154361538048529,298.8,3.69
scenario_0013,needs-ev,2,0.6,2.0048089580032427,5.503915440523606,8,141,24,109.63128674148308,0.46606187289977946,234.60667914728748,0.2763096967801179,153.79967840335826,300,900,2.246822197860199,0.16057097290635328,0.2825882686149096,0.6873038985117523,0.7730115774032742,1.002120773935327,0.8394290270936468,needs,311,200,13,0.06103286384976526,0.1643835616438356,200,28.63608476189745,1701.1911432893958,163.4794700375368,300.0000000000002,0,0,0.0,0.0,0.0,347,0,0,0,0.03776014367751509,0.024451085548544686,2793027469.591576,657.1282495899989,4,0.0,0.0,1965600.0,21743.918967739093,3,0,0,0,0,nan,0.40660115722551343,0.4258393701828096,0.8876753284722222,0.0908178354462535,240.0,3.28
scenario_0013,needs-ev,3,0.6,2.0048089580032427,5.503915440523606,8,141,24,109.63128674148308,0.46606187289977946,234.60667914728748,0.2763096967801179,153.79967840335826,300,900,2.246822197860199,0.16057097290635328,0.2825882686149096,0.6873038985117523,0.7730115774032742,1.002120773935327,0.8394290270936468,needs,384,259,21,0.075,0.24691358024691357,259,22.261842967340044,1516.4562402317738,162.54976006381224,300.0000000000002,0,0,0.0,0.0,0.0,462,0,0,0,0.09913366974668948,0.15352208435736373,3315949592.268499,341.101337015092,1,1.9336441362474943,1.2890960908316629,2734200.0,19949.965678994467,9,0,0,0,0,nan,0.3920986824003884,0.4339769764500661,0.9124934920584046,0.0872992702115813,310.8,4.05
scenario_0013,needs-ev,4,0.6,2.0048089580032427,5.503915440523606,8,141,24,109.63128674148308,0.46606187289977946,234.60667914728748,0.2763096967801179,153.79967840335826,300,900,2.246822197860199,0.16057097290635328,0.2825882686149096,0.6873038985117523,0.7730115774032742,1.002120773935327,0.8394290270936468,needs,483,294,10,0.03289473684210526,0.1111111111111111,294,18.881587003953427,1615.4847320513113,197.24345511783608,300.0000000000002,0,0,0.0,0.0,0.0,430,0,0,0,0.05710264978667289,0.017352330369138597,2623853848.1492796,959.5195389493448,7,1.1692015382595855,0.5846007691297928,3123600.0,23140.244432783442,7,0,0,0,0,nan,0.3355260986815872,0.3431436714996335,0.8693546116274928,0.0699167314992551,352.8,3.75
scenario_0013,needs-ev,5,0.6,2.0048089580032427,5.503915440523606,8,141,24,109.63128674148308,0.46606187289977946,234.60667914728748,0.2763096967801179,153.79967840335826,300,900,2.246822197860199,0.16057097290635328,0.2825882686149096,0.6873038985117523,0.7730115774032742,1.002120773935327,0.8394290270936468,needs,467,306,14,0.04375,0.2028985507246377,306,18.66722105355109,1591.4535716729083,163.40332168379172,300.0000000000002,0,0,0.0,0.0,0.0,488,0,0,0,0.04378791658821314,0.0019065159194379946,3088949795.66876,149.3319651756936,3,1.84828729399851,1.23219152933234,2905800.0,22521.482209278984,6,0,0,0,0,nan,0.3524734964105575,0.37186993125093937,0.8293802706552708,0.0776730942421457,367.2,3.75
scenario_0013,needs-ev,6,0.6,2.0048089580032427,5.503915440523606,8,141,24,109.63128674148308,0.46606187289977946,234.60667914728748,0.2763096967801179,153.79967840335826,300,900,2.246822197860199,0.16057097290635328,0.2825882686149096,0.6873038985117523,0.7730115774032742,1.002120773935327,0.8394290270936468,needs,311,166,11,0.062146892655367235,0.14285714285714285,166,29.844355846061603,1398.7844913342492,147.5379873620357,300.0000000000002,0,0,0.0,0.0,0.0,391,0,0,0,0.0263125674315986,0.002011973169953554,3122188741.0539813,1028.6899088767968,9,2.819568513705235,1.67614563743291,1708800.0,14352.250958806628,2,1,0,0,0,nan,0.33928622830612715,0.3511945609703125,0.8309183315527066,0.08802097775233693,199.2,3.06
scenario_0013,needs-ev,7,0.6,2.0048089580032427,5.503915440523606,8,141,24,109.63128674148308,0.46606187289977946,234.60667914728748,0.2763096967801179,153.79967840335826,300,900,2.246822197860199,0.16057097290635328,0.2825882686149096,0.6873038985117523,0.7730115774032742,1.002120773935327,0.8394290270936468,needs,281,210,5,0.023255813953488372,0.05194805194805195,210,30.292089055736596,1511.0634356113524,156.82176657272012,300.0000000000002,0,0,0.0,0.0,0.0,162,0,0,0,0.025378065625025804,0.0376251054055628,2221995857.612593,806.9332933888525,3,0.0,0.0,1642800.0,12710.212577523169,2,0,0,0,0,nan,0.5664720125200757,0.5788636063404642,0.8828270089209402,0.13623717349578623,252.0,3.01
scenario_0013,needs-ev,8,0.6,2.0048089580032427,5.503915440523606,8,141,24,109.63128674148308,0.46606187289977946,234.60667914728748,0.2763096967801179,153.79967840335826,300,900,2.246822197860199,0.16057097290635328,0.2825882686149096,0.6873038985117523,0.7730115774032742,1.002120773935327,0.8394290270936468,needs,290,175,8,0.04371584699453552,0.13725490196078433,175,23.816848937085524,1760.4785373537459,206.39282590981142,300.0000000000002,0,0,0.0,0.0,0.0,437,0,0,0,0.04189621181653667,0.059769497871214765,2600355134.2500567,549.5073403273987,4,0.0,0.0,1926600.0,19516.59090233554,6,0,0,0,0,nan,0.33683217863727133,0.35110724265698784,0.8248253786858976,0.06979820519039513,210.0,2.91
scenario_0013,needs-ev,9,0.6,2.0048089580032427,5.503915440523606,8,141,24,109.63128674148308,0.46606187289977946,234.60667914728748,0.2763096967801179,153.79967840335826,300,900,2.246822197860199,0.16057097290635328,0.2825882686149096,0.6873038985117523,0.7730115774032742,1.002120773935327,0.8394290270936468,needs,460,308,30,0.08875739644970414,0.30612244897959184,308,19.21234836943404,2525.6344457668356,194.91156651260155,300.0000000000002,0,0,0.0,0.0,0.0,814,0,0,0,0.053322627030583825,0.012235763284196037,3950020535.3401866,447.3755169096688,1,0.0,0.0,3037200.0,29302.959393481156,3,0,0,0,0,nan,0.3092815065154057,0.3512158130827918,0.8615494222400286,0.04732211090544933,369.59999999999997,3.83
scenario_0013,needs-ev,10,0.6,2.0048089580032427,5.503915440523606,8,141,24,109.63128674148308,0.46606187289977946,234.60667914728748,0.2763096967801179,153.79967840335826,300,900,2.246822197860199,0.16057097290635328,0.2825882686149096,0.6873038985117523,0.7730115774032742,1.002120773935327,0.8394290270936468,needs,454,281,21,0.0695364238410596,0.2638888888888889,281,19.008502981922902,2085.6326253433836,156.47633963345314,300.0000000000002,0,0,0.0,0.0,0.0,609,0,0,0,0.1267808493920014,0.03973792951399055,3467950593.547449,596.8072665140571,4,0.0,0.0,2397000.0,17422.867972341213,1,0,0,0,0,nan,0.31799432338760547,0.3464770955426626,0.836642197400285,0.09855664969878015,337.2,3.49
scenario_0013,needs-forecast,1,0.6,2.0048089580032427,5.503915440523606,8,141,24,109.63128674148308,0.46606187289977946,234.60667914728748,0.2763096967801179,153.79967840335826,300,900,2.246822197860199,0.16057097290635328,0.2825882686149096,0.6873038985117523,0.7730115774032742,1.002120773935327,0.8394290270936468,needs,452,256,23,0.08243727598566308,0.24444444444444444,256,20.940703548858437,2304.7053941738036,194.1318726867122,300.0000000000002,0,0,0.0,0.0,0.0,1075,0,0,0,0.0648542885967977,0.19934454614303407,4565591949.5586,0.0,0,0.0,0.0,2959800.0,44604.88786826555,5,0,0,0,0,nan,0.27023667427824516,0.29170534585376057,0.8706547996438747,0.08351192132592522,307.2,3.78
scenario_0013,needs-forecast,2,0.6,2.0048089580032427,5.503915440523606,8,141,24,109.63128674148308,0.46606187289977946,234.60667914728748,0.2763096967801179,153.79967840335826,300,900,2.246822197860199,0.16057097290635328,0.2825882686149096,0.6873038985117523,0.7730115774032742,1.002120773935327,0.8394290270936468,needs,305,190,12,0.0594059405940594,0.16923076923076924,190,24.648204568935398,1532.6661432340638,153.89319103551372,300.0000000000002,0,0,0.0,0.0,0.0,359,0,0,0,0.050494719082579305,0.014239446688997725,2695958689.2701964,0.0,0,0.0,0.0,2158200.0,23879.20850165241,8,0,0,0,0,nan,0.3780369863577564,0.3978304614897666,0.9203975234152422,0.09598379437498679,228.0,3.19
scenario_0013,needs-forecast,3,0.6,2.0048089580032427,5.503915440523606,8,141,24,109.63128674148308,0.46606187289977946,234.60667914728748,0.2763096967801179,153.79967840335826,300,900,2.246822197860199,0.16057097290635328,0.2825882686149096,0.6873038985117523,0.7730115774032742,1.002120773935327,0.8394290270936468,needs,376,247,18,0.06792452830188679,0.24324324324324326,247,21.76211153781196,1867.1071010566102,166.9528676885541,300.0000000000002,0,0,0.0,0.0,0.0,534,0,0,0,0.04642442424788345,0.10113095176086259,3318244189.269922,0.0,0,0.0,0.0,2503200.0,24115.501040096035,11,0,0,0,0,nan,0.3803524798834945,0.40678884870881166,0.9312556535790598,0.09654153093640168,296.4,3.76
scenario_0013,needs-forecast,4,0.6,2.0048089580032427,5.503915440523606,8,141,24,109.63128674148308,0.46606187289977946,234.60667914728748,0.2763096967801179,153.79967840335826,300,900,2.246822197860199,0.16057097290635328,0.2825882686149096,0.6873038985117523,0.7730115774032742,1.002120773935327,0.8394290270936468,needs,484,294,9,0.0297029702970297,0.10465116279069768,294,20.033121778014447,1235.9982023718414,159.14474183015523,300.0000000000002,0,0,0.0,0.0,0.0,431,0,0,0,0.017569089985612234,0.008858785952014227,2882294135.8565893,0.0,0,0.0,0.0,3134400.0,24273.1068841203,9,0,0,0,0,nan,0.34039385979565046,0.3511898507474826,0.9128238403133904,0.07947717428035336,352.8,4.1
scenario_0013,needs-forecast,5,0.6,2.0048089580032427,5.503915440523606,8,141,24,109.63128674148308,0.46606187289977946,234.60667914728748,0.2763096967801179,153.79967840335826,300,900,2.246822197860199,0.16057097290635328,0.2825882686149096,0.6873038985117523,0.7730115774032742,1.002120773935327,0.8394290270936468,needs,456,300,16,0.05063291139240506,0.17567567567567569,300,18.901852552156015,1879.4418942218592,117.98556021250234,300.0000000000002,0,0,0.0,0.0,0.0,484,0,0,0,0.10476345994121668,0.024126510032431832,2940271193.139262,93.00758785245898,0,0.0,0.0,2868600.0,22882.836561151704,5,0,0,0,0,nan,0.34568209431262753,0.3628962638534117,0.8525861623041312,0.06386439345314951,360.0,3.77
scenario_0013,needs-forecast,6,0.6,2.0048089580032427,5.503915440523606,8,141,24,109.63128674148308,0.46606187289977946,234.60667914728748,0.2763096967801179,153.79967840335826,300,900,2.246822197860199,0.16057097290635328,0.2825882686149096,0.6873038985117523,0.7730115774032742,1.002120773935327,0.8394290270936468,needs,309,164,6,0.03529411764705882,0.0847457627118644,164,32.40010533673569,1839.0818735549435,151.52526862532918,300.0000000000002,0,0,0.0,0.0,0.0,383,0,0,0,0.011814168204179723,0.0009675251157748294,3004221838.822973,0.0,0,3.167454139813799,1.201863848611083,1661400.0,14714.241428724745,3,2,0,0,0,nan,0.3393823494843531,0.3462516200837245,0.7634334668981483,0.08719054835027515,196.79999999999998,3.04
scenario_0013,needs-forecast,7,0.6,2.0048089580032427,5.503915440523606,8,141,24,109.63128674148308,0.46606187289977946,234.60667914728748,0.2763096967801179,153.79967840335826,300,900,2.246822197860199,0.16057097290635328,0.2825882686149096,0.6873038985117523,0.7730115774032742,1.002120773935327,0.8394290270936468,needs,281,205,8,0.03755868544600939,0.09333333333333334,205,34.1280272728136,1425.8266226966311,135.29920899496094,300.0000000000002,0,0,0.0,0.0,0.0,187,0,0,0,0.13203185028277986,0.07360912164846012,2429140396.2563686,0.0,0,0.0,0.0,1824600.0,11807.696487331597,3,0,0,0,0,nan,0.5388535369242984,0.5540027163861058,0.8987986281339032,0.11177996639695965,246.0,2.95
scenario_0013,needs-forecast,8,0.6,2.0048089580032427,5.503915440523606,8,141,24,109.63128674148308,0.46606187289977946,234.60667914728748,0.2763096967801179,153.79967840335826,300,900,2.246822197860199,0.16057097290635328,0.2825882686149096,0.6873038985117523,0.7730115774032742,1.002120773935327,0.8394290270936468,needs,292,177,4,0.022099447513812154,0.08163265306122448,177,25.9940690120402,1859.084104989073,206.9329366957586,300.0000000000002,0,0,0.0,0.0,0.0,416,0,0,0,0.0168872626566353,0.12867260085632248,3024061507.110301,0.0,0,0.0,0.0,2133000.0,21931.236709229917,7,0,0,0,0,nan,0.35371165618440553,0.362234828622584,0.8934502912927351,0.06767045671536452,212.39999999999998,2.99
scenario_0013,needs-forecast,9,0.6,2.0048089580032427,5.503915440523606,8,141,24,109.63128674148308,0.46606187289977946,234.60667914728748,0.2763096967801179,153.79967840335826,300,900,2.246822197860199,0.16057097290635328,0.2825882686149096,0.6873038985117523,0.7730115774032742,1.002120773935327,0.8394290270936468,needs,463,317,21,0.0621301775147929,0.21052631578947367,317,19.26714704727067,1711.4819290758649,202.56846031749052,300.0000000000002,0,0,0.0,0.0,0.0,711,0,0,0,0.031791794821614996,0.021710859317073703,3595327402.0894113,0.0,0,0.0,0.0,2928000.0,29776.348400223083,5,0,0,0,0,nan,0.35217854225290257,0.3834917183736657,0.8905283138354702,0.10403852218207996,380.4,4.22
scenario_0013,needs-forecast,10,0.6,2.0048089580032427,5.503915440523606,8,141,24,109.63128674148308,0.46606187289977946,234.60667914728748,0.2763096967801179,153.79967840335826,300,900,2.246822197860199,0.16057097290635328,0.2825882686149096,0.6873038985117523,0.7730115774032742,1.002120773935327,0.8394290270936468,needs,457,287,25,0.08012820512820513,0.2839506172839506,287,20.451335417766586,1922.3345712375233,176.2973128949937,300.0000000000002,0,0,0.0,0.0,0.0,582,0,0,0,0.059737192509068025,0.007879313343610021,3217242241.444099,0.0,0,0.0,0.0,2476800.0,19691.8223611107,4,0,0,0,0,nan,0.3309699727826346,0.36774441420292736,0.9031826576032764,0.10178312168196006,344.4,3.58
scenario_0013,needs-conformal,1,0.6,2.0048089580032427,5.503915440523606,8,141,24,109.63128674148308,0.46606187289977946,234.60667914728748,0.2763096967801179,153.79967840335826,300,900,2.246822197860199,0.16057097290635328,0.2825882686149096,0.6873038985117523,0.7730115774032742,1.002120773935327,0.8394290270936468,needs,452,245,27,0.09926470588235294,0.29545454545454547,245,21.122051409031883,2553.063995847083,215.8709802930565,300.0000000000002,0,0,0.0,0.0,0.0,1099,0,0,0,0.05654825920203452,0.03992250096792029,4720392723.357617,0.0,0,0.0,0.0,2918400.0,40576.33484235675,6,0,0,0,0,nan,0.25327522721742496,0.27696080247214105,0.809596898201567,0.04956494661554846,294.0,3.59
scenario_0013,needs-conformal,2,0.6,2.0048089580032427,5.503915440523606,8,141,24,109.63128674148308,0.46606187289977946,234.60667914728748,0.2763096967801179,153.79967840335826,300,900,2.246822197860199,0.16057097290635328,0.2825882686149096,0.6873038985117523,0.7730115774032742,1.002120773935327,0.8394290270936468,needs,311,200,14,0.06542056074766354,0.19402985074626866,200,26.829414609087053,1925.502829978891,162.82148621278375,300.0000000000002,0,0,0.0,0.0,0.0,365,0,0,0,0.042464253027156514,0.00708910692605073,2681048266.9416337,0.0,0,0.0,0.0,2149800.0,21878.242619407236,5,0,0,0,0,nan,0.3975051274942535,0.41984138324348674,0.946529733368946,0.09748119550013563,240.0,3.3
scenario_0013,needs-conformal,3,0.6,2.0048089580032427,5.503915440523606,8,141,24,109.63128674148308,0.46606187289977946,234.60667914728748,0.2763096967801179,153.79967840335826,300,900,2.246822197860199,0.16057097290635328,0.2825882686149096,0.6873038985117523,0.7730115774032742,1.002120773935327,0.8394290270936468,needs,377,253,23,0.08333333333333333,0.2692307692307692,253,19.978569817846164,2208.4828319688886,159.8111539171114,300.0000000000002,0,0,0.0,0.0,0.0,529,0,0,0,0.1001267933024075,0.11967760397170517,3684299447.3329425,0.0,0,0.8267347765313389,0.0,2563200.0,26136.255471076183,5,0,0,0,0,nan,0.37998831626365837,0.4234345953668431,0.909745395744302,0.09580682147253113,303.59999999999997,3.72
scenario_0013,needs-conformal,4,0.6,2.0048089580032427,5.503915440523606,8,141,24,109.63128674148308,0.46606187289977946,234.60667914728748,0.2763096967801179,153.79967840335826,300,900,2.246822197860199,0.16057097290635328,0.2825882686149096,0.6873038985117523,0.7730115774032742,1.002120773935327,0.8394290270936468,needs,477,292,11,0.036303630363036306,0.12222222222222222,292,19.70583477798698,1312.9223574774762,166.9076916692361,300.0000000000002,0,0,0.0,0.0,0.0,426,0,0,0,0.03916502860739151,0.019683483187075038,2632200259.4639564,0.0,0,0.0,0.0,3190800.0,26709.37318042607,8,0,0,0,0,nan,0.32895645640428156,0.3397528275900921,0.8820677969373221,0.07003700003394361,350.4,3.74
scenario_0013,needs-conformal,5,0.6,2.0048089580032427,5.503915440523606,8,141,24,109.63128674148308,0.46606187289977946,234.60667914728748,0.2763096967801179,153.79967840335826,300,900,2.246822197860199,0.16057097290635328,0.2825882686149096,0.6873038985117523,0.7730115774032742,1.002120773935327,0.8394290270936468,needs,473,323,10,0.03003003003003003,0.13333333333333333,323,19.999848547499823,1646.1712978200476,119.09990713640369,300.0000000000002,0,0,0.0,0.0,0.0,463,0,0,0,0.032163620097871,0.005753731435571647,3502641916.4541945,0.0,0,0.0,0.0,3006000.0,22867.718054909004,4,0,0,0,0,nan,0.37163779694607046,0.38779596203068223,0.8807924404558404,0.0628775609095406,387.59999999999997,3.85
scenario_0013,needs-conformal,6,0.6,2.0048089580032427,5.503915440523606,8,141,24,109.63128674148308,0.46606187289977946,234.60667914728748,0.2763096967801179,153.79967840335826,300,900,2.246822197860199,0.16057097290635328,0.2825882686149096,0.6873038985117523,0.7730115774032742,1.002120773935327,0.8394290270936468,needs,309,156,9,0.05454545454545454,0.1111111111111111,156,30.253826608787108,1533.1361586434514,138.51782825245772,300.0000000000002,0,0,0.0,0.0,0.0,414,0,0,0,0.04113023868918,0.0015171626583252848,3200697139.9156947,0.0,0,1.926936578862751,1.2846243859085007,1809600.0,11688.602293029544,6,0,0,0,0,nan,0.31098106051939733,0.31955295206333506,0.8705304094907407,0.06653782729394093,187.2,3.1
scenario_0013,needs-conformal,7,0.6,2.0048089580032427,5.503915440523606,8,141,24,109.63128674148308,0.46606187289977946,234.60667914728748,0.2763096967801179,153.79967840335826,300,900,2.246822197860199,0.16057097290635328,0.2825882686149096,0.6873038985117523,0.7730115774032742,1.002120773935327,0.8394290270936468,needs,275,202,7,0.03349282296650718,0.07894736842105263,202,33.3214735108611,1384.2322912496559,144.63911695480485,300.0000000000002,0,0,0.0,0.0,0.0,197,0,0,0,0.09432553413768537,0.04986196920163352,2145516368.1443317,0.0,0,0.0,0.0,1845000.0,14888.485291866853,2,0,0,0,0,nan,0.5133560155340638,0.5251087336147706,0.8762549682336183,0.11871008689673974,242.39999999999998,2.82
scenario_0013,needs-conformal,8,0.6,2.0048089580032427,5.503915440523606,8,141,24,109.63128674148308,0.46606187289977946,234.60667914728748,0.2763096967801179,153.79967840335826,300,900,2.246822197860199,0.16057097290635328,0.2825882686149096,0.6873038985117523,0.7730115774032742,1.002120773935327,0.8394290270936468,needs,287,173,12,0.06486486486486487,0.16071428571428573,173,23.425477570629027,1709.2060724523114,201.2818413205939,300.0000000000002,0,0,0.0,0.0,0.0,422,0,0,0,0.06603959583980455,0.014022893576536763,3181960786.9365716,63.060144153552756,0,0.0,0.0,2019000.0,20415.84183705567,8,0,0,0,0,nan,0.337652441986766,0.3512588688560022,0.772075616755698,0.06975514643842413,207.6,2.83
scenario_0013,needs-conformal,9,0.6,2.0048089580032427,5.503915440523606,8,141,24,109.63128674148308,0.46606187289977946,234.60667914728748,0.2763096967801179,153.79967840335826,300,900,2.246822197860199,0.16057097290635328,0.2825882686149096,0.6873038985117523,0.7730115774032742,1.002120773935327,0.8394290270936468,needs,467,321,23,0.06686046511627906,0.23157894736842105,321,20.540314474564184,2391.9025513099486,229.9311150473842,300.0000000000002,0,0,0.0,0.0,0.0,728,0,0,0,0.019622212520457705,0.003338175146257043,3821166942.4951334,0.0,0,0.0,0.0,3325200.0,30931.562583158156,12,0,0,0,0,nan,0.3388768497920626,0.37355756296681336,0.935992250925926,0.09494330771109648,385.2,3.96
scenario_0013,needs-conformal,10,0.6,2.0048089580032427,5.503915440523606,8,141,24,109.63128674148308,0.46606187289977946,234.60667914728748,0.2763096967801179,153.79967840335826,300,900,2.246822197860199,0.16057097290635328,0.2825882686149096,0.6873038985117523,0.7730115774032742,1.002120773935327,0.8394290270936468,needs,458,296,25,0.0778816199376947,0.27058823529411763,296,19.554910321160378,2003.2943420912864,147.61765896702528,300.0000000000002,0,0,0.0,0.0,0.0,575,0,0,0,0.0718566244267828,0.01076760466322826,3633067248.2239485,150.96064391644074,2,0.0,0.0,2513400.0,14695.328295728796,4,0,0,0,0,nan,0.3432672351984768,0.3795870654286228,0.8993844740206554,0.08257806965923958,355.2,3.6
scenario_0013,needs-learn_pre,1,0.6,2.0048089580032427,5.503915440523606,8,141,24,109.63128674148308,0.46606187289977946,234.60667914728748,0.2763096967801179,153.79967840335826,300,900,2.246822197860199,0.16057097290635328,0.2825882686149096,0.6873038985117523,0.7730115774032742,1.002120773935327,0.8394290270936468,needs,461,268,22,0.07586206896551724,0.20833333333333334,268,19.865270989422243,2164.386015156941,223.97854000706081,300.0000000000002,0,0,0.0,0.0,0.0,1033,0,0,0,0.02903649254821535,0.008251625660517962,3439580166.167364,0.0,0,0.0,0.0,2721000.0,33027.8852051701,4,0,0,0,0,nan,0.2942771920620431,0.3154667752295493,0.8842527214921653,0.07469613269354419,321.59999999999997,1.78
scenario_0013,needs-learn_pre,2,0.6,2.0048089580032427,5.503915440523606,8,141,24,109.63128674148308,0.46606187289977946,234.60667914728748,0.2763096967801179,153.79967840335826,300,900,2.246822197860199,0.16057097290635328,0.2825882686149096,0.6873038985117523,0.7730115774032742,1.002120773935327,0.8394290270936468,needs,318,203,15,0.06880733944954129,0.2,203,28.908955386877096,1882.733049965341,124.59577632154416,300.0000000000002,0,0,0.0,0.0,0.0,371,0,0,0,0.015961894037352056,0.006513245555416328,1742651624.0703242,160.93436599864526,2,2408.964049396619,2.9880164655396584,1805400.0,17277.288092474966,7,2,0,0,0,nan,0.3856959675656528,0.41824133581147266,0.8132350918447294,0.12271492399553656,243.6,1.31
scenario_0013,needs-learn_pre,3,0.6,2.0048089580032427,5.503915440523606,8,141,24,109.63128674148308,0.46606187289977946,234.60667914728748,0.2763096967801179,153.79967840335826,300,900,2.246822197860199,0.16057097290635328,0.2825882686149096,0.6873038985117523,0.7730115774032742,1.002120773935327,0.8394290270936468,needs,398,273,24,0.08080808080808081,0.26506024096385544,273,21.345659243191562,2137.001547955275,146.66867416991496,300.0000000000002,0,0,0.0,0.0,0.0,488,0,0,0,0.028238731453931753,0.005215730294267669,2716826133.760652,266.5752320601139,1,7.690403756989781,2.5634679189965937,2344800.0,15083.484349571278,5,1,0,0,0,nan,0.38337257156512444,0.4268665429013038,0.9173839271723647,0.12454638647406448,327.59999999999997,1.53
scenario_0013,needs-learn_pre,4,0.6,2.0048089580032427,5.503915440523606,8,141,24,109.63128674148308,0.46606187289977946,234.60667914728748,0.2763096967801179,153.79967840335826,300,900,2.246822197860199,0.16057097290635328,0.2825882686149096,0.6873038985117523,0.7730115774032742,1.002120773935327,0.8394290270936468,needs,490,301,14,0.044444444444444446,0.1348314606741573,301,21.35572708779955,1459.4540300269784,98.86582627615184,300.0000000000002,0,0,0.0,0.0,0.0,438,0,0,0,0.020050627906317637,0.00815953222833007,1841832200.9597025,578.9729741936173,0,3.6314986117595254,0.0,2814000.0,16687.731363440347,4,0,0,0,0,nan,0.3491417771001795,0.36193206170262116,0.8618969342948718,0.10507247087196485,361.2,1.44
scenario_0013,needs-learn_pre,5,0.6,2.0048089580032427,5.503915440523606,8,141,24,109.63128674148308,0.46606187289977946,234.60667914728748,0.2763096967801179,153.79967840335826,300,900,2.246822197860199,0.16057097290635328,0.2825882686149096,0.6873038985117523,0.7730115774032742,1.002120773935327,0.8394290270936468,needs,487,334,12,0.03468208092485549,0.1527777777777778,334,19.75907561497627,1931.9597381062988,113.01073803187039,300.0000000000002,0,0,0.0,0.0,0.0,448,0,0,0,0.0028319832568172035,0.0010690140722764013,1709473517.2609928,61.77859534144068,1,0.0,0.0,2987400.0,15755.989048775773,4,0,0,0,0,nan,0.3976659212109212,0.41580030121059397,0.8967908131944444,0.10242803458209615,400.79999999999995,1.72
scenario_0013,needs-learn_pre,6,0.6,2.0048089580032427,5.503915440523606,8,141,24,109.63128674148308,0.46606187289977946,234.60667914728748,0.2763096967801179,153.79967840335826,300,900,2.246822197860199,0.16057097290635328,0.2825882686149096,0.6873038985117523,0.7730115774032742,1.002120773935327,0.8394290270936468,needs,321,175,11,0.05913978494623656,0.13114754098360656,175,30.277115868937926,1646.8100277102674,134.87035982522116,300.0000000000002,0,0,0.0,0.0,0.0,404,0,0,0,0.002854617541542566,0.1946332169425431,2199938566.7316055,7.636409254716511,1,0.0,0.0,1630200.0,10758.236837783596,3,0,0,0,0,nan,0.3486690572093244,0.3532582421384896,0.8278619408297722,0.09165937142339373,210.0,1.23
scenario_0013,needs-learn_pre,7,0.6,2.0048089580032427,5.503915440523606,8,141,24,109.63128674148308,0.46606187289977946,234.60667914728748,0.2763096967801179,153.79967840335826,300,900,2.246822197860199,0.16057097290635328,0.2825882686149096,0.6873038985117523,0.7730115774032742,1.002120773935327,0.8394290270936468,needs,285,207,10,0.04608294930875576,0.136986301369863,207,29.54213772930143,1215.561419090202,107.17791814743235,300.0000000000002,0,0,0.0,0.0,0.0,196,0,0,0,0.0016357731351160597,0.0011225566185969977,1180064435.010341,0.0,0,0.0,0.0,1702200.0,12406.641836559269,2,0,0,0,0,nan,0.5285218311261906,0.5649716125831692,0.8648388917735044,0.1340421925548162,248.39999999999998,1.17
scenario_0013,needs-learn_pre,8,0.6,2.0048089580032427,5.503915440523606,8,141,24,109.63128674148308,0.46606187289977946,234.60667914728748,0.2763096967801179,153.79967840335826,300,900,2.246822197860199,0.16057097290635328,0.2825882686149096,0.6873038985117523,0.7730115774032742,1.002120773935327,0.8394290270936468,needs,306,198,7,0.03414634146341464,0.1206896551724138,198,26.463997194913418,1940.6031172913974,201.87039971009128,300.0000000000002,0,0,0.0,0.0,0.0,378,0,0,0,0.0006174143051963012,0.0006868865091382464,2352121643.7308064,99.19481046534065,1,0.0,0.0,1731000.0,15564.808184322252,6,0,0,0,0,nan,0.40043271320732854,0.4174207677070334,0.8694315966880343,0.10056666131436652,237.6,1.27
scenario_0013,needs-learn_pre,9,0.6,2.0048089580032427,5.503915440523606,8,141,24,109.63128674148308,0.46606187289977946,234.60667914728748,0.2763096967801179,153.79967840335826,300,900,2.246822197860199,0.16057097290635328,0.2825882686149096,0.6873038985117523,0.7730115774032742,1.002120773935327,0.8394290270936468,needs,476,327,34,0.09418282548476455,0.3142857142857143,327,18.914267415608265,2247.160554461146,139.46037540396955,300.0000000000002,0,0,0.0,0.0,0.0,712,0,0,0,0.027292164765494665,0.0017317448391795305,2814046989.3422666,0.0,0,0.0,0.0,2806800.0,15879.610122253102,2,0,0,0,0,nan,0.3741351918342689,0.42977449542261786,0.8838264812678064,0.10789575387067407,392.4,1.69
scenario_0013,needs-learn_pre,10,0.6,2.0048089580032427,5.503915440523606,8,141,24,109.63128674148308,0.46606187289977946,234.60667914728748,0.2763096967801179,153.79967840335826,300,900,2.246822197860199,0.16057097290635328,0.2825882686149096,0.6873038985117523,0.7730115774032742,1.002120773935327,0.8394290270936468,needs,470,310,24,0.0718562874251497,0.2441860465116279,310,20.736871087053373,1841.4835171664595,168.99929846518324,300.0000000000002,0,0,0.0,0.0,0.0,561,0,0,0,0.026434538710127586,0.03234637917870826,2525609599.007914,138.42960650138173,1,0.0,0.0,2306400.0,12539.2880934291,0,0,0,0,0,nan,0.3628871765898454,0.3853377120568257,0.9239025935363249,0.11555090882899847,372.0,1.55
scenario_0013,oracle0,1,0.6,2.0048089580032427,5.503915440523606,8,141,24,109.63128674148308,0.46606187289977946,234.60667914728748,0.2763096967801179,153.79967840335826,300,900,2.246822197860199,0.16057097290635328,0.2825882686149096,0.6873038985117523,0.7730115774032742,1.002120773935327,0.8394290270936468,clairvoyant,474,286,26,0.08333333333333333,0.23076923076923078,286,20.244118382922693,2302.339700274249,109.50152822552329,300.0000000000002,0,0,0.0,0.0,0.0,995,0,0,0,0.03288975931683421,0.11042846407720013,3627613409.7867217,20.221399780741677,9,0.0,0.0,0.0,0.0,6,0,0,0,0,nan,0.33031883028970055,0.36162352408907555,0.9855472837962963,0.10494605785978478,343.2,0.29
scenario_0013,oracle0,2,0.6,2.0048089580032427,5.503915440523606,8,141,24,109.63128674148308,0.46606187289977946,234.60667914728748,0.2763096967801179,153.79967840335826,300,900,2.246822197860199,0.16057097290635328,0.2825882686149096,0.6873038985117523,0.7730115774032742,1.002120773935327,0.8394290270936468,clairvoyant,327,217,10,0.04405286343612335,0.13043478260869565,217,27.686291753234855,1710.749303217119,121.71451587066939,300.0000000000002,0,0,0.0,0.0,0.0,324,0,0,0,0.009509003464151176,0.007993327469528534,2152137556.0660405,26.961866374322256,12,0.0,0.0,0.0,0.0,11,0,0,0,0,nan,0.4378108460460883,0.4632649650022562,0.9648188031160969,0.13621445398921725,260.4,0.22
scenario_0013,oracle0,3,0.6,2.0048089580032427,5.503915440523606,8,141,24,109.63128674148308,0.46606187289977946,234.60667914728748,0.2763096967801179,153.79967840335826,300,900,2.246822197860199,0.16057097290635328,0.2825882686149096,0.6873038985117523,0.7730115774032742,1.002120773935327,0.8394290270936468,clairvoyant,398,273,24,0.08080808080808081,0.24050632911392406,273,20.546931116999986,2090.0803334575107,104.52612278265013,300.0000000000002,0,0,0.0,0.0,0.0,476,0,0,0,0.09175168906424001,0.18073774125054054,2896828206.3165064,13.4809331871611,6,0.0,0.0,0.0,0.0,10,0,0,0,0,nan,0.4369025068924269,0.48135366790945366,0.9864028613425926,0.10436377149772957,327.59999999999997,0.23
scenario_0013,oracle0,4,0.6,2.0048089580032427,5.503915440523606,8,141,24,109.63128674148308,0.46606187289977946,234.60667914728748,0.2763096967801179,153.79967840335826,300,900,2.246822197860199,0.16057097290635328,0.2825882686149096,0.6873038985117523,0.7730115774032742,1.002120773935327,0.8394290270936468,clairvoyant,498,323,10,0.03003003003003003,0.09803921568627451,323,18.633254859396402,1507.9762077424125,128.98078560428343,300.0000000000002,0,0,0.0,0.0,0.0,392,0,0,0,0.03699247845202522,0.005658054049208601,2300475875.4026947,29.20868857218261,13,0.0,0.0,0.0,0.0,10,0,0,0,0,nan,0.4042859863629581,0.41392906892216386,0.953111843411681,0.08082247726638274,387.59999999999997,0.24
scenario_0013,oracle0,5,0.6,2.0048089580032427,5.503915440523606,8,141,24,109.63128674148308,0.46606187289977946,234.60667914728748,0.2763096967801179,153.79967840335826,300,900,2.246822197860199,0.16057097290635328,0.2825882686149096,0.6873038985117523,0.7730115774032742,1.002120773935327,0.8394290270936468,clairvoyant,501,361,12,0.032171581769437,0.1411764705882353,361,19.707316021776023,1863.6280448557518,107.93105330500467,300.0000000000002,0,0,0.0,0.0,0.0,419,0,0,0,0.011852648962873576,0.15794441584023516,3002823238.691465,29.208688572182552,13,0.0,0.0,0.0,0.0,4,0,0,0,0,nan,0.44819807196158234,0.46652685385949344,0.9869335286324787,0.10777484683272912,433.2,0.26
scenario_0013,oracle0,6,0.6,2.0048089580032427,5.503915440523606,8,141,24,109.63128674148308,0.46606187289977946,234.60667914728748,0.2763096967801179,153.79967840335826,300,900,2.246822197860199,0.16057097290635328,0.2825882686149096,0.6873038985117523,0.7730115774032742,1.002120773935327,0.8394290270936468,clairvoyant,336,202,11,0.051643192488262914,0.1267605633802817,202,46.45664271432895,1629.778251450095,104.00791526428206,300.0000000000002,0,0,0.0,0.0,0.0,301,0,0,0,0.019624438340005813,0.1530769181211437,2511321939.279624,51.67691055078504,23,0.0,0.0,0.0,0.0,6,2,0,0,0,nan,0.43746885890422454,0.44672958533183543,0.984033996670228,0.1261269645061397,242.39999999999998,0.19
scenario_0013,oracle0,7,0.6,2.0048089580032427,5.503915440523606,8,141,24,109.63128674148308,0.46606187289977946,234.60667914728748,0.2763096967801179,153.79967840335826,300,900,2.246822197860199,0.16057097290635328,0.2825882686149096,0.6873038985117523,0.7730115774032742,1.002120773935327,0.8394290270936468,clairvoyant,297,227,6,0.02575107296137339,0.0759493670886076,227,40.30208157139964,1420.3570652186102,68.52338122308481,300.0000000000002,0,0,0.0,0.0,0.0,168,0,0,0,0.008263904012858139,0.0006090532071781765,1509972298.5825644,35.94915516576293,16,0.0,0.0,0.0,0.0,4,0,0,0,0,nan,0.5855065782170069,0.6032814503886724,0.9133124589031338,0.13600229759598473,272.4,0.15
scenario_0013,oracle0,8,0.6,2.0048089580032427,5.503915440523606,8,141,24,109.63128674148308,0.46606187289977946,234.60667914728748,0.2763096967801179,153.79967840335826,300,900,2.246822197860199,0.16057097290635328,0.2825882686149096,0.6873038985117523,0.7730115774032742,1.002120773935327,0.8394290270936468,clairvoyant,324,218,8,0.035398230088495575,0.0967741935483871,218,28.908562223865147,1923.5536586933422,83.47612670514229,300.0000000000002,0,0,0.0,0.0,0.0,374,0,0,0,0.012602386345751235,0.0024544094871112474,2666993469.339299,31.455510770043077,14,0.0,0.0,0.0,0.0,11,0,0,0,0,nan,0.46324447791365136,0.472262430902064,0.9817148028133903,0.1352747111134408,261.59999999999997,0.23
scenario_0013,oracle0,9,0.6,2.0048089580032427,5.503915440523606,8,141,24,109.63128674148308,0.46606187289977946,234.60667914728748,0.2763096967801179,153.79967840335826,300,900,2.246822197860199,0.16057097290635328,0.2825882686149096,0.6873038985117523,0.7730115774032742,1.002120773935327,0.8394290270936468,clairvoyant,483,344,27,0.07277628032345014,0.24528301886792453,344,19.420264418981787,2175.0379992235216,143.0524671416362,300.0000000000002,0,0,0.0,0.0,0.0,729,0,0,0,0.039286734963385916,0.03355919021235923,3648160759.6433673,4.4936443957203664,2,0.0,0.0,0.0,0.0,6,0,0,0,0,nan,0.401167983312606,0.4512992308013717,0.930796335434473,0.13038426992220076,412.79999999999995,0.27
scenario_0013,oracle0,10,0.6,2.0048089580032427,5.503915440523606,8,141,24,109.63128674148308,0.46606187289977946,234.60667914728748,0.2763096967801179,153.79967840335826,300,900,2.246822197860199,0.16057097290635328,0.2825882686149096,0.6873038985117523,0.7730115774032742,1.002120773935327,0.8394290270936468,clairvoyant,474,318,23,0.06744868035190615,0.23595505617977527,318,18.085278618353186,1705.8072297215722,114.75933404596519,300.0000000000002,0,0,0.0,0.0,0.0,529,0,0,0,0.0514450464814765,0.04001179083563504,3035214669.571594,17.974577582881466,8,0.0,0.0,0.0,0.0,3,0,0,0,0,nan,0.3975586324116313,0.4354945491809718,0.968921162962963,0.11861336219803062,381.59999999999997,0.23
