scenario,variant,seed,content_snr,knob:arrivals.rate_per_min,knob:arrivals.burst_factor,knob:resources.model.slots.capacity,knob:resources.sandbox.mem.capacity,knob:resources.sandbox.cpu.capacity,knob:resources.ext.search.rpm,knob:resources.ext.search.background_load,knob:resources.ext.web.rpm,knob:resources.ext.web.background_load,knob:resources.ext.api.rpm,knob:framework.step_timeout_s,knob:framework.sandbox_idle_timeout_s,knob:framework.sandbox_cold_start_s,knob:reaction.after_sdk.abort,knob:generator.recipe_temperature,knob:generator.think_snr,knob:generator.tool_tail_scale,knob:generator.p_parallel_scale,knob:reaction.after_sdk.replan,policy,req_started,req_done,req_failed,failure_rate,session_fail_finished,tct_n,tct_p50,tct_p99,chat_wait_p99,block_wait_max,n429,budget_errs,usd,usd_per_req,usd_waste_frac,timeouts,evicted,deadlock_breaks,cycles_seen,token_waste,tool_waste,kv_unused_token_s,prewarm_idle_s,prewarm_hits,lease_cpu_issued,lease_cpu_unused,lease_budget_issued,lease_budget_unused,par_groups,par_groups_parallel,spawns,children,children_aborted,join_p99,jain_all,jain_survivors,util_model,util_cpu,throughput_rph,wall_s
scenario_0004,gate_fifo300,1,0.6,3.675472812031094,4.726257256130564,8,150,24,23.49611347545937,0.13108014550138095,83.85797248786798,0.32010533461546853,594.4266671214542,900,900,1.2981341628087275,0.2178503096121513,0.21844527131830385,0.8356728746335957,0.8319916997110613,0.9064171732216624,0.7821496903878487,reactive_gate,444,73,0,0.0,0.0,73,704.9417963956637,2122.8622310251,423.8550400696959,900.0000000000002,0,0,0.0,0.0,0.0,170,0,0,0,0.0,0.19522715834249657,4410250470.245282,0.0,0,0.0,0.0,0.0,0.0,1,0,0,0,0,nan,0.034282257229565266,0.034282257229565266,0.9525166574786325,0.03595460272784175,87.6,0.21
scenario_0004,gate_fifo300,2,0.6,3.675472812031094,4.726257256130564,8,150,24,23.49611347545937,0.13108014550138095,83.85797248786798,0.32010533461546853,594.4266671214542,900,900,1.2981341628087275,0.2178503096121513,0.21844527131830385,0.8356728746335957,0.8319916997110613,0.9064171732216624,0.7821496903878487,reactive_gate,416,103,2,0.01904761904761905,0.08,103,709.1324094386337,2320.8504844450918,272.24168824286204,900.0000000000002,0,0,0.0,0.0,0.0,303,0,0,0,0.0002753977098824582,0.0,5025010582.5549755,0.0,0,0.0,0.0,0.0,0.0,4,0,0,0,0,nan,0.06340788597336319,0.06377761125600671,0.9703944342414531,0.016870470731401223,123.6,0.28
scenario_0004,gate_fifo300,3,0.6,3.675472812031094,4.726257256130564,8,150,24,23.49611347545937,0.13108014550138095,83.85797248786798,0.32010533461546853,594.4266671214542,900,900,1.2981341628087275,0.2178503096121513,0.21844527131830385,0.8356728746335957,0.8319916997110613,0.9064171732216624,0.7821496903878487,reactive_gate,339,95,1,0.010416666666666666,0.034482758620689655,95,603.8731233495378,1604.4647380073116,266.1194644550491,900.0000000000002,0,0,0.0,0.0,0.0,156,0,0,0,0.0004542760452518646,0.0,4728723997.125379,0.0,0,0.0,0.0,0.0,0.0,0,0,0,0,0,nan,0.09057730475040579,0.09090195458822085,0.9801527764779203,0.026426499016234953,114.0,0.21
scenario_0004,gate_fifo300,4,0.6,3.675472812031094,4.726257256130564,8,150,24,23.49611347545937,0.13108014550138095,83.85797248786798,0.32010533461546853,594.4266671214542,900,900,1.2981341628087275,0.2178503096121513,0.21844527131830385,0.8356728746335957,0.8319916997110613,0.9064171732216624,0.7821496903878487,reactive_gate,485,126,0,0.0,0.0,126,447.76916312153594,2215.12330326446,359.21803296679013,900.0000000000002,0,0,0.0,0.0,0.0,67,0,0,0,0.0,0.0,4073556528.792122,0.0,0,0.0,0.0,0.0,0.0,1,0,0,0,0,nan,0.0723772080638698,0.0723772080638698,0.9732701998575499,0.04291159956899397,151.2,0.23
scenario_0004,gate_fifo300,5,0.6,3.675472812031094,4.726257256130564,8,150,24,23.49611347545937,0.13108014550138095,83.85797248786798,0.32010533461546853,594.4266671214542,900,900,1.2981341628087275,0.2178503096121513,0.21844527131830385,0.8356728746335957,0.8319916997110613,0.9064171732216624,0.7821496903878487,reactive_gate,419,138,2,0.014285714285714285,0.058823529411764705,138,606.7222372376308,2404.4276248296296,291.69485662834705,900.0000000000002,0,0,0.0,0.0,0.0,165,0,0,0,0.0012488011060612738,0.0,4804431510.872924,0.0,0,0.0,0.0,0.0,0.0,4,0,0,0,0,nan,0.06296859951169566,0.06336092723450996,0.9852849329059831,0.0446374458332688,165.6,0.23
scenario_0004,gate_fifo300,6,0.6,3.675472812031094,4.726257256130564,8,150,24,23.49611347545937,0.13108014550138095,83.85797248786798,0.32010533461546853,594.4266671214542,900,900,1.2981341628087275,0.2178503096121513,0.21844527131830385,0.8356728746335957,0.8319916997110613,0.9064171732216624,0.7821496903878487,reactive_gate,419,95,1,0.010416666666666666,0.027777777777777776,95,807.3023637488418,2292.0772335072284,299.6551352864738,900.0000000000002,0,0,0.0,0.0,0.0,214,0,0,0,0.0006469881129623501,0.0,4878479769.530766,0.0,0,0.0,0.0,0.0,0.0,5,0,0,0,0,nan,0.06072994427842892,0.06089275914244616,0.9868068222044161,0.036083036015146036,114.0,0.25
scenario_0004,gate_fifo300,7,0.6,3.675472812031094,4.726257256130564,8,150,24,23.49611347545937,0.13108014550138095,83.85797248786798,0.32010533461546853,594.4266671214542,900,900,1.2981341628087275,0.2178503096121513,0.21844527131830385,0.8356728746335957,0.8319916997110613,0.9064171732216624,0.7821496903878487,reactive_gate,320,118,0,0.0,0.0,118,571.5892581647862,2414.164356215827,165.99950356253856,900.0000000000002,0,0,0.0,0.0,0.0,124,0,0,0,0.0,0.16660740412651204,4173129586.5758286,0.0,0,0.0,0.0,0.0,0.0,2,0,0,0,0,nan,0.12808267232170437,0.12808267232170437,0.9664949727207977,0.043959791771211204,141.6,0.18
scenario_0004,gate_fifo300,8,0.6,3.675472812031094,4.726257256130564,8,150,24,23.49611347545937,0.13108014550138095,83.85797248786798,0.32010533461546853,594.4266671214542,900,900,1.2981341628087275,0.2178503096121513,0.21844527131830385,0.8356728746335957,0.8319916997110613,0.9064171732216624,0.7821496903878487,reactive_gate,456,89,0,0.0,0.0,89,1123.5207450048965,2430.2602224265265,314.19553831692843,900.0000000000002,0,0,0.0,0.0,0.0,282,0,0,0,0.0,0.0,5542106395.908983,0.0,0,0.0,0.0,0.0,0.0,2,0,0,0,0,nan,0.07268740073983297,0.07268740073983297,0.9207499576032765,0.01640120534431073,106.8,0.3
scenario_0004,gate_fifo300,9,0.6,3.675472812031094,4.726257256130564,8,150,24,23.49611347545937,0.13108014550138095,83.85797248786798,0.32010533461546853,594.4266671214542,900,900,1.2981341628087275,0.2178503096121513,0.21844527131830385,0.8356728746335957,0.8319916997110613,0.9064171732216624,0.7821496903878487,reactive_gate,468,127,0,0.0,0.0,127,674.35333693294,2404.787408437099,257.6945345974111,900.0000000000002,0,0,0.0,0.0,0.0,177,0,0,0,0.0,0.0,4550169556.98527,0.0,0,0.0,0.0,0.0,0.0,4,0,0,0,0,nan,0.059810404679288484,0.059810404679288484,0.9692105137286325,0.059925722868079394,152.4,0.25
scenario_0004,gate_fifo300,10,0.6,3.675472812031094,4.726257256130564,8,150,24,23.49611347545937,0.13108014550138095,83.85797248786798,0.32010533461546853,594.4266671214542,900,900,1.2981341628087275,0.2178503096121513,0.21844527131830385,0.8356728746335957,0.8319916997110613,0.9064171732216624,0.7821496903878487,reactive_gate,362,107,1,0.009259259259259259,0.038461538461538464,107,547.5728561439951,1963.9794053767598,203.32206588701806,900.0000000000002,0,0,0.0,0.0,0.0,183,0,0,0,8.279228014982448e-05,0.0,4004078000.5455766,0.0,0,0.0,0.0,0.0,0.0,2,0,0,0,0,nan,0.09245211399095853,0.09278112507277687,0.9793072267450144,0.038989196640843854,128.4,0.18
scenario_0004,gate_vtfq0,1,0.6,3.675472812031094,4.726257256130564,8,150,24,23.49611347545937,0.13108014550138095,83.85797248786798,0.32010533461546853,594.4266671214542,900,900,1.2981341628087275,0.2178503096121513,0.21844527131830385,0.8356728746335957,0.8319916997110613,0.9064171732216624,0.7821496903878487,reactive_gate,481,83,1,0.011904761904761904,0.2,83,197.22649405565005,1870.4054435791863,502.0681496529716,900.0000000000002,0,0,0.0,0.0,0.0,396,0,0,0,0.0,0.0,1496955146.6855254,0.0,0,0.0,0.0,0.0,0.0,1,0,0,0,0,nan,0.04015492954619023,0.04025432293615605,0.9621342762464388,0.04569518715380419,99.6,0.25
scenario_0004,gate_vtfq0,2,0.6,3.675472812031094,4.726257256130564,8,150,24,23.49611347545937,0.13108014550138095,83.85797248786798,0.32010533461546853,594.4266671214542,900,900,1.2981341628087275,0.2178503096121513,0.21844527131830385,0.8356728746335957,0.8319916997110613,0.9064171732216624,0.7821496903878487,reactive_gate,376,51,5,0.08928571428571429,0.625,51,553.7620600454716,2498.1419661502337,57.85869655068619,900.0000000000002,0,0,0.0,0.0,0.0,585,0,0,0,0.0,0.0,1671366452.2340982,0.0,0,0.0,0.0,0.0,0.0,4,0,0,0,0,nan,0.05707649662461915,0.05793093519684399,0.9875402683760683,0.03812861275649704,61.199999999999996,0.28
scenario_0004,gate_vtfq0,3,0.6,3.675472812031094,4.726257256130564,8,150,24,23.49611347545937,0.13108014550138095,83.85797248786798,0.32010533461546853,594.4266671214542,900,900,1.2981341628087275,0.2178503096121513,0.21844527131830385,0.8356728746335957,0.8319916997110613,0.9064171732216624,0.7821496903878487,reactive_gate,353,92,1,0.010752688172043012,0.14285714285714285,92,275.90953263646713,2675.5502622819754,558.8520180329255,900.0000000000002,0,0,0.0,0.0,0.0,317,0,0,0,0.0,0.0,1869224872.4964511,0.0,0,0.0,0.0,0.0,0.0,0,0,0,0,0,nan,0.07369716066645282,0.07396225836669186,0.989498817824074,0.0674224351146434,110.39999999999999,0.22
scenario_0004,gate_vtfq0,4,0.6,3.675472812031094,4.726257256130564,8,150,24,23.49611347545937,0.13108014550138095,83.85797248786798,0.32010533461546853,594.4266671214542,900,900,1.2981341628087275,0.2178503096121513,0.21844527131830385,0.8356728746335957,0.8319916997110613,0.9064171732216624,0.7821496903878487,reactive_gate,536,176,2,0.011235955056179775,0.08333333333333333,176,153.36868252558656,1848.325217658233,819.3354962565957,900.0000000000002,0,0,0.0,0.0,0.0,185,0,0,0,0.0,0.0,1847684082.6079025,0.0,0,0.0,0.0,0.0,0.0,3,0,0,0,0,nan,0.07901204323020342,0.0794100887880382,0.9871033176103989,0.10078885308111538,211.2,0.25
scenario_0004,gate_vtfq0,5,0.6,3.675472812031094,4.726257256130564,8,150,24,23.49611347545937,0.13108014550138095,83.85797248786798,0.32010533461546853,594.4266671214542,900,900,1.2981341628087275,0.2178503096121513,0.21844527131830385,0.8356728746335957,0.8319916997110613,0.9064171732216624,0.7821496903878487,reactive_gate,420,114,7,0.05785123966942149,0.7777777777777778,114,158.9800802575851,1559.0180184475382,262.6081815683487,900.0000000000002,0,0,0.0,0.0,0.0,414,0,0,0,0.0,0.0,1652328068.6315322,0.0,0,0.0,0.0,0.0,0.0,2,0,0,0,0,nan,0.06551988090917381,0.06698518176017769,0.9723980377849004,0.06126148792860991,136.79999999999998,0.27
scenario_0004,gate_vtfq0,6,0.6,3.675472812031094,4.726257256130564,8,150,24,23.49611347545937,0.13108014550138095,83.85797248786798,0.32010533461546853,594.4266671214542,900,900,1.2981341628087275,0.2178503096121513,0.21844527131830385,0.8356728746335957,0.8319916997110613,0.9064171732216624,0.7821496903878487,reactive_gate,420,57,4,0.06557377049180328,0.4,57,409.6772315346617,2304.069083336442,399.48330460656854,900.0000000000002,0,0,0.0,0.0,0.0,451,0,0,0,0.0,0.19055747758671493,1740005268.0847712,0.0,0,0.0,0.0,0.0,0.0,1,1,0,0,0,nan,0.044545049393744394,0.04502274429340921,0.9777831390491453,0.048849570326535495,68.39999999999999,0.24
scenario_0004,gate_vtfq0,7,0.6,3.675472812031094,4.726257256130564,8,150,24,23.49611347545937,0.13108014550138095,83.85797248786798,0.32010533461546853,594.4266671214542,900,900,1.2981341628087275,0.2178503096121513,0.21844527131830385,0.8356728746335957,0.8319916997110613,0.9064171732216624,0.7821496903878487,reactive_gate,320,88,0,0.0,0.0,88,337.94940439686206,1816.516206257631,606.9209608162653,900.0000000000002,0,0,0.0,0.0,0.0,261,0,0,0,0.0,0.13623611400757857,1232138221.8979428,0.0,0,0.0,0.0,0.0,0.0,1,0,0,0,0,nan,0.096226114119879,0.096226114119879,0.9814534506410256,0.06632449630287232,105.6,0.21
scenario_0004,gate_vtfq0,8,0.6,3.675472812031094,4.726257256130564,8,150,24,23.49611347545937,0.13108014550138095,83.85797248786798,0.32010533461546853,594.4266671214542,900,900,1.2981341628087275,0.2178503096121513,0.21844527131830385,0.8356728746335957,0.8319916997110613,0.9064171732216624,0.7821496903878487,reactive_gate,465,56,9,0.13846153846153847,1.0,56,488.8821038056485,1596.6774443335846,57.37183992975678,900.0000000000002,0,0,0.0,0.0,0.0,660,0,0,0,0.0,0.0,1325518108.0598001,0.0,0,0.0,0.0,0.0,0.0,1,0,0,0,0,nan,0.04016839336565478,0.04105882573090328,0.9747457409188035,0.07735173293298146,67.2,0.25
scenario_0004,gate_vtfq0,9,0.6,3.675472812031094,4.726257256130564,8,150,24,23.49611347545937,0.13108014550138095,83.85797248786798,0.32010533461546853,594.4266671214542,900,900,1.2981341628087275,0.2178503096121513,0.21844527131830385,0.8356728746335957,0.8319916997110613,0.9064171732216624,0.7821496903878487,reactive_gate,513,162,7,0.04142011834319527,0.1891891891891892,162,152.78493969261024,1854.6685107985898,414.95345774298323,900.0000000000002,0,0,0.0,0.0,0.0,385,0,0,0,0.0,0.0,1462782677.8123355,0.0,0,0.0,0.0,0.0,0.0,0,0,0,0,0,nan,0.08641805545234986,0.087997497719103,0.9760877502314815,0.09333643882207301,194.39999999999998,0.27
scenario_0004,gate_vtfq0,10,0.6,3.675472812031094,4.726257256130564,8,150,24,23.49611347545937,0.13108014550138095,83.85797248786798,0.32010533461546853,594.4266671214542,900,900,1.2981341628087275,0.2178503096121513,0.21844527131830385,0.8356728746335957,0.8319916997110613,0.9064171732216624,0.7821496903878487,reactive_gate,359,96,3,0.030303030303030304,0.21428571428571427,96,410.1585984005073,2344.095766238267,131.22762518768778,900.0000000000002,0,0,0.0,0.0,0.0,323,0,0,0,0.0,0.0,1428000223.2206492,0.0,0,0.0,0.0,0.0,0.0,1,0,0,0,0,nan,0.08828261658004757,0.08922513561826872,0.9725037931801994,0.09891869953922001,115.19999999999999,0.24
scenario_0004,gate_srpt0,1,0.6,3.675472812031094,4.726257256130564,8,150,24,23.49611347545937,0.13108014550138095,83.85797248786798,0.32010533461546853,594.4266671214542,900,900,1.2981341628087275,0.2178503096121513,0.21844527131830385,0.8356728746335957,0.8319916997110613,0.9064171732216624,0.7821496903878487,reactive_gate,633,337,0,0.0,0.0,337,20.144654888031255,1237.629217888004,263.149303993029,900.0000000000002,0,0,0.0,0.0,0.0,287,0,0,0,0.0,0.29787002323042444,4388678847.683803,0.0,0,0.0,0.0,0.0,0.0,2,0,0,0,0,nan,0.24442612496776941,0.24442612496776941,0.9551046505876069,0.05592074111907614,404.4,0.31
scenario_0004,gate_srpt0,2,0.6,3.675472812031094,4.726257256130564,8,150,24,23.49611347545937,0.13108014550138095,83.85797248786798,0.32010533461546853,594.4266671214542,900,900,1.2981341628087275,0.2178503096121513,0.21844527131830385,0.8356728746335957,0.8319916997110613,0.9064171732216624,0.7821496903878487,reactive_gate,643,395,3,0.007537688442211055,0.037037037037037035,395,16.63548338027158,2120.7593604626704,279.1900495145912,900.0000000000002,0,0,0.0,0.0,0.0,380,0,0,0,0.0003580014416443565,0.0,3380313874.9416513,0.0,0,0.0,0.0,0.0,0.0,0,0,0,0,0,nan,0.24874426813054396,0.25095205749264937,0.980367234633191,0.08843212032321593,474.0,0.38
scenario_0004,gate_srpt0,3,0.6,3.675472812031094,4.726257256130564,8,150,24,23.49611347545937,0.13108014550138095,83.85797248786798,0.32010533461546853,594.4266671214542,900,900,1.2981341628087275,0.2178503096121513,0.21844527131830385,0.8356728746335957,0.8319916997110613,0.9064171732216624,0.7821496903878487,reactive_gate,562,378,0,0.0,0.0,378,17.939198843020222,1951.5098353415947,441.46146696847677,900.0000000000002,0,0,0.0,0.0,0.0,200,0,0,0,0.0,0.0,3839600288.801458,0.0,0,0.0,0.0,0.0,0.0,0,0,0,0,0,nan,0.3370339175410737,0.3370339175410737,0.9716146122863248,0.03836854000861442,453.59999999999997,0.32
scenario_0004,gate_srpt0,4,0.6,3.675472812031094,4.726257256130564,8,150,24,23.49611347545937,0.13108014550138095,83.85797248786798,0.32010533461546853,594.4266671214542,900,900,1.2981341628087275,0.2178503096121513,0.21844527131830385,0.8356728746335957,0.8319916997110613,0.9064171732216624,0.7821496903878487,reactive_gate,679,404,0,0.0,0.0,404,15.911599553078304,1237.1820669413623,372.80029357063654,900.0000000000002,0,0,0.0,0.0,0.0,135,0,0,0,0.0,0.0,3780819051.110931,0.0,0,0.0,0.0,0.0,0.0,2,0,0,0,0,nan,0.29630986073397797,0.29630986073397797,0.9845868607549858,0.03786033024817499,484.79999999999995,0.34
scenario_0004,gate_srpt0,5,0.6,3.675472812031094,4.726257256130564,8,150,24,23.49611347545937,0.13108014550138095,83.85797248786798,0.32010533461546853,594.4266671214542,900,900,1.2981341628087275,0.2178503096121513,0.21844527131830385,0.8356728746335957,0.8319916997110613,0.9064171732216624,0.7821496903878487,reactive_gate,717,506,0,0.0,0.0,506,16.387901221635616,1309.9774376321532,350.48530845474227,900.0000000000002,0,0,0.0,0.0,0.0,243,0,0,0,0.0,0.0,4088865390.4244313,0.0,0,0.0,0.0,0.0,0.0,4,0,0,0,0,nan,0.3292029890221164,0.3292029890221164,0.9779707225427351,0.05527613603596251,607.1999999999999,0.36
scenario_0004,gate_srpt0,6,0.6,3.675472812031094,4.726257256130564,8,150,24,23.49611347545937,0.13108014550138095,83.85797248786798,0.32010533461546853,594.4266671214542,900,900,1.2981341628087275,0.2178503096121513,0.21844527131830385,0.8356728746335957,0.8319916997110613,0.9064171732216624,0.7821496903878487,reactive_gate,683,414,1,0.0024096385542168677,0.013333333333333334,414,16.70390989279997,893.1224948076562,341.1951974769357,900.0000000000002,0,0,0.0,0.0,0.0,321,0,0,0,0.001269361435317065,0.0,4409546171.36192,0.0,0,0.0,0.0,0.0,0.0,6,0,0,0,0,nan,0.2762227963659776,0.276969344464264,0.9687859188924502,0.05035586961851795,496.79999999999995,0.38
scenario_0004,gate_srpt0,7,0.6,3.675472812031094,4.726257256130564,8,150,24,23.49611347545937,0.13108014550138095,83.85797248786798,0.32010533461546853,594.4266671214542,900,900,1.2981341628087275,0.2178503096121513,0.21844527131830385,0.8356728746335957,0.8319916997110613,0.9064171732216624,0.7821496903878487,reactive_gate,439,273,0,0.0,0.0,273,18.378595906652436,2189.9861389904695,386.2715368032367,900.0000000000002,0,0,0.0,0.0,0.0,181,0,0,0,0.0,0.09982740213784315,3469064029.7969017,0.0,0,0.0,0.0,0.0,0.0,2,0,0,0,0,nan,0.3626313857861097,0.3626313857861097,0.9872916492699431,0.08205443829084995,327.59999999999997,0.24
scenario_0004,gate_srpt0,8,0.6,3.675472812031094,4.726257256130564,8,150,24,23.49611347545937,0.13108014550138095,83.85797248786798,0.32010533461546853,594.4266671214542,900,900,1.2981341628087275,0.2178503096121513,0.21844527131830385,0.8356728746335957,0.8319916997110613,0.9064171732216624,0.7821496903878487,reactive_gate,720,423,2,0.004705882352941176,0.023255813953488372,423,17.492451443311893,1724.9447283829913,709.658645697675,900.0000000000002,0,0,0.0,0.0,0.0,458,0,0,0,0.0013604423569503524,0.0,4070450537.6385026,0.0,0,0.0,0.0,0.0,0.0,3,0,0,0,0,nan,0.24226915840862956,0.24348965794721208,0.9457528631944445,0.007485139196648365,507.59999999999997,0.47
scenario_0004,gate_srpt0,9,0.6,3.675472812031094,4.726257256130564,8,150,24,23.49611347545937,0.13108014550138095,83.85797248786798,0.32010533461546853,594.4266671214542,900,900,1.2981341628087275,0.2178503096121513,0.21844527131830385,0.8356728746335957,0.8319916997110613,0.9064171732216624,0.7821496903878487,reactive_gate,727,445,2,0.0044742729306487695,0.011904761904761904,445,17.17352630482651,1316.9512046617303,426.23505396582914,900.0000000000002,0,0,0.0,0.0,0.0,278,0,0,0,0.0,0.0,4005231812.5052686,0.0,0,0.0,0.0,0.0,0.0,4,0,0,0,0,nan,0.27092420044346815,0.27232795277737215,0.9699077137108263,0.05925074595580663,534.0,0.38
scenario_0004,gate_srpt0,10,0.6,3.675472812031094,4.726257256130564,8,150,24,23.49611347545937,0.13108014550138095,83.85797248786798,0.32010533461546853,594.4266671214542,900,900,1.2981341628087275,0.2178503096121513,0.21844527131830385,0.8356728746335957,0.8319916997110613,0.9064171732216624,0.7821496903878487,reactive_gate,543,350,0,0.0,0.0,350,18.34405171678486,1966.9315963431766,455.2086251178371,900.0000000000002,0,0,0.0,0.0,0.0,209,0,0,0,0.0,0.0,3924301398.3093925,0.0,0,0.0,0.0,0.0,0.0,1,0,0,0,0,nan,0.3017220657249721,0.3017220657249721,0.9594620081908832,0.06711414404557775,420.0,0.28
scenario_0004,lease0,1,0.6,3.675472812031094,4.726257256130564,8,150,24,23.49611347545937,0.13108014550138095,83.85797248786798,0.32010533461546853,594.4266671214542,900,900,1.2981341628087275,0.2178503096121513,0.21844527131830385,0.8356728746335957,0.8319916997110613,0.9064171732216624,0.7821496903878487,lease,482,103,1,0.009615384615384616,0.05,103,259.4815388013444,2356.064456959931,863.2213383939591,900.0000000000002,0,0,0.0,0.0,0.0,362,0,0,0,0.0,0.28674903102299376,488469946.1776113,1076.5310213436774,11,0.0,0.0,311400.0,0.0,2,0,0,0,0,nan,0.053343828408001816,0.053475541564564785,0.9580700628205129,0.05090110762006158,123.6,0.39
scenario_0004,lease0,2,0.6,3.675472812031094,4.726257256130564,8,150,24,23.49611347545937,0.13108014550138095,83.85797248786798,0.32010533461546853,594.4266671214542,900,900,1.2981341628087275,0.2178503096121513,0.21844527131830385,0.8356728746335957,0.8319916997110613,0.9064171732216624,0.7821496903878487,lease,389,63,7,0.1,0.5,63,417.66629849260426,2292.131091940504,474.92874901847193,900.0000000000002,0,0,0.0,0.0,0.0,574,0,0,0,0.0,0.0,393509050.4412379,1502.89951689677,14,0.0,0.0,332400.0,0.0,3,0,0,0,0,nan,0.052497874043027457,0.05360143295684485,0.9534889864494303,0.07212635303562624,75.6,0.45
scenario_0004,lease0,3,0.6,3.675472812031094,4.726257256130564,8,150,24,23.49611347545937,0.13108014550138095,83.85797248786798,0.32010533461546853,594.4266671214542,900,900,1.2981341628087275,0.2178503096121513,0.21844527131830385,0.8356728746335957,0.8319916997110613,0.9064171732216624,0.7821496903878487,lease,364,115,0,0.0,0.0,115,297.36224921525354,2125.742981733399,809.0140678061754,900.0000000000002,0,0,0.0,0.0,0.0,273,0,0,0,0.0,0.0,568986054.8219051,2468.1798624101693,17,0.0,0.0,276000.0,0.0,0,0,0,0,0,nan,0.11035375623325629,0.11035375623325629,0.9868009555021368,0.09487070875503018,138.0,0.36
scenario_0004,lease0,4,0.6,3.675472812031094,4.726257256130564,8,150,24,23.49611347545937,0.13108014550138095,83.85797248786798,0.32010533461546853,594.4266671214542,900,900,1.2981341628087275,0.2178503096121513,0.21844527131830385,0.8356728746335957,0.8319916997110613,0.9064171732216624,0.7821496903878487,lease,551,190,0,0.0,0.0,190,145.93052505159164,2230.826704848701,460.5371515826295,900.0000000000002,0,0,0.0,0.0,0.0,172,0,0,0,0.0,0.0,481460436.6877993,1745.990775315105,15,0.0,0.0,559800.0,0.0,3,0,0,0,0,nan,0.08582689112383894,0.08582689112383894,0.9710583283653847,0.09213563295258975,228.0,0.43
scenario_0004,lease0,5,0.6,3.675472812031094,4.726257256130564,8,150,24,23.49611347545937,0.13108014550138095,83.85797248786798,0.32010533461546853,594.4266671214542,900,900,1.2981341628087275,0.2178503096121513,0.21844527131830385,0.8356728746335957,0.8319916997110613,0.9064171732216624,0.7821496903878487,lease,427,119,6,0.048,0.4,119,225.79534809122606,2309.4741747312305,616.7588055706595,900.0000000000002,0,0,0.0,0.0,0.0,358,0,0,0,0.0,0.0,407120021.51528406,1281.097721650684,14,0.0,0.0,374400.0,0.0,3,0,0,0,0,nan,0.08676728287983648,0.08840956583655261,0.9826034767984331,0.08339490056941656,142.79999999999998,0.41
scenario_0004,lease0,6,0.6,3.675472812031094,4.726257256130564,8,150,24,23.49611347545937,0.13108014550138095,83.85797248786798,0.32010533461546853,594.4266671214542,900,900,1.2981341628087275,0.2178503096121513,0.21844527131830385,0.8356728746335957,0.8319916997110613,0.9064171732216624,0.7821496903878487,lease,409,45,0,0.0,0.0,45,542.841109930896,2142.2779406258073,705.3414879796679,900.0000000000002,0,0,0.0,0.0,0.0,375,0,0,0,0.0,0.0,1217780423.8584423,377.4906024773169,2,0.9758502995509843,0.9758502995509843,171600.0,0.0,4,0,0,0,0,nan,0.046508182300422876,0.046508182300422876,0.9781487349002849,0.07484825384862584,54.0,0.35
scenario_0004,lease0,7,0.6,3.675472812031094,4.726257256130564,8,150,24,23.49611347545937,0.13108014550138095,83.85797248786798,0.32010533461546853,594.4266671214542,900,900,1.2981341628087275,0.2178503096121513,0.21844527131830385,0.8356728746335957,0.8319916997110613,0.9064171732216624,0.7821496903878487,lease,320,94,0,0.0,0.0,94,430.4680598361208,2274.508813162997,852.004237032937,900.0000000000002,0,0,0.0,0.0,0.0,246,0,0,0,0.0,0.19419403837232538,308724012.8839448,940.9676996126299,9,0.0,0.0,312000.0,0.0,1,0,0,0,0,nan,0.10068215984191371,0.10068215984191371,0.9636428437678063,0.09029496116995833,112.8,0.32
scenario_0004,lease0,8,0.6,3.675472812031094,4.726257256130564,8,150,24,23.49611347545937,0.13108014550138095,83.85797248786798,0.32010533461546853,594.4266671214542,900,900,1.2981341628087275,0.2178503096121513,0.21844527131830385,0.8356728746335957,0.8319916997110613,0.9064171732216624,0.7821496903878487,lease,460,50,9,0.15254237288135594,0.9,50,437.0610954416777,1831.5550609185243,644.3037407656187,900.0000000000002,0,0,0.0,0.0,0.0,618,0,0,0,0.0,0.0,450486200.13480633,892.5443942578227,11,0.0,0.0,190200.0,4.564873531423814,1,0,0,0,0,nan,0.03175234066942526,0.03245275994889788,0.9815389971688036,0.06676422922937132,60.0,0.38
scenario_0004,lease0,9,0.6,3.675472812031094,4.726257256130564,8,150,24,23.49611347545937,0.13108014550138095,83.85797248786798,0.32010533461546853,594.4266671214542,900,900,1.2981341628087275,0.2178503096121513,0.21844527131830385,0.8356728746335957,0.8319916997110613,0.9064171732216624,0.7821496903878487,lease,515,168,4,0.023255813953488372,0.10256410256410256,168,198.17227154239788,2691.5197595061336,804.8949487977285,900.0000000000002,0,0,0.0,0.0,0.0,360,0,0,0,0.0,0.0,435224809.3586195,2392.348878053401,20,0.0,0.0,400200.0,0.0,1,0,0,0,0,nan,0.09140538984436439,0.09235259595674122,0.9647490762642451,0.09009808174461824,201.6,0.42
scenario_0004,lease0,10,0.6,3.675472812031094,4.726257256130564,8,150,24,23.49611347545937,0.13108014550138095,83.85797248786798,0.32010533461546853,594.4266671214542,900,900,1.2981341628087275,0.2178503096121513,0.21844527131830385,0.8356728746335957,0.8319916997110613,0.9064171732216624,0.7821496903878487,lease,381,120,0,0.0,0.0,120,279.78161310591486,2611.5473143613904,809.3177196869146,900.0000000000002,0,0,0.0,0.0,0.0,270,0,0,0,0.0,0.0,412619270.028204,2170.157772171492,21,0.0,0.0,226800.0,0.0,0,0,0,0,0,nan,0.10379140616810043,0.10379140616810043,0.967226147275641,0.07633121310498671,144.0,0.37
scenario_0004,needs,1,0.6,3.675472812031094,4.726257256130564,8,150,24,23.49611347545937,0.13108014550138095,83.85797248786798,0.32010533461546853,594.4266671214542,900,900,1.2981341628087275,0.2178503096121513,0.21844527131830385,0.8356728746335957,0.8319916997110613,0.9064171732216624,0.7821496903878487,needs,613,303,0,0.0,0.0,303,27.29017021414893,1816.9951418990993,467.492968734928,900.0000000000002,0,0,0.0,0.0,0.0,202,0,0,0,0.0,0.24111528966205842,4541694404.491944,0.0,0,0.0,0.0,3842400.0,65314.637100119944,1,0,0,0,0,nan,0.19736609639326236,0.19736609639326236,0.9511205928062679,0.04835274192227881,363.59999999999997,4.22
scenario_0004,needs,2,0.6,3.675472812031094,4.726257256130564,8,150,24,23.49611347545937,0.13108014550138095,83.85797248786798,0.32010533461546853,594.4266671214542,900,900,1.2981341628087275,0.2178503096121513,0.21844527131830385,0.8356728746335957,0.8319916997110613,0.9064171732216624,0.7821496903878487,needs,616,356,1,0.0028011204481792717,0.015873015873015872,356,23.854530480933704,1643.215479626887,456.0087374590409,900.0000000000002,0,0,0.0,0.0,0.0,323,0,0,0,0.00025558467839225383,0.0,5026752278.4294815,0.0,0,0.0,0.0,4623600.0,72362.66866516988,3,0,0,0,0,nan,0.21309307652467901,0.21372352941380526,0.9516962313924502,0.03006661157032813,427.2,5.08
scenario_0004,needs,3,0.6,3.675472812031094,4.726257256130564,8,150,24,23.49611347545937,0.13108014550138095,83.85797248786798,0.32010533461546853,594.4266671214542,900,900,1.2981341628087275,0.2178503096121513,0.21844527131830385,0.8356728746335957,0.8319916997110613,0.9064171732216624,0.7821496903878487,needs,547,352,0,0.0,0.0,352,21.807734602074902,2271.098176686664,454.77193555783657,900.0000000000002,0,0,0.0,0.0,0.0,147,0,0,0,0.0,0.0,4223964300.321413,0.0,0,0.0,0.0,3997200.0,44434.47043730975,0,0,0,0,0,nan,0.2844740919322641,0.2844740919322641,0.9752194140491453,0.03744327681347291,422.4,4.73
scenario_0004,needs,4,0.6,3.675472812031094,4.726257256130564,8,150,24,23.49611347545937,0.13108014550138095,83.85797248786798,0.32010533461546853,594.4266671214542,900,900,1.2981341628087275,0.2178503096121513,0.21844527131830385,0.8356728746335957,0.8319916997110613,0.9064171732216624,0.7821496903878487,needs,653,349,0,0.0,0.0,349,23.961618296943925,1362.8996003866341,455.35067311515854,900.0000000000002,0,0,0.0,0.0,0.0,72,0,0,0,0.0,0.0,3726629397.3753366,135.5397321783762,1,0.0,0.0,4067400.0,45134.95101743191,1,0,0,0,0,nan,0.22831024352450613,0.22831024352450613,0.9872924150641026,0.04552732174702592,418.79999999999995,4.7
scenario_0004,needs,5,0.6,3.675472812031094,4.726257256130564,8,150,24,23.49611347545937,0.13108014550138095,83.85797248786798,0.32010533461546853,594.4266671214542,900,900,1.2981341628087275,0.2178503096121513,0.21844527131830385,0.8356728746335957,0.8319916997110613,0.9064171732216624,0.7821496903878487,needs,701,481,0,0.0,0.0,481,21.19224044071825,2122.9594510316747,452.2606971364587,900.0000000000002,0,0,0.0,0.0,0.0,160,0,0,0,0.0,0.0,4796253885.274761,0.0,0,0.0,0.0,5199600.0,54345.39560024012,3,0,0,0,0,nan,0.29479024958897054,0.29479024958897054,0.9679194212784901,0.052689500767219885,577.1999999999999,5.63
scenario_0004,needs,6,0.6,3.675472812031094,4.726257256130564,8,150,24,23.49611347545937,0.13108014550138095,83.85797248786798,0.32010533461546853,594.4266671214542,900,900,1.2981341628087275,0.2178503096121513,0.21844527131830385,0.8356728746335957,0.8319916997110613,0.9064171732216624,0.7821496903878487,needs,653,377,0,0.0,0.0,377,23.776410582819608,1717.9937833098231,457.0408954769831,900.0000000000002,0,0,0.0,0.0,0.0,226,0,0,0,0.0,0.0,4484662962.7943535,0.0,0,0.23269377999986318,0.0,4196400.0,54637.30812825254,3,0,0,0,0,nan,0.23827245698107402,0.23827245698107402,0.9774536325676639,0.05156498392300218,452.4,4.92
scenario_0004,needs,7,0.6,3.675472812031094,4.726257256130564,8,150,24,23.49611347545937,0.13108014550138095,83.85797248786798,0.32010533461546853,594.4266671214542,900,900,1.2981341628087275,0.2178503096121513,0.21844527131830385,0.8356728746335957,0.8319916997110613,0.9064171732216624,0.7821496903878487,needs,433,258,0,0.0,0.0,258,22.367672444567916,2119.2832356191257,454.1805733059291,900.0000000000002,0,0,0.0,0.0,0.0,131,0,0,0,0.0,0.20103292969032505,3422521110.678521,0.0,0,0.0,0.0,3031200.0,37389.876108306504,1,0,0,0,0,nan,0.3155509073525027,0.3155509073525027,0.9915385160434473,0.07460252088796955,309.59999999999997,3.81
scenario_0004,needs,8,0.6,3.675472812031094,4.726257256130564,8,150,24,23.49611347545937,0.13108014550138095,83.85797248786798,0.32010533461546853,594.4266671214542,900,900,1.2981341628087275,0.2178503096121513,0.21844527131830385,0.8356728746335957,0.8319916997110613,0.9064171732216624,0.7821496903878487,needs,699,385,0,0.0,0.0,385,31.599705114890867,2047.1764728552614,463.3936718826483,900.0000000000002,0,0,0.0,0.0,0.0,295,0,0,0,0.0,0.0,5306685183.918675,0.0,0,0.0,0.0,4545000.0,65441.802963010276,2,0,0,0,0,nan,0.18355682046932847,0.18355682046932847,0.9849336053418805,0.010253095768748735,462.0,5.03
scenario_0004,needs,9,0.6,3.675472812031094,4.726257256130564,8,150,24,23.49611347545937,0.13108014550138095,83.85797248786798,0.32010533461546853,594.4266671214542,900,900,1.2981341628087275,0.2178503096121513,0.21844527131830385,0.8356728746335957,0.8319916997110613,0.9064171732216624,0.7821496903878487,needs,715,426,0,0.0,0.0,426,22.1260806031284,1416.4978363760004,452.7305276357814,900.0000000000002,0,0,0.0,0.0,0.0,194,0,0,0,0.0,0.0,4432849376.649394,0.0,0,0.0,0.0,4648200.0,49642.2649798882,3,0,0,0,0,nan,0.24900017807739655,0.24900017807739655,0.9719832934116809,0.05948127265544651,511.2,5.15
scenario_0004,needs,10,0.6,3.675472812031094,4.726257256130564,8,150,24,23.49611347545937,0.13108014550138095,83.85797248786798,0.32010533461546853,594.4266671214542,900,900,1.2981341628087275,0.2178503096121513,0.21844527131830385,0.8356728746335957,0.8319916997110613,0.9064171732216624,0.7821496903878487,needs,538,333,0,0.0,0.0,333,24.043484827467637,2006.9481921162132,453.37287317590983,900.0000000000002,0,0,0.0,0.0,0.0,186,0,0,0,0.0,0.0,3978932591.709215,0.0,0,0.0,0.0,3644400.0,35789.70651113854,1,0,0,0,0,nan,0.2574051937677679,0.2574051937677679,0.9787907166666667,0.06043292755897388,399.59999999999997,4.36
scenario_0004,needs_pre,1,0.6,3.675472812031094,4.726257256130564,8,150,24,23.49611347545937,0.13108014550138095,83.85797248786798,0.32010533461546853,594.4266671214542,900,900,1.2981341628087275,0.2178503096121513,0.21844527131830385,0.8356728746335957,0.8319916997110613,0.9064171732216624,0.7821496903878487,needs,626,315,0,0.0,0.0,315,23.416768840878376,2026.2378125386315,457.0895056703944,900.0000000000002,0,0,0.0,0.0,0.0,202,0,0,0,0.0,0.25417161633831936,4849746105.347323,0.0,0,0.0,0.0,3864600.0,52001.289958302295,1,0,0,0,0,nan,0.21692072936094123,0.21692072936094123,0.9716707607371795,0.042696116606042805,378.0,4.4
scenario_0004,needs_pre,2,0.6,3.675472812031094,4.726257256130564,8,150,24,23.49611347545937,0.13108014550138095,83.85797248786798,0.32010533461546853,594.4266671214542,900,900,1.2981341628087275,0.2178503096121513,0.21844527131830385,0.8356728746335957,0.8319916997110613,0.9064171732216624,0.7821496903878487,needs,621,357,0,0.0,0.0,357,21.127826424167324,1991.607329819171,455.5073122339736,900.0000000000002,0,0,0.0,0.0,0.0,297,0,0,0,0.0,0.0,4795767876.277202,0.0,0,0.0,0.0,4639800.0,78991.474481624,3,0,0,0,0,nan,0.21165476292488422,0.21165476292488422,0.9847817833867523,0.028645035865096563,428.4,5.13
scenario_0004,needs_pre,3,0.6,3.675472812031094,4.726257256130564,8,150,24,23.49611347545937,0.13108014550138095,83.85797248786798,0.32010533461546853,594.4266671214542,900,900,1.2981341628087275,0.2178503096121513,0.21844527131830385,0.8356728746335957,0.8319916997110613,0.9064171732216624,0.7821496903878487,needs,541,344,0,0.0,0.0,344,22.4579221931167,2219.1127406023456,453.77203554239253,900.0000000000002,0,0,0.0,0.0,0.0,154,0,0,0,0.0,0.0,4334396956.491393,0.0,0,0.0,0.0,3914400.0,41601.79574217861,0,0,0,0,0,nan,0.28476708040780047,0.28476708040780047,0.9835384485754987,0.02163046155620979,412.79999999999995,4.51
scenario_0004,needs_pre,4,0.6,3.675472812031094,4.726257256130564,8,150,24,23.49611347545937,0.13108014550138095,83.85797248786798,0.32010533461546853,594.4266671214542,900,900,1.2981341628087275,0.2178503096121513,0.21844527131830385,0.8356728746335957,0.8319916997110613,0.9064171732216624,0.7821496903878487,needs,662,366,0,0.0,0.0,366,19.50738283056876,1821.484231247551,458.6388645419407,900.0000000000002,0,0,0.0,0.0,0.0,57,0,0,0,0.0,0.0,3741678037.637794,0.0,0,0.0,0.0,4014000.0,50703.27072739833,0,0,0,0,0,nan,0.24385300038345187,0.24385300038345187,0.9861778837072651,0.07377723402886337,439.2,4.89
scenario_0004,needs_pre,5,0.6,3.675472812031094,4.726257256130564,8,150,24,23.49611347545937,0.13108014550138095,83.85797248786798,0.32010533461546853,594.4266671214542,900,900,1.2981341628087275,0.2178503096121513,0.21844527131830385,0.8356728746335957,0.8319916997110613,0.9064171732216624,0.7821496903878487,needs,691,465,0,0.0,0.0,465,21.40200927067326,1604.970149693921,454.15599280424664,900.0000000000002,0,0,0.0,0.0,0.0,161,0,0,0,0.0,0.0,4844638124.139637,0.0,0,0.0,0.0,5061000.0,49365.29781467933,3,0,0,0,0,nan,0.28051334951584656,0.28051334951584656,0.9691804528846154,0.051481508775409315,558.0,5.49
scenario_0004,needs_pre,6,0.6,3.675472812031094,4.726257256130564,8,150,24,23.49611347545937,0.13108014550138095,83.85797248786798,0.32010533461546853,594.4266671214542,900,900,1.2981341628087275,0.2178503096121513,0.21844527131830385,0.8356728746335957,0.8319916997110613,0.9064171732216624,0.7821496903878487,needs,665,389,1,0.002564102564102564,0.014084507042253521,389,20.043549513050493,1617.5321567083795,453.4259176215642,900.0000000000002,0,0,0.0,0.0,0.0,237,0,0,0,0.0003918712789239155,0.0,4867736362.3699045,0.0,0,2.3269404687989663,0.0,4229400.0,54865.399680323404,4,0,0,0,0,nan,0.24937667467853336,0.25004167914434283,0.9786670473112535,0.04421694703286861,466.79999999999995,5.04
scenario_0004,needs_pre,7,0.6,3.675472812031094,4.726257256130564,8,150,24,23.49611347545937,0.13108014550138095,83.85797248786798,0.32010533461546853,594.4266671214542,900,900,1.2981341628087275,0.2178503096121513,0.21844527131830385,0.8356728746335957,0.8319916997110613,0.9064171732216624,0.7821496903878487,needs,423,247,0,0.0,0.0,247,23.068675560850807,1806.3601632459963,454.9231429984286,900.0000000000002,0,0,0.0,0.0,0.0,138,0,0,0,0.0,0.2703248483834081,3381183049.8031664,0.0,0,0.0,0.0,3042000.0,40937.66429965811,0,0,0,0,0,nan,0.29352126527929234,0.29352126527929234,0.9747867908297722,0.04293197420982523,296.4,3.64
scenario_0004,needs_pre,8,0.6,3.675472812031094,4.726257256130564,8,150,24,23.49611347545937,0.13108014550138095,83.85797248786798,0.32010533461546853,594.4266671214542,900,900,1.2981341628087275,0.2178503096121513,0.21844527131830385,0.8356728746335957,0.8319916997110613,0.9064171732216624,0.7821496903878487,needs,686,376,1,0.002652519893899204,0.013333333333333334,376,27.618713343489162,1777.5917736680083,469.5714656089142,900.0000000000002,0,0,0.0,0.0,0.0,284,0,0,0,0.0003731828340525247,0.0,5384877206.806131,0.0,0,0.0,0.0,4547400.0,70777.1323413378,2,0,0,0,0,nan,0.18410959256850665,0.1845675766296223,0.9849114393696582,0.015321138921788127,451.2,4.94
scenario_0004,needs_pre,9,0.6,3.675472812031094,4.726257256130564,8,150,24,23.49611347545937,0.13108014550138095,83.85797248786798,0.32010533461546853,594.4266671214542,900,900,1.2981341628087275,0.2178503096121513,0.21844527131830385,0.8356728746335957,0.8319916997110613,0.9064171732216624,0.7821496903878487,needs,703,416,0,0.0,0.0,416,23.91908377054733,1646.6652556801434,453.839052392791,900.0000000000002,0,0,0.0,0.0,0.0,188,0,0,0,0.0,0.0,4382442109.272249,188.82957618641615,0,0.0,0.0,4595400.0,51237.31627957724,2,0,0,0,0,nan,0.24310069668036424,0.24310069668036424,0.9703097345797722,0.05448042324671116,499.2,5.03
scenario_0004,needs_pre,10,0.6,3.675472812031094,4.726257256130564,8,150,24,23.49611347545937,0.13108014550138095,83.85797248786798,0.32010533461546853,594.4266671214542,900,900,1.2981341628087275,0.2178503096121513,0.21844527131830385,0.8356728746335957,0.8319916997110613,0.9064171732216624,0.7821496903878487,needs,541,342,0,0.0,0.0,342,23.896943201297063,2163.901987912254,453.54328302262866,900.0000000000002,0,0,0.0,0.0,0.0,175,0,0,0,0.0,0.0,3937706277.427985,0.0,0,0.0,0.0,3662400.0,36681.567310337,2,0,0,0,0,nan,0.269056913418716,0.269056913418716,0.9800341993055557,0.0635338451857389,410.4,4.37
scenario_0004,needs_jev,1,0.6,3.675472812031094,4.726257256130564,8,150,24,23.49611347545937,0.13108014550138095,83.85797248786798,0.32010533461546853,594.4266671214542,900,900,1.2981341628087275,0.2178503096121513,0.21844527131830385,0.8356728746335957,0.8319916997110613,0.9064171732216624,0.7821496903878487,needs,610,303,0,0.0,0.0,303,25.525858682438752,2194.966915727525,472.1878952221356,900.0000000000002,0,0,0.0,0.0,0.0,193,0,0,0,0.0,0.140639480050275,4433400675.675599,0.0,0,0.0,0.0,3811200.0,63465.38848085883,2,0,0,0,0,nan,0.19732765039894812,0.19732765039894812,0.9458829763710827,0.04673842808578802,363.59999999999997,13.01
scenario_0004,needs_jev,2,0.6,3.675472812031094,4.726257256130564,8,150,24,23.49611347545937,0.13108014550138095,83.85797248786798,0.32010533461546853,594.4266671214542,900,900,1.2981341628087275,0.2178503096121513,0.21844527131830385,0.8356728746335957,0.8319916997110613,0.9064171732216624,0.7821496903878487,needs,620,356,1,0.0028011204481792717,0.0,356,22.69984835529351,1889.5274360917192,454.27989636564797,900.0000000000002,0,0,0.0,0.0,0.0,322,0,0,0,1.2498643506144387e-05,0.0,5034155493.040384,0.0,0,0.0,0.0,4726200.0,78500.13866460708,3,0,0,0,0,nan,0.20387144901020068,0.20447283971524552,0.982379926655983,0.03160488411226541,427.2,15.17
scenario_0004,needs_jev,3,0.6,3.675472812031094,4.726257256130564,8,150,24,23.49611347545937,0.13108014550138095,83.85797248786798,0.32010533461546853,594.4266671214542,900,900,1.2981341628087275,0.2178503096121513,0.21844527131830385,0.8356728746335957,0.8319916997110613,0.9064171732216624,0.7821496903878487,needs,546,353,0,0.0,0.0,353,22.73760600157948,1997.0664583831478,454.03692001253495,900.0000000000002,0,0,0.0,0.0,0.0,148,0,0,0,0.0,0.0,4494727322.802044,37.69709964848954,0,0.0,0.0,4059600.0,44669.63163847533,0,0,0,0,0,nan,0.3061618060602255,0.3061618060602255,0.9721061933404559,0.023509600333618874,423.59999999999997,13.8
scenario_0004,needs_jev,4,0.6,3.675472812031094,4.726257256130564,8,150,24,23.49611347545937,0.13108014550138095,83.85797248786798,0.32010533461546853,594.4266671214542,900,900,1.2981341628087275,0.2178503096121513,0.21844527131830385,0.8356728746335957,0.8319916997110613,0.9064171732216624,0.7821496903878487,needs,672,379,0,0.0,0.0,379,22.001017436354687,1736.6754320800774,452.4744139260075,900.0000000000002,0,0,0.0,0.0,0.0,80,0,0,0,0.0,0.0,4165880904.7779474,131.33875762410196,0,0.0,0.0,4208400.0,43924.461682733425,0,0,0,0,0,nan,0.2637801141102696,0.2637801141102696,0.9819488975605414,0.050618358435941126,454.79999999999995,14.66
scenario_0004,needs_jev,5,0.6,3.675472812031094,4.726257256130564,8,150,24,23.49611347545937,0.13108014550138095,83.85797248786798,0.32010533461546853,594.4266671214542,900,900,1.2981341628087275,0.2178503096121513,0.21844527131830385,0.8356728746335957,0.8319916997110613,0.9064171732216624,0.7821496903878487,needs,695,476,0,0.0,0.0,476,21.243723689821707,2180.7636774970233,452.547048651419,900.0000000000002,0,0,0.0,0.0,0.0,168,0,0,0,0.0,0.0,5090791760.958642,0.0,0,0.0,0.0,5226000.0,45080.64097380868,3,0,0,0,0,nan,0.29024908796622273,0.29024908796622273,0.9672716072649573,0.035646774386112974,571.1999999999999,16.68
scenario_0004,needs_jev,6,0.6,3.675472812031094,4.726257256130564,8,150,24,23.49611347545937,0.13108014550138095,83.85797248786798,0.32010533461546853,594.4266671214542,900,900,1.2981341628087275,0.2178503096121513,0.21844527131830385,0.8356728746335957,0.8319916997110613,0.9064171732216624,0.7821496903878487,needs,653,376,1,0.002652519893899204,0.014285714285714285,376,23.97797743363867,1400.1608534975096,459.9377517744924,900.0000000000002,0,0,0.0,0.0,0.0,215,0,0,0,0.00037908227665131133,0.0,4383869134.734666,0.0,0,2.138761620945843,1.425841080630562,4170600.0,56041.082359660795,3,0,0,0,0,nan,0.2322981579088891,0.2329209411740604,0.9809774772435897,0.04494287478745562,451.2,14.59
scenario_0004,needs_jev,7,0.6,3.675472812031094,4.726257256130564,8,150,24,23.49611347545937,0.13108014550138095,83.85797248786798,0.32010533461546853,594.4266671214542,900,900,1.2981341628087275,0.2178503096121513,0.21844527131830385,0.8356728746335957,0.8319916997110613,0.9064171732216624,0.7821496903878487,needs,427,253,0,0.0,0.0,253,23.535774535810788,2311.8180851258144,453.77388148532265,900.0000000000002,0,0,0.0,0.0,0.0,139,0,0,0,0.0,0.12243220983417376,3885533238.147227,0.0,0,0.0,0.0,3060000.0,37865.11002009283,2,0,0,0,0,nan,0.3219688096795717,0.3219688096795717,0.9876381583333333,0.06456985169229428,303.59999999999997,10.96
scenario_0004,needs_jev,8,0.6,3.675472812031094,4.726257256130564,8,150,24,23.49611347545937,0.13108014550138095,83.85797248786798,0.32010533461546853,594.4266671214542,900,900,1.2981341628087275,0.2178503096121513,0.21844527131830385,0.8356728746335957,0.8319916997110613,0.9064171732216624,0.7821496903878487,needs,690,377,1,0.0026455026455026454,0.0136986301369863,377,28.343872557690702,2191.872523987588,469.21860069742115,900.0000000000002,0,0,0.0,0.0,0.0,288,0,0,0,0.002262602200414612,0.0,5371967067.385744,0.0,0,0.0,0.0,4582800.0,71762.55829226926,1,0,0,0,0,nan,0.18235082845272946,0.18280443747873126,0.9830712649038461,0.02129529579471247,452.4,14.52
scenario_0004,needs_jev,9,0.6,3.675472812031094,4.726257256130564,8,150,24,23.49611347545937,0.13108014550138095,83.85797248786798,0.32010533461546853,594.4266671214542,900,900,1.2981341628087275,0.2178503096121513,0.21844527131830385,0.8356728746335957,0.8319916997110613,0.9064171732216624,0.7821496903878487,needs,711,432,0,0.0,0.0,432,22.63916981336331,1518.6763212306066,456.1705495337538,900.0000000000002,0,0,0.0,0.0,0.0,192,0,0,0,0.0,0.0,4693985895.9674635,17.30920206961332,1,0.0,0.0,4728000.0,55851.01237963576,4,0,0,0,0,nan,0.25750768232947924,0.25750768232947924,0.9768202282051283,0.05676777815009359,518.4,15.2
scenario_0004,needs_jev,10,0.6,3.675472812031094,4.726257256130564,8,150,24,23.49611347545937,0.13108014550138095,83.85797248786798,0.32010533461546853,594.4266671214542,900,900,1.2981341628087275,0.2178503096121513,0.21844527131830385,0.8356728746335957,0.8319916997110613,0.9064171732216624,0.7821496903878487,needs,532,331,0,0.0,0.0,331,22.90455400212136,2130.803992457806,454.2753688480169,900.0000000000002,0,0,0.0,0.0,0.0,175,0,0,0,0.0,0.0,4076274482.763118,0.0,0,0.0,0.0,3684000.0,36908.05602154809,1,0,0,0,0,nan,0.2668730225669893,0.2668730225669893,0.956410679059829,0.06868185534478954,397.2,12.63
scenario_0004,needs-content,1,0.6,3.675472812031094,4.726257256130564,8,150,24,23.49611347545937,0.13108014550138095,83.85797248786798,0.32010533461546853,594.4266671214542,900,900,1.2981341628087275,0.2178503096121513,0.21844527131830385,0.8356728746335957,0.8319916997110613,0.9064171732216624,0.7821496903878487,needs,626,320,0,0.0,0.0,320,24.590654740733726,2024.0056394951787,456.2913150020881,900.0000000000002,0,0,0.0,0.0,0.0,194,0,0,0,0.0,0.3095221203069201,4745178679.656197,39.973970033313094,1,0.0,0.0,3861600.0,58277.92748763816,1,0,0,0,0,nan,0.2164642565250625,0.2164642565250625,0.9732179423433049,0.053189477626211124,384.0,4.27
scenario_0004,needs-content,2,0.6,3.675472812031094,4.726257256130564,8,150,24,23.49611347545937,0.13108014550138095,83.85797248786798,0.32010533461546853,594.4266671214542,900,900,1.2981341628087275,0.2178503096121513,0.21844527131830385,0.8356728746335957,0.8319916997110613,0.9064171732216624,0.7821496903878487,needs,620,356,1,0.0028011204481792717,0.0,356,21.23665456923368,1665.5148958467744,456.6138108511419,900.0000000000002,0,0,0.0,0.0,0.0,311,0,0,0,0.0005175362029936155,0.0,4993740285.407092,0.0,0,0.0,0.0,4720800.0,73234.91968739458,3,0,0,0,0,nan,0.21021516489223166,0.21083894876431544,0.9816194758725072,0.024678034414021107,427.2,5.07
scenario_0004,needs-content,3,0.6,3.675472812031094,4.726257256130564,8,150,24,23.49611347545937,0.13108014550138095,83.85797248786798,0.32010533461546853,594.4266671214542,900,900,1.2981341628087275,0.2178503096121513,0.21844527131830385,0.8356728746335957,0.8319916997110613,0.9064171732216624,0.7821496903878487,needs,551,351,0,0.0,0.0,351,22.476248922015202,2022.8804188182344,454.3068306342886,900.0000000000002,0,0,0.0,0.0,0.0,153,0,0,0,0.0,0.0,4387312703.252314,0.0,0,0.0,0.0,3922800.0,44719.14952525467,0,0,0,0,0,nan,0.28324179372059644,0.28324179372059644,0.9793137425213675,0.03370316752014797,421.2,4.6
scenario_0004,needs-content,4,0.6,3.675472812031094,4.726257256130564,8,150,24,23.49611347545937,0.13108014550138095,83.85797248786798,0.32010533461546853,594.4266671214542,900,900,1.2981341628087275,0.2178503096121513,0.21844527131830385,0.8356728746335957,0.8319916997110613,0.9064171732216624,0.7821496903878487,needs,677,386,0,0.0,0.0,386,20.027376792598943,1713.4095415431916,453.7726516176502,900.0000000000002,0,0,0.0,0.0,0.0,63,0,0,0,0.0,0.0,3755019574.843796,0.0,0,0.0,0.0,4218000.0,44374.785487541856,0,0,0,0,0,nan,0.27226191664506993,0.27226191664506993,0.9875030193554132,0.05981135434827863,463.2,4.98
scenario_0004,needs-content,5,0.6,3.675472812031094,4.726257256130564,8,150,24,23.49611347545937,0.13108014550138095,83.85797248786798,0.32010533461546853,594.4266671214542,900,900,1.2981341628087275,0.2178503096121513,0.21844527131830385,0.8356728746335957,0.8319916997110613,0.9064171732216624,0.7821496903878487,needs,699,479,0,0.0,0.0,479,21.367345720769663,1941.21752181695,453.1751577306014,900.0000000000002,0,0,0.0,0.0,0.0,158,0,0,0,0.0,0.0,4768274732.78433,0.0,0,0.0,0.0,5186400.0,47691.791472283745,2,0,0,0,0,nan,0.2914249600500331,0.2914249600500331,0.9911203570334759,0.039401893584547126,574.8,5.47
scenario_0004,needs-content,6,0.6,3.675472812031094,4.726257256130564,8,150,24,23.49611347545937,0.13108014550138095,83.85797248786798,0.32010533461546853,594.4266671214542,900,900,1.2981341628087275,0.2178503096121513,0.21844527131830385,0.8356728746335957,0.8319916997110613,0.9064171732216624,0.7821496903878487,needs,656,377,0,0.0,0.0,377,23.88070915190883,1768.7851439618576,455.4873787294378,900.0000000000002,0,0,0.0,0.0,0.0,221,0,0,0,0.0,0.0,4871766109.8384695,0.0,0,0.0,0.0,4227600.0,55918.38365146628,4,0,0,0,0,nan,0.22582896030256272,0.22582896030256272,0.9861086975249288,0.05054788936611161,452.4,4.82
scenario_0004,needs-content,7,0.6,3.675472812031094,4.726257256130564,8,150,24,23.49611347545937,0.13108014550138095,83.85797248786798,0.32010533461546853,594.4266671214542,900,900,1.2981341628087275,0.2178503096121513,0.21844527131830385,0.8356728746335957,0.8319916997110613,0.9064171732216624,0.7821496903878487,needs,428,253,0,0.0,0.0,253,22.60768932111455,1929.718929439427,454.7477490285473,900.0000000000002,0,0,0.0,0.0,0.0,135,0,0,0,0.0,0.22519801202880052,3869222848.7293963,0.0,0,0.0,0.0,3028800.0,33931.00574551494,1,0,0,0,0,nan,0.3128443679418634,0.3128443679418634,0.9873389180021368,0.06083742535371687,303.59999999999997,3.69
scenario_0004,needs-content,8,0.6,3.675472812031094,4.726257256130564,8,150,24,23.49611347545937,0.13108014550138095,83.85797248786798,0.32010533461546853,594.4266671214542,900,900,1.2981341628087275,0.2178503096121513,0.21844527131830385,0.8356728746335957,0.8319916997110613,0.9064171732216624,0.7821496903878487,needs,701,388,0,0.0,0.0,388,29.043044807719752,2208.1787122382543,464.1839718499212,900.0000000000002,0,0,0.0,0.0,0.0,275,0,0,0,0.0,0.0,5280939765.467004,0.0,0,0.0,0.0,4670400.0,70076.7843865583,3,0,0,0,0,nan,0.19005336826817787,0.19005336826817787,0.9789633795405983,0.015339512678258086,465.59999999999997,5.09
scenario_0004,needs-content,9,0.6,3.675472812031094,4.726257256130564,8,150,24,23.49611347545937,0.13108014550138095,83.85797248786798,0.32010533461546853,594.4266671214542,900,900,1.2981341628087275,0.2178503096121513,0.21844527131830385,0.8356728746335957,0.8319916997110613,0.9064171732216624,0.7821496903878487,needs,708,420,0,0.0,0.0,420,21.03351275914588,2013.3864883904828,455.53907067458886,900.0000000000002,0,0,0.0,0.0,0.0,178,0,0,0,0.0,0.0,4374225043.157516,257.38777549145385,1,0.0,0.0,4549200.0,50265.06461553505,2,0,0,0,0,nan,0.24527385092824863,0.24527385092824863,0.9701635724537038,0.046860036007278026,504.0,5.02
scenario_0004,needs-content,10,0.6,3.675472812031094,4.726257256130564,8,150,24,23.49611347545937,0.13108014550138095,83.85797248786798,0.32010533461546853,594.4266671214542,900,900,1.2981341628087275,0.2178503096121513,0.21844527131830385,0.8356728746335957,0.8319916997110613,0.9064171732216624,0.7821496903878487,needs,534,329,0,0.0,0.0,329,23.862865313477414,1966.2108193783279,452.87162343587835,900.0000000000002,0,0,0.0,0.0,0.0,184,0,0,0,0.0,0.0,3875472133.658163,0.0,0,0.0,0.0,3556800.0,35331.008756316776,1,0,0,0,0,nan,0.2575485167972185,0.2575485167972185,0.9705774638710827,0.06988531006843308,394.79999999999995,4.22
scenario_0004,needs-ev,1,0.6,3.675472812031094,4.726257256130564,8,150,24,23.49611347545937,0.13108014550138095,83.85797248786798,0.32010533461546853,594.4266671214542,900,900,1.2981341628087275,0.2178503096121513,0.21844527131830385,0.8356728746335957,0.8319916997110613,0.9064171732216624,0.7821496903878487,needs,613,295,0,0.0,0.0,295,26.320456243871377,1923.0913049429762,462.8906495372745,900.0000000000002,0,0,0.0,0.0,0.0,185,0,0,0,0.0,0.2788778245770414,4172983533.96111,195.41229156804636,4,0.0,0.0,3747600.0,61716.39437378232,1,0,0,0,0,nan,0.18922471720989217,0.18922471720989217,0.953436385772792,0.03575210501155888,354.0,4.18
scenario_0004,needs-ev,2,0.6,3.675472812031094,4.726257256130564,8,150,24,23.49611347545937,0.13108014550138095,83.85797248786798,0.32010533461546853,594.4266671214542,900,900,1.2981341628087275,0.2178503096121513,0.21844527131830385,0.8356728746335957,0.8319916997110613,0.9064171732216624,0.7821496903878487,needs,617,360,0,0.0,0.0,360,20.500888635171236,2078.3276083870023,454.99208663476855,900.0000000000002,0,0,0.0,0.0,0.0,310,0,0,0,0.0,0.0,5144710445.219052,35.24625473318372,0,0.0,0.0,4691400.0,72962.31725508874,3,0,0,0,0,nan,0.2145067963679135,0.2145067963679135,0.9874912456196582,0.029958973012477942,432.0,5.09
scenario_0004,needs-ev,3,0.6,3.675472812031094,4.726257256130564,8,150,24,23.49611347545937,0.13108014550138095,83.85797248786798,0.32010533461546853,594.4266671214542,900,900,1.2981341628087275,0.2178503096121513,0.21844527131830385,0.8356728746335957,0.8319916997110613,0.9064171732216624,0.7821496903878487,needs,541,345,0,0.0,0.0,345,21.282542458464377,2177.980656871898,454.1244787972349,900.0000000000002,0,0,0.0,0.0,0.0,141,0,0,0,0.0,0.0,4345284255.135962,13.780385016870554,0,0.0,0.0,3854400.0,41966.860129339766,0,0,0,0,0,nan,0.28611658340015234,0.28611658340015234,0.9753916329237893,0.034396877283300376,414.0,4.52
scenario_0004,needs-ev,4,0.6,3.675472812031094,4.726257256130564,8,150,24,23.49611347545937,0.13108014550138095,83.85797248786798,0.32010533461546853,594.4266671214542,900,900,1.2981341628087275,0.2178503096121513,0.21844527131830385,0.8356728746335957,0.8319916997110613,0.9064171732216624,0.7821496903878487,needs,671,375,0,0.0,0.0,375,21.17990501278973,1560.2462478711884,454.31775146061045,900.0000000000002,0,0,0.0,0.0,0.0,60,0,0,0,0.0,0.0,3729603111.443565,618.643112485493,0,0.0,0.0,4091400.0,43107.93024104421,1,0,0,0,0,nan,0.2478633467977913,0.2478633467977913,0.9841508929487179,0.0653982448929479,450.0,4.92
scenario_0004,needs-ev,5,0.6,3.675472812031094,4.726257256130564,8,150,24,23.49611347545937,0.13108014550138095,83.85797248786798,0.32010533461546853,594.4266671214542,900,900,1.2981341628087275,0.2178503096121513,0.21844527131830385,0.8356728746335957,0.8319916997110613,0.9064171732216624,0.7821496903878487,needs,695,476,1,0.0020964360587002098,0.014285714285714285,476,20.390558526583163,1318.9868298897622,452.3747563643663,900.0000000000002,0,0,0.0,0.0,0.0,173,0,0,0,0.0013892960352130572,0.0,4881013357.352609,207.84070246447538,2,0.0,0.0,5229600.0,48263.209014758366,4,0,0,0,0,nan,0.28656534593469796,0.2874750771916335,0.9625958440349003,0.04322156310000928,571.1999999999999,5.58
scenario_0004,needs-ev,6,0.6,3.675472812031094,4.726257256130564,8,150,24,23.49611347545937,0.13108014550138095,83.85797248786798,0.32010533461546853,594.4266671214542,900,900,1.2981341628087275,0.2178503096121513,0.21844527131830385,0.8356728746335957,0.8319916997110613,0.9064171732216624,0.7821496903878487,needs,658,375,1,0.0026595744680851063,0.014705882352941176,375,22.323903641557536,1843.3037455874914,455.5464673167597,900.0000000000002,0,0,0.0,0.0,0.0,216,0,0,0,0.0004127921226368596,0.0,4497203692.348985,130.08302202794601,0,1.4852709744327512,0.9901806496218342,4273800.0,57116.19533146363,5,0,0,0,0,nan,0.23999046004644814,0.2406338661055539,0.983353409170228,0.05685793128529844,450.0,4.91
scenario_0004,needs-ev,7,0.6,3.675472812031094,4.726257256130564,8,150,24,23.49611347545937,0.13108014550138095,83.85797248786798,0.32010533461546853,594.4266671214542,900,900,1.2981341628087275,0.2178503096121513,0.21844527131830385,0.8356728746335957,0.8319916997110613,0.9064171732216624,0.7821496903878487,needs,424,244,0,0.0,0.0,244,24.525537902942688,2348.1285424516823,454.84459920150965,900.0000000000002,0,0,0.0,0.0,0.0,128,0,0,0,0.0,0.20890385167318998,3423441295.075754,134.7101152138099,2,0.0,0.0,2961600.0,41832.59692326342,0,0,0,0,0,nan,0.2930830404227331,0.2930830404227331,0.9751685926994302,0.07112973822088632,292.8,3.79
scenario_0004,needs-ev,8,0.6,3.675472812031094,4.726257256130564,8,150,24,23.49611347545937,0.13108014550138095,83.85797248786798,0.32010533461546853,594.4266671214542,900,900,1.2981341628087275,0.2178503096121513,0.21844527131830385,0.8356728746335957,0.8319916997110613,0.9064171732216624,0.7821496903878487,needs,695,381,1,0.002617801047120419,0.013333333333333334,381,29.240690697634818,2020.6666970345266,461.8556512438292,900.0000000000002,0,0,0.0,0.0,0.0,302,0,0,0,0.00038597618581512143,0.0,5367565732.251397,183.3619328548067,1,0.0,0.0,4522200.0,65152.71232208466,1,0,0,0,0,nan,0.1859263148427879,0.18638652849338885,0.9578372854166667,0.01427762248862324,457.2,5.08
scenario_0004,needs-ev,9,0.6,3.675472812031094,4.726257256130564,8,150,24,23.49611347545937,0.13108014550138095,83.85797248786798,0.32010533461546853,594.4266671214542,900,900,1.2981341628087275,0.2178503096121513,0.21844527131830385,0.8356728746335957,0.8319916997110613,0.9064171732216624,0.7821496903878487,needs,711,425,0,0.0,0.0,425,21.569554777657686,1827.7405664490757,454.2756884064478,900.0000000000002,0,0,0.0,0.0,0.0,185,0,0,0,0.0,0.0,4460944664.78428,188.57915060037215,1,0.0,0.0,4634400.0,48687.14936447901,4,0,0,0,0,nan,0.2544157746411296,0.2544157746411296,0.9731327537749288,0.05668559323944644,510.0,5.24
scenario_0004,needs-ev,10,0.6,3.675472812031094,4.726257256130564,8,150,24,23.49611347545937,0.13108014550138095,83.85797248786798,0.32010533461546853,594.4266671214542,900,900,1.2981341628087275,0.2178503096121513,0.21844527131830385,0.8356728746335957,0.8319916997110613,0.9064171732216624,0.7821496903878487,needs,535,329,0,0.0,0.0,329,23.04984648859272,2149.583007841245,454.6383111598323,900.0000000000002,0,0,0.0,0.0,0.0,176,0,0,0,0.0,0.0,3690250835.2893467,283.29433232500946,2,0.0,0.0,3705600.0,34099.08440366077,1,0,0,0,0,nan,0.25762981289894377,0.25762981289894377,0.9678788889245014,0.04864192570633706,394.79999999999995,4.38
scenario_0004,needs-forecast,1,0.6,3.675472812031094,4.726257256130564,8,150,24,23.49611347545937,0.13108014550138095,83.85797248786798,0.32010533461546853,594.4266671214542,900,900,1.2981341628087275,0.2178503096121513,0.21844527131830385,0.8356728746335957,0.8319916997110613,0.9064171732216624,0.7821496903878487,needs,614,301,0,0.0,0.0,301,28.809160984274513,1830.1554489355656,458.94872387792924,900.0000000000002,0,0,0.0,0.0,0.0,195,0,0,0,0.0,0.2636478623773432,4596828722.061409,0.0,0,0.0,0.0,3734400.0,59844.24530506155,1,0,0,0,0,nan,0.1972155633745747,0.1972155633745747,0.9407379457977209,0.041147279209675376,361.2,4.22
scenario_0004,needs-forecast,2,0.6,3.675472812031094,4.726257256130564,8,150,24,23.49611347545937,0.13108014550138095,83.85797248786798,0.32010533461546853,594.4266671214542,900,900,1.2981341628087275,0.2178503096121513,0.21844527131830385,0.8356728746335957,0.8319916997110613,0.9064171732216624,0.7821496903878487,needs,623,361,0,0.0,0.0,361,21.40707380359845,1634.3640733694724,453.5828207174383,900.0000000000002,0,0,0.0,0.0,0.0,307,0,0,0,0.0,0.0,5027860313.320103,0.0,0,0.0,0.0,4656600.0,68167.16248970875,2,0,0,0,0,nan,0.21803992751221335,0.21803992751221335,0.9917936020121083,0.03646552127619825,433.2,5.12
scenario_0004,needs-forecast,3,0.6,3.675472812031094,4.726257256130564,8,150,24,23.49611347545937,0.13108014550138095,83.85797248786798,0.32010533461546853,594.4266671214542,900,900,1.2981341628087275,0.2178503096121513,0.21844527131830385,0.8356728746335957,0.8319916997110613,0.9064171732216624,0.7821496903878487,needs,545,346,0,0.0,0.0,346,21.45068486358258,1718.1856793327672,454.3520642619551,900.0000000000002,0,0,0.0,0.0,0.0,153,0,0,0,0.0,0.0,4091303758.583697,0.0,0,0.0,0.0,3972000.0,42426.621222029295,0,0,0,0,0,nan,0.28267973921506323,0.28267973921506323,0.9691142721688035,0.03268370967878521,415.2,4.63
scenario_0004,needs-forecast,4,0.6,3.675472812031094,4.726257256130564,8,150,24,23.49611347545937,0.13108014550138095,83.85797248786798,0.32010533461546853,594.4266671214542,900,900,1.2981341628087275,0.2178503096121513,0.21844527131830385,0.8356728746335957,0.8319916997110613,0.9064171732216624,0.7821496903878487,needs,656,365,0,0.0,0.0,365,21.060249869289237,1658.4177178523287,453.7752660787425,900.0000000000002,0,0,0.0,0.0,0.0,71,0,0,0,0.0,0.0,3949355138.612897,0.0,0,0.0,0.0,4136400.0,45069.09926384141,0,0,0,0,0,nan,0.24096589807667718,0.24096589807667718,0.985147204451567,0.04745860302607901,438.0,4.83
scenario_0004,needs-forecast,5,0.6,3.675472812031094,4.726257256130564,8,150,24,23.49611347545937,0.13108014550138095,83.85797248786798,0.32010533461546853,594.4266671214542,900,900,1.2981341628087275,0.2178503096121513,0.21844527131830385,0.8356728746335957,0.8319916997110613,0.9064171732216624,0.7821496903878487,needs,697,474,0,0.0,0.0,474,21.36553209363194,2016.239692648381,452.7962993156504,900.0000000000002,0,0,0.0,0.0,0.0,169,0,0,0,0.0,0.0,4477407541.349126,0.0,0,0.0,0.0,5210400.0,49616.034403991995,3,0,0,0,0,nan,0.2942656034605024,0.2942656034605024,0.9850012925035614,0.04986762005952398,568.8,5.62
scenario_0004,needs-forecast,6,0.6,3.675472812031094,4.726257256130564,8,150,24,23.49611347545937,0.13108014550138095,83.85797248786798,0.32010533461546853,594.4266671214542,900,900,1.2981341628087275,0.2178503096121513,0.21844527131830385,0.8356728746335957,0.8319916997110613,0.9064171732216624,0.7821496903878487,needs,658,379,1,0.002631578947368421,0.014084507042253521,379,22.74855025024044,1637.4474601972465,455.2321608245855,900.0000000000002,0,0,0.0,0.0,0.0,231,0,0,0,0.00040172588882234636,0.0,4483742761.41795,0.0,0,0.753576758249892,0.376788379124946,4258800.0,56322.46535424084,4,0,0,0,0,nan,0.23907916032488102,0.23972012322119438,0.9803914353098291,0.046924964297649835,454.79999999999995,5.08
scenario_0004,needs-forecast,7,0.6,3.675472812031094,4.726257256130564,8,150,24,23.49611347545937,0.13108014550138095,83.85797248786798,0.32010533461546853,594.4266671214542,900,900,1.2981341628087275,0.2178503096121513,0.21844527131830385,0.8356728746335957,0.8319916997110613,0.9064171732216624,0.7821496903878487,needs,433,258,0,0.0,0.0,258,22.367672444567916,2119.2832356191257,454.1805733059291,900.0000000000002,0,0,0.0,0.0,0.0,131,0,0,0,0.0,0.20103292969032505,3422521110.678521,0.0,0,0.0,0.0,3031200.0,37389.876108306504,1,0,0,0,0,nan,0.3155509073525027,0.3155509073525027,0.9915385160434473,0.07460252088796955,309.59999999999997,3.87
scenario_0004,needs-forecast,8,0.6,3.675472812031094,4.726257256130564,8,150,24,23.49611347545937,0.13108014550138095,83.85797248786798,0.32010533461546853,594.4266671214542,900,900,1.2981341628087275,0.2178503096121513,0.21844527131830385,0.8356728746335957,0.8319916997110613,0.9064171732216624,0.7821496903878487,needs,703,389,1,0.002564102564102564,0.013333333333333334,389,27.545457358014573,2121.3935498956134,457.3958798396063,900.0000000000002,0,0,0.0,0.0,0.0,313,0,0,0,0.0003678333017072128,0.0,5278400058.906223,0.0,0,0.0,0.0,4642200.0,76515.0727148251,3,0,0,0,0,nan,0.20247856986154392,0.20298099807459985,0.9769160521189458,0.014261012103870358,466.79999999999995,5.2
scenario_0004,needs-forecast,9,0.6,3.675472812031094,4.726257256130564,8,150,24,23.49611347545937,0.13108014550138095,83.85797248786798,0.32010533461546853,594.4266671214542,900,900,1.2981341628087275,0.2178503096121513,0.21844527131830385,0.8356728746335957,0.8319916997110613,0.9064171732216624,0.7821496903878487,needs,711,424,0,0.0,0.0,424,21.975170196977842,1625.6819926827131,455.94514475361103,900.0000000000002,0,0,0.0,0.0,0.0,184,0,0,0,0.0,0.0,4667452417.793086,0.0,0,0.0,0.0,4639200.0,53147.223532341435,3,0,0,0,0,nan,0.2503318249007253,0.2503318249007253,0.9749136728988604,0.05445455740614931,508.79999999999995,5.44
scenario_0004,needs-forecast,10,0.6,3.675472812031094,4.726257256130564,8,150,24,23.49611347545937,0.13108014550138095,83.85797248786798,0.32010533461546853,594.4266671214542,900,900,1.2981341628087275,0.2178503096121513,0.21844527131830385,0.8356728746335957,0.8319916997110613,0.9064171732216624,0.7821496903878487,needs,534,332,0,0.0,0.0,332,22.579215949450372,2386.0397529368,456.96281191765513,900.0000000000002,0,0,0.0,0.0,0.0,177,0,0,0,0.0,0.0,3920711913.013903,0.0,0,0.0,0.0,3582000.0,32010.78859958311,1,0,0,0,0,nan,0.2618857029300986,0.2618857029300986,0.9762657120014246,0.065386978953591,398.4,4.45
scenario_0004,needs-conformal,1,0.6,3.675472812031094,4.726257256130564,8,150,24,23.49611347545937,0.13108014550138095,83.85797248786798,0.32010533461546853,594.4266671214542,900,900,1.2981341628087275,0.2178503096121513,0.21844527131830385,0.8356728746335957,0.8319916997110613,0.9064171732216624,0.7821496903878487,needs,615,304,0,0.0,0.0,304,25.916099474078123,1957.2715092558221,462.4896398695639,900.0000000000002,0,0,0.0,0.0,0.0,196,0,0,0,0.0,0.33965129637951286,4630306616.2045,0.0,0,0.0,0.0,3906000.0,58452.177011901484,1,0,0,0,0,nan,0.2065706760052552,0.2065706760052552,0.9483803818376069,0.041722386719832166,364.8,4.32
scenario_0004,needs-conformal,2,0.6,3.675472812031094,4.726257256130564,8,150,24,23.49611347545937,0.13108014550138095,83.85797248786798,0.32010533461546853,594.4266671214542,900,900,1.2981341628087275,0.2178503096121513,0.21844527131830385,0.8356728746335957,0.8319916997110613,0.9064171732216624,0.7821496903878487,needs,613,357,2,0.005571030640668524,0.015873015873015872,357,22.827507845889613,1136.3669861951817,454.95429903294644,900.0000000000002,0,0,0.0,0.0,0.0,315,0,0,0,0.0007582157779680427,0.0,4883227608.838329,0.0,0,0.0,0.0,4869600.0,72913.10057581875,4,0,0,0,0,nan,0.22028750880918194,0.22161454199477942,0.9759890078169516,0.03430614041841539,428.4,5.17
scenario_0004,needs-conformal,3,0.6,3.675472812031094,4.726257256130564,8,150,24,23.49611347545937,0.13108014550138095,83.85797248786798,0.32010533461546853,594.4266671214542,900,900,1.2981341628087275,0.2178503096121513,0.21844527131830385,0.8356728746335957,0.8319916997110613,0.9064171732216624,0.7821496903878487,needs,538,339,0,0.0,0.0,339,23.304064843443484,1330.4100666196753,453.75905103512366,900.0000000000002,0,0,0.0,0.0,0.0,159,0,0,0,0.0,0.0,4583208722.056349,0.0,0,0.0,0.0,4093200.0,39400.224668051385,0,0,0,0,0,nan,0.27198784736491677,0.27198784736491677,0.9738773633903135,0.02702412560893846,406.79999999999995,4.6
scenario_0004,needs-conformal,4,0.6,3.675472812031094,4.726257256130564,8,150,24,23.49611347545937,0.13108014550138095,83.85797248786798,0.32010533461546853,594.4266671214542,900,900,1.2981341628087275,0.2178503096121513,0.21844527131830385,0.8356728746335957,0.8319916997110613,0.9064171732216624,0.7821496903878487,needs,671,368,0,0.0,0.0,368,20.327708291089266,1554.7096964922646,454.70406822923144,900.0000000000002,0,0,0.0,0.0,0.0,76,0,0,0,0.0,0.0,4058816602.8990664,27.929378708751983,0,0.0,0.0,4306800.0,44542.752850902354,1,0,0,0,0,nan,0.251831431667212,0.251831431667212,0.9713384956908833,0.046334898792196565,441.59999999999997,5.03
scenario_0004,needs-conformal,5,0.6,3.675472812031094,4.726257256130564,8,150,24,23.49611347545937,0.13108014550138095,83.85797248786798,0.32010533461546853,594.4266671214542,900,900,1.2981341628087275,0.2178503096121513,0.21844527131830385,0.8356728746335957,0.8319916997110613,0.9064171732216624,0.7821496903878487,needs,699,479,1,0.0020833333333333333,0.0136986301369863,479,22.958680868869124,1505.7102750287227,454.587822721427,900.0000000000002,0,0,0.0,0.0,0.0,171,0,0,0,0.0013725000604551904,0.0,4997792961.295835,0.0,0,0.0,0.0,5474400.0,50363.86709548029,4,0,0,0,0,nan,0.289437476242764,0.2903534176232791,0.9891615372685185,0.029883013066806914,574.8,5.71
scenario_0004,needs-conformal,6,0.6,3.675472812031094,4.726257256130564,8,150,24,23.49611347545937,0.13108014550138095,83.85797248786798,0.32010533461546853,594.4266671214542,900,900,1.2981341628087275,0.2178503096121513,0.21844527131830385,0.8356728746335957,0.8319916997110613,0.9064171732216624,0.7821496903878487,needs,658,374,1,0.0026666666666666666,0.014285714285714285,374,24.115371185756658,1860.9009838528875,456.1892899465211,900.0000000000002,0,0,0.0,0.0,0.0,233,0,0,0,0.00040901638315546726,0.0,4874415724.136752,0.0,0,1.1579601570510931,0.0,4425600.0,55361.74749427939,4,0,0,0,0,nan,0.23467515025538904,0.23529928629330232,0.9704157425925927,0.05425969542736745,448.79999999999995,5.11
scenario_0004,needs-conformal,7,0.6,3.675472812031094,4.726257256130564,8,150,24,23.49611347545937,0.13108014550138095,83.85797248786798,0.32010533461546853,594.4266671214542,900,900,1.2981341628087275,0.2178503096121513,0.21844527131830385,0.8356728746335957,0.8319916997110613,0.9064171732216624,0.7821496903878487,needs,430,255,0,0.0,0.0,255,22.22699901830424,2073.0810325902,453.8410048096226,900.0000000000002,0,0,0.0,0.0,0.0,134,0,0,0,0.0,0.12029024127826997,3480699265.6871185,0.0,0,0.0,0.0,3186000.0,35553.73032197308,2,0,0,0,0,nan,0.31627761625550244,0.31627761625550244,0.9916625735933049,0.06413735062977828,306.0,3.81
scenario_0004,needs-conformal,8,0.6,3.675472812031094,4.726257256130564,8,150,24,23.49611347545937,0.13108014550138095,83.85797248786798,0.32010533461546853,594.4266671214542,900,900,1.2981341628087275,0.2178503096121513,0.21844527131830385,0.8356728746335957,0.8319916997110613,0.9064171732216624,0.7821496903878487,needs,700,386,1,0.002583979328165375,0.013513513513513514,386,30.2662024467337,2188.737434208198,467.9706967113236,900.0000000000002,0,0,0.0,0.0,0.0,275,0,0,0,0.0003821093694778316,0.0,5506453086.678319,111.50103654631096,1,0.0,0.0,4668600.0,70639.77082846628,2,0,0,0,0,nan,0.18690967701870134,0.18737118239405615,0.9835280206196582,0.015537645990703406,463.2,5.21
scenario_0004,needs-conformal,9,0.6,3.675472812031094,4.726257256130564,8,150,24,23.49611347545937,0.13108014550138095,83.85797248786798,0.32010533461546853,594.4266671214542,900,900,1.2981341628087275,0.2178503096121513,0.21844527131830385,0.8356728746335957,0.8319916997110613,0.9064171732216624,0.7821496903878487,needs,706,428,0,0.0,0.0,428,22.47499489449274,2415.820243395172,455.2831125922453,900.0000000000002,0,0,0.0,0.0,0.0,184,0,0,0,0.0,0.0,4631927081.84987,0.0,0,0.0,0.0,4758000.0,54284.915715683055,4,0,0,0,0,nan,0.24367362915355195,0.24367362915355195,0.9726487123219373,0.06722002892765515,513.6,5.22
scenario_0004,needs-conformal,10,0.6,3.675472812031094,4.726257256130564,8,150,24,23.49611347545937,0.13108014550138095,83.85797248786798,0.32010533461546853,594.4266671214542,900,900,1.2981341628087275,0.2178503096121513,0.21844527131830385,0.8356728746335957,0.8319916997110613,0.9064171732216624,0.7821496903878487,needs,538,334,0,0.0,0.0,334,23.988834687291956,2400.4411953169574,455.48546881459754,900.0000000000002,0,0,0.0,0.0,0.0,178,0,0,0,0.0,0.0,3873048546.0768213,0.0,0,0.0,0.0,3698400.0,34647.95046161918,2,0,0,0,0,nan,0.26705802817941754,0.26705802817941754,0.9763086228632479,0.06403398668938484,400.79999999999995,4.41
scenario_0004,needs-learn_pre,1,0.6,3.675472812031094,4.726257256130564,8,150,24,23.49611347545937,0.13108014550138095,83.85797248786798,0.32010533461546853,594.4266671214542,900,900,1.2981341628087275,0.2178503096121513,0.21844527131830385,0.8356728746335957,0.8319916997110613,0.9064171732216624,0.7821496903878487,needs,609,294,0,0.0,0.0,294,30.40789972407731,2092.035247855823,462.29368634040975,900.0000000000002,0,0,0.0,0.0,0.0,167,0,0,0,0.0,0.0,4108616621.343023,101.62474478080662,1,0.0,0.0,3592800.0,54546.58680936032,1,0,0,0,0,nan,0.1818308096223478,0.1818308096223478,0.9774502373753562,0.051231508658404326,352.8,1.96
scenario_0004,needs-learn_pre,2,0.6,3.675472812031094,4.726257256130564,8,150,24,23.49611347545937,0.13108014550138095,83.85797248786798,0.32010533461546853,594.4266671214542,900,900,1.2981341628087275,0.2178503096121513,0.21844527131830385,0.8356728746335957,0.8319916997110613,0.9064171732216624,0.7821496903878487,needs,617,358,0,0.0,0.0,358,24.421763067077336,1692.222305138279,454.4549204523116,900.0000000000002,0,0,0.0,0.0,0.0,266,0,0,0,0.0,0.0,4364700038.7457,0.0,0,0.0,0.0,4557000.0,65113.98299986954,3,0,0,0,0,nan,0.20695796651165208,0.20695796651165208,0.9814872032763533,0.016038892331876456,429.59999999999997,2.34
scenario_0004,needs-learn_pre,3,0.6,3.675472812031094,4.726257256130564,8,150,24,23.49611347545937,0.13108014550138095,83.85797248786798,0.32010533461546853,594.4266671214542,900,900,1.2981341628087275,0.2178503096121513,0.21844527131830385,0.8356728746335957,0.8319916997110613,0.9064171732216624,0.7821496903878487,needs,537,336,0,0.0,0.0,336,23.76704379530304,2174.367634436296,459.932446433154,900.0000000000002,0,0,0.0,0.0,0.0,128,0,0,0,0.0,0.0,4122315329.521305,324.6535908000629,0,0.0,0.0,3783600.0,39339.278267066744,0,0,0,0,0,nan,0.25587521696495347,0.25587521696495347,0.9751266362357551,0.054012924069706196,403.2,1.96
scenario_0004,needs-learn_pre,4,0.6,3.675472812031094,4.726257256130564,8,150,24,23.49611347545937,0.13108014550138095,83.85797248786798,0.32010533461546853,594.4266671214542,900,900,1.2981341628087275,0.2178503096121513,0.21844527131830385,0.8356728746335957,0.8319916997110613,0.9064171732216624,0.7821496903878487,needs,679,374,0,0.0,0.0,374,20.57566171063627,1442.6424489222481,453.6089832111034,900.0000000000002,0,0,0.0,0.0,0.0,42,0,0,0,0.0,0.0,3491943088.7304444,16.332257106168584,1,0.0,0.0,3931800.0,43188.795592393,1,0,0,0,0,nan,0.2563827671219277,0.2563827671219277,0.9862522977742166,0.06323628978927628,448.79999999999995,2.21
scenario_0004,needs-learn_pre,5,0.6,3.675472812031094,4.726257256130564,8,150,24,23.49611347545937,0.13108014550138095,83.85797248786798,0.32010533461546853,594.4266671214542,900,900,1.2981341628087275,0.2178503096121513,0.21844527131830385,0.8356728746335957,0.8319916997110613,0.9064171732216624,0.7821496903878487,needs,680,449,0,0.0,0.0,449,21.2842698647853,1964.3345141556308,454.4917816619527,900.0000000000002,0,0,0.0,0.0,0.0,132,0,0,0,0.0,0.0,4031976322.2342052,0.0,0,0.0,0.0,4782000.0,47348.459060878995,3,0,0,0,0,nan,0.26416542950334676,0.26416542950334676,0.962433089155983,0.06111180576418979,538.8,2.41
scenario_0004,needs-learn_pre,6,0.6,3.675472812031094,4.726257256130564,8,150,24,23.49611347545937,0.13108014550138095,83.85797248786798,0.32010533461546853,594.4266671214542,900,900,1.2981341628087275,0.2178503096121513,0.21844527131830385,0.8356728746335957,0.8319916997110613,0.9064171732216624,0.7821496903878487,needs,644,370,0,0.0,0.0,370,23.147392445790047,2046.751337630863,465.3359900960252,900.0000000000002,0,0,0.0,0.0,0.0,194,0,0,0,0.0,0.0,4376952287.747234,0.0,0,2.7764459549443927,0.0,4004400.0,54502.178184526376,3,0,0,0,0,nan,0.21475364566838653,0.21475364566838653,0.9801368160434474,0.0242674570526002,444.0,2.24
scenario_0004,needs-learn_pre,7,0.6,3.675472812031094,4.726257256130564,8,150,24,23.49611347545937,0.13108014550138095,83.85797248786798,0.32010533461546853,594.4266671214542,900,900,1.2981341628087275,0.2178503096121513,0.21844527131830385,0.8356728746335957,0.8319916997110613,0.9064171732216624,0.7821496903878487,needs,430,256,0,0.0,0.0,256,23.913374317929765,2043.2452632055702,456.09596520080476,900.0000000000002,0,0,0.0,0.0,0.0,95,0,0,0,0.0,0.11762233330652247,3081978037.0777507,0.0,0,0.0,0.0,2910000.0,35929.986511519135,2,0,0,0,0,nan,0.31061185669641156,0.31061185669641156,0.9865935849358975,0.07050413700890057,307.2,1.65
scenario_0004,needs-learn_pre,8,0.6,3.675472812031094,4.726257256130564,8,150,24,23.49611347545937,0.13108014550138095,83.85797248786798,0.32010533461546853,594.4266671214542,900,900,1.2981341628087275,0.2178503096121513,0.21844527131830385,0.8356728746335957,0.8319916997110613,0.9064171732216624,0.7821496903878487,needs,687,367,0,0.0,0.0,367,35.16392672242955,2237.3721683143835,487.6543832898219,900.0000000000002,0,0,0.0,0.0,0.0,249,0,0,0,0.0,0.0,5000025067.832218,0.0,0,0.0,0.0,4412400.0,70598.28331514403,1,0,0,0,0,nan,0.1557700317551841,0.1557700317551841,0.9595415148148148,0.019499157254197156,440.4,2.37
scenario_0004,needs-learn_pre,9,0.6,3.675472812031094,4.726257256130564,8,150,24,23.49611347545937,0.13108014550138095,83.85797248786798,0.32010533461546853,594.4266671214542,900,900,1.2981341628087275,0.2178503096121513,0.21844527131830385,0.8356728746335957,0.8319916997110613,0.9064171732216624,0.7821496903878487,needs,711,424,0,0.0,0.0,424,22.425694676633384,2083.466908366389,456.002341759071,900.0000000000002,0,0,0.0,0.0,0.0,155,0,0,0,0.0,0.0,4303346773.673929,131.30796780787193,2,0.0,0.0,4430400.0,46000.19233978781,4,0,0,0,0,nan,0.2503923974085479,0.2503923974085479,0.9623143300391739,0.05626892658831386,508.79999999999995,2.26
scenario_0004,needs-learn_pre,10,0.6,3.675472812031094,4.726257256130564,8,150,24,23.49611347545937,0.13108014550138095,83.85797248786798,0.32010533461546853,594.4266671214542,900,900,1.2981341628087275,0.2178503096121513,0.21844527131830385,0.8356728746335957,0.8319916997110613,0.9064171732216624,0.7821496903878487,needs,533,330,0,0.0,0.0,330,22.76549456237069,2397.663703710753,454.2285057402244,900.0000000000002,0,0,0.0,0.0,0.0,156,0,0,0,0.0,0.0,3453419507.9315376,0.0,0,0.0,0.0,3451200.0,32453.848839993763,2,0,0,0,0,nan,0.26176717083939344,0.26176717083939344,0.9810463989850428,0.06736339353609905,396.0,1.79
scenario_0004,oracle0,1,0.6,3.675472812031094,4.726257256130564,8,150,24,23.49611347545937,0.13108014550138095,83.85797248786798,0.32010533461546853,594.4266671214542,900,900,1.2981341628087275,0.2178503096121513,0.21844527131830385,0.8356728746335957,0.8319916997110613,0.9064171732216624,0.7821496903878487,clairvoyant,644,352,0,0.0,0.0,352,19.926947614320852,1208.49177061609,125.18835738675374,900.0000000000002,0,0,0.0,0.0,0.0,297,0,0,0,0.0,0.281222539306071,3546435942.808971,12.981341628087137,10,0.0,0.0,0.0,0.0,6,0,0,0,0,nan,0.27573291173344955,0.27573291173344955,0.9875398891915955,0.05247153251671557,422.4,0.34
scenario_0004,oracle0,2,0.6,3.675472812031094,4.726257256130564,8,150,24,23.49611347545937,0.13108014550138095,83.85797248786798,0.32010533461546853,594.4266671214542,900,900,1.2981341628087275,0.2178503096121513,0.21844527131830385,0.8356728746335957,0.8319916997110613,0.9064171732216624,0.7821496903878487,clairvoyant,645,393,3,0.007575757575757576,0.02666666666666667,393,17.778701788577564,1823.1791921276679,186.33022994409745,900.0000000000002,0,0,0.0,0.0,0.0,440,0,0,0,0.004995538561152312,0.0,3928910412.1298594,1.298134162808708,1,0.0,0.0,0.0,0.0,5,0,0,0,0,nan,0.2693261031150235,0.27172366486382193,0.9921293407229346,0.03205348339672221,471.59999999999997,0.39
scenario_0004,oracle0,3,0.6,3.675472812031094,4.726257256130564,8,150,24,23.49611347545937,0.13108014550138095,83.85797248786798,0.32010533461546853,594.4266671214542,900,900,1.2981341628087275,0.2178503096121513,0.21844527131830385,0.8356728746335957,0.8319916997110613,0.9064171732216624,0.7821496903878487,clairvoyant,577,389,1,0.002564102564102564,0.014285714285714285,389,18.000711880754807,944.2600329719198,136.11185813694897,900.0000000000002,0,0,0.0,0.0,0.0,230,0,0,0,0.0003670236856009541,0.0,3140434229.236939,2.596268325617473,2,0.0,0.0,0.0,0.0,2,0,0,0,0,nan,0.3626141785405435,0.36391854608925045,0.9917827107371795,0.04411487090227537,466.79999999999995,0.3
scenario_0004,oracle0,4,0.6,3.675472812031094,4.726257256130564,8,150,24,23.49611347545937,0.13108014550138095,83.85797248786798,0.32010533461546853,594.4266671214542,900,900,1.2981341628087275,0.2178503096121513,0.21844527131830385,0.8356728746335957,0.8319916997110613,0.9064171732216624,0.7821496903878487,clairvoyant,702,436,0,0.0,0.0,436,17.46794924653591,1169.4923440641899,166.19060432786375,900.0000000000002,0,0,0.0,0.0,0.0,118,0,0,0,0.0,0.0,2757261329.7982197,6.490670814043767,5,0.0,0.0,0.0,0.0,7,0,0,0,0,nan,0.34723621593285264,0.34723621593285264,0.9921273485933049,0.06823752795004988,523.1999999999999,0.37
scenario_0004,oracle0,5,0.6,3.675472812031094,4.726257256130564,8,150,24,23.49611347545937,0.13108014550138095,83.85797248786798,0.32010533461546853,594.4266671214542,900,900,1.2981341628087275,0.2178503096121513,0.21844527131830385,0.8356728746335957,0.8319916997110613,0.9064171732216624,0.7821496903878487,clairvoyant,720,509,2,0.003913894324853229,0.024691358024691357,509,17.184442463973937,1049.600196499671,239.68502921918105,900.0000000000002,0,0,0.0,0.0,0.0,268,0,0,0,0.0017275483158627196,0.0,3660617670.59533,7.788804976852589,6,0.0,0.0,0.0,0.0,4,0,0,0,0,nan,0.34414778994147804,0.3463190693732855,0.9928596470441595,0.041721634588434024,610.8,0.35
scenario_0004,oracle0,6,0.6,3.675472812031094,4.726257256130564,8,150,24,23.49611347545937,0.13108014550138095,83.85797248786798,0.32010533461546853,594.4266671214542,900,900,1.2981341628087275,0.2178503096121513,0.21844527131830385,0.8356728746335957,0.8319916997110613,0.9064171732216624,0.7821496903878487,clairvoyant,692,426,2,0.004672897196261682,0.012048192771084338,426,17.757134598864923,1134.1068022840448,149.39768353267235,900.0000000000002,0,0,0.0,0.0,0.0,338,0,0,0,0.003211006608871337,0.12429118132669455,3680617992.840887,6.490670814043597,5,0.0,0.0,0.0,0.0,4,0,0,0,0,nan,0.2949869941844856,0.2965686938852067,0.9886206784009972,0.041317453789535656,511.2,0.36
scenario_0004,oracle0,7,0.6,3.675472812031094,4.726257256130564,8,150,24,23.49611347545937,0.13108014550138095,83.85797248786798,0.32010533461546853,594.4266671214542,900,900,1.2981341628087275,0.2178503096121513,0.21844527131830385,0.8356728746335957,0.8319916997110613,0.9064171732216624,0.7821496903878487,clairvoyant,444,284,1,0.0035087719298245615,0.0,284,20.458428626540808,1660.5450655848028,164.8716750867594,900.0000000000002,0,0,0.0,0.0,0.0,189,0,0,0,0.0011110426324471687,0.17209203098816092,2719697065.0912137,6.490670814043597,5,0.0,0.0,0.0,0.0,2,0,0,0,0,nan,0.38970390262147564,0.3912689785356181,0.9860290206018518,0.0911036449139103,340.8,0.25
scenario_0004,oracle0,8,0.6,3.675472812031094,4.726257256130564,8,150,24,23.49611347545937,0.13108014550138095,83.85797248786798,0.32010533461546853,594.4266671214542,900,900,1.2981341628087275,0.2178503096121513,0.21844527131830385,0.8356728746335957,0.8319916997110613,0.9064171732216624,0.7821496903878487,clairvoyant,740,439,4,0.009029345372460496,0.03296703296703297,439,17.492545613054517,2239.0240433373124,216.48575660295933,900.0000000000002,0,0,0.0,0.0,0.0,500,0,0,0,0.005808216286073937,0.0,3988900279.0807304,7.788804976852589,6,0.0,0.0,0.0,0.0,4,0,0,0,0,nan,0.2645120201981152,0.2668520964880993,0.9924616623753562,0.023061389394566662,526.8,0.4
scenario_0004,oracle0,9,0.6,3.675472812031094,4.726257256130564,8,150,24,23.49611347545937,0.13108014550138095,83.85797248786798,0.32010533461546853,594.4266671214542,900,900,1.2981341628087275,0.2178503096121513,0.21844527131830385,0.8356728746335957,0.8319916997110613,0.9064171732216624,0.7821496903878487,clairvoyant,741,472,2,0.004219409282700422,0.020202020202020204,472,17.88267405389024,1535.0522187379142,230.36668319922043,900.0000000000002,0,0,0.0,0.0,0.0,284,0,0,0,0.0016800866129218035,0.00022246309404830593,3418394783.7299557,5.192536651234946,4,0.0,0.0,0.0,0.0,6,0,0,0,0,nan,0.30901341031465146,0.3106062629451393,0.9742841362891739,0.07040699303892639,566.4,0.37
scenario_0004,oracle0,10,0.6,3.675472812031094,4.726257256130564,8,150,24,23.49611347545937,0.13108014550138095,83.85797248786798,0.32010533461546853,594.4266671214542,900,900,1.2981341628087275,0.2178503096121513,0.21844527131830385,0.8356728746335957,0.8319916997110613,0.9064171732216624,0.7821496903878487,clairvoyant,556,367,2,0.005420054200542005,0.014492753623188406,367,18.93257303438213,1322.7509428767178,139.23601286222274,900.0000000000002,0,0,0.0,0.0,0.0,235,0,0,0,0.013143702140879647,0.00031682525327149694,3032138875.8217707,11.683207465278826,9,0.0,0.0,0.0,0.0,4,0,0,0,0,nan,0.3511458712880158,0.3536630459925894,0.9900114652955841,0.07166113007339578,440.4,0.28
scenario_0013,gate_fifo300,1,0.6,2.0048089580032427,5.503915440523606,8,141,24,109.63128674148308,0.46606187289977946,234.60667914728748,0.2763096967801179,153.79967840335826,300,900,2.246822197860199,0.16057097290635328,0.2825882686149096,0.6873038985117523,0.7730115774032742,1.002120773935327,0.8394290270936468,reactive_gate,329,91,15,0.14150943396226415,0.2727272727272727,91,880.0126909942474,2602.298010754754,274.4996552112405,300.0000000000002,0,0,0.0,0.0,0.0,640,0,0,0,0.013561499827891652,0.20439373671424704,5162485621.841312,0.0,0,0.0,0.0,0.0,0.0,5,0,0,0,0,nan,0.1105946521533473,0.11683119268831049,0.7147064832621083,0.03357965717026482,109.19999999999999,0.22
scenario_0013,gate_fifo300,2,0.6,2.0048089580032427,5.503915440523606,8,141,24,109.63128674148308,0.46606187289977946,234.60667914728748,0.2763096967801179,153.79967840335826,300,900,2.246822197860199,0.16057097290635328,0.2825882686149096,0.6873038985117523,0.7730115774032742,1.002120773935327,0.8394290270936468,reactive_gate,249,111,5,0.04310344827586207,0.1,111,484.55300695886467,2255.1006598886506,162.27900507816898,300.0000000000002,0,0,0.0,0.0,0.0,218,0,0,0,0.007923525207663427,0.005451901495998181,3537353931.554539,0.0,0,0.0,0.0,0.0,0.0,12,0,0,0,0,nan,0.20251669276305956,0.20820536390808927,0.8820209006766383,0.0856263183406832,133.2,0.17
scenario_0013,gate_fifo300,3,0.6,2.0048089580032427,5.503915440523606,8,141,24,109.63128674148308,0.46606187289977946,234.60667914728748,0.2763096967801179,153.79967840335826,300,900,2.246822197860199,0.16057097290635328,0.2825882686149096,0.6873038985117523,0.7730115774032742,1.002120773935327,0.8394290270936468,reactive_gate,282,114,20,0.14925373134328357,0.3584905660377358,114,509.32944223898335,2106.732500326502,140.3174964068164,300.0000000000002,0,0,0.0,0.0,0.0,331,0,0,0,0.017031970005754734,0.0010327359859496898,4291974370.8104005,0.0,0,0.0,0.0,0.0,0.0,6,0,0,0,0,nan,0.16405580656341964,0.1813248388332533,0.898819131321225,0.05727606020482895,136.79999999999998,0.17
scenario_0013,gate_fifo300,4,0.6,2.0048089580032427,5.503915440523606,8,141,24,109.63128674148308,0.46606187289977946,234.60667914728748,0.2763096967801179,153.79967840335826,300,900,2.246822197860199,0.16057097290635328,0.2825882686149096,0.6873038985117523,0.7730115774032742,1.002120773935327,0.8394290270936468,reactive_gate,385,157,5,0.030864197530864196,0.09259259259259259,157,431.78044650108654,1804.4071715162718,210.59040193427637,300.0000000000002,0,0,0.0,0.0,0.0,229,0,0,0,0.002330666937605851,0.0,3220970314.6398106,0.0,0,0.0,0.0,0.0,0.0,8,0,0,0,0,nan,0.1092662205590032,0.11124568107637645,0.8686193059650997,0.07281551474897818,188.4,0.17
scenario_0013,gate_fifo300,5,0.6,2.0048089580032427,5.503915440523606,8,141,24,109.63128674148308,0.46606187289977946,234.60667914728748,0.2763096967801179,153.79967840335826,300,900,2.246822197860199,0.16057097290635328,0.2825882686149096,0.6873038985117523,0.7730115774032742,1.002120773935327,0.8394290270936468,reactive_gate,319,115,10,0.08,0.2564102564102564,115,530.0636374014384,2475.8331023154683,220.94783539342498,300.0000000000002,0,0,0.0,0.0,0.0,254,0,0,0,0.005184281339776807,0.0,3862258548.682595,0.0,0,0.0,0.0,0.0,0.0,3,0,0,0,0,nan,0.11592831890313667,0.12092522920068564,0.7564323196759261,0.042647330821048816,138.0,0.18
scenario_0013,gate_fifo300,6,0.6,2.0048089580032427,5.503915440523606,8,141,24,109.63128674148308,0.46606187289977946,234.60667914728748,0.2763096967801179,153.79967840335826,300,900,2.246822197860199,0.16057097290635328,0.2825882686149096,0.6873038985117523,0.7730115774032742,1.002120773935327,0.8394290270936468,reactive_gate,273,92,11,0.10679611650485436,0.25,92,514.6182139279324,1872.658357367775,182.06612770832942,300.0000000000002,0,0,0.0,0.0,0.0,238,0,0,0,0.01097828611876187,0.0008884907187511827,3931626878.800149,0.0,0,0.0,0.0,0.0,0.0,4,0,0,0,0,nan,0.15762108139313044,0.1613781493648205,0.8093723847400285,0.058029918803841535,110.39999999999999,0.13
scenario_0013,gate_fifo300,7,0.6,2.0048089580032427,5.503915440523606,8,141,24,109.63128674148308,0.46606187289977946,234.60667914728748,0.2763096967801179,153.79967840335826,300,900,2.246822197860199,0.16057097290635328,0.2825882686149096,0.6873038985117523,0.7730115774032742,1.002120773935327,0.8394290270936468,reactive_gate,239,150,4,0.025974025974025976,0.06451612903225806,150,314.79439707771166,1564.8935331311009,96.81445900252687,300.0,0,0,0.0,0.0,0.0,99,0,0,0,0.0014982686437104277,0.0,2596637155.634377,0.0,0,0.0,0.0,0.0,0.0,3,0,0,0,0,nan,0.3239571156001187,0.33253876104647945,0.9093824879985755,0.11367959001929563,180.0,0.11
scenario_0013,gate_fifo300,8,0.6,2.0048089580032427,5.503915440523606,8,141,24,109.63128674148308,0.46606187289977946,234.60667914728748,0.2763096967801179,153.79967840335826,300,900,2.246822197860199,0.16057097290635328,0.2825882686149096,0.6873038985117523,0.7730115774032742,1.002120773935327,0.8394290270936468,reactive_gate,228,82,9,0.0989010989010989,0.2727272727272727,82,594.0122065868375,1751.008616524341,173.07404935101968,300.0000000000002,0,0,0.0,0.0,0.0,233,0,0,0,0.005399809175650083,0.0,4134513697.788298,0.0,0,0.0,0.0,0.0,0.0,4,0,0,0,0,nan,0.1505837530321759,0.15879741228847638,0.8242305824608263,0.05716633781842135,98.39999999999999,0.15
scenario_0013,gate_fifo300,9,0.6,2.0048089580032427,5.503915440523606,8,141,24,109.63128674148308,0.46606187289977946,234.60667914728748,0.2763096967801179,153.79967840335826,300,900,2.246822197860199,0.16057097290635328,0.2825882686149096,0.6873038985117523,0.7730115774032742,1.002120773935327,0.8394290270936468,reactive_gate,317,134,24,0.1518987341772152,0.3382352941176471,134,664.9818986120237,2353.506605374345,192.63334291295428,300.0000000000002,0,0,0.0,0.0,0.0,472,0,0,0,0.01951276509585077,0.0,4478485322.873405,0.0,0,0.0,0.0,0.0,0.0,1,0,0,0,0,nan,0.12153657443339537,0.13549292747837854,0.8486184686431625,0.05764385320507274,160.79999999999998,0.18
scenario_0013,gate_fifo300,10,0.6,2.0048089580032427,5.503915440523606,8,141,24,109.63128674148308,0.46606187289977946,234.60667914728748,0.2763096967801179,153.79967840335826,300,900,2.246822197860199,0.16057097290635328,0.2825882686149096,0.6873038985117523,0.7730115774032742,1.002120773935327,0.8394290270936468,reactive_gate,324,112,19,0.1450381679389313,0.38,112,456.08157180349133,2412.0636461814565,164.5599688262036,300.0000000000002,0,0,0.0,0.0,0.0,396,0,0,0,0.0363188108465077,0.0005296090111609281,4043747973.921617,0.0,0,0.0,0.0,0.0,0.0,3,0,0,0,0,nan,0.1312479124684556,0.1419966639206136,0.8788175784188035,0.07677476521735208,134.4,0.17
scenario_0013,gate_vtfq0,1,0.6,2.0048089580032427,5.503915440523606,8,141,24,109.63128674148308,0.46606187289977946,234.60667914728748,0.2763096967801179,153.79967840335826,300,900,2.246822197860199,0.16057097290635328,0.2825882686149096,0.6873038985117523,0.7730115774032742,1.002120773935327,0.8394290270936468,reactive_gate,375,102,44,0.3013698630136986,0.8461538461538461,102,208.0334417996877,2283.166977552369,57.50588262282449,300.0000000000002,0,0,0.0,0.0,0.0,1339,0,0,0,0.0,0.0,1695383195.403118,0.0,0,0.0,0.0,0.0,0.0,3,0,0,0,0,nan,0.08460718389028088,0.09999030823396832,0.90085851116453,0.06816702260721864,122.39999999999999,0.24
scenario_0013,gate_vtfq0,2,0.6,2.0048089580032427,5.503915440523606,8,141,24,109.63128674148308,0.46606187289977946,234.60667914728748,0.2763096967801179,153.79967840335826,300,900,2.246822197860199,0.16057097290635328,0.2825882686149096,0.6873038985117523,0.7730115774032742,1.002120773935327,0.8394290270936468,reactive_gate,255,98,23,0.19008264462809918,0.5945945945945946,98,412.58229221101533,1668.2539752605157,270.7589232425367,300.0000000000002,0,0,0.0,0.0,0.0,495,0,0,0,0.000778034379804158,0.004503442506057017,1394102150.3833582,0.0,0,0.0,0.0,0.0,0.0,9,0,0,0,0,nan,0.1644556770031029,0.18794934514640332,0.887479921207265,0.10590970330973953,117.6,0.15
scenario_0013,gate_vtfq0,3,0.6,2.0048089580032427,5.503915440523606,8,141,24,109.63128674148308,0.46606187289977946,234.60667914728748,0.2763096967801179,153.79967840335826,300,900,2.246822197860199,0.16057097290635328,0.2825882686149096,0.6873038985117523,0.7730115774032742,1.002120773935327,0.8394290270936468,reactive_gate,303,117,31,0.20945945945945946,0.7045454545454546,117,281.96471073938073,1776.2690643943213,260.1708953020501,300.0000000000002,0,0,0.0,0.0,0.0,661,0,0,0,0.0,0.0,1634103787.6039867,0.0,0,0.0,0.0,0.0,0.0,4,1,0,0,0,nan,0.14498933942311695,0.17009922502153385,0.9514663175035614,0.09891296380916642,140.4,0.17
scenario_0013,gate_vtfq0,4,0.6,2.0048089580032427,5.503915440523606,8,141,24,109.63128674148308,0.46606187289977946,234.60667914728748,0.2763096967801179,153.79967840335826,300,900,2.246822197860199,0.16057097290635328,0.2825882686149096,0.6873038985117523,0.7730115774032742,1.002120773935327,0.8394290270936468,reactive_gate,411,166,22,0.11702127659574468,0.44,166,129.44221374282085,1395.7785822713552,60.136531323354625,300.0000000000002,0,0,0.0,0.0,0.0,608,0,0,0,0.0,0.0,1126599024.3721507,0.0,0,0.0,0.0,0.0,0.0,8,0,0,0,0,nan,0.12693442892802645,0.1377165039721059,0.9325159905270656,0.07279381576896599,199.2,0.2
scenario_0013,gate_vtfq0,5,0.6,2.0048089580032427,5.503915440523606,8,141,24,109.63128674148308,0.46606187289977946,234.60667914728748,0.2763096967801179,153.79967840335826,300,900,2.246822197860199,0.16057097290635328,0.2825882686149096,0.6873038985117523,0.7730115774032742,1.002120773935327,0.8394290270936468,reactive_gate,327,103,22,0.176,0.7096774193548387,103,293.16824628902964,1817.9131547399297,151.6875961229382,300.0000000000002,0,0,0.0,0.0,0.0,710,0,0,0,0.0,0.16594848211219956,1651245820.0715466,0.0,0,0.0,0.0,0.0,0.0,4,0,0,0,0,nan,0.09987369425626255,0.10981587196503077,0.852264892218661,0.04969533038086743,123.6,0.16
scenario_0013,gate_vtfq0,6,0.6,2.0048089580032427,5.503915440523606,8,141,24,109.63128674148308,0.46606187289977946,234.60667914728748,0.2763096967801179,153.79967840335826,300,900,2.246822197860199,0.16057097290635328,0.2825882686149096,0.6873038985117523,0.7730115774032742,1.002120773935327,0.8394290270936468,reactive_gate,281,84,15,0.15151515151515152,0.5,84,445.4204806762734,1756.0734059512658,262.7443185477623,300.0000000000002,0,0,0.0,0.0,0.0,504,0,0,0,0.0,0.12119470154983457,1239564188.0662384,0.0,0,0.0,0.0,0.0,0.0,1,1,0,0,0,nan,0.12471723179437572,0.13384288290128124,0.86094064494302,0.08801249491145419,100.8,0.15
scenario_0013,gate_vtfq0,7,0.6,2.0048089580032427,5.503915440523606,8,141,24,109.63128674148308,0.46606187289977946,234.60667914728748,0.2763096967801179,153.79967840335826,300,900,2.246822197860199,0.16057097290635328,0.2825882686149096,0.6873038985117523,0.7730115774032742,1.002120773935327,0.8394290270936468,reactive_gate,236,121,8,0.06201550387596899,0.18181818181818182,121,263.39334479863805,1198.5474260416365,62.350688556059644,300.0000000000002,0,0,0.0,0.0,0.0,290,0,0,0,0.0,0.0,1226190572.8433418,0.0,0,0.0,0.0,0.0,0.0,4,0,0,0,0,nan,0.2945807146468287,0.3106123181650235,0.8835036783297721,0.12926202423166974,145.2,0.12
scenario_0013,gate_vtfq0,8,0.6,2.0048089580032427,5.503915440523606,8,141,24,109.63128674148308,0.46606187289977946,234.60667914728748,0.2763096967801179,153.79967840335826,300,900,2.246822197860199,0.16057097290635328,0.2825882686149096,0.6873038985117523,0.7730115774032742,1.002120773935327,0.8394290270936468,reactive_gate,236,74,22,0.22916666666666666,0.7586206896551724,74,414.6678798167167,1655.5936660014854,77.1843466380186,300.0000000000002,0,0,0.0,0.0,0.0,522,0,0,0,0.0,0.0,1824228104.3888757,0.0,0,0.0,0.0,0.0,0.0,3,0,0,0,0,nan,0.1128070014477297,0.1292424586122996,0.8396651985042736,0.08564283715598514,88.8,0.13
scenario_0013,gate_vtfq0,9,0.6,2.0048089580032427,5.503915440523606,8,141,24,109.63128674148308,0.46606187289977946,234.60667914728748,0.2763096967801179,153.79967840335826,300,900,2.246822197860199,0.16057097290635328,0.2825882686149096,0.6873038985117523,0.7730115774032742,1.002120773935327,0.8394290270936468,reactive_gate,351,152,46,0.23232323232323232,0.6301369863013698,152,191.4406817261264,2341.2201389902607,256.5735227955375,300.0000000000002,0,0,0.0,0.0,0.0,943,0,0,0,0.0,0.0,1243002117.171696,0.0,0,0.0,0.0,0.0,0.0,1,0,0,0,0,nan,0.1528849144954993,0.19049296832861676,0.8097494403490029,0.08857219769932777,182.4,0.21
scenario_0013,gate_vtfq0,10,0.6,2.0048089580032427,5.503915440523606,8,141,24,109.63128674148308,0.46606187289977946,234.60667914728748,0.2763096967801179,153.79967840335826,300,900,2.246822197860199,0.16057097290635328,0.2825882686149096,0.6873038985117523,0.7730115774032742,1.002120773935327,0.8394290270936468,reactive_gate,324,92,31,0.25203252032520324,0.6595744680851063,92,336.2088173413117,1666.2773450554162,68.7779791094496,300.0000000000002,0,0,0.0,0.0,0.0,787,0,0,0,0.0,0.0,1758895917.2100058,0.0,0,0.0,0.0,0.0,0.0,5,0,0,0,0,nan,0.11114922776414801,0.12674029591206018,0.9199579750534188,0.11427577300300337,110.39999999999999,0.15
scenario_0013,gate_srpt0,1,0.6,2.0048089580032427,5.503915440523606,8,141,24,109.63128674148308,0.46606187289977946,234.60667914728748,0.2763096967801179,153.79967840335826,300,900,2.246822197860199,0.16057097290635328,0.2825882686149096,0.6873038985117523,0.7730115774032742,1.002120773935327,0.8394290270936468,reactive_gate,467,279,23,0.076158940397351,0.22772277227722773,279,20.208333751902956,2413.033197470471,145.5856814441151,300.0000000000002,0,0,0.0,0.0,0.0,987,0,0,0,0.013999147477458233,0.1561504648691782,4190086819.5222487,0.0,0,0.0,0.0,0.0,0.0,1,0,0,0,0,nan,0.3095499934629174,0.33220873643664567,0.8648418338497151,0.12786995302483875,334.8,0.27
scenario_0013,gate_srpt0,2,0.6,2.0048089580032427,5.503915440523606,8,141,24,109.63128674148308,0.46606187289977946,234.60667914728748,0.2763096967801179,153.79967840335826,300,900,2.246822197860199,0.16057097290635328,0.2825882686149096,0.6873038985117523,0.7730115774032742,1.002120773935327,0.8394290270936468,reactive_gate,313,211,12,0.053811659192825115,0.15384615384615385,211,26.39389529132086,1617.7848227095064,156.82074745035752,300.0000000000002,0,0,0.0,0.0,0.0,304,0,0,0,0.02584685118795146,0.008226360343746835,3364378558.6890492,0.0,0,0.0,0.0,0.0,0.0,4,0,0,0,0,nan,0.45882568318137884,0.48205436437514637,0.9178910450320513,0.13887571455298617,253.2,0.2
scenario_0013,gate_srpt0,3,0.6,2.0048089580032427,5.503915440523606,8,141,24,109.63128674148308,0.46606187289977946,234.60667914728748,0.2763096967801179,153.79967840335826,300,900,2.246822197860199,0.16057097290635328,0.2825882686149096,0.6873038985117523,0.7730115774032742,1.002120773935327,0.8394290270936468,reactive_gate,379,257,20,0.07220216606498195,0.23376623376623376,257,20.088430319815416,1668.444904515916,186.06226495042324,300.0000000000002,0,0,0.0,0.0,0.0,506,0,0,0,0.08711307476684588,0.1031984316048555,3989184401.1213937,0.0,0,0.0,0.0,0.0,0.0,9,0,0,0,0,nan,0.4242101409694512,0.4646210852549402,0.9062220792378918,0.09801080928035441,308.4,0.22
scenario_0013,gate_srpt0,4,0.6,2.0048089580032427,5.503915440523606,8,141,24,109.63128674148308,0.46606187289977946,234.60667914728748,0.2763096967801179,153.79967840335826,300,900,2.246822197860199,0.16057097290635328,0.2825882686149096,0.6873038985117523,0.7730115774032742,1.002120773935327,0.8394290270936468,reactive_gate,478,289,12,0.03986710963455149,0.13333333333333333,289,17.385900240309184,822.483684439184,183.30784856427044,300.0000000000002,0,0,0.0,0.0,0.0,426,0,0,0,0.0695880390031008,0.007854621731082624,2896146460.788686,0.0,0,0.0,0.0,0.0,0.0,9,0,0,0,0,nan,0.3275952171887166,0.33323306849742707,0.8296695758012822,0.06814642862660783,346.8,0.23
scenario_0013,gate_srpt0,5,0.6,2.0048089580032427,5.503915440523606,8,141,24,109.63128674148308,0.46606187289977946,234.60667914728748,0.2763096967801179,153.79967840335826,300,900,2.246822197860199,0.16057097290635328,0.2825882686149096,0.6873038985117523,0.7730115774032742,1.002120773935327,0.8394290270936468,reactive_gate,459,315,11,0.03374233128834356,0.14473684210526316,315,18.664295426933222,1341.8511336105134,176.62248943421886,300.0000000000002,0,0,0.0,0.0,0.0,455,0,0,0,0.0344878150145158,0.1124438666532334,3512232980.7114596,0.0,0,0.0,0.0,0.0,0.0,4,0,0,0,0,nan,0.391066615976582,0.40663851548257945,0.8330089463141026,0.07810793166342746,378.0,0.22
scenario_0013,gate_srpt0,6,0.6,2.0048089580032427,5.503915440523606,8,141,24,109.63128674148308,0.46606187289977946,234.60667914728748,0.2763096967801179,153.79967840335826,300,900,2.246822197860199,0.16057097290635328,0.2825882686149096,0.6873038985117523,0.7730115774032742,1.002120773935327,0.8394290270936468,reactive_gate,310,166,11,0.062146892655367235,0.12903225806451613,166,27.235370282051576,1384.3946061056056,163.65428765273552,300.0000000000002,0,0,0.0,0.0,0.0,402,0,0,0,0.05245760961602803,0.0031914850844369015,3350731267.260009,0.0,0,0.0,0.0,0.0,0.0,2,2,0,0,0,nan,0.33453850869953144,0.3390319796677059,0.7828077656339031,0.07096642139559015,199.2,0.19
scenario_0013,gate_srpt0,7,0.6,2.0048089580032427,5.503915440523606,8,141,24,109.63128674148308,0.46606187289977946,234.60667914728748,0.2763096967801179,153.79967840335826,300,900,2.246822197860199,0.16057097290635328,0.2825882686149096,0.6873038985117523,0.7730115774032742,1.002120773935327,0.8394290270936468,reactive_gate,282,211,7,0.03211009174311927,0.0759493670886076,211,26.958107285070128,1397.7941609307106,155.3712475726057,300.0000000000002,0,0,0.0,0.0,0.0,155,0,0,0,0.027325949023417815,0.04335072464512543,2572006115.1618233,0.0,0,0.0,0.0,0.0,0.0,3,0,0,0,0,nan,0.5876762241399929,0.6028154703175194,0.9007713695512821,0.1390208003885466,253.2,0.14
scenario_0013,gate_srpt0,8,0.6,2.0048089580032427,5.503915440523606,8,141,24,109.63128674148308,0.46606187289977946,234.60667914728748,0.2763096967801179,153.79967840335826,300,900,2.246822197860199,0.16057097290635328,0.2825882686149096,0.6873038985117523,0.7730115774032742,1.002120773935327,0.8394290270936468,reactive_gate,283,173,10,0.0546448087431694,0.14814814814814814,173,25.403347595231935,1307.4766488970008,183.4749725504901,300.0000000000002,0,0,0.0,0.0,0.0,444,0,0,0,0.023029258981759095,0.0006601560369565834,3355126885.6381316,0.0,0,0.0,0.0,0.0,0.0,8,0,0,0,0,nan,0.33828016286051027,0.35535058067130104,0.7598579837250713,0.050205284514378425,207.6,0.18
scenario_0013,gate_srpt0,9,0.6,2.0048089580032427,5.503915440523606,8,141,24,109.63128674148308,0.46606187289977946,234.60667914728748,0.2763096967801179,153.79967840335826,300,900,2.246822197860199,0.16057097290635328,0.2825882686149096,0.6873038985117523,0.7730115774032742,1.002120773935327,0.8394290270936468,reactive_gate,471,321,25,0.07225433526011561,0.25806451612903225,321,19.106269506202352,2193.0409553885206,219.29366569313223,300.0000000000002,0,0,0.0,0.0,0.0,720,0,0,0,0.026592375766146936,0.0,3854815480.7780437,0.0,0,0.0,0.0,0.0,0.0,3,0,0,0,0,nan,0.3428960032142023,0.3787137651156691,0.8986689170227921,0.08704648642897903,385.2,0.25
scenario_0013,gate_srpt0,10,0.6,2.0048089580032427,5.503915440523606,8,141,24,109.63128674148308,0.46606187289977946,234.60667914728748,0.2763096967801179,153.79967840335826,300,900,2.246822197860199,0.16057097290635328,0.2825882686149096,0.6873038985117523,0.7730115774032742,1.002120773935327,0.8394290270936468,reactive_gate,452,288,24,0.07692307692307693,0.2716049382716049,288,18.382058352218564,1773.5049147330183,192.46443438167262,300.0000000000002,0,0,0.0,0.0,0.0,576,0,0,0,0.06623315171972044,0.006079730603043408,3978255104.017869,0.0,0,0.0,0.0,0.0,0.0,1,0,0,0,0,nan,0.33863529494017164,0.37289805291068034,0.8348431210470086,0.11339616461463915,345.59999999999997,0.23
scenario_0013,lease0,1,0.6,2.0048089580032427,5.503915440523606,8,141,24,109.63128674148308,0.46606187289977946,234.60667914728748,0.2763096967801179,153.79967840335826,300,900,2.246822197860199,0.16057097290635328,0.2825882686149096,0.6873038985117523,0.7730115774032742,1.002120773935327,0.8394290270936468,lease,358,93,43,0.3161764705882353,0.7543859649122807,93,382.9645303077127,2405.2471647166144,270.3330403807021,300.0000000000002,0,0,0.0,0.0,0.0,1281,0,0,0,0.0,0.19198415207605107,362636073.7106754,3605.0195364050414,17,0.3033406730942261,0.3033406730942261,280200.0,0.0,4,0,0,0,0,nan,0.10364532351114451,0.11884266471461465,0.8624336139957265,0.09283315567490252,111.6,0.34
scenario_0013,lease0,2,0.6,2.0048089580032427,5.503915440523606,8,141,24,109.63128674148308,0.46606187289977946,234.60667914728748,0.2763096967801179,153.79967840335826,300,900,2.246822197860199,0.16057097290635328,0.2825882686149096,0.6873038985117523,0.7730115774032742,1.002120773935327,0.8394290270936468,lease,244,83,19,0.18627450980392157,0.5,83,467.9281810057555,1755.418487296487,219.3827290012968,300.0000000000002,0,0,0.0,0.0,0.0,477,0,0,0,0.006595511548617045,0.0052878477193728885,455288796.68100893,1790.4038799820426,16,396.26120999660634,0.0,282000.0,2.1649294643474377,11,2,0,0,0,nan,0.15865536469009597,0.1769247703210767,0.8652353944622508,0.09016766841404292,99.6,0.24
scenario_0013,lease0,3,0.6,2.0048089580032427,5.503915440523606,8,141,24,109.63128674148308,0.46606187289977946,234.60667914728748,0.2763096967801179,153.79967840335826,300,900,2.246822197860199,0.16057097290635328,0.2825882686149096,0.6873038985117523,0.7730115774032742,1.002120773935327,0.8394290270936468,lease,315,138,25,0.15337423312883436,0.5813953488372093,138,293.44050506829853,1899.1541144235862,268.7241423694878,300.0000000000002,0,0,0.0,0.0,0.0,608,0,0,0,0.0,0.0,547326881.8754518,3132.366012644652,19,0.3741843762566077,0.0,313800.0,5.5243346344282145,6,1,0,0,0,nan,0.17764431912404427,0.2016503081948611,0.955914221403134,0.10770443246465762,165.6,0.33
scenario_0013,lease0,4,0.6,2.0048089580032427,5.503915440523606,8,141,24,109.63128674148308,0.46606187289977946,234.60667914728748,0.2763096967801179,153.79967840335826,300,900,2.246822197860199,0.16057097290635328,0.2825882686149096,0.6873038985117523,0.7730115774032742,1.002120773935327,0.8394290270936468,lease,407,160,18,0.10112359550561797,0.3829787234042553,160,145.42598131470925,1256.8574534401096,154.38995538734932,300.0000000000002,0,0,0.0,0.0,0.0,597,0,0,0,0.0,0.0,499295935.51988786,2592.793812864769,15,0.0,0.0,396600.0,1.487339709986486,6,0,0,0,0,nan,0.11791004324202996,0.12597993213311945,0.8614058774038462,0.0900799429694639,192.0,0.27
scenario_0013,lease0,5,0.6,2.0048089580032427,5.503915440523606,8,141,24,109.63128674148308,0.46606187289977946,234.60667914728748,0.2763096967801179,153.79967840335826,300,900,2.246822197860199,0.16057097290635328,0.2825882686149096,0.6873038985117523,0.7730115774032742,1.002120773935327,0.8394290270936468,lease,346,135,19,0.12337662337662338,0.5277777777777778,135,212.93280123502836,2252.3107182999274,284.97914461603835,300.0000000000002,0,0,0.0,0.0,0.0,630,0,0,0,0.0,0.11917030629471195,464986154.90003896,1082.1601555471884,9,0.0,0.0,298800.0,6.821455464983046,3,0,0,0,0,nan,0.12803912819433508,0.13889958996081886,0.8657884034722223,0.07923361950743363,162.0,0.29
scenario_0013,lease0,6,0.6,2.0048089580032427,5.503915440523606,8,141,24,109.63128674148308,0.46606187289977946,234.60667914728748,0.2763096967801179,153.79967840335826,300,900,2.246822197860199,0.16057097290635328,0.2825882686149096,0.6873038985117523,0.7730115774032742,1.002120773935327,0.8394290270936468,lease,286,98,10,0.09259259259259259,0.2857142857142857,98,571.0449813095579,2556.796809642549,239.22606108639692,300.0000000000002,0,0,0.0,0.0,0.0,415,0,0,0,0.0020554818413767626,0.011861872404269136,976543861.9309232,853.5198738413075,9,1.0741294787414972,1.0741294787414972,157200.0,0.0,4,0,0,0,0,nan,0.18827682613362878,0.19724238928284918,0.7967759416310541,0.09332029181853611,117.6,0.24
scenario_0013,lease0,7,0.6,2.0048089580032427,5.503915440523606,8,141,24,109.63128674148308,0.46606187289977946,234.60667914728748,0.2763096967801179,153.79967840335826,300,900,2.246822197860199,0.16057097290635328,0.2825882686149096,0.6873038985117523,0.7730115774032742,1.002120773935327,0.8394290270936468,lease,239,136,4,0.02857142857142857,0.0784313725490196,136,274.2704866305911,1566.7852864139895,255.6820325013428,300.0000000000002,0,0,0.0,0.0,0.0,193,0,0,0,0.0,0.0,841202847.9197457,1040.0820453627857,5,0.0,0.0,305400.0,3.0529197556888903,5,0,0,0,0,nan,0.30182641760574164,0.30982181939662223,0.9109002609864673,0.1392390987863889,163.2,0.22
scenario_0013,lease0,8,0.6,2.0048089580032427,5.503915440523606,8,141,24,109.63128674148308,0.46606187289977946,234.60667914728748,0.2763096967801179,153.79967840335826,300,900,2.246822197860199,0.16057097290635328,0.2825882686149096,0.6873038985117523,0.7730115774032742,1.002120773935327,0.8394290270936468,lease,237,78,22,0.22,0.7096774193548387,78,406.71003883018767,1605.777183421924,206.32372791166205,300.0000000000002,0,0,0.0,0.0,0.0,472,0,0,0,0.0,0.0,429007564.53236055,3302.4207136933437,22,0.0,0.0,177600.0,16.965338142002196,4,0,0,0,0,nan,0.12467241862398588,0.142717110793247,0.887423389423077,0.10020106305333702,93.6,0.25
scenario_0013,lease0,9,0.6,2.0048089580032427,5.503915440523606,8,141,24,109.63128674148308,0.46606187289977946,234.60667914728748,0.2763096967801179,153.79967840335826,300,900,2.246822197860199,0.16057097290635328,0.2825882686149096,0.6873038985117523,0.7730115774032742,1.002120773935327,0.8394290270936468,lease,351,158,36,0.18556701030927836,0.5217391304347826,158,248.42010605165865,2184.927433314111,257.75669931408646,300.0000000000002,0,0,0.0,0.0,0.0,855,0,0,0,0.0,0.08868719731172309,662783723.5129836,2223.1347974844894,12,0.0,0.0,295800.0,2.09019658598595,2,0,0,0,0,nan,0.1758338325686863,0.20796590349494368,0.8008301301638177,0.1183649897290789,189.6,0.32
scenario_0013,lease0,10,0.6,2.0048089580032427,5.503915440523606,8,141,24,109.63128674148308,0.46606187289977946,234.60667914728748,0.2763096967801179,153.79967840335826,300,900,2.246822197860199,0.16057097290635328,0.2825882686149096,0.6873038985117523,0.7730115774032742,1.002120773935327,0.8394290270936468,lease,345,125,25,0.16666666666666666,0.45098039215686275,125,293.0186138645122,2175.642783014875,290.74704486044686,300.0000000000002,0,0,0.0,0.0,0.0,682,0,0,0,0.03900414612224006,0.06300792196757393,1360751429.2065651,341.9186167617795,3,0.0,0.0,249600.0,0.0,6,0,0,0,0,nan,0.1148060839629514,0.12313326284685851,0.808774980448718,0.1278842685353796,150.0,0.27
scenario_0013,needs,1,0.6,2.0048089580032427,5.503915440523606,8,141,24,109.63128674148308,0.46606187289977946,234.60667914728748,0.2763096967801179,153.79967840335826,300,900,2.246822197860199,0.16057097290635328,0.2825882686149096,0.6873038985117523,0.7730115774032742,1.002120773935327,0.8394290270936468,needs,356,124,15,0.1079136690647482,0.2542372881355932,124,435.48180978839,2699.7327418090786,290.7300984292131,300.0000000000002,0,0,0.0,0.0,0.0,737,0,0,0,0.015415426463195103,0.00041519019566100857,1908835762.2454605,0.0,0,0.0,0.0,2009400.0,68499.54987456312,6,0,0,0,0,nan,0.10046279237469843,0.10570967417211294,0.7853937694622508,0.05062811289858566,148.79999999999998,2.78
scenario_0013,needs,2,0.6,2.0048089580032427,5.503915440523606,8,141,24,109.63128674148308,0.46606187289977946,234.60667914728748,0.2763096967801179,153.79967840335826,300,900,2.246822197860199,0.16057097290635328,0.2825882686149096,0.6873038985117523,0.7730115774032742,1.002120773935327,0.8394290270936468,needs,300,184,6,0.031578947368421054,0.08620689655172414,184,40.44097194927292,2513.2771349139016,159.97300992912756,300.0,0,0,0.0,0.0,0.0,192,0,0,0,0.011979915671630299,0.005269231634360258,1051108915.9793541,0.0,0,0.0,0.0,2237400.0,32986.459152101204,11,0,0,0,0,nan,0.34557003046415086,0.35345074028923373,0.9235534829772081,0.08663888692718157,220.79999999999998,3.17
scenario_0013,needs,3,0.6,2.0048089580032427,5.503915440523606,8,141,24,109.63128674148308,0.46606187289977946,234.60667914728748,0.2763096967801179,153.79967840335826,300,900,2.246822197860199,0.16057097290635328,0.2825882686149096,0.6873038985117523,0.7730115774032742,1.002120773935327,0.8394290270936468,needs,361,216,12,0.05263157894736842,0.2033898305084746,216,42.09644552964426,2137.158666402715,193.111236141565,300.0000000000002,0,0,0.0,0.0,0.0,341,0,0,0,0.019592381179505042,0.0004461186214939439,1507585371.267185,0.0,0,0.0,0.0,2412000.0,32320.710590530798,7,0,0,0,0,nan,0.2898926902795309,0.3053345573093603,0.8860487185363248,0.08016192586065728,259.2,3.42
scenario_0013,needs,4,0.6,2.0048089580032427,5.503915440523606,8,141,24,109.63128674148308,0.46606187289977946,234.60667914728748,0.2763096967801179,153.79967840335826,300,900,2.246822197860199,0.16057097290635328,0.2825882686149096,0.6873038985117523,0.7730115774032742,1.002120773935327,0.8394290270936468,needs,465,261,3,0.011363636363636364,0.04,261,39.07291608737614,1665.056494112615,169.67429500355448,300.0000000000002,0,0,0.0,0.0,0.0,227,0,0,0,0.0037019859427371,0.0,847720927.6035643,222.13195787246218,1,0.0,0.0,2824800.0,33507.07984230539,6,0,0,0,0,nan,0.24712930948658082,0.2497961725385943,0.8969350854878918,0.07617475915597277,313.2,3.49
scenario_0013,needs,5,0.6,2.0048089580032427,5.503915440523606,8,141,24,109.63128674148308,0.46606187289977946,234.60667914728748,0.2763096967801179,153.79967840335826,300,900,2.246822197860199,0.16057097290635328,0.2825882686149096,0.6873038985117523,0.7730115774032742,1.002120773935327,0.8394290270936468,needs,386,198,8,0.038834951456310676,0.14814814814814814,198,48.631535293246316,2156.684709728956,242.83537512175724,300.0000000000002,0,0,0.0,0.0,0.0,222,0,0,0,0.005871546481522193,0.0009268102109693094,1119628265.6616704,42.18706098431028,1,0.0,0.0,2071800.0,33747.73054558977,3,0,0,0,0,nan,0.20267181606971527,0.20871218557149868,0.793459919337607,0.05834689057689373,237.6,3.01
scenario_0013,needs,6,0.6,2.0048089580032427,5.503915440523606,8,141,24,109.63128674148308,0.46606187289977946,234.60667914728748,0.2763096967801179,153.79967840335826,300,900,2.246822197860199,0.16057097290635328,0.2825882686149096,0.6873038985117523,0.7730115774032742,1.002120773935327,0.8394290270936468,needs,295,127,7,0.05223880597014925,0.1111111111111111,127,63.282347163928534,2019.4514837336317,174.22273071380312,300.0000000000002,0,0,0.0,0.0,0.0,240,0,0,0,0.015172525030339121,0.0006189524328087081,1300914365.3980742,0.0,0,6.483701721577745,4.322467814385163,1461600.0,15918.578488834319,3,0,0,0,0,nan,0.25076569899344064,0.25154255681186594,0.8067114664351852,0.08476670252088263,152.4,2.72
scenario_0013,needs,7,0.6,2.0048089580032427,5.503915440523606,8,141,24,109.63128674148308,0.46606187289977946,234.60667914728748,0.2763096967801179,153.79967840335826,300,900,2.246822197860199,0.16057097290635328,0.2825882686149096,0.6873038985117523,0.7730115774032742,1.002120773935327,0.8394290270936468,needs,277,200,1,0.004975124378109453,0.014285714285714285,200,41.9171399410784,1587.516789281173,157.1700034520365,300.0,0,0,0.0,0.0,0.0,88,0,0,0,0.0003330692748780722,0.0,1442754711.2067494,0.0,0,0.0,0.0,1798800.0,16344.087612412679,3,0,0,0,0,nan,0.5176980734925941,0.5210597492944941,0.9049364104166667,0.11436158392547112,240.0,2.88
scenario_0013,needs,8,0.6,2.0048089580032427,5.503915440523606,8,141,24,109.63128674148308,0.46606187289977946,234.60667914728748,0.2763096967801179,153.79967840335826,300,900,2.246822197860199,0.16057097290635328,0.2825882686149096,0.6873038985117523,0.7730115774032742,1.002120773935327,0.8394290270936468,needs,268,137,3,0.02142857142857143,0.07692307692307693,137,58.9606248411269,1970.4040682909372,235.00183387070047,300.0000000000002,0,0,0.0,0.0,0.0,214,0,0,0,0.002629282883747915,0.0,1482610852.8841937,403.05725601186583,2,0.0,0.0,1623600.0,25806.050950830882,4,0,0,0,0,nan,0.22199630312671523,0.22593706590411256,0.8181324876246439,0.05665029768298576,164.4,2.6
scenario_0013,needs,9,0.6,2.0048089580032427,5.503915440523606,8,141,24,109.63128674148308,0.46606187289977946,234.60667914728748,0.2763096967801179,153.79967840335826,300,900,2.246822197860199,0.16057097290635328,0.2825882686149096,0.6873038985117523,0.7730115774032742,1.002120773935327,0.8394290270936468,needs,419,263,17,0.060714285714285714,0.2,263,56.48184765135511,2385.943628081902,203.16814454816506,300.0000000000002,0,0,0.0,0.0,0.0,469,0,0,0,0.020892224993267997,0.0,1326652599.659769,0.0,0,0.0,0.0,2771400.0,43641.25402628859,2,0,0,0,0,nan,0.23806747385544863,0.2568042657792571,0.8517575299679488,0.0666430572636452,315.59999999999997,3.47
scenario_0013,needs,10,0.6,2.0048089580032427,5.503915440523606,8,141,24,109.63128674148308,0.46606187289977946,234.60667914728748,0.2763096967801179,153.79967840335826,300,900,2.246822197860199,0.16057097290635328,0.2825882686149096,0.6873038985117523,0.7730115774032742,1.002120773935327,0.8394290270936468,needs,346,127,14,0.09929078014184398,0.34146341463414637,127,77.71157438660816,2455.822261106434,282.64746758193274,300.0000000000002,0,0,0.0,0.0,0.0,426,0,0,0,0.016388326118012962,0.0,1906411697.6371179,111.7381088515001,0,0.0,0.0,1367400.0,36663.89624165835,3,0,0,0,0,nan,0.13157465737270874,0.1382490229516056,0.7773426087428775,0.07805530628642882,152.4,2.41
scenario_0013,needs_pre,1,0.6,2.0048089580032427,5.503915440523606,8,141,24,109.63128674148308,0.46606187289977946,234.60667914728748,0.2763096967801179,153.79967840335826,300,900,2.246822197860199,0.16057097290635328,0.2825882686149096,0.6873038985117523,0.7730115774032742,1.002120773935327,0.8394290270936468,needs,357,123,15,0.10869565217391304,0.2542372881355932,123,173.38212436353342,2550.918725658017,292.7583105248474,300.0000000000002,0,0,0.0,0.0,0.0,741,0,0,0,0.019459581379509944,0.19448282715454118,1873775779.0249403,0.0,0,0.0,0.0,2022600.0,63612.59140307437,5,0,0,0,0,nan,0.0938630192410198,0.09875302623192997,0.778480372133191,0.036312677491735994,147.6,2.88
scenario_0013,needs_pre,2,0.6,2.0048089580032427,5.503915440523606,8,141,24,109.63128674148308,0.46606187289977946,234.60667914728748,0.2763096967801179,153.79967840335826,300,900,2.246822197860199,0.16057097290635328,0.2825882686149096,0.6873038985117523,0.7730115774032742,1.002120773935327,0.8394290270936468,needs,300,182,8,0.042105263157894736,0.11666666666666667,182,39.11149672808688,2266.5694429236682,160.9516920674788,300.0000000000002,0,0,0.0,0.0,0.0,203,0,0,0,0.011539346318160877,0.005194331755596172,1182911894.6078935,0.0,0,0.0,0.0,2196600.0,32657.140649845267,10,0,0,0,0,nan,0.324170620920903,0.3357397812939208,0.8978218695512821,0.08914320303418106,218.39999999999998,3.28
scenario_0013,needs_pre,3,0.6,2.0048089580032427,5.503915440523606,8,141,24,109.63128674148308,0.46606187289977946,234.60667914728748,0.2763096967801179,153.79967840335826,300,900,2.246822197860199,0.16057097290635328,0.2825882686149096,0.6873038985117523,0.7730115774032742,1.002120773935327,0.8394290270936468,needs,360,216,10,0.04424778761061947,0.17857142857142858,216,41.711825279986385,2401.676433839297,174.51126529984262,300.0000000000002,0,0,0.0,0.0,0.0,350,0,0,0,0.009642271570291606,0.0004567849889931915,1506800189.1427884,0.0,0,0.0,0.0,2445600.0,33306.002928652684,8,0,0,0,0,nan,0.2679832058897507,0.27843282587965645,0.8791913144052707,0.07777126197139318,259.2,3.49
scenario_0013,needs_pre,4,0.6,2.0048089580032427,5.503915440523606,8,141,24,109.63128674148308,0.46606187289977946,234.60667914728748,0.2763096967801179,153.79967840335826,300,900,2.246822197860199,0.16057097290635328,0.2825882686149096,0.6873038985117523,0.7730115774032742,1.002120773935327,0.8394290270936468,needs,452,243,5,0.020161290322580645,0.06944444444444445,243,51.22569027903364,1594.2553313937397,202.93507838651288,300.0,0,0,0.0,0.0,0.0,216,0,0,0,0.0038630168732219547,0.0,1072827525.6536568,515.0038289514393,1,0.0,0.0,2658000.0,33382.63372895526,6,0,0,0,0,nan,0.21344676799549755,0.21731355727077828,0.8670070837606838,0.06860084560359969,291.59999999999997,3.44
scenario_0013,needs_pre,5,0.6,2.0048089580032427,5.503915440523606,8,141,24,109.63128674148308,0.46606187289977946,234.60667914728748,0.2763096967801179,153.79967840335826,300,900,2.246822197860199,0.16057097290635328,0.2825882686149096,0.6873038985117523,0.7730115774032742,1.002120773935327,0.8394290270936468,needs,394,205,7,0.0330188679245283,0.12962962962962962,205,64.55231700216973,2111.7701179932396,268.156854276915,300.0000000000002,0,0,0.0,0.0,0.0,292,0,0,0,0.00395810285988109,0.0008831827639317698,1419146529.687481,97.54199626250477,2,0.0,0.0,2085000.0,29340.507095067605,3,0,0,0,0,nan,0.1963221075857887,0.2006930655078831,0.7863476109508547,0.0620062954892095,246.0,3.15
scenario_0013,needs_pre,6,0.6,2.0048089580032427,5.503915440523606,8,141,24,109.63128674148308,0.46606187289977946,234.60667914728748,0.2763096967801179,153.79967840335826,300,900,2.246822197860199,0.16057097290635328,0.2825882686149096,0.6873038985117523,0.7730115774032742,1.002120773935327,0.8394290270936468,needs,300,137,7,0.04861111111111111,0.10416666666666667,137,50.78397750120075,2009.5270354335526,168.1196235850263,300.0000000000002,0,0,0.0,0.0,0.0,238,0,0,0,0.006977132377384842,0.0,1039779591.1220678,0.0,0,1.2116933351653643,0.8077955567769095,1602000.0,17935.536914863107,5,0,0,0,0,nan,0.2659300367815721,0.26794052485004394,0.8368080739138177,0.08300398737628113,164.4,2.76
scenario_0013,needs_pre,7,0.6,2.0048089580032427,5.503915440523606,8,141,24,109.63128674148308,0.46606187289977946,234.60667914728748,0.2763096967801179,153.79967840335826,300,900,2.246822197860199,0.16057097290635328,0.2825882686149096,0.6873038985117523,0.7730115774032742,1.002120773935327,0.8394290270936468,needs,278,197,0,0.0,0.0,197,40.30208157139964,1407.188061891055,156.49349414758046,300.0,0,0,0.0,0.0,0.0,88,0,0,0,0.0,0.0,1264498330.5746639,0.0,0,0.0,0.0,1820400.0,16936.581116796366,3,0,0,0,0,nan,0.5096741432993471,0.5096741432993471,0.9031429561253562,0.1206766871174213,236.39999999999998,2.81
scenario_0013,needs_pre,8,0.6,2.0048089580032427,5.503915440523606,8,141,24,109.63128674148308,0.46606187289977946,234.60667914728748,0.2763096967801179,153.79967840335826,300,900,2.246822197860199,0.16057097290635328,0.2825882686149096,0.6873038985117523,0.7730115774032742,1.002120773935327,0.8394290270936468,needs,265,144,6,0.04,0.13043478260869565,144,57.1201708266517,2080.7739722151855,213.385085374495,300.0000000000002,0,0,0.0,0.0,0.0,228,0,0,0,0.004393152609320163,0.0,1181043107.0845284,121.52497086788014,1,0.0,0.0,1707600.0,26355.623464408112,4,0,0,0,0,nan,0.2616096061114633,0.2711226826973347,0.8234185131232195,0.07530966588405608,172.79999999999998,2.6
scenario_0013,needs_pre,9,0.6,2.0048089580032427,5.503915440523606,8,141,24,109.63128674148308,0.46606187289977946,234.60667914728748,0.2763096967801179,153.79967840335826,300,900,2.246822197860199,0.16057097290635328,0.2825882686149096,0.6873038985117523,0.7730115774032742,1.002120773935327,0.8394290270936468,needs,408,241,21,0.08015267175572519,0.25925925925925924,241,83.49096832742259,2502.879947879455,205.22005871014494,300.0000000000002,0,0,0.0,0.0,0.0,464,0,0,0,0.03227879187374254,0.0,1485430539.1882129,0.0,0,0.0,0.0,2639400.0,44011.154779952296,1,0,0,0,0,nan,0.21160048894707484,0.2297343732867279,0.840835966755698,0.05860584424054238,289.2,3.27
scenario_0013,needs_pre,10,0.6,2.0048089580032427,5.503915440523606,8,141,24,109.63128674148308,0.46606187289977946,234.60667914728748,0.2763096967801179,153.79967840335826,300,900,2.246822197860199,0.16057097290635328,0.2825882686149096,0.6873038985117523,0.7730115774032742,1.002120773935327,0.8394290270936468,needs,342,125,12,0.08759124087591241,0.3,125,61.16592001233221,2366.097886683039,291.9458409118674,300.0000000000002,0,0,0.0,0.0,0.0,457,0,0,0,0.03232752473015928,0.000529622472198434,1744477514.825293,92.11682173388328,1,0.0,0.0,1319400.0,35804.92608078441,3,0,0,0,0,nan,0.1267634137721563,0.13315484639932385,0.7611058790598292,0.07871991622601346,150.0,2.28
scenario_0013,needs_jev,1,0.6,2.0048089580032427,5.503915440523606,8,141,24,109.63128674148308,0.46606187289977946,234.60667914728748,0.2763096967801179,153.79967840335826,300,900,2.246822197860199,0.16057097290635328,0.2825882686149096,0.6873038985117523,0.7730115774032742,1.002120773935327,0.8394290270936468,needs,347,111,15,0.11904761904761904,0.26785714285714285,111,542.6379020244538,2552.733096007163,284.967341392669,300.0000000000002,0,0,0.0,0.0,0.0,747,0,0,0,0.018137422045479586,0.0004618813411943388,1949627337.633283,0.0,0,0.0,0.0,1870200.0,75984.51705791587,5,0,0,0,0,nan,0.08460606857061839,0.08901244026897746,0.792474354843305,0.04519261727198777,133.2,7.54
scenario_0013,needs_jev,2,0.6,2.0048089580032427,5.503915440523606,8,141,24,109.63128674148308,0.46606187289977946,234.60667914728748,0.2763096967801179,153.79967840335826,300,900,2.246822197860199,0.16057097290635328,0.2825882686149096,0.6873038985117523,0.7730115774032742,1.002120773935327,0.8394290270936468,needs,300,187,7,0.03608247422680412,0.1016949152542373,187,41.54751631024965,2176.3362726195014,159.0464714183079,300.0000000000002,0,0,0.0,0.0,0.0,211,0,0,0,0.01185659639655091,0.005015506256503485,1151952351.1371317,0.0,0,0.0,0.0,2244600.0,33368.743912419835,10,0,0,0,0,nan,0.34302861270197793,0.34889275309336243,0.9249096368055555,0.09235016601941165,224.39999999999998,9.86
scenario_0013,needs_jev,3,0.6,2.0048089580032427,5.503915440523606,8,141,24,109.63128674148308,0.46606187289977946,234.60667914728748,0.2763096967801179,153.79967840335826,300,900,2.246822197860199,0.16057097290635328,0.2825882686149096,0.6873038985117523,0.7730115774032742,1.002120773935327,0.8394290270936468,needs,353,209,11,0.05,0.18181818181818182,209,48.19548922197282,2413.3615576400116,186.74363751058468,300.0000000000002,0,0,0.0,0.0,0.0,346,0,0,0,0.01502342197318421,0.0005014059772717944,1743894852.8677626,0.0,0,0.0,0.0,2361600.0,35555.383239214105,8,0,0,0,0,nan,0.25202326184697826,0.2626648631363063,0.8771111050925926,0.06996095968284712,250.79999999999998,10.25
scenario_0013,needs_jev,4,0.6,2.0048089580032427,5.503915440523606,8,141,24,109.63128674148308,0.46606187289977946,234.60667914728748,0.2763096967801179,153.79967840335826,300,900,2.246822197860199,0.16057097290635328,0.2825882686149096,0.6873038985117523,0.7730115774032742,1.002120773935327,0.8394290270936468,needs,459,250,4,0.015748031496062992,0.05714285714285714,250,34.555083364190295,1575.0637650512494,190.12952724204408,300.0000000000002,0,0,0.0,0.0,0.0,237,0,0,0,0.004806178431803346,0.0,1213578252.8738868,527.2504384851868,1,0.0,0.0,2688000.0,32514.678913014308,6,0,0,0,0,nan,0.23438197627543328,0.23776655355016876,0.8773092685541312,0.06675469825010745,300.0,10.21
scenario_0013,needs_jev,5,0.6,2.0048089580032427,5.503915440523606,8,141,24,109.63128674148308,0.46606187289977946,234.60667914728748,0.2763096967801179,153.79967840335826,300,900,2.246822197860199,0.16057097290635328,0.2825882686149096,0.6873038985117523,0.7730115774032742,1.002120773935327,0.8394290270936468,needs,396,209,5,0.02336448598130841,0.09615384615384616,209,68.87122338160543,2026.7196809538614,204.51223501157085,300.0000000000002,0,0,0.0,0.0,0.0,228,0,0,0,0.004335770031166266,0.000964506154758887,1198201354.7447045,0.0,0,0.0,0.0,2207400.0,32326.93692893191,3,0,0,0,0,nan,0.19795895953810932,0.2013643814375597,0.824739360238604,0.05425309092566968,250.79999999999998,10.08
scenario_0013,needs_jev,6,0.6,2.0048089580032427,5.503915440523606,8,141,24,109.63128674148308,0.46606187289977946,234.60667914728748,0.2763096967801179,153.79967840335826,300,900,2.246822197860199,0.16057097290635328,0.2825882686149096,0.6873038985117523,0.7730115774032742,1.002120773935327,0.8394290270936468,needs,288,115,2,0.017094017094017096,0.05,115,65.06825822868177,2191.668115320981,188.70168252729894,300.0000000000002,0,0,0.0,0.0,0.0,215,0,0,0,0.0013253158389287024,0.0,1354209526.4325755,87.48813970016909,1,3.2153803836881707,2.1435869224587805,1336800.0,19082.07389898283,5,0,0,0,0,nan,0.22551031935034652,0.22758875547339122,0.8040702685541311,0.0834174920371005,138.0,7.85
scenario_0013,needs_jev,7,0.6,2.0048089580032427,5.503915440523606,8,141,24,109.63128674148308,0.46606187289977946,234.60667914728748,0.2763096967801179,153.79967840335826,300,900,2.246822197860199,0.16057097290635328,0.2825882686149096,0.6873038985117523,0.7730115774032742,1.002120773935327,0.8394290270936468,needs,273,201,0,0.0,0.0,201,44.54901768847071,1460.4120549887052,159.72145389643202,300.0,0,0,0.0,0.0,0.0,81,0,0,0,0.0,0.0,1178623629.6484146,0.0,0,0.0,0.0,1788000.0,16677.411835248357,3,0,0,0,0,nan,0.5117337044314406,0.5117337044314406,0.8934119780448718,0.13282968445884558,241.2,9.06
scenario_0013,needs_jev,8,0.6,2.0048089580032427,5.503915440523606,8,141,24,109.63128674148308,0.46606187289977946,234.60667914728748,0.2763096967801179,153.79967840335826,300,900,2.246822197860199,0.16057097290635328,0.2825882686149096,0.6873038985117523,0.7730115774032742,1.002120773935327,0.8394290270936468,needs,275,143,6,0.040268456375838924,0.14285714285714285,143,56.38733421191682,2267.3094691150227,181.2663007814273,300.0000000000002,0,0,0.0,0.0,0.0,232,0,0,0,0.006436453172353437,0.0,1083970878.7582386,0.0,0,0.0,0.0,1623600.0,25087.903613413513,4,0,0,0,0,nan,0.26275879219614906,0.2722560979381785,0.8073303116274928,0.06541458659028877,171.6,7.98
scenario_0013,needs_jev,9,0.6,2.0048089580032427,5.503915440523606,8,141,24,109.63128674148308,0.46606187289977946,234.60667914728748,0.2763096967801179,153.79967840335826,300,900,2.246822197860199,0.16057097290635328,0.2825882686149096,0.6873038985117523,0.7730115774032742,1.002120773935327,0.8394290270936468,needs,405,254,23,0.08303249097472924,0.26506024096385544,254,106.19401502101573,2572.6847334677163,198.5247159357221,300.0000000000002,0,0,0.0,0.0,0.0,449,0,0,0,0.025694534935489205,0.0,2023683483.95216,0.0,0,0.0,0.0,2730600.0,45995.99909550516,1,0,0,0,0,nan,0.21645901150980407,0.23725822436823632,0.836491403454416,0.06283265673714192,304.8,11.56
scenario_0013,needs_jev,10,0.6,2.0048089580032427,5.503915440523606,8,141,24,109.63128674148308,0.46606187289977946,234.60667914728748,0.2763096967801179,153.79967840335826,300,900,2.246822197860199,0.16057097290635328,0.2825882686149096,0.6873038985117523,0.7730115774032742,1.002120773935327,0.8394290270936468,needs,355,143,12,0.07741935483870968,0.2727272727272727,143,40.18610399872796,2278.406215033202,290.8255540997261,300.0000000000002,0,0,0.0,0.0,0.0,427,0,0,0,0.012455752064681101,0.0,1605059289.5380025,130.68504958478547,2,0.0,0.0,1486200.0,33572.74558940564,3,0,0,0,0,nan,0.15351459535700837,0.16125482705568106,0.8042842022792023,0.09609301804083242,171.6,7.91
scenario_0013,needs-content,1,0.6,2.0048089580032427,5.503915440523606,8,141,24,109.63128674148308,0.46606187289977946,234.60667914728748,0.2763096967801179,153.79967840335826,300,900,2.246822197860199,0.16057097290635328,0.2825882686149096,0.6873038985117523,0.7730115774032742,1.002120773935327,0.8394290270936468,needs,341,108,16,0.12903225806451613,0.2711864406779661,108,627.8815272517933,2769.918787402478,260.26554893871025,300.0000000000002,0,0,0.0,0.0,0.0,741,0,0,0,0.014333293335384906,0.1692947426005862,1847763846.1279914,0.0,0,0.0,0.0,1900200.0,78361.48573983356,6,0,0,0,0,nan,0.08221726574813493,0.08692150372691158,0.8051472973112537,0.04619749406033364,129.6,2.69
scenario_0013,needs-content,2,0.6,2.0048089580032427,5.503915440523606,8,141,24,109.63128674148308,0.46606187289977946,234.60667914728748,0.2763096967801179,153.79967840335826,300,900,2.246822197860199,0.16057097290635328,0.2825882686149096,0.6873038985117523,0.7730115774032742,1.002120773935327,0.8394290270936468,needs,296,179,7,0.03763440860215054,0.10714285714285714,179,39.56923703964321,2336.5465869576838,167.32768792061572,300.0000000000002,0,0,0.0,0.0,0.0,206,0,0,0,0.010928303685878117,0.005141839402858433,1173185737.858571,0.0,0,0.0,0.0,2203800.0,33164.68632634149,12,0,0,0,0,nan,0.3256308561719782,0.3386560904188573,0.8722908608262108,0.08955814805997388,214.79999999999998,3.04
scenario_0013,needs-content,3,0.6,2.0048089580032427,5.503915440523606,8,141,24,109.63128674148308,0.46606187289977946,234.60667914728748,0.2763096967801179,153.79967840335826,300,900,2.246822197860199,0.16057097290635328,0.2825882686149096,0.6873038985117523,0.7730115774032742,1.002120773935327,0.8394290270936468,needs,357,211,10,0.04524886877828054,0.15517241379310345,211,38.67957883884765,2444.4290738742143,164.2248387006935,300.0000000000002,0,0,0.0,0.0,0.0,358,0,0,0,0.009798883252576414,0.000521029524751022,1523757188.972608,4.548558021536337,0,0.0,0.0,2413200.0,31236.187668116665,7,0,0,0,0,nan,0.2897072189447457,0.3012719408438138,0.910847881712963,0.06627365983177441,253.2,3.35
scenario_0013,needs-content,4,0.6,2.0048089580032427,5.503915440523606,8,141,24,109.63128674148308,0.46606187289977946,234.60667914728748,0.2763096967801179,153.79967840335826,300,900,2.246822197860199,0.16057097290635328,0.2825882686149096,0.6873038985117523,0.7730115774032742,1.002120773935327,0.8394290270936468,needs,463,255,3,0.011627906976744186,0.041666666666666664,255,46.70211488368295,1689.0481289391141,182.50667566107236,300.0000000000002,0,0,0.0,0.0,0.0,225,0,0,0,0.001653793316440891,0.0,1026561298.9069055,0.0,0,0.0,0.0,2737200.0,33770.753744988,7,0,0,0,0,nan,0.22200936485271935,0.22440514936551847,0.8942390430199432,0.07156133755114333,306.0,3.35
scenario_0013,needs-content,5,0.6,2.0048089580032427,5.503915440523606,8,141,24,109.63128674148308,0.46606187289977946,234.60667914728748,0.2763096967801179,153.79967840335826,300,900,2.246822197860199,0.16057097290635328,0.2825882686149096,0.6873038985117523,0.7730115774032742,1.002120773935327,0.8394290270936468,needs,398,217,10,0.04405286343612335,0.16666666666666666,217,59.73450566740257,2090.844282870017,211.97631315254944,300.0000000000002,0,0,0.0,0.0,0.0,226,0,0,0,0.008722658621296944,0.0008951876145313442,1182611779.111428,0.0,0,0.0,0.0,2229000.0,34411.98680333517,3,0,0,0,0,nan,0.2108941052917586,0.21872138317368886,0.8245682458155271,0.05970204145292343,260.4,3.14
scenario_0013,needs-content,6,0.6,2.0048089580032427,5.503915440523606,8,141,24,109.63128674148308,0.46606187289977946,234.60667914728748,0.2763096967801179,153.79967840335826,300,900,2.246822197860199,0.16057097290635328,0.2825882686149096,0.6873038985117523,0.7730115774032742,1.002120773935327,0.8394290270936468,needs,299,136,7,0.04895104895104895,0.12244897959183673,136,65.6217299859552,2027.9516639727951,168.6340374165125,300.0,0,0,0.0,0.0,0.0,226,0,0,0,0.010253736279096466,0.0006974954788685676,1181387672.0854807,0.0,0,1.2116856264433409,0.8077904176288939,1549200.0,18686.669320799003,4,0,0,0,0,nan,0.25375674248383157,0.25927841849590816,0.8282111533653846,0.07310227652252241,163.2,2.74
scenario_0013,needs-content,7,0.6,2.0048089580032427,5.503915440523606,8,141,24,109.63128674148308,0.46606187289977946,234.60667914728748,0.2763096967801179,153.79967840335826,300,900,2.246822197860199,0.16057097290635328,0.2825882686149096,0.6873038985117523,0.7730115774032742,1.002120773935327,0.8394290270936468,needs,265,190,2,0.010416666666666666,0.029850746268656716,190,50.97436138155854,1657.4483612810766,159.70881888094908,300.0,0,0,0.0,0.0,0.0,92,0,0,0,0.001414961163210652,0.0,1363660087.1036792,0.0,0,0.0,0.0,1772400.0,15992.318596566882,4,0,0,0,0,nan,0.47622955175226495,0.48148664591353496,0.8774212997150997,0.10523747605159757,228.0,2.62
scenario_0013,needs-content,8,0.6,2.0048089580032427,5.503915440523606,8,141,24,109.63128674148308,0.46606187289977946,234.60667914728748,0.2763096967801179,153.79967840335826,300,900,2.246822197860199,0.16057097290635328,0.2825882686149096,0.6873038985117523,0.7730115774032742,1.002120773935327,0.8394290270936468,needs,262,136,5,0.03546099290780142,0.11627906976744186,136,64.21977901565788,1967.8451055034905,181.0703499233236,300.0000000000002,0,0,0.0,0.0,0.0,218,0,0,0,0.0034190236099257585,0.0,1324246055.9773638,28.473017668449643,0,0.0,0.0,1681200.0,25434.454917126794,4,0,0,0,0,nan,0.23446338944116596,0.24152553972553845,0.8102886066773505,0.06144018986805804,163.2,2.46
scenario_0013,needs-content,9,0.6,2.0048089580032427,5.503915440523606,8,141,24,109.63128674148308,0.46606187289977946,234.60667914728748,0.2763096967801179,153.79967840335826,300,900,2.246822197860199,0.16057097290635328,0.2825882686149096,0.6873038985117523,0.7730115774032742,1.002120773935327,0.8394290270936468,needs,416,242,22,0.08333333333333333,0.2894736842105263,242,56.7069862377665,2302.511854600595,242.8842015151547,300.0000000000002,0,0,0.0,0.0,0.0,468,0,0,0,0.023327340639391323,0.0,1483075408.9723654,0.0,0,0.0,0.0,2640600.0,42246.5504525504,1,0,0,0,0,nan,0.21200006216886347,0.2312544388271379,0.8420849022257835,0.05962076932548132,290.4,3.31
scenario_0013,needs-content,10,0.6,2.0048089580032427,5.503915440523606,8,141,24,109.63128674148308,0.46606187289977946,234.60667914728748,0.2763096967801179,153.79967840335826,300,900,2.246822197860199,0.16057097290635328,0.2825882686149096,0.6873038985117523,0.7730115774032742,1.002120773935327,0.8394290270936468,needs,383,196,17,0.07981220657276995,0.288135593220339,196,46.73263569026051,2077.3963086674635,236.79557020740918,300.0000000000002,0,0,0.0,0.0,0.0,366,0,0,0,0.024483230821170304,0.0,1882998426.8294091,0.0,0,0.0,0.0,1918200.0,35542.28630845525,3,0,0,0,0,nan,0.17614416764656846,0.1876896257898067,0.8369249963319089,0.08051973653411222,235.2,2.88
scenario_0013,needs-ev,1,0.6,2.0048089580032427,5.503915440523606,8,141,24,109.63128674148308,0.46606187289977946,234.60667914728748,0.2763096967801179,153.79967840335826,300,900,2.246822197860199,0.16057097290635328,0.2825882686149096,0.6873038985117523,0.7730115774032742,1.002120773935327,0.8394290270936468,needs,348,113,17,0.13076923076923078,0.288135593220339,113,222.2709775485589,2629.5407880295347,286.84329037478597,300.0000000000002,0,0,0.0,0.0,0.0,756,0,0,0,0.022868420472502735,0.19781973073889433,2018136782.9880376,333.51605828422805,1,0.0,0.0,1912200.0,70776.4693118765,5,0,0,0,0,nan,0.10677839472390291,0.1132402468962463,0.7621827209579772,0.035632917455538954,135.6,2.74
scenario_0013,needs-ev,2,0.6,2.0048089580032427,5.503915440523606,8,141,24,109.63128674148308,0.46606187289977946,234.60667914728748,0.2763096967801179,153.79967840335826,300,900,2.246822197860199,0.16057097290635328,0.2825882686149096,0.6873038985117523,0.7730115774032742,1.002120773935327,0.8394290270936468,needs,302,186,4,0.021052631578947368,0.05172413793103448,186,41.33175503105008,2031.5744281566901,157.63315683570215,300.0000000000002,0,0,0.0,0.0,0.0,196,0,0,0,0.004008690864497219,0.005287705498240803,1134324454.2084372,773.194631439934,4,0.0,0.0,2220600.0,31828.49962153813,11,0,0,0,0,nan,0.3564639511927541,0.3644743770622542,0.9302272120548434,0.08633125468452317,223.2,3.21
scenario_0013,needs-ev,3,0.6,2.0048089580032427,5.503915440523606,8,141,24,109.63128674148308,0.46606187289977946,234.60667914728748,0.2763096967801179,153.79967840335826,300,900,2.246822197860199,0.16057097290635328,0.2825882686149096,0.6873038985117523,0.7730115774032742,1.002120773935327,0.8394290270936468,needs,353,215,7,0.03153153153153153,0.12727272727272726,215,44.318469506607926,2441.3411251792804,173.60370423967018,300.0000000000002,0,0,0.0,0.0,0.0,329,0,0,0,0.003224162522848446,0.0004747655267303564,1541993404.2572231,669.8773832313991,5,1.1143856267844967,0.7429237511896645,2360400.0,33228.34116664668,8,0,0,0,0,nan,0.2547529302790327,0.2635375140817579,0.9007749384437321,0.07438953383831749,258.0,3.31
scenario_0013,needs-ev,4,0.6,2.0048089580032427,5.503915440523606,8,141,24,109.63128674148308,0.46606187289977946,234.60667914728748,0.2763096967801179,153.79967840335826,300,900,2.246822197860199,0.16057097290635328,0.2825882686149096,0.6873038985117523,0.7730115774032742,1.002120773935327,0.8394290270936468,needs,463,258,2,0.007692307692307693,0.027777777777777776,258,37.70201474498549,1771.164220251685,190.75292603492093,300.0000000000002,0,0,0.0,0.0,0.0,236,0,0,0,0.0011324816720370704,0.0,1159636479.5294306,954.5183639906217,6,0.0,0.0,2773200.0,34990.06653465593,7,0,0,0,0,nan,0.24086410607200986,0.24259073048829669,0.8995007948183761,0.0748762581538951,309.59999999999997,3.39
scenario_0013,needs-ev,5,0.6,2.0048089580032427,5.503915440523606,8,141,24,109.63128674148308,0.46606187289977946,234.60667914728748,0.2763096967801179,153.79967840335826,300,900,2.246822197860199,0.16057097290635328,0.2825882686149096,0.6873038985117523,0.7730115774032742,1.002120773935327,0.8394290270936468,needs,388,201,5,0.024271844660194174,0.09615384615384616,201,49.32929439747795,2082.4145837125848,281.591164230902,300.0000000000002,0,0,0.0,0.0,0.0,251,0,0,0,0.0055139871729486265,0.0009157321633346959,1190960162.4599113,298.8145192985375,3,0.0,0.0,2104200.0,28357.146327863396,3,0,0,0,0,nan,0.20379853798095585,0.20740318211456535,0.8144580447293448,0.059077026678268064,241.2,3.01
scenario_0013,needs-ev,6,0.6,2.0048089580032427,5.503915440523606,8,141,24,109.63128674148308,0.46606187289977946,234.60667914728748,0.2763096967801179,153.79967840335826,300,900,2.246822197860199,0.16057097290635328,0.2825882686149096,0.6873038985117523,0.7730115774032742,1.002120773935327,0.8394290270936468,needs,304,137,3,0.02142857142857143,0.06521739130434782,137,57.48627973200746,2398.3985416949545,176.27331211996457,300.0000000000002,0,0,0.0,0.0,0.0,237,0,0,0,0.003799487959969024,0.0,1313613906.1501596,1333.7593450824975,11,3.8792243267644153,2.586149551176277,1579200.0,17111.844376945097,5,0,0,0,0,nan,0.25754276999103953,0.2611197529075817,0.8322064970975784,0.07611898166962959,164.4,2.74
scenario_0013,needs-ev,7,0.6,2.0048089580032427,5.503915440523606,8,141,24,109.63128674148308,0.46606187289977946,234.60667914728748,0.2763096967801179,153.79967840335826,300,900,2.246822197860199,0.16057097290635328,0.2825882686149096,0.6873038985117523,0.7730115774032742,1.002120773935327,0.8394290270936468,needs,275,201,0,0.0,0.0,201,50.95746720322495,1774.4743737052663,158.90051410836992,300.0,0,0,0.0,0.0,0.0,88,0,0,0,0.0,0.0,1340529108.8794625,806.9332933888525,3,0.0,0.0,1800000.0,16347.07897384983,3,0,0,0,0,nan,0.5070926415905357,0.5070926415905357,0.9173814708333334,0.10703354114633805,241.2,2.79
scenario_0013,needs-ev,8,0.6,2.0048089580032427,5.503915440523606,8,141,24,109.63128674148308,0.46606187289977946,234.60667914728748,0.2763096967801179,153.79967840335826,300,900,2.246822197860199,0.16057097290635328,0.2825882686149096,0.6873038985117523,0.7730115774032742,1.002120773935327,0.8394290270936468,needs,267,136,2,0.014492753623188406,0.05263157894736842,136,66.28337972889676,2042.1722153347973,180.6870624786971,300.0000000000002,0,0,0.0,0.0,0.0,214,0,0,0,0.00055533090013118,0.0,1332749220.3533597,320.542520772396,3,0.0,0.0,1656000.0,27075.919725028376,5,0,0,0,0,nan,0.25624505549043447,0.2592597032020867,0.8204396607905983,0.06078998786348115,163.2,2.62
scenario_0013,needs-ev,9,0.6,2.0048089580032427,5.503915440523606,8,141,24,109.63128674148308,0.46606187289977946,234.60667914728748,0.2763096967801179,153.79967840335826,300,900,2.246822197860199,0.16057097290635328,0.2825882686149096,0.6873038985117523,0.7730115774032742,1.002120773935327,0.8394290270936468,needs,429,260,24,0.08450704225352113,0.2839506172839506,260,52.261365746559136,2426.507634725349,185.6602286096615,300.0000000000002,0,0,0.0,0.0,0.0,468,0,0,0,0.029102908761111313,0.0,1453355730.4587338,447.3755169096688,1,0.0,0.0,2758200.0,43893.71757343247,1,0,0,0,0,nan,0.2388834967596452,0.26631509447367147,0.8553326090633903,0.06131584486342538,312.0,3.49
scenario_0013,needs-ev,10,0.6,2.0048089580032427,5.503915440523606,8,141,24,109.63128674148308,0.46606187289977946,234.60667914728748,0.2763096967801179,153.79967840335826,300,900,2.246822197860199,0.16057097290635328,0.2825882686149096,0.6873038985117523,0.7730115774032742,1.002120773935327,0.8394290270936468,needs,353,133,14,0.09523809523809523,0.34146341463414637,133,40.68996525010016,2266.2268116761456,288.50871511204815,300.0000000000002,0,0,0.0,0.0,0.0,499,0,0,0,0.03664244345512309,0.0004910096088301182,1901333873.4690921,596.8072665140571,4,0.0,0.0,1411800.0,34508.66485658699,3,0,0,0,0,nan,0.1368161753891267,0.14493238918339693,0.7727467338319088,0.08530809970951582,159.6,2.38
scenario_0013,needs-forecast,1,0.6,2.0048089580032427,5.503915440523606,8,141,24,109.63128674148308,0.46606187289977946,234.60667914728748,0.2763096967801179,153.79967840335826,300,900,2.246822197860199,0.16057097290635328,0.2825882686149096,0.6873038985117523,0.7730115774032742,1.002120773935327,0.8394290270936468,needs,356,127,14,0.09929078014184398,0.22950819672131148,127,247.6265038270226,2815.9132142490075,287.6076054413238,300.0000000000002,0,0,0.0,0.0,0.0,768,0,0,0,0.013768558354212269,0.14316211367795023,1682695469.0291388,0.0,0,0.0,0.0,2079000.0,75425.96622415734,6,0,0,0,0,nan,0.11168658423052187,0.11706375146435725,0.7861913956196581,0.05850083258379703,152.4,2.84
scenario_0013,needs-forecast,2,0.6,2.0048089580032427,5.503915440523606,8,141,24,109.63128674148308,0.46606187289977946,234.60667914728748,0.2763096967801179,153.79967840335826,300,900,2.246822197860199,0.16057097290635328,0.2825882686149096,0.6873038985117523,0.7730115774032742,1.002120773935327,0.8394290270936468,needs,300,184,6,0.031578947368421054,0.08620689655172414,184,40.44097194927292,2513.2771349139016,159.97300992912756,300.0,0,0,0.0,0.0,0.0,192,0,0,0,0.011979915671630299,0.005269231634360258,1051108915.9793541,0.0,0,0.0,0.0,2237400.0,32986.459152101204,11,0,0,0,0,nan,0.34557003046415086,0.35345074028923373,0.9235534829772081,0.08663888692718157,220.79999999999998,3.11
scenario_0013,needs-forecast,3,0.6,2.0048089580032427,5.503915440523606,8,141,24,109.63128674148308,0.46606187289977946,234.60667914728748,0.2763096967801179,153.79967840335826,300,900,2.246822197860199,0.16057097290635328,0.2825882686149096,0.6873038985117523,0.7730115774032742,1.002120773935327,0.8394290270936468,needs,342,199,10,0.04784688995215311,0.16981132075471697,199,58.96660429920348,2390.7353259701695,185.22930751822702,300.0000000000002,0,0,0.0,0.0,0.0,325,0,0,0,0.013249732344752286,0.0004490927866994316,1241640770.143323,0.0,0,0.0,0.0,2300400.0,33973.69908027233,6,0,0,0,0,nan,0.2592516694395656,0.2688988580977018,0.8794297777421652,0.08067049775296069,238.79999999999998,3.19
scenario_0013,needs-forecast,4,0.6,2.0048089580032427,5.503915440523606,8,141,24,109.63128674148308,0.46606187289977946,234.60667914728748,0.2763096967801179,153.79967840335826,300,900,2.246822197860199,0.16057097290635328,0.2825882686149096,0.6873038985117523,0.7730115774032742,1.002120773935327,0.8394290270936468,needs,453,244,4,0.016129032258064516,0.05714285714285714,244,50.65529533840572,1663.4950518159123,190.49489819525004,300.0000000000002,0,0,0.0,0.0,0.0,222,0,0,0,0.002961694510125698,0.0,1435648024.1771822,0.0,0,0.0,0.0,2673600.0,33796.820584256246,6,0,0,0,0,nan,0.21479005932680773,0.21789172083333203,0.867607530252849,0.07117111043350526,292.8,3.2
scenario_0013,needs-forecast,5,0.6,2.0048089580032427,5.503915440523606,8,141,24,109.63128674148308,0.46606187289977946,234.60667914728748,0.2763096967801179,153.79967840335826,300,900,2.246822197860199,0.16057097290635328,0.2825882686149096,0.6873038985117523,0.7730115774032742,1.002120773935327,0.8394290270936468,needs,392,205,8,0.03755868544600939,0.14545454545454545,205,50.896322139953554,2041.0510064989714,216.00249724681427,300.0000000000002,0,0,0.0,0.0,0.0,227,0,0,0,0.005070031810141635,0.0009886175940579927,987283076.7344117,93.00758785245898,0,0.0,0.0,2135400.0,31059.434295036037,3,0,0,0,0,nan,0.19970054693996367,0.2051876096837493,0.8017714075676639,0.05308975562256293,246.0,3.0
scenario_0013,needs-forecast,6,0.6,2.0048089580032427,5.503915440523606,8,141,24,109.63128674148308,0.46606187289977946,234.60667914728748,0.2763096967801179,153.79967840335826,300,900,2.246822197860199,0.16057097290635328,0.2825882686149096,0.6873038985117523,0.7730115774032742,1.002120773935327,0.8394290270936468,needs,299,132,6,0.043478260869565216,0.10638297872340426,132,49.91089715009298,1972.0104159582222,195.69287057846086,300.0000000000002,0,0,0.0,0.0,0.0,227,0,0,0,0.006162074796734963,0.0,1183826296.5963283,0.0,0,9.480224762895432,6.264090480310642,1526400.0,17202.873616117296,4,1,0,0,0,nan,0.2503518207432219,0.2529891649551951,0.8284397917378918,0.08543990123549919,158.4,2.67
scenario_0013,needs-forecast,7,0.6,2.0048089580032427,5.503915440523606,8,141,24,109.63128674148308,0.46606187289977946,234.60667914728748,0.2763096967801179,153.79967840335826,300,900,2.246822197860199,0.16057097290635328,0.2825882686149096,0.6873038985117523,0.7730115774032742,1.002120773935327,0.8394290270936468,needs,277,200,1,0.004975124378109453,0.014285714285714285,200,41.9171399410784,1587.516789281173,157.1700034520365,300.0,0,0,0.0,0.0,0.0,88,0,0,0,0.0003330692748780722,0.0,1442754711.2067494,0.0,0,0.0,0.0,1798800.0,16344.087612412679,3,0,0,0,0,nan,0.5176980734925941,0.5210597492944941,0.9049364104166667,0.11436158392547112,240.0,2.79
scenario_0013,needs-forecast,8,0.6,2.0048089580032427,5.503915440523606,8,141,24,109.63128674148308,0.46606187289977946,234.60667914728748,0.2763096967801179,153.79967840335826,300,900,2.246822197860199,0.16057097290635328,0.2825882686149096,0.6873038985117523,0.7730115774032742,1.002120773935327,0.8394290270936468,needs,249,127,4,0.030534351145038167,0.09523809523809523,127,78.98943921273349,2009.2271413394362,248.49526007652037,300.0000000000002,0,0,0.0,0.0,0.0,214,0,0,0,0.0029109121200909783,0.0,1153998636.1194499,0.0,0,0.0,0.0,1563600.0,27278.529144414217,4,0,0,0,0,nan,0.23326785044666187,0.23882184688586813,0.7954423533297721,0.053691855212900604,152.4,2.42
scenario_0013,needs-forecast,9,0.6,2.0048089580032427,5.503915440523606,8,141,24,109.63128674148308,0.46606187289977946,234.60667914728748,0.2763096967801179,153.79967840335826,300,900,2.246822197860199,0.16057097290635328,0.2825882686149096,0.6873038985117523,0.7730115774032742,1.002120773935327,0.8394290270936468,needs,425,260,19,0.06810035842293907,0.2375,260,58.99246799979073,2342.3475891687917,177.4023919878487,300.0000000000002,0,0,0.0,0.0,0.0,469,0,0,0,0.021687073103936704,0.0,1656056148.8490686,0.0,0,0.0,0.0,2809800.0,41367.13795615488,1,0,0,0,0,nan,0.23866392334083134,0.2568009242067407,0.8724731471866096,0.06296806359343002,312.0,3.3
scenario_0013,needs-forecast,10,0.6,2.0048089580032427,5.503915440523606,8,141,24,109.63128674148308,0.46606187289977946,234.60667914728748,0.2763096967801179,153.79967840335826,300,900,2.246822197860199,0.16057097290635328,0.2825882686149096,0.6873038985117523,0.7730115774032742,1.002120773935327,0.8394290270936468,needs,367,174,15,0.07936507936507936,0.2727272727272727,174,66.28187365907388,2376.0975061561226,229.76994297473874,300.0000000000002,0,0,0.0,0.0,0.0,377,0,0,0,0.022167962751277987,0.0,1736787398.6945608,0.0,0,0.0,0.0,1717800.0,38245.25153449317,3,0,0,0,0,nan,0.15567570254717147,0.1656124495182675,0.8196815004095442,0.07648741589186428,208.79999999999998,2.6
scenario_0013,needs-conformal,1,0.6,2.0048089580032427,5.503915440523606,8,141,24,109.63128674148308,0.46606187289977946,234.60667914728748,0.2763096967801179,153.79967840335826,300,900,2.246822197860199,0.16057097290635328,0.2825882686149096,0.6873038985117523,0.7730115774032742,1.002120773935327,0.8394290270936468,needs,349,118,13,0.09923664122137404,0.22033898305084745,118,333.72738153738123,2693.9478944648345,250.50086755779358,300.0000000000002,0,0,0.0,0.0,0.0,752,0,0,0,0.013400483122624107,0.16651219673782686,1869373942.0238194,0.0,0,0.0,0.0,1992600.0,71047.49691160217,5,0,0,0,0,nan,0.10173211752275879,0.10622821357903478,0.7963212975605414,0.047038686090924466,141.6,2.87
scenario_0013,needs-conformal,2,0.6,2.0048089580032427,5.503915440523606,8,141,24,109.63128674148308,0.46606187289977946,234.60667914728748,0.2763096967801179,153.79967840335826,300,900,2.246822197860199,0.16057097290635328,0.2825882686149096,0.6873038985117523,0.7730115774032742,1.002120773935327,0.8394290270936468,needs,299,183,5,0.026595744680851064,0.06666666666666667,183,35.15021634846062,2163.470330003123,157.46514174579207,300.0000000000002,0,0,0.0,0.0,0.0,204,0,0,0,0.008608242774920198,0.00504768970141699,1043664389.7249603,0.0,0,0.0,0.0,2265000.0,31065.571762244475,10,0,0,0,0,nan,0.3527154772496338,0.35654510896702934,0.9106011047542735,0.0905518899015086,219.6,3.18
scenario_0013,needs-conformal,3,0.6,2.0048089580032427,5.503915440523606,8,141,24,109.63128674148308,0.46606187289977946,234.60667914728748,0.2763096967801179,153.79967840335826,300,900,2.246822197860199,0.16057097290635328,0.2825882686149096,0.6873038985117523,0.7730115774032742,1.002120773935327,0.8394290270936468,needs,356,197,11,0.052884615384615384,0.20754716981132076,197,34.48140020980736,2084.7531471671687,178.41115530407512,300.0000000000002,0,0,0.0,0.0,0.0,343,0,0,0,0.00614141923310164,0.0005554759116641543,1446711371.0119255,25.02288566468303,0,0.0,0.0,2374800.0,32281.229385339146,7,0,0,0,0,nan,0.25175996408734425,0.2656763440117703,0.8666867517984331,0.061076233731523516,236.39999999999998,3.32
scenario_0013,needs-conformal,4,0.6,2.0048089580032427,5.503915440523606,8,141,24,109.63128674148308,0.46606187289977946,234.60667914728748,0.2763096967801179,153.79967840335826,300,900,2.246822197860199,0.16057097290635328,0.2825882686149096,0.6873038985117523,0.7730115774032742,1.002120773935327,0.8394290270936468,needs,459,251,4,0.01568627450980392,0.05555555555555555,251,37.374667020201514,1777.7057619894645,196.59518623458706,300.0,0,0,0.0,0.0,0.0,231,0,0,0,0.002789382001344676,0.0,1048274638.45813,0.0,0,0.0,0.0,2738400.0,32170.483927546924,6,0,0,0,0,nan,0.2447984961094623,0.248333492443173,0.879906739690171,0.07466052971545456,301.2,3.32
scenario_0013,needs-conformal,5,0.6,2.0048089580032427,5.503915440523606,8,141,24,109.63128674148308,0.46606187289977946,234.60667914728748,0.2763096967801179,153.79967840335826,300,900,2.246822197860199,0.16057097290635328,0.2825882686149096,0.6873038985117523,0.7730115774032742,1.002120773935327,0.8394290270936468,needs,389,202,8,0.0380952380952381,0.14285714285714285,202,48.4646198862481,2129.157099374272,232.1624547799142,300.0000000000002,0,0,0.0,0.0,0.0,230,0,0,0,0.004616261665325897,0.000901925694293022,984004929.4795226,0.0,0,0.0,0.0,2125800.0,30853.60733471758,3,0,0,0,0,nan,0.21088965743909516,0.21674552414814768,0.802742738960114,0.0597625351070979,242.39999999999998,2.99
scenario_0013,needs-conformal,6,0.6,2.0048089580032427,5.503915440523606,8,141,24,109.63128674148308,0.46606187289977946,234.60667914728748,0.2763096967801179,153.79967840335826,300,900,2.246822197860199,0.16057097290635328,0.2825882686149096,0.6873038985117523,0.7730115774032742,1.002120773935327,0.8394290270936468,needs,298,134,6,0.04285714285714286,0.1,134,61.9332317804533,2041.125060315755,187.62571468827898,300.0000000000002,0,0,0.0,0.0,0.0,227,0,0,0,0.007785019894564568,0.0,1237335040.385764,19.973343569982603,0,4.5879868681868174,2.163375166727292,1533600.0,18749.91079864937,5,1,0,0,0,nan,0.23073935375677115,0.23387970595947657,0.8374416906695157,0.08049353641945577,160.79999999999998,2.73
scenario_0013,needs-conformal,7,0.6,2.0048089580032427,5.503915440523606,8,141,24,109.63128674148308,0.46606187289977946,234.60667914728748,0.2763096967801179,153.79967840335826,300,900,2.246822197860199,0.16057097290635328,0.2825882686149096,0.6873038985117523,0.7730115774032742,1.002120773935327,0.8394290270936468,needs,272,193,0,0.0,0.0,193,42.6792766331032,1293.7776771743142,157.6313632693834,300.0,0,0,0.0,0.0,0.0,84,0,0,0,0.0,0.0,1045156407.6219846,0.0,0,0.0,0.0,1777200.0,17451.5220637738,4,0,0,0,0,nan,0.4960698070469871,0.4960698070469871,0.8995403261574074,0.12381206911519246,231.6,2.82
scenario_0013,needs-conformal,8,0.6,2.0048089580032427,5.503915440523606,8,141,24,109.63128674148308,0.46606187289977946,234.60667914728748,0.2763096967801179,153.79967840335826,300,900,2.246822197860199,0.16057097290635328,0.2825882686149096,0.6873038985117523,0.7730115774032742,1.002120773935327,0.8394290270936468,needs,253,118,5,0.04065040650406504,0.1388888888888889,118,56.87971610873092,2206.3805775922847,240.23406793043904,300.0000000000002,0,0,0.0,0.0,0.0,211,0,0,0,0.004419953214173105,0.0,1129623427.2197204,0.0,0,0.0,0.0,1545600.0,27408.852767875225,4,0,0,0,0,nan,0.22107568938946295,0.22769472200591395,0.7837772465277778,0.048161856286391865,141.6,2.36
scenario_0013,needs-conformal,9,0.6,2.0048089580032427,5.503915440523606,8,141,24,109.63128674148308,0.46606187289977946,234.60667914728748,0.2763096967801179,153.79967840335826,300,900,2.246822197860199,0.16057097290635328,0.2825882686149096,0.6873038985117523,0.7730115774032742,1.002120773935327,0.8394290270936468,needs,427,262,22,0.07746478873239436,0.24705882352941178,262,58.43857505759729,2144.2903380008565,250.98778752337884,300.0000000000002,0,0,0.0,0.0,0.0,487,0,0,0,0.03123508278184955,0.0,1471014469.1238174,0.0,0,0.0,0.0,2764200.0,40639.429615020505,1,0,0,0,0,nan,0.24009986937453714,0.26209835971848605,0.8237290673611112,0.07703264387222333,314.4,3.31
scenario_0013,needs-conformal,10,0.6,2.0048089580032427,5.503915440523606,8,141,24,109.63128674148308,0.46606187289977946,234.60667914728748,0.2763096967801179,153.79967840335826,300,900,2.246822197860199,0.16057097290635328,0.2825882686149096,0.6873038985117523,0.7730115774032742,1.002120773935327,0.8394290270936468,needs,362,156,13,0.07692307692307693,0.2708333333333333,156,77.98748520444951,2238.0049096624134,285.046363941114,300.0000000000002,0,0,0.0,0.0,0.0,438,0,0,0,0.012642004788406672,0.0,1800610291.8748734,150.96064391644074,2,0.0,0.0,1571400.0,34127.1747330408,3,0,0,0,0,nan,0.12963977870902924,0.13553008392392868,0.7872406728276354,0.08703876279496461,187.2,2.56
scenario_0013,needs-learn_pre,1,0.6,2.0048089580032427,5.503915440523606,8,141,24,109.63128674148308,0.46606187289977946,234.60667914728748,0.2763096967801179,153.79967840335826,300,900,2.246822197860199,0.16057097290635328,0.2825882686149096,0.6873038985117523,0.7730115774032742,1.002120773935327,0.8394290270936468,needs,335,90,14,0.1346153846153846,0.2916666666666667,90,560.204703163108,2702.577451210714,291.89549327214985,300.0000000000002,0,0,0.0,0.0,0.0,783,0,0,0,0.014337738079754823,0.00047492423348793796,1712777424.1979558,0.0,0,0.0,0.0,1750200.0,75625.91208013406,5,0,0,0,0,nan,0.07111992325477742,0.074542992095023,0.7830041426282052,0.04468933264471174,108.0,1.19
scenario_0013,needs-learn_pre,2,0.6,2.0048089580032427,5.503915440523606,8,141,24,109.63128674148308,0.46606187289977946,234.60667914728748,0.2763096967801179,153.79967840335826,300,900,2.246822197860199,0.16057097290635328,0.2825882686149096,0.6873038985117523,0.7730115774032742,1.002120773935327,0.8394290270936468,needs,307,188,2,0.010526315789473684,0.017857142857142856,188,55.013460936540696,2168.429206549082,163.95233179715947,300.0000000000002,0,0,0.0,0.0,0.0,165,0,0,0,0.0013318571159632558,0.004974434513993146,1073741907.091634,0.0,0,0.0,0.0,2177400.0,32408.328315699004,11,0,0,0,0,nan,0.34981345480939924,0.353678796851492,0.9168001677528491,0.09359158322487587,225.6,1.32
scenario_0013,needs-learn_pre,3,0.6,2.0048089580032427,5.503915440523606,8,141,24,109.63128674148308,0.46606187289977946,234.60667914728748,0.2763096967801179,153.79967840335826,300,900,2.246822197860199,0.16057097290635328,0.2825882686149096,0.6873038985117523,0.7730115774032742,1.002120773935327,0.8394290270936468,needs,343,201,9,0.04285714285714286,0.18,201,60.30862759254251,2272.4590704471516,206.7340058283498,300.0000000000002,0,0,0.0,0.0,0.0,304,0,0,0,0.007685645487162505,0.0004637958016535117,1277905316.8062232,0.0,0,0.0,0.0,2205600.0,32553.420848386955,7,0,0,0,0,nan,0.2226745082502327,0.23087359224724144,0.8912300957086895,0.07854589125442098,241.2,1.36
scenario_0013,needs-learn_pre,4,0.6,2.0048089580032427,5.503915440523606,8,141,24,109.63128674148308,0.46606187289977946,234.60667914728748,0.2763096967801179,153.79967840335826,300,900,2.246822197860199,0.16057097290635328,0.2825882686149096,0.6873038985117523,0.7730115774032742,1.002120773935327,0.8394290270936468,needs,448,241,2,0.00823045267489712,0.028985507246376812,241,57.383431528243136,1814.5420074746708,189.85381192870528,300.0000000000002,0,0,0.0,0.0,0.0,219,0,0,0,0.0007984330405782902,0.0,1128713566.4455674,578.9729741936173,0,0.0,0.0,2569200.0,34268.10877542234,7,0,0,0,0,nan,0.21217923504809594,0.21370023314879918,0.8682946123575499,0.08539319739447263,289.2,1.36
scenario_0013,needs-learn_pre,5,0.6,2.0048089580032427,5.503915440523606,8,141,24,109.63128674148308,0.46606187289977946,234.60667914728748,0.2763096967801179,153.79967840335826,300,900,2.246822197860199,0.16057097290635328,0.2825882686149096,0.6873038985117523,0.7730115774032742,1.002120773935327,0.8394290270936468,needs,387,195,8,0.03940886699507389,0.15384615384615385,195,58.13142203848065,2023.6755119787465,201.3719404744775,300.0000000000002,0,0,0.0,0.0,0.0,222,0,0,0,0.004629177523014449,0.0009215433372641856,1096825451.489963,61.77859534144068,1,0.0,0.0,2059800.0,30309.430627967213,3,0,0,0,0,nan,0.19309905419459492,0.19846607397773897,0.7969070602386039,0.05897993616034479,234.0,1.22
scenario_0013,needs-learn_pre,6,0.6,2.0048089580032427,5.503915440523606,8,141,24,109.63128674148308,0.46606187289977946,234.60667914728748,0.2763096967801179,153.79967840335826,300,900,2.246822197860199,0.16057097290635328,0.2825882686149096,0.6873038985117523,0.7730115774032742,1.002120773935327,0.8394290270936468,needs,290,114,5,0.04201680672268908,0.0975609756097561,114,51.36853828096707,1999.6707949213376,245.28790088751168,300.0000000000002,0,0,0.0,0.0,0.0,251,0,0,0,0.00795673992301043,0.0,1239012689.2291162,7.636409254716511,1,6.240672193510363,2.0802240645034544,1345200.0,16511.81251014313,3,1,0,0,0,nan,0.22060139233646794,0.22187180716410662,0.8079761859508547,0.06266531744623022,136.79999999999998,1.03
scenario_0013,needs-learn_pre,7,0.6,2.0048089580032427,5.503915440523606,8,141,24,109.63128674148308,0.46606187289977946,234.60667914728748,0.2763096967801179,153.79967840335826,300,900,2.246822197860199,0.16057097290635328,0.2825882686149096,0.6873038985117523,0.7730115774032742,1.002120773935327,0.8394290270936468,needs,274,197,0,0.0,0.0,197,40.30208157139964,1513.359561422854,158.5272672475273,300.0,0,0,0.0,0.0,0.0,79,0,0,0,0.0,0.0,1118539038.424763,0.0,0,0.0,0.0,1800000.0,17877.97397696995,3,0,0,0,0,nan,0.49955484286895313,0.49955484286895313,0.8914029899750713,0.11708649739710528,236.39999999999998,1.05
scenario_0013,needs-learn_pre,8,0.6,2.0048089580032427,5.503915440523606,8,141,24,109.63128674148308,0.46606187289977946,234.60667914728748,0.2763096967801179,153.79967840335826,300,900,2.246822197860199,0.16057097290635328,0.2825882686149096,0.6873038985117523,0.7730115774032742,1.002120773935327,0.8394290270936468,needs,258,123,3,0.023809523809523808,0.08108108108108109,123,97.73392438131577,1998.5608887935482,193.79933848254146,300.0000000000002,0,0,0.0,0.0,0.0,210,0,0,0,0.002750472946703084,0.0,1292662433.2735975,791.5726230567066,5,0.0,0.0,1495200.0,27559.045100464973,3,0,0,0,0,nan,0.18863704892624453,0.19196593802494297,0.7721913762464387,0.0680547786414672,147.6,1.0
scenario_0013,needs-learn_pre,9,0.6,2.0048089580032427,5.503915440523606,8,141,24,109.63128674148308,0.46606187289977946,234.60667914728748,0.2763096967801179,153.79967840335826,300,900,2.246822197860199,0.16057097290635328,0.2825882686149096,0.6873038985117523,0.7730115774032742,1.002120773935327,0.8394290270936468,needs,384,208,17,0.07555555555555556,0.2318840579710145,208,94.33213730424302,2353.69666733663,226.31126994542547,300.0000000000002,0,0,0.0,0.0,0.0,467,0,0,0,0.01675485964284922,0.0,1348051248.0027838,0.0,0,0.0,0.0,2422200.0,44687.5094833075,1,0,0,0,0,nan,0.16970658022263205,0.18068349789346916,0.8038061099358974,0.07432213039370515,249.6,1.27
scenario_0013,needs-learn_pre,10,0.6,2.0048089580032427,5.503915440523606,8,141,24,109.63128674148308,0.46606187289977946,234.60667914728748,0.2763096967801179,153.79967840335826,300,900,2.246822197860199,0.16057097290635328,0.2825882686149096,0.6873038985117523,0.7730115774032742,1.002120773935327,0.8394290270936468,needs,349,156,15,0.08771929824561403,0.2692307692307692,156,115.63999498027601,2414.898931274548,280.48896519612754,300.0000000000002,0,0,0.0,0.0,0.0,469,0,0,0,0.04939255134801344,0.0005373232359158585,1617260792.2726793,138.42960650138173,1,0.0,0.0,1505400.0,35900.71152411115,3,0,0,0,0,nan,0.13831347704430907,0.1454682447122543,0.7733096870014246,0.07662236338878572,187.2,1.04
scenario_0013,oracle0,1,0.6,2.0048089580032427,5.503915440523606,8,141,24,109.63128674148308,0.46606187289977946,234.60667914728748,0.2763096967801179,153.79967840335826,300,900,2.246822197860199,0.16057097290635328,0.2825882686149096,0.6873038985117523,0.7730115774032742,1.002120773935327,0.8394290270936468,clairvoyant,474,286,26,0.08333333333333333,0.23076923076923078,286,20.244118382922693,2302.339700274249,109.50152822552329,300.0000000000002,0,0,0.0,0.0,0.0,995,0,0,0,0.03288975931683421,0.11042846407720013,3627613409.7867217,20.221399780741677,9,0.0,0.0,0.0,0.0,6,0,0,0,0,nan,0.33031883028970055,0.36162352408907555,0.9855472837962963,0.10494605785978478,343.2,0.34
scenario_0013,oracle0,2,0.6,2.0048089580032427,5.503915440523606,8,141,24,109.63128674148308,0.46606187289977946,234.60667914728748,0.2763096967801179,153.79967840335826,300,900,2.246822197860199,0.16057097290635328,0.2825882686149096,0.6873038985117523,0.7730115774032742,1.002120773935327,0.8394290270936468,clairvoyant,327,217,10,0.04405286343612335,0.13043478260869565,217,27.686291753234855,1710.749303217119,121.71451587066939,300.0000000000002,0,0,0.0,0.0,0.0,324,0,0,0,0.009509003464151176,0.007993327469528534,2152137556.0660405,26.961866374322256,12,0.0,0.0,0.0,0.0,11,0,0,0,0,nan,0.4378108460460883,0.4632649650022562,0.9648188031160969,0.13621445398921725,260.4,0.2
scenario_0013,oracle0,3,0.6,2.0048089580032427,5.503915440523606,8,141,24,109.63128674148308,0.46606187289977946,234.60667914728748,0.2763096967801179,153.79967840335826,300,900,2.246822197860199,0.16057097290635328,0.2825882686149096,0.6873038985117523,0.7730115774032742,1.002120773935327,0.8394290270936468,clairvoyant,398,273,24,0.08080808080808081,0.24050632911392406,273,20.546931116999986,2090.0803334575107,104.52612278265013,300.0000000000002,0,0,0.0,0.0,0.0,476,0,0,0,0.09175168906424001,0.18073774125054054,2896828206.3165064,13.4809331871611,6,0.0,0.0,0.0,0.0,10,0,0,0,0,nan,0.4369025068924269,0.48135366790945366,0.9864028613425926,0.10436377149772957,327.59999999999997,0.26
scenario_0013,oracle0,4,0.6,2.0048089580032427,5.503915440523606,8,141,24,109.63128674148308,0.46606187289977946,234.60667914728748,0.2763096967801179,153.79967840335826,300,900,2.246822197860199,0.16057097290635328,0.2825882686149096,0.6873038985117523,0.7730115774032742,1.002120773935327,0.8394290270936468,clairvoyant,498,323,10,0.03003003003003003,0.09803921568627451,323,18.633254859396402,1507.9762077424125,128.98078560428343,300.0000000000002,0,0,0.0,0.0,0.0,392,0,0,0,0.03699247845202522,0.005658054049208601,2300475875.4026947,29.20868857218261,13,0.0,0.0,0.0,0.0,10,0,0,0,0,nan,0.4042859863629581,0.41392906892216386,0.953111843411681,0.08082247726638274,387.59999999999997,0.23
scenario_0013,oracle0,5,0.6,2.0048089580032427,5.503915440523606,8,141,24,109.63128674148308,0.46606187289977946,234.60667914728748,0.2763096967801179,153.79967840335826,300,900,2.246822197860199,0.16057097290635328,0.2825882686149096,0.6873038985117523,0.7730115774032742,1.002120773935327,0.8394290270936468,clairvoyant,501,361,12,0.032171581769437,0.1411764705882353,361,19.707316021776023,1863.6280448557518,107.93105330500467,300.0000000000002,0,0,0.0,0.0,0.0,419,0,0,0,0.011852648962873576,0.15794441584023516,3002823238.691465,29.208688572182552,13,0.0,0.0,0.0,0.0,4,0,0,0,0,nan,0.44819807196158234,0.46652685385949344,0.9869335286324787,0.10777484683272912,433.2,0.25
scenario_0013,oracle0,6,0.6,2.0048089580032427,5.503915440523606,8,141,24,109.63128674148308,0.46606187289977946,234.60667914728748,0.2763096967801179,153.79967840335826,300,900,2.246822197860199,0.16057097290635328,0.2825882686149096,0.6873038985117523,0.7730115774032742,1.002120773935327,0.8394290270936468,clairvoyant,336,202,11,0.051643192488262914,0.1267605633802817,202,46.45664271432895,1629.778251450095,104.00791526428206,300.0000000000002,0,0,0.0,0.0,0.0,301,0,0,0,0.019624438340005813,0.1530769181211437,2511321939.279624,51.67691055078504,23,0.0,0.0,0.0,0.0,6,2,0,0,0,nan,0.43746885890422454,0.44672958533183543,0.984033996670228,0.1261269645061397,242.39999999999998,0.22
scenario_0013,oracle0,7,0.6,2.0048089580032427,5.503915440523606,8,141,24,109.63128674148308,0.46606187289977946,234.60667914728748,0.2763096967801179,153.79967840335826,300,900,2.246822197860199,0.16057097290635328,0.2825882686149096,0.6873038985117523,0.7730115774032742,1.002120773935327,0.8394290270936468,clairvoyant,297,227,6,0.02575107296137339,0.0759493670886076,227,40.30208157139964,1420.3570652186102,68.52338122308481,300.0000000000002,0,0,0.0,0.0,0.0,168,0,0,0,0.008263904012858139,0.0006090532071781765,1509972298.5825644,35.94915516576293,16,0.0,0.0,0.0,0.0,4,0,0,0,0,nan,0.5855065782170069,0.6032814503886724,0.9133124589031338,0.13600229759598473,272.4,0.16
scenario_0013,oracle0,8,0.6,2.0048089580032427,5.503915440523606,8,141,24,109.63128674148308,0.46606187289977946,234.60667914728748,0.2763096967801179,153.79967840335826,300,900,2.246822197860199,0.16057097290635328,0.2825882686149096,0.6873038985117523,0.7730115774032742,1.002120773935327,0.8394290270936468,clairvoyant,324,218,8,0.035398230088495575,0.0967741935483871,218,28.908562223865147,1923.5536586933422,83.47612670514229,300.0000000000002,0,0,0.0,0.0,0.0,374,0,0,0,0.012602386345751235,0.0024544094871112474,2666993469.339299,31.455510770043077,14,0.0,0.0,0.0,0.0,11,0,0,0,0,nan,0.46324447791365136,0.472262430902064,0.9817148028133903,0.1352747111134408,261.59999999999997,0.2
scenario_0013,oracle0,9,0.6,2.0048089580032427,5.503915440523606,8,141,24,109.63128674148308,0.46606187289977946,234.60667914728748,0.2763096967801179,153.79967840335826,300,900,2.246822197860199,0.16057097290635328,0.2825882686149096,0.6873038985117523,0.7730115774032742,1.002120773935327,0.8394290270936468,clairvoyant,483,344,27,0.07277628032345014,0.24528301886792453,344,19.420264418981787,2175.0379992235216,143.0524671416362,300.0000000000002,0,0,0.0,0.0,0.0,729,0,0,0,0.039286734963385916,0.03355919021235923,3648160759.6433673,4.4936443957203664,2,0.0,0.0,0.0,0.0,6,0,0,0,0,nan,0.401167983312606,0.4512992308013717,0.930796335434473,0.13038426992220076,412.79999999999995,0.3
scenario_0013,oracle0,10,0.6,2.0048089580032427,5.503915440523606,8,141,24,109.63128674148308,0.46606187289977946,234.60667914728748,0.2763096967801179,153.79967840335826,300,900,2.246822197860199,0.16057097290635328,0.2825882686149096,0.6873038985117523,0.7730115774032742,1.002120773935327,0.8394290270936468,clairvoyant,474,318,23,0.06744868035190615,0.23595505617977527,318,18.085278618353186,1705.8072297215722,114.75933404596519,300.0000000000002,0,0,0.0,0.0,0.0,529,0,0,0,0.0514450464814765,0.04001179083563504,3035214669.571594,17.974577582881466,8,0.0,0.0,0.0,0.0,3,0,0,0,0,nan,0.3975586324116313,0.4354945491809718,0.968921162962963,0.11861336219803062,381.59999999999997,0.26
