run,type,queue,sandbox_idle_timeout_s,rate_per_min,policy,seed,req_started,req_done,req_failed,failure_rate,session_fail_finished,tct_n,tct_p50,tct_p99,chat_wait_p99,block_wait_max,n429,timeouts,evicted,deadlock_breaks,cycles_seen,token_waste,tool_waste,kv_unused_token_s,prewarm_idle_s,prewarm_hits,lease_cpu_issued,lease_cpu_unused,lease_budget_issued,lease_budget_unused,par_groups,par_groups_parallel,jain_all,jain_survivors,util_model,util_cpu,throughput_rph,wall_s
type=reactive_gate_queue=fifo_sandbox_idle_timeout_s=0_rate_per_min=1.0_seed=1,reactive_gate,fifo,0,1.0,reactive_gate,1,230,209,1,0.004761904761904762,0.007874015748031496,209,88.3296307050357,1058.4786059887083,0.0,0.0,0,25,0,0,0,0.0015189236635242864,0.4730876722848759,915457318.465284,0.0,0,0.0,0.0,0.0,0.0,66,57,0.8972515643538939,0.9032332414495865,0.3062315455395299,0.09355007862242111,114.0,0.07
type=reactive_gate_queue=fifo_sandbox_idle_timeout_s=0_rate_per_min=1.0_seed=2,reactive_gate,fifo,0,1.0,reactive_gate,2,244,227,1,0.0043859649122807015,0.008064516129032258,227,92.17069484485364,1538.2133718766117,0.0,63.13067817170577,0,20,0,0,0,0.0001966924139530819,0.3739970752673396,701037623.8516879,0.0,0,0.0,0.0,0.0,0.0,56,49,0.9192305418491454,0.9197384634812517,0.31597789037004664,0.1055849568542602,123.81818181818183,0.07
type=reactive_gate_queue=fifo_sandbox_idle_timeout_s=0_rate_per_min=1.0_seed=3,reactive_gate,fifo,0,1.0,reactive_gate,3,268,239,2,0.008298755186721992,0.015503875968992248,239,151.52272937790167,1280.441185678946,1.0072564910424076,166.59992881060043,0,39,0,0,0,0.0033802703999670693,0.41380791151710433,1784536277.535972,0.0,0,0.0,0.0,0.0,0.0,81,57,0.8523957519275873,0.8626655802640644,0.38395117577214455,0.13216374816388396,130.36363636363637,0.09
type=reactive_gate_queue=fifo_sandbox_idle_timeout_s=0_rate_per_min=1.0_seed=4,reactive_gate,fifo,0,1.0,reactive_gate,4,234,212,3,0.013953488372093023,0.015384615384615385,212,122.53226429199117,2264.657437475683,0.0,0.0,0,37,0,0,0,0.016775691366292325,0.45292350956005345,1058141971.7538431,0.0,0,0.0,0.0,0.0,0.0,83,69,0.8901759433438342,0.9031865631146487,0.39702530760327637,0.14436713096399212,115.63636363636364,0.09
type=reactive_gate_queue=fifo_sandbox_idle_timeout_s=0_rate_per_min=1.0_seed=5,reactive_gate,fifo,0,1.0,reactive_gate,5,398,377,2,0.005277044854881266,0.012422360248447204,377,79.4303057314919,1131.9880174523025,2.9963925497327124,56.93727628972738,0,59,0,0,0,0.008974708369092317,0.3960585580661926,2227531511.57858,0.0,0,0.0,0.0,0.0,0.0,99,85,0.9207678488244513,0.9298843621791487,0.5122962068683632,0.14335102762686044,205.63636363636365,0.11
type=reactive_gate_queue=fifo_sandbox_idle_timeout_s=0_rate_per_min=1.0_seed=6,reactive_gate,fifo,0,1.0,reactive_gate,6,293,280,1,0.0035587188612099642,0.0,280,97.87202613481804,1463.011426217522,0.0,8.362094246956076,0,12,0,0,0,0.00012947259946584878,0.28095652946589955,1592703300.0,0.0,0,0.0,0.0,0.0,0.0,85,76,0.9418580682175028,0.9464122418599311,0.4247985898528555,0.12963414924021555,152.72727272727272,0.09
type=reactive_gate_queue=fifo_sandbox_idle_timeout_s=0_rate_per_min=1.0_seed=7,reactive_gate,fifo,0,1.0,reactive_gate,7,269,256,3,0.011583011583011582,0.02142857142857143,256,96.22142416361316,1876.392029912367,0.0,105.86133643161702,0,63,0,0,0,0.03288964643135323,0.6038808189507862,1229219214.437097,0.0,0,0.0,0.0,0.0,0.0,92,74,0.9228122300359359,0.94033398123915,0.33048339039837477,0.07915182117966288,139.63636363636365,0.07
type=reactive_gate_queue=fifo_sandbox_idle_timeout_s=0_rate_per_min=1.0_seed=8,reactive_gate,fifo,0,1.0,reactive_gate,8,354,328,2,0.006060606060606061,0.0136986301369863,328,149.57094307488546,1543.990425366559,1.9491735384384228,275.5847494174086,0,49,0,0,0,0.0032933058424073885,0.39920182874448257,2931732583.903109,0.0,0,0.0,0.0,0.0,0.0,101,65,0.8757638894891064,0.8844181869703711,0.5825788257252008,0.1861338834461262,178.9090909090909,0.12
type=reactive_gate_queue=fifo_sandbox_idle_timeout_s=0_rate_per_min=1.0_seed=9,reactive_gate,fifo,0,1.0,reactive_gate,9,380,355,6,0.01662049861495845,0.03896103896103896,355,132.46879943536214,1300.9789065709567,0.0,190.5223558699363,0,75,0,0,0,0.009093958190563285,0.43379324650515827,2389373196.3585997,0.0,0,0.0,0.0,0.0,0.0,115,80,0.8765899346617941,0.8970144046185383,0.5450060982663171,0.1618794222234632,193.63636363636365,0.13
type=reactive_gate_queue=fifo_sandbox_idle_timeout_s=0_rate_per_min=1.0_seed=10,reactive_gate,fifo,0,1.0,reactive_gate,10,232,201,6,0.028985507246376812,0.047619047619047616,201,97.48569076211925,1480.432938263224,0.0,306.1466115704534,0,41,0,0,0,0.022169897160786992,0.6092406678975101,1651384918.842953,0.0,0,0.0,0.0,0.0,0.0,61,50,0.8321374955249843,0.8647703384867482,0.35173704620321805,0.1020904250306741,109.63636363636364,0.08
type=reactive_gate_queue=fifo_sandbox_idle_timeout_s=0_rate_per_min=2.0_seed=1,reactive_gate,fifo,0,2.0,reactive_gate,1,411,368,3,0.008086253369272238,0.013043478260869565,368,184.70572135754583,1390.8179115750104,0.8292914886678672,600.0,0,63,0,0,0,0.002807394974244921,0.5111573489054447,1611260264.0443435,0.0,0,0.0,0.0,0.0,0.0,112,59,0.7759658215316022,0.7838820598445445,0.5849320368306462,0.17834219344165314,200.72727272727275,0.14
type=reactive_gate_queue=fifo_sandbox_idle_timeout_s=0_rate_per_min=2.0_seed=2,reactive_gate,fifo,0,2.0,reactive_gate,2,514,447,1,0.002232142857142857,0.004219409282700422,447,225.57006958826423,1697.9343509487726,4.568074970867648,600.0,0,59,0,0,0,6.581402039832237e-05,0.4550663900630418,3005756555.765689,0.0,0,0.0,0.0,0.0,0.0,125,53,0.7100206849545544,0.7094238082004306,0.6189955582871989,0.1861680702570874,243.81818181818184,0.16
type=reactive_gate_queue=fifo_sandbox_idle_timeout_s=0_rate_per_min=2.0_seed=3,reactive_gate,fifo,0,2.0,reactive_gate,3,531,391,7,0.017587939698492462,0.03167420814479638,391,540.5811813188448,1995.6099715286787,2.5432849282229917,600.0,0,245,0,0,0,0.008988693366276288,0.4607206473472034,5808902739.386123,0.0,0,0.0,0.0,0.0,0.0,152,23,0.41731825561338287,0.4252722119988683,0.6176091095287815,0.21860871821254194,213.27272727272728,0.19
type=reactive_gate_queue=fifo_sandbox_idle_timeout_s=0_rate_per_min=2.0_seed=4,reactive_gate,fifo,0,2.0,reactive_gate,4,493,418,5,0.01182033096926714,0.017241379310344827,418,157.4720722670138,2006.5260946674478,9.33404382250326,600.0,0,65,0,0,0,0.011427661031271987,0.38858400147342775,2809973515.920566,0.0,0,0.0,0.0,0.0,0.0,144,69,0.7376688848708441,0.746816743567945,0.7177251280553937,0.23201298633227613,228.0,0.17
type=reactive_gate_queue=fifo_sandbox_idle_timeout_s=0_rate_per_min=2.0_seed=5,reactive_gate,fifo,0,2.0,reactive_gate,5,694,570,11,0.0189328743545611,0.03514376996805112,570,446.0791165580763,1892.3084277814528,20.291665600609747,600.0000000000005,0,409,0,0,0,0.013282659918347749,0.4565849910708402,6279077922.5199995,0.0,0,0.0,0.0,0.0,0.0,208,3,0.504827632744928,0.5161650240250947,0.8506775917994044,0.22326610898023733,310.90909090909093,0.26
type=reactive_gate_queue=fifo_sandbox_idle_timeout_s=0_rate_per_min=2.0_seed=6,reactive_gate,fifo,0,2.0,reactive_gate,6,472,432,4,0.009174311926605505,0.012552301255230125,432,249.93096755207512,1897.294726716724,9.773461281484472,600.0,0,85,0,0,0,0.01338133544331619,0.4353742627650639,4054477690.13339,0.0,0,0.0,0.0,0.0,0.0,139,45,0.7052799273116418,0.7110970223801564,0.7018979508627946,0.19244164376507758,235.63636363636365,0.18
type=reactive_gate_queue=fifo_sandbox_idle_timeout_s=0_rate_per_min=2.0_seed=7,reactive_gate,fifo,0,2.0,reactive_gate,7,588,517,6,0.011472275334608031,0.01910828025477707,517,227.2654051516672,1812.367581421886,7.351105108822773,600.0000000000005,0,160,0,0,0,0.014404306652128806,0.43691507514895306,3859038121.5423093,0.0,0,0.0,0.0,0.0,0.0,157,66,0.6596425231995691,0.6693527020863297,0.7007550356449107,0.19083414474907104,282.0,0.21
type=reactive_gate_queue=fifo_sandbox_idle_timeout_s=0_rate_per_min=2.0_seed=8,reactive_gate,fifo,0,2.0,reactive_gate,8,606,475,14,0.028629856850715747,0.059574468085106386,475,516.3723852830401,2461.8037371912624,13.817176871690807,600.0000000000005,0,325,0,0,0,0.021840144859284063,0.4469362369972503,6477753678.607778,0.0,0,0.0,0.0,0.0,0.0,167,4,0.45083865058326844,0.4665360010190703,0.7898507286931818,0.24219872067372974,259.0909090909091,0.23
type=reactive_gate_queue=fifo_sandbox_idle_timeout_s=0_rate_per_min=2.0_seed=9,reactive_gate,fifo,0,2.0,reactive_gate,9,643,510,22,0.041353383458646614,0.08029197080291971,510,500.30421366393466,1833.8551764837782,12.422521829709074,600.0000000000005,0,334,0,0,0,0.02817337733420529,0.5456142354492282,7054939085.287678,0.0,0,0.0,0.0,0.0,0.0,171,7,0.4743290957013222,0.49743126243867164,0.7935065148156243,0.21289790618815302,278.1818181818182,0.23
type=reactive_gate_queue=fifo_sandbox_idle_timeout_s=0_rate_per_min=2.0_seed=10,reactive_gate,fifo,0,2.0,reactive_gate,10,390,344,7,0.019943019943019943,0.03365384615384615,344,184.27192417235278,1456.2015889060153,1.713739079652164,600.0,0,77,0,0,0,0.01952218043841472,0.6027303053741506,2850982018.3828726,0.0,0,0.0,0.0,0.0,0.0,101,51,0.6988450922770993,0.7181807272412879,0.5787422051727209,0.1635711257942003,187.63636363636365,0.14
type=reactive_gate_queue=fifo_sandbox_idle_timeout_s=0_rate_per_min=4.0_seed=1,reactive_gate,fifo,0,4.0,reactive_gate,1,931,471,55,0.10456273764258556,0.14594594594594595,471,673.6572581899418,2800.2905683687304,16.686338282945453,600.0000000000005,0,1344,0,0,0,0.036790085831332316,0.5961291671787295,7817989941.942296,0.0,0,0.0,0.0,0.0,0.0,188,0,0.22727896129751363,0.24375199406948353,0.8393782929211993,0.1887945265228569,256.90909090909093,0.39
type=reactive_gate_queue=fifo_sandbox_idle_timeout_s=0_rate_per_min=4.0_seed=2,reactive_gate,fifo,0,4.0,reactive_gate,2,782,526,34,0.060714285714285714,0.09627329192546584,526,570.9184224580417,2154.4857222111423,9.073192551442487,600.0000000000005,0,777,0,0,0,0.030737991075501164,0.5648004519893152,7421723716.226643,0.0,0,0.0,0.0,0.0,0.0,184,11,0.34833508671021945,0.3651445939098447,0.7990178997466654,0.20955807011633767,286.90909090909093,0.32
type=reactive_gate_queue=fifo_sandbox_idle_timeout_s=0_rate_per_min=4.0_seed=3,reactive_gate,fifo,0,4.0,reactive_gate,3,832,516,41,0.07360861759425494,0.12202380952380952,516,782.6160645328139,2625.374722418112,22.127964223370096,600.0000000000005,0,1059,0,0,0,0.029030421595834795,0.48791359614951124,7529951518.411887,0.0,0,0.0,0.0,0.0,0.0,230,8,0.25937060808217377,0.2766001032555873,0.8065088742229993,0.2387512327342013,281.45454545454544,0.35
type=reactive_gate_queue=fifo_sandbox_idle_timeout_s=0_rate_per_min=4.0_seed=4,reactive_gate,fifo,0,4.0,reactive_gate,4,709,504,20,0.03816793893129771,0.05921052631578947,504,549.5986027982967,2229.2271288688416,17.162894243247315,600.0000000000005,0,369,0,0,0,0.03683688679532336,0.3945129109524661,6251805757.343593,0.0,0,0.0,0.0,0.0,0.0,190,6,0.4049291716384306,0.41710850210553746,0.8570093753885004,0.2562254160314561,274.90909090909093,0.27
type=reactive_gate_queue=fifo_sandbox_idle_timeout_s=0_rate_per_min=4.0_seed=5,reactive_gate,fifo,0,4.0,reactive_gate,5,864,574,47,0.07568438003220612,0.12299465240641712,574,706.8613978082459,3192.7147434813055,27.001624742441585,600.0000000000005,0,1134,0,0,0,0.042021443937184294,0.45345838297584135,8827780980.576101,0.0,0,0.0,0.0,0.0,0.0,248,0,0.3254609600364125,0.34700058400901235,0.8782895035086442,0.23522431246443576,313.0909090909091,0.38
type=reactive_gate_queue=fifo_sandbox_idle_timeout_s=0_rate_per_min=4.0_seed=6,reactive_gate,fifo,0,4.0,reactive_gate,6,881,542,73,0.11869918699186992,0.17518248175182483,542,1017.6236819385374,3904.7627753357433,30.038340803814613,600.0000000000005,0,1501,0,0,0,0.056467094188121666,0.4327594757615418,8316511656.620132,0.0,0,0.0,0.0,0.0,0.0,219,0,0.2750092689753309,0.3046850935313584,0.9134683125728438,0.2301039159642805,295.6363636363636,0.44
type=reactive_gate_queue=fifo_sandbox_idle_timeout_s=0_rate_per_min=4.0_seed=7,reactive_gate,fifo,0,4.0,reactive_gate,7,944,562,74,0.11635220125786164,0.15604395604395604,562,630.4793509298465,2447.035474038938,16.252763264486337,600.0000000000005,0,1316,0,0,0,0.05494512445264511,0.5274561421581441,6335389445.70383,0.0,0,0.0,0.0,0.0,0.0,196,15,0.27597164917765427,0.3012683480757523,0.8685945222983036,0.1896934825635827,306.54545454545456,0.36
type=reactive_gate_queue=fifo_sandbox_idle_timeout_s=0_rate_per_min=4.0_seed=8,reactive_gate,fifo,0,4.0,reactive_gate,8,863,519,53,0.09265734265734266,0.14739884393063585,519,714.0895795998103,2518.6318287041263,18.799127611612438,600.0000000000005,0,1017,0,0,0,0.04269350271777599,0.47382247149414924,7319683419.816784,0.0,0,0.0,0.0,0.0,0.0,197,5,0.26402141218364655,0.2831535410654434,0.8741124262699107,0.2302995472933683,283.0909090909091,0.35
type=reactive_gate_queue=fifo_sandbox_idle_timeout_s=0_rate_per_min=4.0_seed=9,reactive_gate,fifo,0,4.0,reactive_gate,9,938,543,71,0.11563517915309446,0.17721518987341772,543,701.4836425338881,2490.239324357983,19.959965429583917,600.0000000000005,0,1180,0,0,0,0.06184985864252036,0.5325984952591181,8239086098.224909,0.0,0,0.0,0.0,0.0,0.0,217,8,0.2482039742840171,0.2724864033230011,0.8858289394951114,0.22306858407529814,296.1818181818182,0.36
type=reactive_gate_queue=fifo_sandbox_idle_timeout_s=0_rate_per_min=4.0_seed=10,reactive_gate,fifo,0,4.0,reactive_gate,10,819,481,44,0.0838095238095238,0.11944444444444445,481,677.6157435496225,3202.30658896412,11.180041348018097,600.0000000000005,0,963,0,0,0,0.03699500089442364,0.56822478907824,7874218525.444813,0.0,0,0.0,0.0,0.0,0.0,156,14,0.2719256944201537,0.29018583872499226,0.7635304195439978,0.2251607045953016,262.3636363636364,0.29
type=reactive_gate_queue=fifo_sandbox_idle_timeout_s=300_rate_per_min=1.0_seed=1,reactive_gate,fifo,300,1.0,reactive_gate,1,230,209,1,0.004761904761904762,0.007874015748031496,209,88.3296307050357,1058.4786059887083,0.0,15.785670186000061,0,25,0,0,0,0.0015187948424664657,0.47538189145495613,915457318.465284,0.0,0,0.0,0.0,0.0,0.0,66,57,0.8970050028100222,0.902985036162089,0.3065481798756799,0.09264181898930472,114.0,0.07
type=reactive_gate_queue=fifo_sandbox_idle_timeout_s=300_rate_per_min=1.0_seed=2,reactive_gate,fifo,300,1.0,reactive_gate,2,244,226,1,0.004405286343612335,0.008130081300813009,226,88.7347345051187,1547.3717131666465,0.0,144.20141201416845,0,20,0,0,0,0.00019133449702489155,0.37662604012101863,701037623.8516879,0.0,0,0.0,0.0,0.0,0.0,56,48,0.9088609445600131,0.909263444129261,0.3150494122353341,0.10429815992863599,123.27272727272728,0.07
type=reactive_gate_queue=fifo_sandbox_idle_timeout_s=300_rate_per_min=1.0_seed=3,reactive_gate,fifo,300,1.0,reactive_gate,3,257,223,2,0.008888888888888889,0.01652892561983471,223,235.31480369790552,1309.8853969222953,0.0,600.0,0,38,0,0,0,0.0033415862694436654,0.40847597376417605,1996716001.1242826,0.0,0,0.0,0.0,0.0,0.0,75,32,0.7312169479377566,0.7400267906839946,0.3557448545025576,0.126848434550336,121.63636363636364,0.09
type=reactive_gate_queue=fifo_sandbox_idle_timeout_s=300_rate_per_min=1.0_seed=4,reactive_gate,fifo,300,1.0,reactive_gate,4,234,212,3,0.013953488372093023,0.015384615384615385,212,122.53226429199117,2264.657437475683,0.0,26.17411663388316,0,37,0,0,0,0.016775691366292325,0.454414317681835,1058141971.7538428,0.0,0,0.0,0.0,0.0,0.0,83,66,0.8865876787332254,0.8995154493903621,0.39702530760327637,0.14348087549542762,115.63636363636364,0.09
type=reactive_gate_queue=fifo_sandbox_idle_timeout_s=300_rate_per_min=1.0_seed=5,reactive_gate,fifo,300,1.0,reactive_gate,5,381,349,2,0.005698005698005698,0.012987012987012988,349,158.82640497556622,1397.5784657644404,0.0,600.0,0,68,0,0,0,0.008935424072016748,0.41444502022625046,2273925796.8888125,0.0,0,0.0,0.0,0.0,0.0,87,37,0.7278551842504661,0.7350616712232431,0.47777712615336054,0.13319199371897444,190.36363636363637,0.11
type=reactive_gate_queue=fifo_sandbox_idle_timeout_s=300_rate_per_min=1.0_seed=6,reactive_gate,fifo,300,1.0,reactive_gate,6,293,280,1,0.0035587188612099642,0.0,280,105.03400866402944,1460.7944506715548,0.0,251.6487111842398,0,12,0,0,0,0.0001294612382034841,0.2828457179368994,1592703300.0,0.0,0,0.0,0.0,0.0,0.0,86,61,0.9213092912454809,0.9257231773498433,0.4248612373818312,0.12832401608340513,152.72727272727272,0.1
type=reactive_gate_queue=fifo_sandbox_idle_timeout_s=300_rate_per_min=1.0_seed=7,reactive_gate,fifo,300,1.0,reactive_gate,7,268,252,3,0.011764705882352941,0.021739130434782608,252,106.90464241776726,1887.9874927298267,0.0,600.0,0,65,0,0,0,0.03202760765982778,0.608073500561414,1315699014.437097,0.0,0,0.0,0.0,0.0,0.0,92,71,0.8734646650542505,0.8900494371755338,0.3293328153692373,0.07772601977594931,137.45454545454547,0.08
type=reactive_gate_queue=fifo_sandbox_idle_timeout_s=300_rate_per_min=1.0_seed=8,reactive_gate,fifo,300,1.0,reactive_gate,8,332,292,2,0.006802721088435374,0.014598540145985401,292,236.29128502096046,1842.8387752216154,0.1009316672331303,600.0,0,70,0,0,0,0.00309441873158998,0.4185691000519073,3714198768.1222816,0.0,0,0.0,0.0,0.0,0.0,90,30,0.6942411939172513,0.7009603439733801,0.5197670843248188,0.16100934675329975,159.27272727272728,0.12
type=reactive_gate_queue=fifo_sandbox_idle_timeout_s=300_rate_per_min=1.0_seed=9,reactive_gate,fifo,300,1.0,reactive_gate,9,364,325,6,0.01812688821752266,0.04054054054054054,325,187.6627895583306,1609.5921461813537,0.0,600.0,0,83,0,0,0,0.008369400831760127,0.4538949257861418,2799516830.3737574,0.0,0,0.0,0.0,0.0,0.0,107,42,0.7312055612938366,0.7476256825996763,0.4986157039222352,0.14933535784705654,177.27272727272728,0.12
type=reactive_gate_queue=fifo_sandbox_idle_timeout_s=300_rate_per_min=1.0_seed=10,reactive_gate,fifo,300,1.0,reactive_gate,10,232,200,6,0.02912621359223301,0.048,200,117.24614140397875,1480.622581113786,0.0,405.3405898054589,0,41,0,0,0,0.021746018500608564,0.6255913080157457,1673882518.842953,0.0,0,0.0,0.0,0.0,0.0,61,39,0.7763560398805744,0.8068013747778519,0.34660025372312875,0.09589461032594525,109.0909090909091,0.07
type=reactive_gate_queue=fifo_sandbox_idle_timeout_s=300_rate_per_min=2.0_seed=1,reactive_gate,fifo,300,2.0,reactive_gate,1,402,324,2,0.006134969325153374,0.01020408163265306,324,217.57922338345202,1544.3598272601391,0.0,600.0,0,96,0,0,0,0.0015284181786860331,0.5099536830376218,2293714151.386915,0.0,0,0.0,0.0,0.0,0.0,97,34,0.6315656927375969,0.6356727426212174,0.5348484155780562,0.16576809316054894,176.72727272727275,0.13
type=reactive_gate_queue=fifo_sandbox_idle_timeout_s=300_rate_per_min=2.0_seed=2,reactive_gate,fifo,300,2.0,reactive_gate,2,490,381,1,0.002617801047120419,0.005050505050505051,381,222.57006958826423,1835.3090321945685,0.23999615553499012,600.0,0,183,0,0,0,7.589071963220222e-05,0.46796077187183704,3347285941.6217923,0.0,0,0.0,0.0,0.0,0.0,114,42,0.5282507460034462,0.5272904868894434,0.5488631037417444,0.1574290710602611,207.8181818181818,0.16
type=reactive_gate_queue=fifo_sandbox_idle_timeout_s=300_rate_per_min=2.0_seed=3,reactive_gate,fifo,300,2.0,reactive_gate,3,509,310,25,0.07462686567164178,0.1388888888888889,310,494.441527409228,2618.122793258298,0.0,600.0000000000005,0,516,0,0,0,0.025102740453962727,0.4824262870425717,5929070963.62691,0.0,0,0.0,0.0,0.0,0.0,136,21,0.30761179128612914,0.3290015168164622,0.5173454768720863,0.1743642141769982,169.0909090909091,0.17
type=reactive_gate_queue=fifo_sandbox_idle_timeout_s=300_rate_per_min=2.0_seed=4,reactive_gate,fifo,300,2.0,reactive_gate,4,461,363,9,0.024193548387096774,0.037383177570093455,363,319.6350085756535,2409.1806622291633,0.0,600.0000000000005,0,137,0,0,0,0.0322197124854455,0.41910025908179555,3539260581.009617,0.0,0,0.0,0.0,0.0,0.0,134,24,0.4993523182532577,0.5110798468513587,0.618418138751295,0.20193517550378023,198.0,0.15
type=reactive_gate_queue=fifo_sandbox_idle_timeout_s=300_rate_per_min=2.0_seed=5,reactive_gate,fifo,300,2.0,reactive_gate,5,660,481,21,0.04183266932270916,0.075,481,611.87791237071,3261.0779913170577,7.143252240501545,600.0000000000005,0,734,0,0,0,0.023664400556733273,0.4473187700601002,7051483370.506934,0.0,0,0.0,0.0,0.0,0.0,189,1,0.3265381801748744,0.3411205920863689,0.7181310706058988,0.17478191572735374,262.3636363636364,0.24
type=reactive_gate_queue=fifo_sandbox_idle_timeout_s=300_rate_per_min=2.0_seed=6,reactive_gate,fifo,300,2.0,reactive_gate,6,461,386,8,0.02030456852791878,0.03255813953488372,386,447.09269207021066,1925.403643616466,2.7248761276257847,600.0000000000005,0,161,0,0,0,0.009595872301851526,0.40771072243036155,4866040877.645584,0.0,0,0.0,0.0,0.0,0.0,122,22,0.4993956818558547,0.5123291934380785,0.6299090388298045,0.1700462353271182,210.54545454545456,0.16
type=reactive_gate_queue=fifo_sandbox_idle_timeout_s=300_rate_per_min=2.0_seed=7,reactive_gate,fifo,300,2.0,reactive_gate,7,561,416,11,0.02576112412177986,0.043478260869565216,416,301.2003651075165,2059.2941696282774,2.379666334743228,600.0000000000005,0,343,0,0,0,0.029163460836816764,0.49791388515095464,4548018668.74893,0.0,0,0.0,0.0,0.0,0.0,140,28,0.448310664470452,0.46092298495427547,0.5832100658750972,0.14727183000325675,226.9090909090909,0.17
type=reactive_gate_queue=fifo_sandbox_idle_timeout_s=300_rate_per_min=2.0_seed=8,reactive_gate,fifo,300,2.0,reactive_gate,8,555,375,29,0.07178217821782178,0.1291866028708134,375,629.472848288342,3224.4061680147647,5.078494216780868,600.0000000000005,0,679,0,0,0,0.0433591063624957,0.4774208597184101,6894818452.052385,0.0,0,0.0,0.0,0.0,0.0,142,3,0.29486661897967004,0.31614880864909817,0.6258499142709143,0.18135437513568403,204.54545454545456,0.21
type=reactive_gate_queue=fifo_sandbox_idle_timeout_s=300_rate_per_min=2.0_seed=9,reactive_gate,fifo,300,2.0,reactive_gate,9,580,408,33,0.07482993197278912,0.13306451612903225,408,626.5559707774955,3370.6409463800555,7.821889090527378,600.0000000000005,0,677,0,0,0,0.04654682196577774,0.4653768230336287,6863407602.145306,0.0,0,0.0,0.0,0.0,0.0,146,4,0.32647795497140575,0.3507520232656825,0.654470889119561,0.1727975947606232,222.54545454545456,0.21
type=reactive_gate_queue=fifo_sandbox_idle_timeout_s=300_rate_per_min=2.0_seed=10,reactive_gate,fifo,300,2.0,reactive_gate,10,375,301,8,0.025889967637540454,0.03888888888888889,301,308.6775060315658,1833.7794094416204,0.0,600.0000000000002,0,133,0,0,0,0.02164625282094119,0.6356560245353319,3859697251.7508926,0.0,0,0.0,0.0,0.0,0.0,92,41,0.552870112406767,0.5682995250291905,0.5262251256798757,0.14043507444581138,164.1818181818182,0.12
type=reactive_gate_queue=fifo_sandbox_idle_timeout_s=300_rate_per_min=4.0_seed=1,reactive_gate,fifo,300,4.0,reactive_gate,1,945,455,73,0.13825757575757575,0.2033898305084746,455,871.3670825566546,3697.31087630237,34.09761314213934,600.0000000000005,0,1741,0,0,0,0.04987322449551396,0.5691544945856404,8240694983.195885,0.0,0,0.0,0.0,0.0,0.0,190,0,0.17210371439536076,0.18684033171478515,0.766111913141835,0.16600075702733788,248.1818181818182,0.4
type=reactive_gate_queue=fifo_sandbox_idle_timeout_s=300_rate_per_min=4.0_seed=2,reactive_gate,fifo,300,4.0,reactive_gate,2,750,442,58,0.116,0.19310344827586207,442,633.835666332971,3636.4003378475245,3.030742743388978,600.0000000000005,0,1212,0,0,0,0.05772151223757428,0.5702376439646747,7777808089.42383,0.0,0,0.0,0.0,0.0,0.0,178,0,0.2255081331377262,0.24784875968760903,0.6331689364680458,0.16503070477294735,241.0909090909091,0.3
type=reactive_gate_queue=fifo_sandbox_idle_timeout_s=300_rate_per_min=4.0_seed=3,reactive_gate,fifo,300,4.0,reactive_gate,3,810,441,63,0.125,0.20454545454545456,441,834.9540908750266,3683.7856426389053,13.88378471574115,600.0000000000005,0,1427,0,0,0,0.05663724897841713,0.48278034744680204,7989682808.682986,0.0,0,0.0,0.0,0.0,0.0,215,5,0.19069268369970307,0.20978611069821956,0.678345870115417,0.19932876288907536,240.54545454545456,0.33
type=reactive_gate_queue=fifo_sandbox_idle_timeout_s=300_rate_per_min=4.0_seed=4,reactive_gate,fifo,300,4.0,reactive_gate,4,673,412,33,0.07415730337078652,0.11742424242424243,412,618.0098359579383,3623.2716690643547,3.4706080602002625,600.0000000000005,0,754,0,0,0,0.04026436099173264,0.43556916969922177,6885988216.680228,0.0,0,0.0,0.0,0.0,0.0,168,0,0.2720168048497284,0.28673649187500877,0.7009600768947488,0.2084645012268451,224.72727272727275,0.25
type=reactive_gate_queue=fifo_sandbox_idle_timeout_s=300_rate_per_min=4.0_seed=5,reactive_gate,fifo,300,4.0,reactive_gate,5,853,496,77,0.1343804537521815,0.2238372093023256,496,745.8187544118148,3626.359405517743,11.087723667004559,600.0000000000005,0,1617,0,0,0,0.06337085635056978,0.44733798301662303,9023183020.686739,0.0,0,0.0,0.0,0.0,0.0,260,0,0.21533866292826961,0.24078486195541882,0.768895035033832,0.1855335057725541,270.54545454545456,0.37
type=reactive_gate_queue=fifo_sandbox_idle_timeout_s=300_rate_per_min=4.0_seed=6,reactive_gate,fifo,300,4.0,reactive_gate,6,880,488,103,0.17428087986463622,0.255050505050505,488,1179.5863349776537,3756.61042551141,22.5720021147978,600.0000000000005,0,1900,0,0,0,0.07911950659830856,0.5296504902571681,9304506574.496014,0.0,0,0.0,0.0,0.0,0.0,210,0,0.18018630519414586,0.20884287199625906,0.7614503400754339,0.16031640103573752,266.1818181818182,0.4
type=reactive_gate_queue=fifo_sandbox_idle_timeout_s=300_rate_per_min=4.0_seed=7,reactive_gate,fifo,300,4.0,reactive_gate,7,951,513,95,0.15625,0.21875,513,658.729387057173,3211.313540523229,17.327367966266888,600.0000000000005,0,1690,0,0,0,0.0771291539185846,0.4900536384495149,7221283391.338142,0.0,0,0.0,0.0,0.0,0.0,207,7,0.20435843572814646,0.22639616659289813,0.7959879497660904,0.1601203955924007,279.8181818181818,0.37
type=reactive_gate_queue=fifo_sandbox_idle_timeout_s=300_rate_per_min=4.0_seed=8,reactive_gate,fifo,300,4.0,reactive_gate,8,840,437,74,0.14481409001956946,0.2282958199356913,437,739.5960733249046,3337.833069337373,15.224370055906459,600.0000000000005,0,1487,0,0,0,0.06374480570204986,0.46167446704406445,7834477285.542006,0.0,0,0.0,0.0,0.0,0.0,184,0,0.1829473431591475,0.20264174347837832,0.7480074399726431,0.1839499836120077,238.36363636363637,0.34
type=reactive_gate_queue=fifo_sandbox_idle_timeout_s=300_rate_per_min=4.0_seed=9,reactive_gate,fifo,300,4.0,reactive_gate,9,930,473,101,0.1759581881533101,0.26975476839237056,473,729.5513719658911,3776.331061754943,23.374384789946177,600.0000000000005,0,1626,0,0,0,0.09316510330556128,0.5925872504522854,8917183211.01677,0.0,0,0.0,0.0,0.0,0.0,196,2,0.17462228029956023,0.19573455439784698,0.7286101764641609,0.15592041466598996,258.0,0.35
type=reactive_gate_queue=fifo_sandbox_idle_timeout_s=300_rate_per_min=4.0_seed=10,reactive_gate,fifo,300,4.0,reactive_gate,10,805,417,65,0.13485477178423236,0.18991097922848665,417,644.9938827719654,3629.0558858153945,7.130774604667599,600.0000000000005,0,1264,0,0,0,0.057189471226489284,0.6346583675453117,8330060991.345991,0.0,0,0.0,0.0,0.0,0.0,131,9,0.2157874286528749,0.23840487089133716,0.6603300447139666,0.16530095531010208,227.45454545454547,0.28
type=reactive_gate_queue=vtfq_sandbox_idle_timeout_s=0_rate_per_min=1.0_seed=1,reactive_gate,vtfq,0,1.0,reactive_gate,1,230,209,1,0.004761904761904762,0.007874015748031496,209,88.3296307050357,1058.4786059887083,0.0,0.0,0,25,0,0,0,0.0015189236635242864,0.4730876722848759,915457318.465284,0.0,0,0.0,0.0,0.0,0.0,66,57,0.8972515643538939,0.9032332414495865,0.3062315455395299,0.09355007862242111,114.0,0.08
type=reactive_gate_queue=vtfq_sandbox_idle_timeout_s=0_rate_per_min=1.0_seed=2,reactive_gate,vtfq,0,1.0,reactive_gate,2,244,227,1,0.0043859649122807015,0.008064516129032258,227,92.17069484485364,1538.2133718766117,0.0,63.13067817170577,0,20,0,0,0,0.0001966924139530819,0.3739970752673396,701037623.8516879,0.0,0,0.0,0.0,0.0,0.0,56,49,0.9192305418491454,0.9197384634812517,0.31597789037004664,0.1055849568542602,123.81818181818183,0.08
type=reactive_gate_queue=vtfq_sandbox_idle_timeout_s=0_rate_per_min=1.0_seed=3,reactive_gate,vtfq,0,1.0,reactive_gate,3,267,238,2,0.008333333333333333,0.015503875968992248,238,142.33932131316186,1282.518170942218,0.3940329044130533,178.31083272216347,0,39,0,0,0,0.0033719350833609782,0.4142124051205271,1783590817.7481565,0.0,0,0.0,0.0,0.0,0.0,81,57,0.8540685533205484,0.8643585358906755,0.38374271259874393,0.1319458464316045,129.8181818181818,0.1
type=reactive_gate_queue=vtfq_sandbox_idle_timeout_s=0_rate_per_min=1.0_seed=4,reactive_gate,vtfq,0,1.0,reactive_gate,4,234,212,3,0.013953488372093023,0.015384615384615385,212,122.53226429199117,2264.657437475683,0.0,0.0,0,37,0,0,0,0.016775691366292325,0.45292350956005345,1058141971.7538431,0.0,0,0.0,0.0,0.0,0.0,83,69,0.8901759433438342,0.9031865631146487,0.39702530760327637,0.14436713096399212,115.63636363636364,0.09
type=reactive_gate_queue=vtfq_sandbox_idle_timeout_s=0_rate_per_min=1.0_seed=5,reactive_gate,vtfq,0,1.0,reactive_gate,5,398,377,2,0.005277044854881266,0.012422360248447204,377,81.45302622610734,1131.385945034533,2.528268904658103,53.09172742044939,0,59,0,0,0,0.008974629200270682,0.3960577566431024,2224538635.584624,0.0,0,0.0,0.0,0.0,0.0,99,84,0.9210405809500206,0.9301597946227932,0.5123863124271562,0.14335152037538001,205.63636363636365,0.12
type=reactive_gate_queue=vtfq_sandbox_idle_timeout_s=0_rate_per_min=1.0_seed=6,reactive_gate,vtfq,0,1.0,reactive_gate,6,293,280,1,0.0035587188612099642,0.0,280,97.87202613481804,1463.011426217522,0.0,10.70799759228612,0,12,0,0,0,0.00012947259946584878,0.28095652946589955,1592703300.0,0.0,0,0.0,0.0,0.0,0.0,85,76,0.9418581178877679,0.9464121750875584,0.4247985898528555,0.12963414924021555,152.72727272727272,0.11
type=reactive_gate_queue=vtfq_sandbox_idle_timeout_s=0_rate_per_min=1.0_seed=7,reactive_gate,vtfq,0,1.0,reactive_gate,7,269,256,3,0.011583011583011582,0.02142857142857143,256,96.22142416361316,1876.392029912367,0.0,134.67018777305384,0,63,0,0,0,0.03288953008674336,0.6038800903890047,1229219214.437097,0.0,0,0.0,0.0,0.0,0.0,92,74,0.9221076815220919,0.9396160552218785,0.3307444316158379,0.0791520706614842,139.63636363636365,0.08
type=reactive_gate_queue=vtfq_sandbox_idle_timeout_s=0_rate_per_min=1.0_seed=8,reactive_gate,vtfq,0,1.0,reactive_gate,8,354,327,2,0.0060790273556231,0.0136986301369863,327,146.8286802423945,1544.0236791866319,1.9908261578760384,278.38863265037617,0,49,0,0,0,0.0033430985455578655,0.3977815817253659,2835568191.7288647,0.0,0,0.0,0.0,0.0,0.0,101,67,0.8814488948668957,0.890164361536663,0.5831491227135134,0.18729170579828125,178.36363636363637,0.14
type=reactive_gate_queue=vtfq_sandbox_idle_timeout_s=0_rate_per_min=1.0_seed=9,reactive_gate,vtfq,0,1.0,reactive_gate,9,380,354,6,0.016666666666666666,0.03896103896103896,354,134.13941391952585,1300.2514628382698,0.0,219.9728114076761,0,75,0,0,0,0.009092047338209303,0.43282773393505775,2396735196.3585997,0.0,0,0.0,0.0,0.0,0.0,114,79,0.8764895441509758,0.8968764470666838,0.5436607661430005,0.16252895000537432,193.0909090909091,0.13
type=reactive_gate_queue=vtfq_sandbox_idle_timeout_s=0_rate_per_min=1.0_seed=10,reactive_gate,vtfq,0,1.0,reactive_gate,10,232,201,6,0.028985507246376812,0.047619047619047616,201,97.48569076211925,1480.432938263224,0.0,306.1466115704534,0,41,0,0,0,0.022169897160786992,0.6092406678975101,1651384918.842953,0.0,0,0.0,0.0,0.0,0.0,61,50,0.8321394748556258,0.8647723954381993,0.35173704620321805,0.1020904250306741,109.63636363636364,0.08
type=reactive_gate_queue=vtfq_sandbox_idle_timeout_s=0_rate_per_min=2.0_seed=1,reactive_gate,vtfq,0,2.0,reactive_gate,1,413,370,3,0.00804289544235925,0.012987012987012988,370,187.01217429538383,1390.0986611338285,0.7560612483251515,600.0,0,63,0,0,0,0.0027496776085284887,0.5118141683367904,1766607643.6202009,0.0,0,0.0,0.0,0.0,0.0,111,59,0.7839105399872519,0.7918965816941441,0.5849738935549404,0.17775247364462876,201.8181818181818,0.15
type=reactive_gate_queue=vtfq_sandbox_idle_timeout_s=0_rate_per_min=2.0_seed=2,reactive_gate,vtfq,0,2.0,reactive_gate,2,514,450,1,0.0022172949002217295,0.004219409282700422,450,221.5948076970849,1701.6749946224108,4.301743061007109,600.0,0,59,0,0,0,6.52794198646339e-05,0.46484226475202317,3044807712.0606637,0.0,0,0.0,0.0,0.0,0.0,126,53,0.7113876613546428,0.7107970452723894,0.6201773696095572,0.18505792637801566,245.45454545454547,0.17
type=reactive_gate_queue=vtfq_sandbox_idle_timeout_s=0_rate_per_min=2.0_seed=3,reactive_gate,vtfq,0,2.0,reactive_gate,3,522,385,9,0.02284263959390863,0.04054054054054054,385,603.7618823021567,2066.9188492722287,2.2269986975877676,600.0000000000005,0,314,0,0,0,0.023701893626422034,0.46940435197613417,5948850439.177047,0.0,0,0.0,0.0,0.0,0.0,152,24,0.40277716556762194,0.41270858702028507,0.6130691732549858,0.22010957812556461,210.0,0.19
type=reactive_gate_queue=vtfq_sandbox_idle_timeout_s=0_rate_per_min=2.0_seed=4,reactive_gate,vtfq,0,2.0,reactive_gate,4,493,421,5,0.011737089201877934,0.017167381974248927,421,171.8194370913934,2010.4120962219447,10.576132079559418,600.0000000000002,0,67,0,0,0,0.011518936795742568,0.39265838884223897,2719584825.6928954,0.0,0,0.0,0.0,0.0,0.0,145,73,0.7340273599898931,0.7431290768162068,0.7180539185484656,0.22803304402889582,229.63636363636365,0.18
type=reactive_gate_queue=vtfq_sandbox_idle_timeout_s=0_rate_per_min=2.0_seed=5,reactive_gate,vtfq,0,2.0,reactive_gate,5,692,571,9,0.015517241379310345,0.02857142857142857,571,488.21867138987363,1938.6993493165985,62.04545452661865,600.0000000000005,0,408,0,0,0,0.011490352250942557,0.40638962553115743,5989237419.324223,0.0,0,0.0,0.0,0.0,0.0,215,7,0.5009146053413139,0.5099061140511489,0.8597439995467496,0.23219420410700642,311.45454545454544,0.29
type=reactive_gate_queue=vtfq_sandbox_idle_timeout_s=0_rate_per_min=2.0_seed=6,reactive_gate,vtfq,0,2.0,reactive_gate,6,473,425,4,0.009324009324009324,0.01293103448275862,425,236.08948881404922,1804.256325469471,10.678353335759354,600.0,0,90,0,0,0,0.016722522428821687,0.438099380743498,4001616214.5131054,0.0,0,0.0,0.0,0.0,0.0,136,45,0.7058736934224905,0.7118464313127812,0.7072807904566499,0.19073218251296822,231.81818181818184,0.18
type=reactive_gate_queue=vtfq_sandbox_idle_timeout_s=0_rate_per_min=2.0_seed=7,reactive_gate,vtfq,0,2.0,reactive_gate,7,579,500,5,0.009900990099009901,0.016339869281045753,500,247.26104855643302,2087.598682703499,6.289179215235452,600.0000000000005,0,195,0,0,0,0.014758766280062419,0.43081585823970947,4043929264.1346273,0.0,0,0.0,0.0,0.0,0.0,164,75,0.6383528828832448,0.6462185952673368,0.6848383814750064,0.195942841887699,272.72727272727275,0.2
type=reactive_gate_queue=vtfq_sandbox_idle_timeout_s=0_rate_per_min=2.0_seed=8,reactive_gate,vtfq,0,2.0,reactive_gate,8,601,468,12,0.025,0.05106382978723404,468,552.0284007341759,2091.8081942337167,20.065556274814476,600.0000000000005,0,363,0,0,0,0.022276434598948402,0.4422568871173282,6409049312.579595,0.0,0,0.0,0.0,0.0,0.0,163,6,0.4460423717242655,0.4580409447195762,0.789477720660127,0.23978080678845243,255.27272727272728,0.24
type=reactive_gate_queue=vtfq_sandbox_idle_timeout_s=0_rate_per_min=2.0_seed=9,reactive_gate,vtfq,0,2.0,reactive_gate,9,639,509,18,0.03415559772296015,0.06666666666666667,509,543.5636970935652,1832.1282012104336,16.372767363188956,600.0000000000005,0,346,0,0,0,0.023652019826871717,0.5471736419031722,6938740496.469215,0.0,0,0.0,0.0,0.0,0.0,165,6,0.46707675705077306,0.485988487835257,0.7862169337283088,0.2095000208888609,277.6363636363636,0.24
type=reactive_gate_queue=vtfq_sandbox_idle_timeout_s=0_rate_per_min=2.0_seed=10,reactive_gate,vtfq,0,2.0,reactive_gate,10,392,348,7,0.01971830985915493,0.03317535545023697,348,181.07875733395315,1458.3996996399048,0.8960089392377921,600.0,0,80,0,0,0,0.020917242080636122,0.6019525814991377,2922740022.5761385,0.0,0,0.0,0.0,0.0,0.0,105,55,0.7067363039040783,0.7262902727867998,0.5809858739356708,0.16432262064001876,189.8181818181818,0.14
type=reactive_gate_queue=vtfq_sandbox_idle_timeout_s=0_rate_per_min=4.0_seed=1,reactive_gate,vtfq,0,4.0,reactive_gate,1,929,476,33,0.06483300589390963,0.09269662921348315,476,1082.154087002582,2680.04830605798,13.647737971846702,600.0000000000005,0,1506,0,0,0,0.023369993273356475,0.602642078472356,8135845009.514507,0.0,0,0.0,0.0,0.0,0.0,198,0,0.2107465156456661,0.21941066909037843,0.844085340771497,0.1880310522857466,259.6363636363636,0.39
type=reactive_gate_queue=vtfq_sandbox_idle_timeout_s=0_rate_per_min=4.0_seed=2,reactive_gate,vtfq,0,4.0,reactive_gate,2,782,518,28,0.05128205128205128,0.07741935483870968,518,562.4648393612057,2097.853442756409,11.645135385465396,600.0000000000005,0,838,0,0,0,0.025033396726911492,0.5899309088367586,7383459905.874919,0.0,0,0.0,0.0,0.0,0.0,174,14,0.3379108196538651,0.35219670741911213,0.7715051147047398,0.20387892222230475,282.54545454545456,0.3
type=reactive_gate_queue=vtfq_sandbox_idle_timeout_s=0_rate_per_min=4.0_seed=3,reactive_gate,vtfq,0,4.0,reactive_gate,3,826,500,32,0.06015037593984962,0.10223642172523961,500,1073.9886781713446,2446.986813530833,18.337004456692043,600.0000000000005,0,1254,0,0,0,0.02567607802491497,0.5134972758002678,8008578816.645177,0.0,0,0.0,0.0,0.0,0.0,220,9,0.23499302663739816,0.24730702125116535,0.7954450741550116,0.23839158555247136,272.72727272727275,0.36
type=reactive_gate_queue=vtfq_sandbox_idle_timeout_s=0_rate_per_min=4.0_seed=4,reactive_gate,vtfq,0,4.0,reactive_gate,4,704,501,17,0.032818532818532815,0.049342105263157895,501,615.815600738486,2292.393167035276,19.376699957556262,600.0000000000005,0,437,0,0,0,0.03949023090750141,0.3832159846350405,6452665791.16353,0.0,0,0.0,0.0,0.0,0.0,193,6,0.4006942994179945,0.41016831106387963,0.8525451959134616,0.2596999595522217,273.2727272727273,0.28
type=reactive_gate_queue=vtfq_sandbox_idle_timeout_s=0_rate_per_min=4.0_seed=5,reactive_gate,vtfq,0,4.0,reactive_gate,5,845,556,37,0.06239460370994941,0.10192837465564739,556,1158.753837743926,2553.1275179537456,381.1898834539671,600.0000000000005,0,1226,0,0,0,0.03161867179046351,0.43631543238168924,8063125495.4199295,0.0,0,0.0,0.0,0.0,0.0,256,2,0.3039620771026504,0.3202021372497201,0.8644314991784836,0.23390886190853305,303.2727272727273,0.42
type=reactive_gate_queue=vtfq_sandbox_idle_timeout_s=0_rate_per_min=4.0_seed=6,reactive_gate,vtfq,0,4.0,reactive_gate,6,872,523,59,0.1013745704467354,0.14690721649484537,523,1575.6696933247922,3713.126370578335,343.4622404225659,600.0000000000005,0,1695,0,0,0,0.059247706359855344,0.44613750994662654,7372899257.400732,0.0,0,0.0,0.0,0.0,0.0,248,0,0.2548601815964602,0.27550378057678604,0.8982703507591945,0.22433324060316787,285.2727272727273,0.47
type=reactive_gate_queue=vtfq_sandbox_idle_timeout_s=0_rate_per_min=4.0_seed=7,reactive_gate,vtfq,0,4.0,reactive_gate,7,945,577,51,0.08121019108280254,0.11085972850678733,577,864.8474617875067,2598.752249158926,44.89836777306916,600.0000000000005,0,1358,0,0,0,0.041925571107011714,0.5043914793647718,6059264742.039306,0.0,0,0.0,0.0,0.0,0.0,206,15,0.2746387560680165,0.29266380052829644,0.8791743389787297,0.19342895075586922,314.72727272727275,0.38
type=reactive_gate_queue=vtfq_sandbox_idle_timeout_s=0_rate_per_min=4.0_seed=8,reactive_gate,vtfq,0,4.0,reactive_gate,8,862,514,39,0.0705244122965642,0.11890243902439024,514,1096.4825118910949,2228.6492815766587,33.21482081089147,600.0000000000005,0,1172,0,0,0,0.04750493095705231,0.4593942077906209,7506901323.202574,0.0,0,0.0,0.0,0.0,0.0,209,5,0.24983296083425063,0.2640762905676962,0.8649435191295973,0.24078026945563702,280.3636363636364,0.37
type=reactive_gate_queue=vtfq_sandbox_idle_timeout_s=0_rate_per_min=4.0_seed=9,reactive_gate,vtfq,0,4.0,reactive_gate,9,922,531,53,0.09075342465753425,0.13541666666666666,531,1235.878529705606,2394.157880310441,36.93306799550669,600.0000000000005,0,1399,0,0,0,0.03828248338557749,0.5440020833157615,8249573265.082231,0.0,0,0.0,0.0,0.0,0.0,234,6,0.2276146204789534,0.24419075463904308,0.8510520549808988,0.22619960619117163,289.6363636363636,0.38
type=reactive_gate_queue=vtfq_sandbox_idle_timeout_s=0_rate_per_min=4.0_seed=10,reactive_gate,vtfq,0,4.0,reactive_gate,10,797,438,34,0.07203389830508475,0.09969788519637462,438,1338.5339943693627,2998.731820704363,10.682255327183888,600.0000000000005,0,1219,0,0,0,0.0356100829011136,0.6263229806512399,8234484913.397268,0.0,0,0.0,0.0,0.0,0.0,159,22,0.23096581140772307,0.24305179470012991,0.7130350441433566,0.20191598034481248,238.9090909090909,0.28
type=reactive_gate_queue=vtfq_sandbox_idle_timeout_s=300_rate_per_min=1.0_seed=1,reactive_gate,vtfq,300,1.0,reactive_gate,1,230,209,1,0.004761904761904762,0.007874015748031496,209,88.3296307050357,1058.4786059887083,0.0,15.785670186000061,0,25,0,0,0,0.0015187948424664657,0.47538189145495613,915457318.465284,0.0,0,0.0,0.0,0.0,0.0,66,57,0.8970050028100222,0.902985036162089,0.3065481798756799,0.09264181898930472,114.0,0.08
type=reactive_gate_queue=vtfq_sandbox_idle_timeout_s=300_rate_per_min=1.0_seed=2,reactive_gate,vtfq,300,1.0,reactive_gate,2,244,226,1,0.004405286343612335,0.008130081300813009,226,88.7347345051187,1547.3717131666465,0.0,144.20141201416845,0,20,0,0,0,0.0001912687380343343,0.37661669961653926,701037623.8516879,0.0,0,0.0,0.0,0.0,0.0,56,48,0.9088609445600131,0.909263444129261,0.31510934434893817,0.10430252134572597,123.27272727272728,0.08
type=reactive_gate_queue=vtfq_sandbox_idle_timeout_s=300_rate_per_min=1.0_seed=3,reactive_gate,vtfq,300,1.0,reactive_gate,3,258,223,2,0.008888888888888889,0.01652892561983471,223,235.6414264126613,1309.8853969222953,0.0,600.0,0,38,0,0,0,0.0032927779047796494,0.408076259520407,2046389516.958824,0.0,0,0.0,0.0,0.0,0.0,76,32,0.7275733621199298,0.7363393062418567,0.3564541648738993,0.1270562276652707,121.63636363636364,0.09
type=reactive_gate_queue=vtfq_sandbox_idle_timeout_s=300_rate_per_min=1.0_seed=4,reactive_gate,vtfq,300,1.0,reactive_gate,4,234,212,3,0.013953488372093023,0.015384615384615385,212,122.53226429199117,2264.657437475683,0.0,26.17411663388316,0,37,0,0,0,0.016775691366292325,0.454414317681835,1058141971.7538428,0.0,0,0.0,0.0,0.0,0.0,83,66,0.8865876787332254,0.8995154493903621,0.39702530760327637,0.14348087549542762,115.63636363636364,0.09
type=reactive_gate_queue=vtfq_sandbox_idle_timeout_s=300_rate_per_min=1.0_seed=5,reactive_gate,vtfq,300,1.0,reactive_gate,5,382,350,2,0.005681818181818182,0.012903225806451613,350,158.9252772513446,1395.8757304510254,0.0,600.0,0,69,0,0,0,0.008929320637838634,0.409151862330454,2210293167.5956936,0.0,0,0.0,0.0,0.0,0.0,87,34,0.738447340481149,0.7457587002878932,0.4786227293851982,0.13620253643446345,190.9090909090909,0.12
type=reactive_gate_queue=vtfq_sandbox_idle_timeout_s=300_rate_per_min=1.0_seed=6,reactive_gate,vtfq,300,1.0,reactive_gate,6,293,279,1,0.0035714285714285713,0.0,279,103.72813660939573,1164.1420602384926,0.0,243.11734624644032,0,12,0,0,0,0.00012952134814952574,0.28287539339445156,1592703300.0,0.0,0,0.0,0.0,0.0,0.0,86,63,0.9214751169657431,0.9258918895505907,0.42479936080759517,0.12830462775600437,152.1818181818182,0.1
type=reactive_gate_queue=vtfq_sandbox_idle_timeout_s=300_rate_per_min=1.0_seed=7,reactive_gate,vtfq,300,1.0,reactive_gate,7,268,252,3,0.011764705882352941,0.021739130434782608,252,106.90464241776726,1887.9874927298267,0.0,600.0,0,65,0,0,0,0.03202760765982778,0.608073500561414,1315699014.437097,0.0,0,0.0,0.0,0.0,0.0,92,71,0.8734646650542505,0.8900494371755338,0.3293328153692373,0.07772601977594931,137.45454545454547,0.08
type=reactive_gate_queue=vtfq_sandbox_idle_timeout_s=300_rate_per_min=1.0_seed=8,reactive_gate,vtfq,300,1.0,reactive_gate,8,333,289,2,0.006872852233676976,0.014598540145985401,289,223.5379919390498,1818.8163903376585,0.04531208788047817,600.0,0,75,0,0,0,0.003129694803078772,0.41628208885617807,3585658734.5895653,0.0,0,0.0,0.0,0.0,0.0,90,30,0.6926279653373876,0.699328575626156,0.5183116565575628,0.16260904964686274,157.63636363636365,0.12
type=reactive_gate_queue=vtfq_sandbox_idle_timeout_s=300_rate_per_min=1.0_seed=9,reactive_gate,vtfq,300,1.0,reactive_gate,9,364,325,6,0.01812688821752266,0.04,325,189.0037430246134,1478.7629498041813,0.0,600.0,0,99,0,0,0,0.008260009525645729,0.4381600538076158,2882302406.911726,0.0,0,0.0,0.0,0.0,0.0,104,42,0.7329471238586626,0.7494239703654474,0.49252498025932406,0.15274265661220945,177.27272727272728,0.12
type=reactive_gate_queue=vtfq_sandbox_idle_timeout_s=300_rate_per_min=1.0_seed=10,reactive_gate,vtfq,300,1.0,reactive_gate,10,232,198,6,0.029411764705882353,0.04878048780487805,198,115.07151997746928,1481.0018668149107,0.0,405.3405898054589,0,41,0,0,0,0.02413493007761497,0.6265311492275282,1772130718.842953,0.0,0,0.0,0.0,0.0,0.0,61,40,0.768500265318433,0.7986375306250382,0.34624942397533026,0.0955481624283582,108.0,0.08
type=reactive_gate_queue=vtfq_sandbox_idle_timeout_s=300_rate_per_min=2.0_seed=1,reactive_gate,vtfq,300,2.0,reactive_gate,1,404,324,3,0.009174311926605505,0.015228426395939087,324,217.57922338345202,1794.5030995877976,0.0,600.0,0,108,0,0,0,0.0031862088751208268,0.5144069593483127,2308816974.376846,0.0,0,0.0,0.0,0.0,0.0,97,33,0.6218104868124606,0.6280501681859229,0.5342768516656955,0.16536884670025942,176.72727272727275,0.14
type=reactive_gate_queue=vtfq_sandbox_idle_timeout_s=300_rate_per_min=2.0_seed=2,reactive_gate,vtfq,300,2.0,reactive_gate,2,484,386,1,0.002583979328165375,0.004878048780487805,386,249.7256460005285,1851.2333709291345,0.6398382435695974,600.0000000000005,0,208,0,0,0,7.630511158715409e-05,0.47067754455859256,3205092864.7374167,0.0,0,0.0,0.0,0.0,0.0,116,42,0.5245383729401665,0.5234571009818503,0.5525185511970668,0.15562406349255933,210.54545454545456,0.16
type=reactive_gate_queue=vtfq_sandbox_idle_timeout_s=300_rate_per_min=2.0_seed=3,reactive_gate,vtfq,300,2.0,reactive_gate,3,499,300,15,0.047619047619047616,0.08620689655172414,300,564.6344722897659,2619.671016760253,0.0,600.0000000000005,0,577,0,0,0,0.016415141497947504,0.48493315183564534,5895170210.0323305,0.0,0,0.0,0.0,0.0,0.0,130,21,0.29298785365577523,0.30526388104358704,0.5127375498089873,0.17397067709293423,163.63636363636365,0.18
type=reactive_gate_queue=vtfq_sandbox_idle_timeout_s=300_rate_per_min=2.0_seed=4,reactive_gate,vtfq,300,2.0,reactive_gate,4,465,365,6,0.016172506738544475,0.02336448598130841,365,321.912354166514,2402.6853099823816,1.033818777508133,600.0000000000005,0,120,0,0,0,0.018739165038393464,0.3954283853841592,3593553726.3553543,0.0,0,0.0,0.0,0.0,0.0,123,19,0.49974205901479474,0.5066090431647405,0.6224660369277712,0.20760932084684852,199.0909090909091,0.16
type=reactive_gate_queue=vtfq_sandbox_idle_timeout_s=300_rate_per_min=2.0_seed=5,reactive_gate,vtfq,300,2.0,reactive_gate,5,657,479,19,0.03815261044176707,0.06713780918727916,479,855.5146729463149,2259.8585509115865,8.736337760487775,600.0000000000005,0,848,0,0,0,0.02213984353312391,0.41185440755700753,6839728149.868925,0.0,0,0.0,0.0,0.0,0.0,198,1,0.3128391613472187,0.32529427509263326,0.7147987324486855,0.1798023192346346,261.2727272727273,0.26
type=reactive_gate_queue=vtfq_sandbox_idle_timeout_s=300_rate_per_min=2.0_seed=6,reactive_gate,vtfq,300,2.0,reactive_gate,6,457,381,7,0.01804123711340206,0.027906976744186046,381,477.83523663853157,1855.3523980208945,3.246036874483909,600.0000000000005,0,185,0,0,0,0.009255832068855073,0.38367408881571424,4898356130.24305,0.0,0,0.0,0.0,0.0,0.0,127,22,0.49838562934863817,0.50953544738471,0.6290094069298757,0.17841711790215234,207.8181818181818,0.17
type=reactive_gate_queue=vtfq_sandbox_idle_timeout_s=300_rate_per_min=2.0_seed=7,reactive_gate,vtfq,300,2.0,reactive_gate,7,559,411,8,0.01909307875894988,0.0321285140562249,411,280.5409643142516,2075.267233961178,2.391086605126816,600.0000000000005,0,381,0,0,0,0.026706849939411012,0.47930507654366494,4522360487.471876,0.0,0,0.0,0.0,0.0,0.0,150,30,0.4436314119040819,0.45263915630822565,0.5938219988304521,0.15303444247612402,224.1818181818182,0.18
type=reactive_gate_queue=vtfq_sandbox_idle_timeout_s=300_rate_per_min=2.0_seed=8,reactive_gate,vtfq,300,2.0,reactive_gate,8,551,364,24,0.061855670103092786,0.11386138613861387,364,989.077167382208,2822.498464192991,4.512084971695471,600.0000000000005,0,793,0,0,0,0.038424361597973064,0.45330344982809695,6616270042.244068,0.0,0,0.0,0.0,0.0,0.0,141,3,0.2625528225797353,0.2800618660543819,0.6253673994714777,0.18197326989226803,198.54545454545456,0.21
type=reactive_gate_queue=vtfq_sandbox_idle_timeout_s=300_rate_per_min=2.0_seed=9,reactive_gate,vtfq,300,2.0,reactive_gate,9,586,384,30,0.07246376811594203,0.136986301369863,384,817.0989279510434,2551.7702903457416,9.41268067360387,600.0000000000005,0,840,0,0,0,0.038192817433411776,0.5453138352859979,6670570001.551737,0.0,0,0.0,0.0,0.0,0.0,157,4,0.2800540389345967,0.2997396746825686,0.6231625282714971,0.16888901109707463,209.45454545454547,0.21
type=reactive_gate_queue=vtfq_sandbox_idle_timeout_s=300_rate_per_min=2.0_seed=10,reactive_gate,vtfq,300,2.0,reactive_gate,10,375,302,8,0.025806451612903226,0.03825136612021858,302,298.3448473375041,1655.7788695628462,0.0,600.0000000000002,0,117,0,0,0,0.02205086091825306,0.6348524048610256,3526940798.242588,0.0,0,0.0,0.0,0.0,0.0,91,47,0.5593935968678777,0.5750171683653775,0.5252947192720474,0.14045404952784274,164.72727272727275,0.13
type=reactive_gate_queue=vtfq_sandbox_idle_timeout_s=300_rate_per_min=4.0_seed=1,reactive_gate,vtfq,300,4.0,reactive_gate,1,935,424,66,0.1346938775510204,0.2,424,1462.0099163329537,3719.1306906095724,45.3779468606941,600.0000000000005,0,1877,0,0,0,0.04182856725870312,0.611919862468661,8186352975.156399,0.0,0,0.0,0.0,0.0,0.0,200,0,0.1500452415991869,0.1635877431051932,0.7440082395347708,0.1654863143795521,231.27272727272728,0.37
type=reactive_gate_queue=vtfq_sandbox_idle_timeout_s=300_rate_per_min=4.0_seed=2,reactive_gate,vtfq,300,4.0,reactive_gate,2,753,452,47,0.09418837675350701,0.15570934256055363,452,910.3319630437843,3622.372049870291,2.930509009069604,600.0000000000005,0,1293,0,0,0,0.047231500894382654,0.5207354375830088,7294124327.129565,0.0,0,0.0,0.0,0.0,0.0,194,0,0.21639760788489676,0.23535650778405004,0.6644110582993396,0.17800408868525133,246.54545454545456,0.31
type=reactive_gate_queue=vtfq_sandbox_idle_timeout_s=300_rate_per_min=4.0_seed=3,reactive_gate,vtfq,300,4.0,reactive_gate,3,792,402,50,0.11061946902654868,0.18587360594795538,402,1512.124839756559,3668.3904033736135,7.058825238072905,600.0000000000005,0,1621,0,0,0,0.04046550354068221,0.5362368711227582,8541244974.485308,0.0,0,0.0,0.0,0.0,0.0,217,5,0.16113432448469903,0.17373477156701445,0.6660251820933697,0.20027941174264263,219.27272727272728,0.32
type=reactive_gate_queue=vtfq_sandbox_idle_timeout_s=300_rate_per_min=4.0_seed=4,reactive_gate,vtfq,300,4.0,reactive_gate,4,665,401,28,0.06526806526806526,0.10196078431372549,401,906.3158583606096,2807.592255755466,8.328576820374288,600.0000000000005,0,845,0,0,0,0.03755392713481421,0.42112886333764527,6796795111.36211,0.0,0,0.0,0.0,0.0,0.0,179,0,0.25660339592441006,0.26701720503119825,0.7099215273569024,0.2068935761264624,218.72727272727275,0.26
type=reactive_gate_queue=vtfq_sandbox_idle_timeout_s=300_rate_per_min=4.0_seed=5,reactive_gate,vtfq,300,4.0,reactive_gate,5,839,482,63,0.11559633027522936,0.1903323262839879,482,1567.0289958583446,3021.9210739365144,42.09859623796147,600.0000000000005,0,1755,0,0,0,0.05155770067006574,0.4390073601686075,8917881984.520302,0.0,0,0.0,0.0,0.0,0.0,274,0,0.18947499945193716,0.20742023993040318,0.7733881609565203,0.18546258868313822,262.90909090909093,0.38
type=reactive_gate_queue=vtfq_sandbox_idle_timeout_s=300_rate_per_min=4.0_seed=6,reactive_gate,vtfq,300,4.0,reactive_gate,6,873,483,79,0.14056939501779359,0.20967741935483872,483,1714.6028164881272,3997.8670212376414,69.61255730411897,600.0000000000005,0,2004,0,0,0,0.07471783626990348,0.38998077228329325,8953541449.308367,0.0,0,0.0,0.0,0.0,0.0,229,0,0.17708624083282548,0.19796865964230081,0.8008645288380601,0.19270136004743602,263.45454545454544,0.41
type=reactive_gate_queue=vtfq_sandbox_idle_timeout_s=300_rate_per_min=4.0_seed=7,reactive_gate,vtfq,300,4.0,reactive_gate,7,947,516,81,0.135678391959799,0.18872549019607843,516,885.2586305902335,2942.640535889276,12.737478176423672,600.0000000000005,0,1757,0,0,0,0.07105908559085591,0.5128585277581671,7669850080.312905,0.0,0,0.0,0.0,0.0,0.0,192,8,0.19301000002794805,0.2121592197308751,0.7767332365319867,0.1588516882479653,281.45454545454544,0.37
type=reactive_gate_queue=vtfq_sandbox_idle_timeout_s=300_rate_per_min=4.0_seed=8,reactive_gate,vtfq,300,4.0,reactive_gate,8,843,414,69,0.14285714285714285,0.22996515679442509,414,1407.4597920451006,2774.56921343271,13.975374033422144,600.0000000000005,0,1613,0,0,0,0.0579785643839479,0.47986519917840714,8136320682.2406,0.0,0,0.0,0.0,0.0,0.0,186,0,0.16046420820245338,0.1768165052674849,0.7366196703007641,0.18691460460293627,225.81818181818184,0.32
type=reactive_gate_queue=vtfq_sandbox_idle_timeout_s=300_rate_per_min=4.0_seed=9,reactive_gate,vtfq,300,4.0,reactive_gate,9,909,454,90,0.16544117647058823,0.2443820224719101,454,1593.9640909277527,3684.6420384710964,9.010724678107252,600.0000000000005,0,1764,0,0,0,0.09167752159885746,0.5856132662856693,9101832401.260365,0.0,0,0.0,0.0,0.0,0.0,211,2,0.1551114660478304,0.17162876242390604,0.7004219176014959,0.17448429439402052,247.63636363636365,0.35
type=reactive_gate_queue=vtfq_sandbox_idle_timeout_s=300_rate_per_min=4.0_seed=10,reactive_gate,vtfq,300,4.0,reactive_gate,10,802,420,55,0.11578947368421053,0.16463414634146342,420,1167.7057092715586,3620.9263851949063,9.590447485450118,600.0000000000005,0,1386,0,0,0,0.055332514611198924,0.6233886685203213,8030352233.182088,0.0,0,0.0,0.0,0.0,0.0,142,13,0.19405691015937643,0.21116187045214835,0.6624244359014828,0.1615416988767416,229.0909090909091,0.27
type=reactive_gate_queue=srpt_sandbox_idle_timeout_s=0_rate_per_min=1.0_seed=1,reactive_gate,srpt,0,1.0,reactive_gate,1,230,209,1,0.004761904761904762,0.007874015748031496,209,88.3296307050357,1058.4786059887083,0.0,0.0,0,25,0,0,0,0.0015189236635242864,0.4730876722848759,915457318.465284,0.0,0,0.0,0.0,0.0,0.0,66,57,0.8972515643538939,0.9032332414495865,0.3062315455395299,0.09355007862242111,114.0,0.08
type=reactive_gate_queue=srpt_sandbox_idle_timeout_s=0_rate_per_min=1.0_seed=2,reactive_gate,srpt,0,1.0,reactive_gate,2,244,227,1,0.0043859649122807015,0.008064516129032258,227,92.17069484485364,1538.2133718766117,0.0,63.13067817170577,0,20,0,0,0,0.0001966924139530819,0.3739970752673396,701037623.8516879,0.0,0,0.0,0.0,0.0,0.0,56,49,0.9192305418491454,0.9197384634812517,0.31597789037004664,0.1055849568542602,123.81818181818183,0.08
type=reactive_gate_queue=srpt_sandbox_idle_timeout_s=0_rate_per_min=1.0_seed=3,reactive_gate,srpt,0,1.0,reactive_gate,3,268,239,2,0.008298755186721992,0.015503875968992248,239,152.2852437162901,1281.4390085953157,0.6588063429101849,166.59992881060043,0,39,0,0,0,0.00337166053220018,0.41389975699894826,1790140138.4010723,0.0,0,0.0,0.0,0.0,0.0,81,57,0.8521924577994274,0.862459836809059,0.38395648265102955,0.1321142333955491,130.36363636363637,0.09
type=reactive_gate_queue=srpt_sandbox_idle_timeout_s=0_rate_per_min=1.0_seed=4,reactive_gate,srpt,0,1.0,reactive_gate,4,234,212,3,0.013953488372093023,0.015384615384615385,212,122.53226429199117,2264.657437475683,0.0,0.0,0,37,0,0,0,0.016775691366292325,0.45292350956005345,1058141971.7538431,0.0,0,0.0,0.0,0.0,0.0,83,69,0.8901759433438342,0.9031865631146487,0.39702530760327637,0.14436713096399212,115.63636363636364,0.09
type=reactive_gate_queue=srpt_sandbox_idle_timeout_s=0_rate_per_min=1.0_seed=5,reactive_gate,srpt,0,1.0,reactive_gate,5,397,377,2,0.005277044854881266,0.012422360248447204,377,81.45302622610734,1133.4072660055276,2.154719903685552,44.901507097784815,0,59,0,0,0,0.008975067045342755,0.39615567955647435,2226056722.4333076,0.0,0,0.0,0.0,0.0,0.0,99,85,0.9223878271290329,0.9315203798728847,0.5123187885910386,0.1432913280226973,205.63636363636365,0.12
type=reactive_gate_queue=srpt_sandbox_idle_timeout_s=0_rate_per_min=1.0_seed=6,reactive_gate,srpt,0,1.0,reactive_gate,6,293,280,1,0.0035587188612099642,0.0,280,97.87202613481804,1463.011426217522,0.0,8.362094246956076,0,12,0,0,0,0.00012947259946584878,0.28095652946589955,1592703300.0,0.0,0,0.0,0.0,0.0,0.0,85,76,0.9418580682175028,0.9464122418599311,0.4247985898528555,0.12963414924021555,152.72727272727272,0.1
type=reactive_gate_queue=srpt_sandbox_idle_timeout_s=0_rate_per_min=1.0_seed=7,reactive_gate,srpt,0,1.0,reactive_gate,7,269,256,3,0.011583011583011582,0.02142857142857143,256,96.22142416361316,1876.392029912367,0.0,105.86133643161702,0,63,0,0,0,0.03288964643135323,0.6038808189507862,1229219214.437097,0.0,0,0.0,0.0,0.0,0.0,92,74,0.9228122300359359,0.94033398123915,0.33048339039837477,0.07915182117966288,139.63636363636365,0.08
type=reactive_gate_queue=srpt_sandbox_idle_timeout_s=0_rate_per_min=1.0_seed=8,reactive_gate,srpt,0,1.0,reactive_gate,8,354,327,2,0.0060790273556231,0.0136986301369863,327,149.72431568457841,1544.1245027532727,1.6956087798372215,275.2922292831445,0,49,0,0,0,0.0032649484631741815,0.3991993015696955,2929041761.6937222,0.0,0,0.0,0.0,0.0,0.0,101,64,0.8772181403139016,0.8858884867418976,0.5825909037126068,0.18613593634813985,178.36363636363637,0.13
type=reactive_gate_queue=srpt_sandbox_idle_timeout_s=0_rate_per_min=1.0_seed=9,reactive_gate,srpt,0,1.0,reactive_gate,9,380,355,6,0.01662049861495845,0.03896103896103896,355,131.8342333479386,1300.60591292495,0.0,234.5601170237478,0,75,0,0,0,0.009093840548029412,0.4338004710263581,2389373196.3585997,0.0,0,0.0,0.0,0.0,0.0,115,80,0.8765378325642288,0.8969526133311841,0.5450466574923919,0.16187457298064958,193.63636363636365,0.13
type=reactive_gate_queue=srpt_sandbox_idle_timeout_s=0_rate_per_min=1.0_seed=10,reactive_gate,srpt,0,1.0,reactive_gate,10,232,201,6,0.028985507246376812,0.047619047619047616,201,97.48569076211925,1480.432938263224,0.0,306.1466115704534,0,41,0,0,0,0.022169897160786992,0.6092406678975101,1651384918.842953,0.0,0,0.0,0.0,0.0,0.0,61,50,0.8321374955249843,0.8647703384867482,0.35173704620321805,0.1020904250306741,109.63636363636364,0.08
type=reactive_gate_queue=srpt_sandbox_idle_timeout_s=0_rate_per_min=2.0_seed=1,reactive_gate,srpt,0,2.0,reactive_gate,1,411,368,3,0.008086253369272238,0.013043478260869565,368,185.9467896603287,1390.8179115750104,0.8044046960796304,600.0,0,63,0,0,0,0.002807389023471134,0.511556286082548,1617434169.9986022,0.0,0,0.0,0.0,0.0,0.0,110,59,0.7761530950671394,0.7840711476409395,0.5841340083810865,0.17804484269936047,200.72727272727275,0.15
type=reactive_gate_queue=srpt_sandbox_idle_timeout_s=0_rate_per_min=2.0_seed=2,reactive_gate,srpt,0,2.0,reactive_gate,2,511,442,1,0.002257336343115124,0.00423728813559322,442,210.872608396332,1699.9638325008284,3.0887974320215204,600.0,0,61,0,0,0,6.586640181691037e-05,0.4637615032640466,2907156629.2676005,0.0,0,0.0,0.0,0.0,0.0,124,53,0.7028052390678846,0.7021910339619422,0.615940443521756,0.18596752152750196,241.0909090909091,0.17
type=reactive_gate_queue=srpt_sandbox_idle_timeout_s=0_rate_per_min=2.0_seed=3,reactive_gate,srpt,0,2.0,reactive_gate,3,527,386,8,0.02030456852791878,0.03636363636363636,386,571.6999250493707,1987.9622225840078,2.5712510249886322,600.0000000000005,0,244,0,0,0,0.00954195762635207,0.4584705795515931,5761067591.494649,0.0,0,0.0,0.0,0.0,0.0,148,23,0.416465490828699,0.425565907829162,0.6223730401086182,0.22094223218166678,210.54545454545456,0.19
type=reactive_gate_queue=srpt_sandbox_idle_timeout_s=0_rate_per_min=2.0_seed=4,reactive_gate,srpt,0,2.0,reactive_gate,4,494,415,5,0.011904761904761904,0.017467248908296942,415,163.02968475738908,2051.9582880505686,8.40870203634918,600.0000000000002,0,64,0,0,0,0.011433208568025212,0.3868183488382312,2853266476.442345,0.0,0,0.0,0.0,0.0,0.0,145,70,0.7191591873490104,0.7280955360018768,0.7161953356926638,0.23376375005796457,226.36363636363637,0.18
type=reactive_gate_queue=srpt_sandbox_idle_timeout_s=0_rate_per_min=2.0_seed=5,reactive_gate,srpt,0,2.0,reactive_gate,5,695,570,10,0.017241379310344827,0.03194888178913738,570,431.8023069370913,1897.311199906213,32.459935856760175,600.0000000000005,0,414,0,0,0,0.01825165505932977,0.4725217589590953,6380718142.298643,0.0,0,0.0,0.0,0.0,0.0,212,5,0.5030024684055593,0.5119377913243554,0.842519991938617,0.22915653074445078,310.90909090909093,0.26
type=reactive_gate_queue=srpt_sandbox_idle_timeout_s=0_rate_per_min=2.0_seed=6,reactive_gate,srpt,0,2.0,reactive_gate,6,474,423,3,0.007042253521126761,0.008658008658008658,423,232.7575791493955,1769.024604032344,8.463217274917172,600.0,0,87,0,0,0,0.009248015187330375,0.43515312659210226,3988368807.736021,0.0,0,0.0,0.0,0.0,0.0,139,43,0.7048144947969114,0.7112354369236631,0.7039313866833399,0.1918557945142811,230.72727272727275,0.18
type=reactive_gate_queue=srpt_sandbox_idle_timeout_s=0_rate_per_min=2.0_seed=7,reactive_gate,srpt,0,2.0,reactive_gate,7,590,516,5,0.009596928982725527,0.016181229773462782,516,215.45280925332986,1942.585554440385,6.629707555314923,600.0000000000005,0,178,0,0,0,0.012741640228595794,0.4338064202100916,3825106778.9078584,0.0,0,0.0,0.0,0.0,0.0,162,71,0.6556052442288743,0.6635817473278344,0.6975320196637853,0.19331365095351294,281.45454545454544,0.2
type=reactive_gate_queue=srpt_sandbox_idle_timeout_s=0_rate_per_min=2.0_seed=8,reactive_gate,srpt,0,2.0,reactive_gate,8,604,473,14,0.028747433264887063,0.05907172995780591,473,520.1158775029985,2487.7462122729685,18.627753474925612,600.0000000000005,0,312,0,0,0,0.02751223617450287,0.4322011714629328,6302022775.851559,0.0,0,0.0,0.0,0.0,0.0,161,4,0.45132344034444305,0.46690698195117214,0.7965514689685316,0.24256767848382724,258.0,0.24
type=reactive_gate_queue=srpt_sandbox_idle_timeout_s=0_rate_per_min=2.0_seed=9,reactive_gate,srpt,0,2.0,reactive_gate,9,642,506,22,0.041666666666666664,0.08118081180811808,506,488.6580281098461,1829.1107252141655,12.935625142113738,600.0000000000005,0,336,0,0,0,0.02614904306491411,0.5473208831866773,6841464746.017575,0.0,0,0.0,0.0,0.0,0.0,173,5,0.4722132646595799,0.4953553537907023,0.7939581630285224,0.21175688819698799,276.0,0.24
type=reactive_gate_queue=srpt_sandbox_idle_timeout_s=0_rate_per_min=2.0_seed=10,reactive_gate,srpt,0,2.0,reactive_gate,10,391,345,7,0.019886363636363636,0.03333333333333333,345,182.75099252274117,1455.6380691535226,1.5570332358899963,600.0,0,78,0,0,0,0.019860003494922052,0.5956320241929277,2778101749.8792853,0.0,0,0.0,0.0,0.0,0.0,102,51,0.707933299563049,0.727520386902738,0.5787383175464582,0.16433455123491314,188.1818181818182,0.14
type=reactive_gate_queue=srpt_sandbox_idle_timeout_s=0_rate_per_min=4.0_seed=1,reactive_gate,srpt,0,4.0,reactive_gate,1,939,505,57,0.10142348754448399,0.1414141414141414,505,687.6171747307044,2926.76873578225,28.438690922734622,600.0000000000005,0,1277,0,0,0,0.037567730618227,0.5693998238534005,7670084836.214686,0.0,0,0.0,0.0,0.0,0.0,200,0,0.2444022091371515,0.26243357194004246,0.8636778443448913,0.19546180736282456,275.45454545454544,0.4
type=reactive_gate_queue=srpt_sandbox_idle_timeout_s=0_rate_per_min=4.0_seed=2,reactive_gate,srpt,0,4.0,reactive_gate,2,771,519,40,0.07155635062611806,0.10736196319018405,519,557.7895024478789,1987.1461646288321,10.12500467878679,600.0000000000005,0,791,0,0,0,0.03483594703930561,0.5946990013555112,7309198204.406189,0.0,0,0.0,0.0,0.0,0.0,168,18,0.3445209641018233,0.365598620439291,0.7878979362333269,0.20025267242605102,283.0909090909091,0.31
type=reactive_gate_queue=srpt_sandbox_idle_timeout_s=0_rate_per_min=4.0_seed=3,reactive_gate,srpt,0,4.0,reactive_gate,3,834,528,41,0.07205623901581722,0.12202380952380952,528,808.430105274324,3160.2235682075925,31.78694831397856,600.0000000000005,0,1086,0,0,0,0.02320779002061685,0.49604161853893397,7539249637.790108,0.0,0,0.0,0.0,0.0,0.0,239,8,0.2608172274059756,0.2778457970652321,0.8194301810249935,0.23054142857651508,288.0,0.37
type=reactive_gate_queue=srpt_sandbox_idle_timeout_s=0_rate_per_min=4.0_seed=4,reactive_gate,srpt,0,4.0,reactive_gate,4,710,500,22,0.0421455938697318,0.06578947368421052,500,553.2586429438863,2203.101550825558,23.82174274942694,600.0000000000005,0,394,0,0,0,0.04320799635552188,0.38995966587510356,6241297245.950855,0.0,0,0.0,0.0,0.0,0.0,190,5,0.4021448826499022,0.4157469813015179,0.858528568019943,0.2600624169126746,272.72727272727275,0.28
type=reactive_gate_queue=srpt_sandbox_idle_timeout_s=0_rate_per_min=4.0_seed=5,reactive_gate,srpt,0,4.0,reactive_gate,5,853,556,45,0.07487520798668885,0.11796246648793565,556,717.1604139247214,2893.266277690878,57.456081617984864,600.0000000000005,0,1155,0,0,0,0.0415998292142367,0.42145106005419497,8793118777.095957,0.0,0,0.0,0.0,0.0,0.0,265,1,0.31587180707428836,0.3365637622995322,0.8797583656598033,0.23518525216946626,303.2727272727273,0.4
type=reactive_gate_queue=srpt_sandbox_idle_timeout_s=0_rate_per_min=4.0_seed=6,reactive_gate,srpt,0,4.0,reactive_gate,6,901,566,71,0.11145996860282574,0.16829268292682928,566,825.8270735271044,3715.846587040901,98.27316008437859,600.0000000000005,0,1430,0,0,0,0.05844007934701721,0.3283874531285497,7332866534.840424,0.0,0,0.0,0.0,0.0,0.0,239,0,0.28874615841773477,0.31896271520243,0.9442055588375745,0.24190946363372842,308.72727272727275,0.45
type=reactive_gate_queue=srpt_sandbox_idle_timeout_s=0_rate_per_min=4.0_seed=7,reactive_gate,srpt,0,4.0,reactive_gate,7,949,567,76,0.1181959564541213,0.16228070175438597,567,629.7486396471168,2548.7690474073006,48.95016997483635,600.0000000000005,0,1318,0,0,0,0.06163309387008783,0.4942357369276454,6245284376.011128,0.0,0,0.0,0.0,0.0,0.0,200,16,0.2802746579941999,0.3058439659939822,0.8756596374441531,0.20002568559562797,309.2727272727273,0.39
type=reactive_gate_queue=srpt_sandbox_idle_timeout_s=0_rate_per_min=4.0_seed=8,reactive_gate,srpt,0,4.0,reactive_gate,8,849,492,51,0.09392265193370165,0.1488095238095238,492,723.4265108832658,2787.7368664981545,29.422185950744772,600.0000000000005,0,1074,0,0,0,0.048405621197834675,0.4683744625151354,7504483811.666956,0.0,0,0.0,0.0,0.0,0.0,204,4,0.2594691242812712,0.27901454366034634,0.8575160747660904,0.2392222371911639,268.3636363636364,0.35
type=reactive_gate_queue=srpt_sandbox_idle_timeout_s=0_rate_per_min=4.0_seed=9,reactive_gate,srpt,0,4.0,reactive_gate,9,951,547,71,0.11488673139158576,0.1794871794871795,547,675.6782713772172,2424.9400109102226,32.02859802635956,600.0000000000005,0,1141,0,0,0,0.06206498953677357,0.529097288673173,8413074231.736914,0.0,0,0.0,0.0,0.0,0.0,215,6,0.25134470494612954,0.27680544701462406,0.8637794674752332,0.22926237968107716,298.3636363636364,0.37
type=reactive_gate_queue=srpt_sandbox_idle_timeout_s=0_rate_per_min=4.0_seed=10,reactive_gate,srpt,0,4.0,reactive_gate,10,809,464,46,0.09019607843137255,0.1267605633802817,464,707.7699437497392,3446.7666268018634,14.987340799851422,600.0000000000005,0,1017,0,0,0,0.041036664270655096,0.5942120521689307,8052451246.668822,0.0,0,0.0,0.0,0.0,0.0,164,18,0.26063512516501713,0.27930165818469505,0.7501980820059571,0.2047316907560745,253.0909090909091,0.28
type=reactive_gate_queue=srpt_sandbox_idle_timeout_s=300_rate_per_min=1.0_seed=1,reactive_gate,srpt,300,1.0,reactive_gate,1,230,209,1,0.004761904761904762,0.007874015748031496,209,88.3296307050357,1058.4786059887083,0.0,15.785670186000061,0,25,0,0,0,0.0015187948424664657,0.47538189145495613,915457318.465284,0.0,0,0.0,0.0,0.0,0.0,66,57,0.8970050028100222,0.902985036162089,0.3065481798756799,0.09264181898930472,114.0,0.08
type=reactive_gate_queue=srpt_sandbox_idle_timeout_s=300_rate_per_min=1.0_seed=2,reactive_gate,srpt,300,1.0,reactive_gate,2,244,226,1,0.004405286343612335,0.008130081300813009,226,88.7347345051187,1547.3717131666465,0.0,144.20141201416845,0,20,0,0,0,0.00019133449702489155,0.37662604012101863,701037623.8516879,0.0,0,0.0,0.0,0.0,0.0,56,48,0.9088609445600131,0.909263444129261,0.3150494122353341,0.10429815992863599,123.27272727272728,0.08
type=reactive_gate_queue=srpt_sandbox_idle_timeout_s=300_rate_per_min=1.0_seed=3,reactive_gate,srpt,300,1.0,reactive_gate,3,257,223,2,0.008888888888888889,0.01652892561983471,223,235.31480369790552,1309.8853969222953,0.0,600.0,0,38,0,0,0,0.0033415862694436654,0.40847597376417605,1996716001.1242826,0.0,0,0.0,0.0,0.0,0.0,75,32,0.7312169479377566,0.7400267906839946,0.3557448545025576,0.126848434550336,121.63636363636364,0.09
type=reactive_gate_queue=srpt_sandbox_idle_timeout_s=300_rate_per_min=1.0_seed=4,reactive_gate,srpt,300,1.0,reactive_gate,4,234,212,3,0.013953488372093023,0.015384615384615385,212,122.53226429199117,2264.657437475683,0.0,26.17411663388316,0,37,0,0,0,0.016775691366292325,0.454414317681835,1058141971.7538428,0.0,0,0.0,0.0,0.0,0.0,83,66,0.8865876787332254,0.8995154493903621,0.39702530760327637,0.14348087549542762,115.63636363636364,0.09
type=reactive_gate_queue=srpt_sandbox_idle_timeout_s=300_rate_per_min=1.0_seed=5,reactive_gate,srpt,300,1.0,reactive_gate,5,381,349,2,0.005698005698005698,0.012987012987012988,349,158.82640497556622,1397.5784657644404,0.0,600.0,0,68,0,0,0,0.008935424072016748,0.41444502022625046,2273925796.8888125,0.0,0,0.0,0.0,0.0,0.0,87,37,0.7278551842504661,0.7350616712232431,0.47777712615336054,0.13319199371897444,190.36363636363637,0.11
type=reactive_gate_queue=srpt_sandbox_idle_timeout_s=300_rate_per_min=1.0_seed=6,reactive_gate,srpt,300,1.0,reactive_gate,6,293,280,1,0.0035587188612099642,0.0,280,105.03400866402944,1460.7944506715548,0.0,251.6487111842398,0,12,0,0,0,0.0001294612382034841,0.2828457179368994,1592703300.0,0.0,0,0.0,0.0,0.0,0.0,86,61,0.9213092912454809,0.9257231773498433,0.4248612373818312,0.12832401608340513,152.72727272727272,0.1
type=reactive_gate_queue=srpt_sandbox_idle_timeout_s=300_rate_per_min=1.0_seed=7,reactive_gate,srpt,300,1.0,reactive_gate,7,268,252,3,0.011764705882352941,0.021739130434782608,252,106.90464241776726,1887.9874927298267,0.0,600.0,0,65,0,0,0,0.03202760765982778,0.608073500561414,1315699014.437097,0.0,0,0.0,0.0,0.0,0.0,92,71,0.8734646650542505,0.8900494371755338,0.3293328153692373,0.07772601977594931,137.45454545454547,0.08
type=reactive_gate_queue=srpt_sandbox_idle_timeout_s=300_rate_per_min=1.0_seed=8,reactive_gate,srpt,300,1.0,reactive_gate,8,331,291,2,0.006825938566552901,0.014388489208633094,291,231.96923786158095,1843.032568129107,0.12613370447389183,600.0,0,68,0,0,0,0.00323144612036634,0.4143327686632426,3448370693.8278303,0.0,0,0.0,0.0,0.0,0.0,89,30,0.698105427149566,0.7048636235968809,0.5216345861985238,0.16398648778574296,158.72727272727272,0.12
type=reactive_gate_queue=srpt_sandbox_idle_timeout_s=300_rate_per_min=1.0_seed=9,reactive_gate,srpt,300,1.0,reactive_gate,9,364,325,6,0.01812688821752266,0.04054054054054054,325,187.6627895583306,1609.5921461813537,0.0,600.0,0,83,0,0,0,0.008369400831760127,0.4538949257861418,2799516830.3737574,0.0,0,0.0,0.0,0.0,0.0,107,42,0.7312325683667621,0.7476536071390041,0.4986157039222352,0.14933535784705654,177.27272727272728,0.12
type=reactive_gate_queue=srpt_sandbox_idle_timeout_s=300_rate_per_min=1.0_seed=10,reactive_gate,srpt,300,1.0,reactive_gate,10,232,200,6,0.02912621359223301,0.048,200,117.24614140397875,1480.622581113786,0.0,405.3405898054589,0,41,0,0,0,0.021746018500608564,0.6255913080157457,1673882518.842953,0.0,0,0.0,0.0,0.0,0.0,61,39,0.7763560398805744,0.8068013747778519,0.34660025372312875,0.09589461032594525,109.0909090909091,0.08
type=reactive_gate_queue=srpt_sandbox_idle_timeout_s=300_rate_per_min=2.0_seed=1,reactive_gate,srpt,300,2.0,reactive_gate,1,402,324,2,0.006134969325153374,0.01020408163265306,324,217.57922338345202,1544.3598272601391,0.0,600.0,0,96,0,0,0,0.0015284181786860331,0.5099536830376218,2293714151.386915,0.0,0,0.0,0.0,0.0,0.0,97,34,0.6315656927375969,0.6356727426212174,0.5348484155780562,0.16576809316054894,176.72727272727275,0.14
type=reactive_gate_queue=srpt_sandbox_idle_timeout_s=300_rate_per_min=2.0_seed=2,reactive_gate,srpt,300,2.0,reactive_gate,2,483,385,1,0.0025906735751295338,0.004807692307692308,385,243.50404419441293,1791.1917081868417,0.025415115211088378,600.0,0,161,0,0,0,7.556803728707666e-05,0.46773599288299045,3258544999.951506,0.0,0,0.0,0.0,0.0,0.0,112,42,0.5378488399111504,0.536905227393475,0.5465367165039822,0.15834638185404773,210.0,0.15
type=reactive_gate_queue=srpt_sandbox_idle_timeout_s=300_rate_per_min=2.0_seed=3,reactive_gate,srpt,300,2.0,reactive_gate,3,508,309,22,0.06646525679758308,0.12359550561797752,309,492.4432956683968,2617.5001238287114,0.0,600.0000000000005,0,516,0,0,0,0.024435505917067484,0.4830367705509056,5982499942.691414,0.0,0,0.0,0.0,0.0,0.0,129,21,0.3057792703757563,0.3242419079011431,0.5129135448394199,0.17390183064801665,168.54545454545456,0.17
type=reactive_gate_queue=srpt_sandbox_idle_timeout_s=300_rate_per_min=2.0_seed=4,reactive_gate,srpt,300,2.0,reactive_gate,4,461,363,9,0.024193548387096774,0.037383177570093455,363,319.6350085756535,2409.1806622291633,0.033543446542823194,600.0000000000005,0,137,0,0,0,0.0322197124854455,0.41910025908179555,3539291413.0830326,0.0,0,0.0,0.0,0.0,0.0,134,24,0.49936297142565383,0.5110904118732778,0.618418138751295,0.2019351755037802,198.0,0.17
type=reactive_gate_queue=srpt_sandbox_idle_timeout_s=300_rate_per_min=2.0_seed=5,reactive_gate,srpt,300,2.0,reactive_gate,5,648,474,23,0.04627766599597585,0.08156028368794327,474,613.2975233687525,2533.8581520312723,6.266231461198338,600.0000000000005,0,721,0,0,0,0.02161469451018029,0.4404485438827089,7125288061.800402,0.0,0,0.0,0.0,0.0,0.0,178,1,0.32703612655557346,0.3441410531205855,0.7053291255746569,0.18119802501151772,258.54545454545456,0.24
type=reactive_gate_queue=srpt_sandbox_idle_timeout_s=300_rate_per_min=2.0_seed=6,reactive_gate,srpt,300,2.0,reactive_gate,6,454,380,10,0.02564102564102564,0.04128440366972477,380,454.2240577344462,1911.2587665848177,2.3782542284064005,600.0000000000005,0,159,0,0,0,0.010834643526479696,0.3859195460456762,4789004681.285414,0.0,0,0.0,0.0,0.0,0.0,124,22,0.5013656510621218,0.5179251923524825,0.6336340205095831,0.1778448538715,207.27272727272728,0.17
type=reactive_gate_queue=srpt_sandbox_idle_timeout_s=300_rate_per_min=2.0_seed=7,reactive_gate,srpt,300,2.0,reactive_gate,7,560,423,11,0.02534562211981567,0.04247104247104247,423,286.82846077052955,2196.7176064176256,2.2258297402207288,600.0000000000005,0,339,0,0,0,0.029515086626189454,0.48700013949904486,4392207616.308906,0.0,0,0.0,0.0,0.0,0.0,140,29,0.4524820053279536,0.4650117567158255,0.5849400554503367,0.15417732591370129,230.72727272727275,0.17
type=reactive_gate_queue=srpt_sandbox_idle_timeout_s=300_rate_per_min=2.0_seed=8,reactive_gate,srpt,300,2.0,reactive_gate,8,555,378,31,0.07579462102689487,0.13679245283018868,378,616.2123365640598,3011.9063043164874,4.229522953060652,600.0000000000005,0,656,0,0,0,0.04699367243170246,0.4773581008273259,6563047868.252915,0.0,0,0.0,0.0,0.0,0.0,139,3,0.29980522902899465,0.3235202509238598,0.6262469045300765,0.18608172185593339,206.1818181818182,0.2
type=reactive_gate_queue=srpt_sandbox_idle_timeout_s=300_rate_per_min=2.0_seed=9,reactive_gate,srpt,300,2.0,reactive_gate,9,579,398,35,0.08083140877598152,0.13934426229508196,398,625.5375879120943,2924.579193430796,4.555611478415084,600.0000000000005,0,684,0,0,0,0.04657552738435626,0.48844730502283656,6824697104.712778,0.0,0,0.0,0.0,0.0,0.0,162,4,0.320705120253189,0.3419297532859328,0.6490897773811836,0.17197259657522335,217.0909090909091,0.21
type=reactive_gate_queue=srpt_sandbox_idle_timeout_s=300_rate_per_min=2.0_seed=10,reactive_gate,srpt,300,2.0,reactive_gate,10,375,301,8,0.025889967637540454,0.03888888888888889,301,308.6775060315658,1833.7794094416204,0.0,600.0000000000002,0,133,0,0,0,0.02164625282094119,0.6356560245353319,3859697251.7508926,0.0,0,0.0,0.0,0.0,0.0,92,41,0.552870112406767,0.5682995250291905,0.5262251256798757,0.14043507444581138,164.1818181818182,0.13
type=reactive_gate_queue=srpt_sandbox_idle_timeout_s=300_rate_per_min=4.0_seed=1,reactive_gate,srpt,300,4.0,reactive_gate,1,922,412,78,0.15918367346938775,0.22647058823529412,412,1074.3748363922377,3629.879739520456,11.127190134814088,600.0000000000005,0,1768,0,0,0,0.05500750964118498,0.6034206857411717,8270556218.497749,0.0,0,0.0,0.0,0.0,0.0,195,0,0.16046104603006334,0.17762837890699557,0.7407079942412911,0.172025215299777,224.72727272727275,0.39
type=reactive_gate_queue=srpt_sandbox_idle_timeout_s=300_rate_per_min=4.0_seed=2,reactive_gate,srpt,300,4.0,reactive_gate,2,746,439,59,0.11847389558232932,0.1912751677852349,439,650.5712061660488,3635.4454463122374,3.4846765207301034,600.0000000000005,0,1213,0,0,0,0.05546954042625821,0.5464621551336937,7563509286.57905,0.0,0,0.0,0.0,0.0,0.0,178,0,0.2276216783191524,0.25166696107486525,0.6687645973476756,0.18070480054752194,239.45454545454547,0.31
type=reactive_gate_queue=srpt_sandbox_idle_timeout_s=300_rate_per_min=4.0_seed=3,reactive_gate,srpt,300,4.0,reactive_gate,3,805,452,64,0.12403100775193798,0.20189274447949526,452,840.7744004252286,3621.2475885906542,10.25196366722557,600.0000000000005,0,1407,0,0,0,0.05798431150204254,0.44875980643176705,8361209412.812367,0.0,0,0.0,0.0,0.0,0.0,211,5,0.19775727726233885,0.21793789332094649,0.6978048849512757,0.2098372487464865,246.54545454545456,0.34
type=reactive_gate_queue=srpt_sandbox_idle_timeout_s=300_rate_per_min=4.0_seed=4,reactive_gate,srpt,300,4.0,reactive_gate,4,663,401,31,0.07175925925925926,0.11068702290076336,401,631.8970566661128,3622.3643569465785,3.01723162281118,600.0000000000005,0,724,0,0,0,0.035183658826605145,0.43663464691023207,6855855378.327279,0.0,0,0.0,0.0,0.0,0.0,170,0,0.27687001461655075,0.2907500638645535,0.7028535547380861,0.20748338495932578,218.72727272727275,0.26
type=reactive_gate_queue=srpt_sandbox_idle_timeout_s=300_rate_per_min=4.0_seed=5,reactive_gate,srpt,300,4.0,reactive_gate,5,836,473,71,0.13051470588235295,0.21450151057401812,473,708.0738018158931,3617.2260815170607,16.089034079280268,600.0000000000005,0,1568,0,0,0,0.04924221376412944,0.4425932543141275,9070601586.016796,0.0,0,0.0,0.0,0.0,0.0,238,1,0.21110680245204655,0.23512216466739186,0.759030531488766,0.18413566290495428,258.0,0.36
type=reactive_gate_queue=srpt_sandbox_idle_timeout_s=300_rate_per_min=4.0_seed=6,reactive_gate,srpt,300,4.0,reactive_gate,6,892,503,94,0.1574539363484087,0.23896103896103896,503,950.7036195046358,3718.1529546602155,28.345776468313122,600.0000000000005,0,1871,0,0,0,0.07936880813177931,0.347027598717079,9091397687.831316,0.0,0,0.0,0.0,0.0,0.0,218,0,0.19178726874572072,0.2195447719113472,0.8067783135117198,0.20640558324264108,274.3636363636364,0.41
type=reactive_gate_queue=srpt_sandbox_idle_timeout_s=300_rate_per_min=4.0_seed=7,reactive_gate,srpt,300,4.0,reactive_gate,7,953,520,90,0.14754098360655737,0.20531400966183574,520,649.7403318861558,3240.1574614468072,22.053553489751774,600.0000000000005,0,1688,0,0,0,0.07614459878477968,0.4512373611112891,7542665702.136382,0.0,0,0.0,0.0,0.0,0.0,195,7,0.2055651820056049,0.22688454994694818,0.7973971680547463,0.17533885874758695,283.6363636363636,0.39
type=reactive_gate_queue=srpt_sandbox_idle_timeout_s=300_rate_per_min=4.0_seed=8,reactive_gate,srpt,300,4.0,reactive_gate,8,828,410,81,0.164969450101833,0.2549019607843137,410,985.8655889678242,3246.6004551434344,7.005127311705815,600.0000000000005,0,1519,0,0,0,0.06845653040788799,0.521046133689468,8430473861.965936,0.0,0,0.0,0.0,0.0,0.0,177,0,0.1692552720796156,0.19074935590951708,0.7217096623445999,0.17751340482315206,223.63636363636365,0.33
type=reactive_gate_queue=srpt_sandbox_idle_timeout_s=300_rate_per_min=4.0_seed=9,reactive_gate,srpt,300,4.0,reactive_gate,9,940,484,98,0.16838487972508592,0.26721763085399447,484,837.3882703774668,3658.3232727258637,15.237251967086003,600.0000000000005,0,1679,0,0,0,0.08857402718424333,0.5658318613718519,8971851279.713924,0.0,0,0.0,0.0,0.0,0.0,231,2,0.16851434045963165,0.18960857737686646,0.7299847816668287,0.17077398182174974,264.0,0.38
type=reactive_gate_queue=srpt_sandbox_idle_timeout_s=300_rate_per_min=4.0_seed=10,reactive_gate,srpt,300,4.0,reactive_gate,10,824,438,63,0.12574850299401197,0.18731117824773413,438,645.3882677007247,3626.9319115022017,6.9107589683337896,600.0000000000005,0,1284,0,0,0,0.05926198459454093,0.6365071117256701,8586587606.419701,0.0,0,0.0,0.0,0.0,0.0,123,9,0.20925088807290032,0.23049539279625364,0.653908590403231,0.15613699494983768,238.9090909090909,0.28
type=lease_queue=fifo_sandbox_idle_timeout_s=0_rate_per_min=1.0_seed=1,lease,fifo,0,1.0,lease,1,230,209,1,0.004761904761904762,0.007874015748031496,209,88.3296307050357,1058.4786059887083,0.0,5.919855552460831,0,25,0,0,0,0.0017881000678029388,0.47427880160731034,838636931.4844123,8417.993454823954,27,413.42109945057837,0.0,35400.0,96.93125105430352,66,57,0.8969663166676999,0.9029460921121512,0.3058898100840132,0.09307742504991079,114.0,0.17
type=lease_queue=fifo_sandbox_idle_timeout_s=0_rate_per_min=1.0_seed=2,lease,fifo,0,1.0,lease,2,244,226,1,0.004405286343612335,0.008130081300813009,226,88.7347345051187,1539.537929647335,0.0,140.52250040720537,0,20,0,0,0,0.0002027948771148461,0.3755329797563708,747598654.5291868,8543.854729487899,42,238.89593379883223,9.310093594845966,39600.0,785.4496067504859,55,48,0.9063812465279784,0.906793555467818,0.31463534472125093,0.1048604553408531,123.27272727272728,0.17
type=lease_queue=fifo_sandbox_idle_timeout_s=0_rate_per_min=1.0_seed=3,lease,fifo,0,1.0,lease,3,266,239,2,0.008298755186721992,0.015503875968992248,239,159.57477009081776,1280.8885675438685,0.14504503635496807,191.60153151784925,0,39,0,0,0,0.0038504997443988085,0.4138635074973689,1615711339.222877,5692.064294306456,12,445.904936656804,304.2838659104791,31800.0,38.60949980878485,81,48,0.8451799426261483,0.8553628335011622,0.38148151628464133,0.13213377321963826,130.36363636363637,0.2
type=lease_queue=fifo_sandbox_idle_timeout_s=0_rate_per_min=1.0_seed=4,lease,fifo,0,1.0,lease,4,234,212,3,0.013953488372093023,0.015384615384615385,212,122.53226429199117,2264.657437475683,0.0,57.77596106233341,0,37,0,0,0,0.007374212894415041,0.45390329637404253,1123277734.7998362,13002.805867235307,34,850.6282990652333,372.86933241285624,42600.0,142.9628563621286,83,68,0.8900737109149875,0.9030605681750139,0.39652189283054906,0.1437422860195188,115.63636363636364,0.19
type=lease_queue=fifo_sandbox_idle_timeout_s=0_rate_per_min=1.0_seed=5,lease,fifo,0,1.0,lease,5,397,374,2,0.005319148936170213,0.012422360248447204,374,94.64478374050759,1129.6126114185192,0.0,161.22398282599534,0,59,0,0,0,0.010261160886374686,0.39797786567408,2011344912.1504362,17206.84879597416,59,636.1651879699932,283.57842687092307,50400.0,459.4244628973364,99,66,0.8753119355025085,0.883978390309464,0.5092147417726949,0.14217665027662282,204.0,0.26
type=lease_queue=fifo_sandbox_idle_timeout_s=0_rate_per_min=1.0_seed=6,lease,fifo,0,1.0,lease,6,293,280,1,0.0035587188612099642,0.0,280,100.30549122902994,1460.641426217522,0.3654543998829578,113.36441785740863,0,12,0,0,0,0.00016318409973812176,0.28225589156349423,1245334441.0377412,18891.271208963044,63,585.8693843448915,21.394643099854875,37200.0,240.75430098253287,86,72,0.9389707211588926,0.9435088397063747,0.4236179291431948,0.12871022230319534,152.72727272727272,0.22
type=lease_queue=fifo_sandbox_idle_timeout_s=0_rate_per_min=1.0_seed=7,lease,fifo,0,1.0,lease,7,268,255,3,0.011627906976744186,0.02142857142857143,255,95.67087831264871,1878.0533956167365,0.0,147.858701399653,0,63,0,0,0,0.04093981480324466,0.6067106066491975,1026702600.5686655,13998.51536378861,48,434.16864621278097,45.81737400249858,45600.0,92.89562649932043,92,72,0.9047663570705102,0.9219454651161528,0.3297309355534512,0.0781873361330384,139.0909090909091,0.17
type=lease_queue=fifo_sandbox_idle_timeout_s=0_rate_per_min=1.0_seed=8,lease,fifo,0,1.0,lease,8,351,326,2,0.006097560975609756,0.0136986301369863,326,162.060905533805,1544.3930821655129,0.6118447606768771,454.79782684753627,0,49,0,0,0,0.0023114963454679,0.406775640575808,2398892515.972176,10821.787325053738,34,717.3087059440435,302.02495109927895,59400.0,283.12116430927415,100,48,0.8455712271942535,0.8538870525257746,0.5762510079804455,0.18009603390120638,177.8181818181818,0.28
type=lease_queue=fifo_sandbox_idle_timeout_s=0_rate_per_min=1.0_seed=9,lease,fifo,0,1.0,lease,9,379,352,6,0.01675977653631285,0.03896103896103896,352,131.9939840224422,1307.2378769034983,0.0,173.05824198889604,0,75,0,0,0,0.011589064864047918,0.43362915043315714,1947526238.512347,20922.190765150102,48,745.0777352097627,304.5785732699155,52800.0,61.08569474447302,116,65,0.878304722095448,0.8987174616529238,0.5440119244164401,0.1619896102984779,192.0,0.27
type=lease_queue=fifo_sandbox_idle_timeout_s=0_rate_per_min=1.0_seed=10,lease,fifo,0,1.0,lease,10,232,200,6,0.02912621359223301,0.04838709677419355,200,102.45291491331398,1480.725881462059,0.0,306.1466115704534,0,41,0,0,0,0.02557843917444844,0.6155198998591512,1927941779.3626628,7864.209546755825,20,471.29163839230444,264.93138680036645,25200.0,108.29507801510977,62,37,0.8180038451940046,0.8500824273584753,0.35119797913833856,0.09967160785777923,109.0909090909091,0.17
type=lease_queue=fifo_sandbox_idle_timeout_s=0_rate_per_min=2.0_seed=1,lease,fifo,0,2.0,lease,1,412,369,3,0.008064516129032258,0.013043478260869565,369,203.7089394827526,1389.4982863544196,0.023249692968453757,600.0,0,62,0,0,0,0.0030179620717008435,0.5064797992048016,1611840105.745951,7514.13046400874,25,791.650397558939,412.962262389304,72000.0,1695.260540791613,108,50,0.763854460440333,0.771650808222902,0.5829897797364673,0.17637352320531474,201.27272727272728,0.31
type=lease_queue=fifo_sandbox_idle_timeout_s=0_rate_per_min=2.0_seed=2,lease,fifo,0,2.0,lease,2,517,448,1,0.0022271714922048997,0.00423728813559322,448,214.71390458952555,1718.8977873644362,5.83007540082383,600.0,0,57,0,0,0,6.326589283711899e-05,0.45173795649938725,2647962068.7601542,7741.740112568398,31,881.412227972229,576.6825610472515,69000.0,1993.6268955650469,125,52,0.7072744718359482,0.7066393928258071,0.619514961623446,0.18172185150899572,244.36363636363637,0.34
type=lease_queue=fifo_sandbox_idle_timeout_s=0_rate_per_min=2.0_seed=3,lease,fifo,0,2.0,lease,3,528,379,12,0.030690537084398978,0.05504587155963303,379,600.5753508235093,2087.7055332881773,2.1358629384191983,600.0000000000005,0,327,0,0,0,0.01761842573357689,0.47717437746931923,5287289946.979694,3581.8066969635724,6,976.512473236695,909.7522781777011,47400.0,3450.555338484766,146,21,0.3947814360232058,0.40787614943568384,0.6003456912069413,0.2185675421412296,206.72727272727275,0.36
type=lease_queue=fifo_sandbox_idle_timeout_s=0_rate_per_min=2.0_seed=4,lease,fifo,0,2.0,lease,4,491,412,5,0.011990407673860911,0.017391304347826087,412,184.06626347769088,2033.596650467302,8.047179079300355,600.0000000000002,0,69,0,0,0,0.006820340783761818,0.38933952825391727,2793065138.666247,7356.252637797832,26,1119.4552730775579,887.2898613342056,61200.0,878.8752209270106,144,48,0.6988750443100846,0.7073836990870198,0.7088957263986014,0.23126868173005793,224.72727272727275,0.37
type=lease_queue=fifo_sandbox_idle_timeout_s=0_rate_per_min=2.0_seed=5,lease,fifo,0,2.0,lease,5,692,566,8,0.013937282229965157,0.02572347266881029,566,488.9501927662834,1941.5682542433601,33.08769441193963,600.0000000000005,0,465,0,0,0,0.008534169263331483,0.44059947521521214,5627742351.075605,518.5267960515816,0,1069.9585905100837,1039.0842959499637,92400.0,6444.570726701814,217,4,0.4858340752316881,0.49397744648165,0.8555345099229474,0.22375318963901697,308.72727272727275,0.52
type=lease_queue=fifo_sandbox_idle_timeout_s=0_rate_per_min=2.0_seed=6,lease,fifo,0,2.0,lease,6,470,421,3,0.007075471698113208,0.008658008658008658,421,239.32628927769747,1706.73228705741,9.47660523895047,600.0,0,90,0,0,0,0.0055785201921198365,0.4329460078149547,3160244915.990142,10684.831337057116,27,2505.968048330154,2382.0828022494516,84600.0,1245.5231556222195,135,35,0.6886822581364289,0.6949274540507088,0.6970720030918156,0.18942654120886004,229.63636363636365,0.37
type=lease_queue=fifo_sandbox_idle_timeout_s=0_rate_per_min=2.0_seed=7,lease,fifo,0,2.0,lease,7,582,493,6,0.012024048096192385,0.02,493,239.85641261900946,2087.3723391864105,8.456076576026563,600.0000000000005,0,211,0,0,0,0.014363821246498936,0.43697738231187805,3703627989.837503,7675.750939867791,16,1223.7355382825035,973.5500076726357,76200.0,741.0610887074877,164,56,0.6084199125084757,0.6174331374753611,0.6790747893720863,0.1909835393005235,268.90909090909093,0.39
type=lease_queue=fifo_sandbox_idle_timeout_s=0_rate_per_min=2.0_seed=8,lease,fifo,0,2.0,lease,8,598,465,10,0.021052631578947368,0.04291845493562232,465,558.2964167702521,2335.224587462227,15.73296779975515,600.0000000000005,0,374,0,0,0,0.01925131101180136,0.43884347287606895,5493328082.739889,0.0,0,1063.323384592617,854.068409063862,90600.0,2241.34657990512,160,5,0.4418541512599989,0.4521185808890677,0.792289601010101,0.23981740126328982,253.63636363636365,0.46
type=lease_queue=fifo_sandbox_idle_timeout_s=0_rate_per_min=2.0_seed=9,lease,fifo,0,2.0,lease,9,630,500,18,0.03474903474903475,0.06642066420664207,500,561.1436008371543,1838.8362320870956,14.050065501824333,600.0000000000005,0,345,0,0,0,0.032713870936290725,0.5430238925484384,6250744685.057344,428.7398430927951,1,951.320620556061,905.748328399806,84600.0,2784.2653721217503,168,7,0.46437191890599516,0.4831479490334889,0.7922666888476108,0.21235101372116458,272.72727272727275,0.45
type=lease_queue=fifo_sandbox_idle_timeout_s=0_rate_per_min=2.0_seed=10,lease,fifo,0,2.0,lease,10,388,341,8,0.022922636103151862,0.033816425120772944,341,194.1856914444927,1467.2829217987762,1.813944383176816,600.0,0,84,0,0,0,0.020479760133072962,0.6015086696928278,3092571295.109102,6999.487958676898,19,808.7010535302845,553.9597911975469,35400.0,592.6689221234462,103,49,0.6782813740575594,0.6978241086575662,0.5764323971242878,0.16109647873719773,186.0,0.29
type=lease_queue=fifo_sandbox_idle_timeout_s=0_rate_per_min=4.0_seed=1,lease,fifo,0,4.0,lease,1,923,467,32,0.06412825651302605,0.09116809116809117,467,1136.8565199363284,2775.279235890448,14.012538947635104,600.0000000000005,0,1530,0,0,0,0.018784758749408683,0.6003960900526122,7625556729.582821,0.0,0,1194.2812634775175,1067.6206420485876,101400.0,8039.270072613553,202,0,0.2073081422442872,0.21590245030967276,0.8306811713124839,0.18994392840816057,254.72727272727275,0.63
type=lease_queue=fifo_sandbox_idle_timeout_s=0_rate_per_min=4.0_seed=2,lease,fifo,0,4.0,lease,2,781,514,23,0.04283054003724395,0.0627062706270627,514,629.3950694892837,2090.363097442226,12.293433194399404,600.0000000000005,0,867,0,0,0,0.02355886218348123,0.5859383751841937,6979066295.730852,1421.4611225786907,6,1988.94137792512,1872.130716679903,94800.0,10228.224064041891,172,11,0.32795545791513064,0.3384507865163015,0.7745290427188553,0.20549267227149928,280.3636363636364,0.55
type=lease_queue=fifo_sandbox_idle_timeout_s=0_rate_per_min=4.0_seed=3,lease,fifo,0,4.0,lease,3,815,492,27,0.05202312138728324,0.08681672025723473,492,1186.6093427206938,2592.689819351677,29.19282637964072,600.0000000000005,0,1229,0,0,0,0.014416972999554677,0.4829188668339605,7693963330.930073,1.9677041045372334,1,1278.9519648473688,1245.618096285077,66600.0,6483.3417798168275,229,8,0.23488564535647138,0.24503992559571708,0.8140496062184344,0.23822585607541194,268.3636363636364,0.59
type=lease_queue=fifo_sandbox_idle_timeout_s=0_rate_per_min=4.0_seed=4,lease,fifo,0,4.0,lease,4,706,512,19,0.035781544256120526,0.05519480519480519,512,569.886036413383,2303.777369170338,16.98234976724577,600.0000000000005,0,417,0,0,0,0.029780869749219712,0.3956761946761766,5904954787.515431,151.36327346578355,0,1622.3130639611718,1585.273079521757,85800.0,2705.9154817544,190,6,0.4163074561127594,0.4279828175815818,0.8592233352798823,0.2549668740513204,279.2727272727273,0.54
type=lease_queue=fifo_sandbox_idle_timeout_s=0_rate_per_min=4.0_seed=5,lease,fifo,0,4.0,lease,5,845,549,38,0.06473594548551959,0.0989010989010989,549,1104.3060136722625,2496.9588556630088,38.1640592867968,600.0000000000005,0,1271,0,0,0,0.02518450115517442,0.43045983637004676,8737196461.810572,0.0,0,1383.6479474457606,1321.472294600657,117600.0,11377.31667939789,260,0,0.3014092841825975,0.3191219472122882,0.8675937605542605,0.23097154911075238,299.45454545454544,0.66
type=lease_queue=fifo_sandbox_idle_timeout_s=0_rate_per_min=4.0_seed=6,lease,fifo,0,4.0,lease,6,868,522,60,0.10309278350515463,0.15089514066496162,522,1414.0029914399004,3881.587957974764,46.39664479948151,600.0000000000005,0,1715,0,0,0,0.06134035268498011,0.42222930240273304,7819655469.736466,0.0,0,3085.1186994649825,3061.7611688596808,104400.0,9530.20113811713,245,0,0.25169002450776135,0.2733096952315392,0.9010089338942308,0.22267583972969698,284.72727272727275,0.7
type=lease_queue=fifo_sandbox_idle_timeout_s=0_rate_per_min=4.0_seed=7,lease,fifo,0,4.0,lease,7,946,560,55,0.08943089430894309,0.12240184757505773,560,790.2793381947656,2471.1406618997426,28.111334287855968,600.0000000000005,0,1415,0,0,0,0.04266929202946582,0.5229747747488053,6185451884.404534,517.1577306082468,1,1426.1099683573523,1296.3093413722834,90600.0,1828.1367385269195,202,13,0.2624395172602659,0.28129056367289457,0.8723644137933827,0.18362885355678038,305.45454545454544,0.64
type=lease_queue=fifo_sandbox_idle_timeout_s=0_rate_per_min=4.0_seed=8,lease,fifo,0,4.0,lease,8,857,508,42,0.07636363636363637,0.12424242424242424,508,1046.7424986123997,2174.5079275158373,26.70772608614487,600.0000000000005,0,1155,0,0,0,0.018562931668878978,0.4602767953006339,7077788100.503788,337.3144653954024,0,1285.7782989313973,1253.1887569314792,98400.0,4027.985951026369,206,5,0.2528709585103581,0.26929199045880214,0.8679659054325304,0.2371243950441012,277.0909090909091,0.6
type=lease_queue=fifo_sandbox_idle_timeout_s=0_rate_per_min=4.0_seed=9,lease,fifo,0,4.0,lease,9,922,533,59,0.09966216216216216,0.14948453608247422,533,1173.193810204923,2406.7246617966866,18.08334649295772,600.0000000000005,0,1388,0,0,0,0.04643373693264683,0.5442988682950077,7892797134.051351,176.6618423793759,1,1117.8636488440534,1043.6722447049574,87600.0,6700.903069902061,233,6,0.22750414038507263,0.2461639056160128,0.8561908829925863,0.2261258972974729,290.72727272727275,0.62
type=lease_queue=fifo_sandbox_idle_timeout_s=0_rate_per_min=4.0_seed=10,lease,fifo,0,4.0,lease,10,802,456,34,0.06938775510204082,0.09649122807017543,456,1159.6574481819696,3063.8261128525132,8.848138337174937,600.0000000000005,0,1125,0,0,0,0.032332204829535756,0.6007478027015299,7505518846.641817,163.01827622104997,1,974.1284815105278,883.9187256668624,69600.0,4515.922819383721,156,18,0.24770734704636144,0.2605197133577867,0.7461584508101852,0.2035957085206139,248.72727272727275,0.5
type=lease_queue=fifo_sandbox_idle_timeout_s=300_rate_per_min=1.0_seed=1,lease,fifo,300,1.0,lease,1,230,209,1,0.004761904761904762,0.007874015748031496,209,88.3296307050357,1058.4786059887083,0.0,5.919855552460831,0,25,0,0,0,0.0017881000678029388,0.4745181680505613,838620597.155871,8413.803221999464,27,410.8030029683714,0.0,35400.0,96.93125105430352,66,57,0.8969567895707875,0.9029365015012594,0.3058898100840132,0.09298272808021382,114.0,0.17
type=lease_queue=fifo_sandbox_idle_timeout_s=300_rate_per_min=1.0_seed=2,lease,fifo,300,1.0,lease,2,244,226,1,0.004405286343612335,0.008130081300813009,226,88.7347345051187,1539.537929647335,0.0,140.52250040720537,0,20,0,0,0,0.0002027948771148461,0.3758557801121245,747600170.6205623,8530.590650879803,42,236.44316822231787,9.28963113334612,39600.0,782.4496067504859,55,48,0.9063812465279784,0.906793555467818,0.31463534472125093,0.10470894018933795,123.27272727272728,0.16
type=lease_queue=fifo_sandbox_idle_timeout_s=300_rate_per_min=1.0_seed=3,lease,fifo,300,1.0,lease,3,266,239,2,0.008298755186721992,0.015503875968992248,239,159.57477009081776,1281.1611912232315,0.0,191.13343901973622,0,39,0,0,0,0.003917752223403079,0.41377957726571174,1616418333.9786184,5692.064294306455,12,443.56294411286035,315.4500887943914,31800.0,38.60949980878485,82,49,0.8459962558469718,0.8561889818210316,0.38120051204755895,0.13217902786352412,130.36363636363637,0.2
type=lease_queue=fifo_sandbox_idle_timeout_s=300_rate_per_min=1.0_seed=4,lease,fifo,300,1.0,lease,4,234,212,3,0.013953488372093023,0.015384615384615385,212,122.53226429199117,2264.657437475683,0.0,59.14131414089297,0,37,0,0,0,0.007374212894415041,0.4541201153733603,1122865550.6255374,13002.805867235307,34,830.585706201146,444.9405414894836,42600.0,142.9628563621286,83,65,0.8889577102448485,0.9019153884575941,0.39652189283054906,0.14361360630853007,115.63636363636364,0.19
type=lease_queue=fifo_sandbox_idle_timeout_s=300_rate_per_min=1.0_seed=5,lease,fifo,300,1.0,lease,5,396,372,2,0.0053475935828877,0.012578616352201259,372,98.4319668522279,1116.5476929750444,0.8162656070176381,516.2598757108153,0,59,0,0,0,0.009949687745141475,0.39866945167646656,2050930800.3725085,17520.866147051274,61,626.0743411370552,225.33874245201287,50400.0,459.59054072228525,99,70,0.8743670775242968,0.8830241773017651,0.5094864309602435,0.14175625704077185,202.9090909090909,0.26
type=lease_queue=fifo_sandbox_idle_timeout_s=300_rate_per_min=1.0_seed=6,lease,fifo,300,1.0,lease,6,293,280,1,0.0035587188612099642,0.0,280,100.30549122902994,1460.641426217522,0.42138530286511827,113.36441785740863,0,12,0,0,0,0.00016230136828439856,0.28234251171154484,1261746457.6571188,18390.486609296433,63,583.8267201543932,21.394643099854875,37200.0,240.75430098253287,86,72,0.9389705191012566,0.9435094938380562,0.4236438888969827,0.12865340412137719,152.72727272727272,0.21
type=lease_queue=fifo_sandbox_idle_timeout_s=300_rate_per_min=1.0_seed=7,lease,fifo,300,1.0,lease,7,268,255,3,0.011627906976744186,0.02142857142857143,255,93.77197001457762,1878.0533956167365,0.0,147.858701399653,0,63,0,0,0,0.04093981480324466,0.6070734557637895,1026462161.316887,13829.43834994505,47,415.90730149631037,33.1641021746691,45600.0,92.89562649932043,92,73,0.9074101963715046,0.9246395038975458,0.3297309355534512,0.0780643155719016,139.0909090909091,0.18
type=lease_queue=fifo_sandbox_idle_timeout_s=300_rate_per_min=1.0_seed=8,lease,fifo,300,1.0,lease,8,352,323,2,0.006153846153846154,0.0136986301369863,323,170.49687606021462,1545.1788939815526,0.16484257544366546,600.0,0,48,0,0,0,0.002217499129361165,0.39962118389762186,2441662733.5481534,11784.164624913697,35,712.5732900850138,295.41732754862323,59400.0,283.12116430927415,100,48,0.8398819972385304,0.8481363526917874,0.5720801676581521,0.184655428981021,176.1818181818182,0.28
type=lease_queue=fifo_sandbox_idle_timeout_s=300_rate_per_min=1.0_seed=9,lease,fifo,300,1.0,lease,9,379,354,6,0.016666666666666666,0.03896103896103896,354,133.24458087331527,1298.0661804147107,0.0,209.5657631312356,0,75,0,0,0,0.011709839616004265,0.43385212599139084,1883892103.8848536,20304.695512249855,50,745.3833296787079,287.08158204044094,52800.0,61.101851930606585,116,63,0.880193744133829,0.900624223568636,0.5452216142717237,0.1618399058426378,193.0909090909091,0.28
type=lease_queue=fifo_sandbox_idle_timeout_s=300_rate_per_min=1.0_seed=10,lease,fifo,300,1.0,lease,10,232,200,6,0.02912621359223301,0.04838709677419355,200,107.38391168906833,1480.7273310534028,0.0,306.1466115704534,0,41,0,0,0,0.02557843917444844,0.6160842035480234,1923773811.2261376,9010.35085697901,22,466.231331828841,267.7182755541007,25200.0,108.29507801510977,62,37,0.8063768075008346,0.8379994274028282,0.35119797913833856,0.09945759529370002,109.0909090909091,0.16
type=lease_queue=fifo_sandbox_idle_timeout_s=300_rate_per_min=2.0_seed=1,lease,fifo,300,2.0,lease,1,411,369,3,0.008064516129032258,0.013043478260869565,369,206.86705358862218,1389.7980565061598,0.0,600.0,0,63,0,0,0,0.002996388311057991,0.5129720066937116,1651634826.3075404,7428.8210651767,27,794.2234279508011,438.38028344416693,73200.0,1694.1195338802704,108,49,0.762573326651627,0.7703554665834754,0.582900624198718,0.17699335786136206,201.27272727272728,0.31
type=lease_queue=fifo_sandbox_idle_timeout_s=300_rate_per_min=2.0_seed=2,lease,fifo,300,2.0,lease,2,521,455,1,0.0021929824561403508,0.0041841004184100415,455,220.27291211517604,1716.9255677389801,3.297968814770923,600.0,0,57,0,0,0,6.456772434915559e-05,0.4465404747540632,2547688889.1663575,7375.0953027919495,29,868.5297373258934,555.9461237484504,69000.0,2097.072322560093,128,53,0.7150720020211028,0.7144639199008217,0.629753419030044,0.18621799552885315,248.1818181818182,0.35
type=lease_queue=fifo_sandbox_idle_timeout_s=300_rate_per_min=2.0_seed=3,lease,fifo,300,2.0,lease,3,529,382,11,0.027989821882951654,0.05045871559633028,382,589.2774806420389,2080.052053941642,2.8401566163483563,600.0000000000005,0,330,0,0,0,0.020601513057428807,0.4781439802662092,5080533291.775381,3581.8066969635724,6,943.4481577223983,877.8995231966946,47400.0,3451.136042010137,149,21,0.39735264908199036,0.40939853606984083,0.6051276496535872,0.21774107603194062,208.36363636363637,0.37
type=lease_queue=fifo_sandbox_idle_timeout_s=300_rate_per_min=2.0_seed=4,lease,fifo,300,2.0,lease,4,488,409,5,0.012077294685990338,0.017467248908296942,409,173.29047544932587,2019.852803647429,7.674843291108631,600.0000000000002,0,70,0,0,0,0.006882237362165491,0.39033527828492326,2764200043.331938,7927.422544627563,25,1094.4259291247813,862.0279285466115,60600.0,848.7737265525793,144,52,0.6967656444524428,0.7052416566798709,0.7039973795972547,0.23037926469087222,223.0909090909091,0.36
type=lease_queue=fifo_sandbox_idle_timeout_s=300_rate_per_min=2.0_seed=5,lease,fifo,300,2.0,lease,5,688,557,9,0.015901060070671377,0.028938906752411574,557,493.457836978396,1998.1539973004787,24.99112040774259,600.0000000000005,0,451,0,0,0,0.010589288606079503,0.4518506537949343,5760969419.082653,0.0,0,1014.852477575854,990.2805577523525,92400.0,6734.5113428259465,209,1,0.4822010809472334,0.4908910038647761,0.8289928010999418,0.22706021781620897,303.8181818181818,0.51
type=lease_queue=fifo_sandbox_idle_timeout_s=300_rate_per_min=2.0_seed=6,lease,fifo,300,2.0,lease,6,472,423,4,0.00936768149882904,0.01293103448275862,423,241.55917347134164,1631.7970360407667,11.168967622238664,600.0000000000005,0,98,0,0,0,0.006834635280167208,0.43762075216820007,3178267511.07128,9184.577265822742,24,2478.8660839015765,2323.111280609337,86400.0,1235.2016560966265,137,35,0.6951080418125227,0.7009642493762641,0.7008133704432142,0.1907689119576014,230.72727272727275,0.37
type=lease_queue=fifo_sandbox_idle_timeout_s=300_rate_per_min=2.0_seed=7,lease,fifo,300,2.0,lease,7,578,497,5,0.0099601593625498,0.016611295681063124,497,235.63419423958203,2066.8928673077526,9.59528667897509,600.0000000000005,0,206,0,0,0,0.014086475788174293,0.4312892677253604,3465187129.1901574,6082.132959261745,19,1174.874700453374,840.5394460279845,77400.0,953.3444054197571,163,54,0.62332473014642,0.6311751675538055,0.6817568519206488,0.19564475988556337,271.0909090909091,0.38
type=lease_queue=fifo_sandbox_idle_timeout_s=300_rate_per_min=2.0_seed=8,lease,fifo,300,2.0,lease,8,599,468,13,0.02702702702702703,0.05555555555555555,468,544.7349661063458,2160.672058651784,14.669437264310226,600.0000000000005,0,368,0,0,0,0.01895048826324182,0.44202298600877754,5381199608.125639,0.0,0,1069.0945587586607,865.8226073982273,91200.0,2083.7671886210637,164,3,0.4347333591361208,0.4484537361167191,0.7902656869981871,0.24336103457647817,255.27272727272728,0.46
type=lease_queue=fifo_sandbox_idle_timeout_s=300_rate_per_min=2.0_seed=9,lease,fifo,300,2.0,lease,9,632,495,18,0.03508771929824561,0.06792452830188679,495,542.6627255905842,1852.5137442881999,11.536476809929775,600.0000000000005,0,370,0,0,0,0.02073192938721448,0.553156873646934,6190970445.288974,330.06127373010577,0,924.8830147851071,880.1787527245051,82800.0,2878.245694346547,165,4,0.4431967831972697,0.46092313733153284,0.7851140160175473,0.2064807423213617,270.0,0.44
type=lease_queue=fifo_sandbox_idle_timeout_s=300_rate_per_min=2.0_seed=10,lease,fifo,300,2.0,lease,10,390,344,7,0.019943019943019943,0.03365384615384615,344,170.54151056309638,1433.131795783046,2.558394026165587,600.0,0,79,0,0,0,0.023952699609248052,0.5938736352219799,2981382056.5011506,6291.421425302624,20,706.8897669179521,484.20981457641244,35400.0,599.0081673260415,103,67,0.7139334331991573,0.7336865321414265,0.5758780717713999,0.1620873751890231,187.63636363636365,0.29
type=lease_queue=fifo_sandbox_idle_timeout_s=300_rate_per_min=4.0_seed=1,lease,fifo,300,4.0,lease,1,924,466,38,0.07539682539682539,0.10734463276836158,466,1168.6566400332379,2757.703966559156,16.052907597796153,600.0000000000005,0,1558,0,0,0,0.025775718504687295,0.5913674771701117,7643931591.045564,0.0,0,1149.2114842268434,1056.6153264665575,107400.0,8107.291233064314,191,0,0.20674049324325575,0.21642814770000057,0.8428333803621149,0.19370707086644567,254.1818181818182,0.63
type=lease_queue=fifo_sandbox_idle_timeout_s=300_rate_per_min=4.0_seed=2,lease,fifo,300,4.0,lease,2,778,520,23,0.0423572744014733,0.06451612903225806,520,625.8798211429335,2134.7648701900507,11.803239282002714,600.0000000000005,0,839,0,0,0,0.022407723732158297,0.5918693570619139,7225421314.764255,274.19629573310544,3,1958.5912406155048,1870.1438198923724,97800.0,7120.47946559056,177,8,0.3359286115177235,0.34637519444641773,0.7820032436828219,0.20235611730782088,283.6363636363636,0.54
type=lease_queue=fifo_sandbox_idle_timeout_s=300_rate_per_min=4.0_seed=3,lease,fifo,300,4.0,lease,3,826,498,31,0.05860113421550094,0.09967845659163987,498,1098.4485213566802,2544.336700768563,17.550755293987674,600.0000000000005,0,1268,0,0,0,0.021565229511818,0.5036913365207069,7652188878.558926,0.0,0,1215.763798630905,1165.166032162649,66600.0,7085.834359252902,242,6,0.2401209335183936,0.25232496750564437,0.8019363637051606,0.2351605209426309,271.6363636363636,0.6
type=lease_queue=fifo_sandbox_idle_timeout_s=300_rate_per_min=4.0_seed=4,lease,fifo,300,4.0,lease,4,703,495,19,0.03696498054474708,0.056666666666666664,495,651.8291987220791,2339.388767826471,17.574524380781973,600.0000000000005,0,498,0,0,0,0.03548954368237135,0.3886245471257775,6247947141.104424,0.0,0,1644.5515210349265,1631.8676811451037,84600.0,3592.4424528176705,195,0,0.3895774100291761,0.4000943781459082,0.8468105426905271,0.25348584976893457,270.0,0.53
type=lease_queue=fifo_sandbox_idle_timeout_s=300_rate_per_min=4.0_seed=5,lease,fifo,300,4.0,lease,5,846,538,43,0.07401032702237521,0.11666666666666667,538,1074.9834474927359,3217.5546307807895,30.77271161110463,600.0000000000005,0,1326,0,0,0,0.03251562822731155,0.4666827731814011,8429819025.71577,0.0,0,1245.2504680264965,1180.2815630495725,118200.0,11396.200572267804,258,0,0.28856824853837226,0.30805885570812563,0.8546677460097772,0.22629777885612587,293.45454545454544,0.67
type=lease_queue=fifo_sandbox_idle_timeout_s=300_rate_per_min=4.0_seed=6,lease,fifo,300,4.0,lease,6,866,505,63,0.11091549295774648,0.16449086161879894,505,1500.5723707654802,3713.8595717157154,50.4140888709167,600.0000000000005,0,1804,0,0,0,0.06544328198452992,0.4452346382095132,7769924032.844003,0.0,0,3078.450397514987,3056.290485671346,102600.0,9465.611507902247,243,0,0.24018259498872546,0.26310687153480056,0.8868586886574075,0.2152298680032306,275.45454545454544,0.69
type=lease_queue=fifo_sandbox_idle_timeout_s=300_rate_per_min=4.0_seed=7,lease,fifo,300,4.0,lease,7,942,568,51,0.08239095315024232,0.11264367816091954,568,810.9333108832317,2564.378584540928,24.950016454194593,600.0000000000005,0,1416,0,0,0,0.03643230982790346,0.5197572059013527,6007804214.610723,4.709495333012001,1,1414.1255694528636,1337.572388842939,89400.0,2465.3971074038695,205,7,0.27115439190868523,0.28779514890884567,0.8687496119650027,0.18437629166980773,309.8181818181818,0.63
type=lease_queue=fifo_sandbox_idle_timeout_s=300_rate_per_min=4.0_seed=8,lease,fifo,300,4.0,lease,8,851,495,40,0.07476635514018691,0.11692307692307692,495,1095.9899892611443,2295.976341130668,21.575641407561903,600.0000000000005,0,1223,0,0,0,0.024590504161582784,0.4503989387671537,7165659129.325608,0.0,0,1377.1844889405488,1350.8310102413575,105600.0,3779.509720821814,204,0,0.24814344545505085,0.2625592793226734,0.8620136799282894,0.23569548223734493,270.0,0.63
type=lease_queue=fifo_sandbox_idle_timeout_s=300_rate_per_min=4.0_seed=9,lease,fifo,300,4.0,lease,9,915,518,58,0.10069444444444445,0.1503957783641161,518,1237.0504336325255,2467.149835431573,23.449108492659256,600.0000000000005,0,1436,0,0,0,0.04189033977347563,0.5505195907804037,8086883508.94181,0.0,0,1084.9208623271602,1038.5438640504767,86400.0,6859.859080939913,225,2,0.22420855194591552,0.24220590828812968,0.8476450327149703,0.2208755720741807,282.54545454545456,0.6
type=lease_queue=fifo_sandbox_idle_timeout_s=300_rate_per_min=4.0_seed=10,lease,fifo,300,4.0,lease,10,795,437,43,0.08958333333333333,0.12389380530973451,437,1101.5479189842267,3620.8884240849247,16.55836891605295,600.0000000000005,0,1210,0,0,0,0.035573450827999,0.5936917490551001,8040247240.853235,0.0,0,918.948167289834,783.9669743681388,66600.0,3985.3026074176955,155,9,0.21893663668225125,0.2334591517492908,0.7119493835470087,0.18808754874425831,238.36363636363637,0.49
type=lease_queue=vtfq_sandbox_idle_timeout_s=0_rate_per_min=1.0_seed=1,lease,vtfq,0,1.0,lease,1,230,209,1,0.004761904761904762,0.007874015748031496,209,88.3296307050357,1058.4786059887083,0.0,5.919855552460831,0,25,0,0,0,0.0017881000678029388,0.47427880160731034,838636931.4844123,8417.993454823954,27,413.42109945057837,0.0,35400.0,96.93125105430352,66,57,0.8969663166676999,0.9029460921121512,0.3058898100840132,0.09307742504991079,114.0,0.17
type=lease_queue=vtfq_sandbox_idle_timeout_s=0_rate_per_min=1.0_seed=2,lease,vtfq,0,1.0,lease,2,244,226,1,0.004405286343612335,0.008130081300813009,226,88.7347345051187,1539.537929647335,0.0,140.52250040720537,0,20,0,0,0,0.0002027948771148461,0.3755329797563708,747598654.5291868,8543.854729487899,42,238.89593379883223,9.310093594845966,39600.0,785.4496067504859,55,48,0.9063812465279784,0.906793555467818,0.31463534472125093,0.1048604553408531,123.27272727272728,0.16
type=lease_queue=vtfq_sandbox_idle_timeout_s=0_rate_per_min=1.0_seed=3,lease,vtfq,0,1.0,lease,3,266,239,2,0.008298755186721992,0.015503875968992248,239,159.57477009081776,1280.8885675438685,0.14504503635496807,191.60153151784925,0,39,0,0,0,0.0038504997443988085,0.4138635074973689,1615711339.222877,5692.064294306456,12,445.904936656804,304.2838659104791,31800.0,38.60949980878485,81,48,0.8451799426261483,0.8553628335011622,0.38148151628464133,0.13213377321963826,130.36363636363637,0.2
type=lease_queue=vtfq_sandbox_idle_timeout_s=0_rate_per_min=1.0_seed=4,lease,vtfq,0,1.0,lease,4,234,212,3,0.013953488372093023,0.015384615384615385,212,122.53226429199117,2264.657437475683,0.0,57.77596106233341,0,37,0,0,0,0.007374212894415041,0.45390329637404253,1123277734.7998362,13002.805867235307,34,850.6282990652333,372.86933241285624,42600.0,142.9628563621286,83,68,0.8900737109149875,0.9030605681750139,0.39652189283054906,0.1437422860195188,115.63636363636364,0.19
type=lease_queue=vtfq_sandbox_idle_timeout_s=0_rate_per_min=1.0_seed=5,lease,vtfq,0,1.0,lease,5,397,374,2,0.005319148936170213,0.012422360248447204,374,94.64478374050759,1129.6126114185192,0.0,161.22398282599534,0,59,0,0,0,0.010261160886374686,0.39797786567408,2011344912.1504362,17206.84879597416,59,636.1651879699932,283.57842687092307,50400.0,459.4244628973364,99,66,0.8753119355025085,0.883978390309464,0.5092147417726949,0.14217665027662282,204.0,0.26
type=lease_queue=vtfq_sandbox_idle_timeout_s=0_rate_per_min=1.0_seed=6,lease,vtfq,0,1.0,lease,6,293,280,1,0.0035587188612099642,0.0,280,100.30549122902994,1460.641426217522,0.3654543998829578,113.36441785740863,0,12,0,0,0,0.00016318409973812176,0.28225589156349423,1245334441.0377412,18891.271208963044,63,585.8693843448915,21.394643099854875,37200.0,240.75430098253287,86,72,0.9389707211588926,0.9435088397063747,0.4236179291431948,0.12871022230319534,152.72727272727272,0.21
type=lease_queue=vtfq_sandbox_idle_timeout_s=0_rate_per_min=1.0_seed=7,lease,vtfq,0,1.0,lease,7,268,255,3,0.011627906976744186,0.02142857142857143,255,95.67087831264871,1878.0533956167365,0.0,147.858701399653,0,63,0,0,0,0.04093981480324466,0.6067106066491975,1026702600.5686655,13998.51536378861,48,434.16864621278097,45.81737400249858,45600.0,92.89562649932043,92,72,0.9047663570705102,0.9219454651161528,0.3297309355534512,0.0781873361330384,139.0909090909091,0.17
type=lease_queue=vtfq_sandbox_idle_timeout_s=0_rate_per_min=1.0_seed=8,lease,vtfq,0,1.0,lease,8,351,326,2,0.006097560975609756,0.0136986301369863,326,162.060905533805,1544.3930821655129,0.6118447606768771,454.79782684753627,0,49,0,0,0,0.0023114963454679,0.406775640575808,2398892515.972176,10821.787325053738,34,717.3087059440435,302.02495109927895,59400.0,283.12116430927415,100,48,0.8455712271942535,0.8538870525257746,0.5762510079804455,0.18009603390120638,177.8181818181818,0.28
type=lease_queue=vtfq_sandbox_idle_timeout_s=0_rate_per_min=1.0_seed=9,lease,vtfq,0,1.0,lease,9,379,352,6,0.01675977653631285,0.03896103896103896,352,131.9939840224422,1307.2378769034983,0.0,173.05824198889604,0,75,0,0,0,0.011589064864047918,0.43362915043315714,1947526238.512347,20922.190765150102,48,745.0777352097627,304.5785732699155,52800.0,61.08569474447302,116,65,0.878304722095448,0.8987174616529238,0.5440119244164401,0.1619896102984779,192.0,0.27
type=lease_queue=vtfq_sandbox_idle_timeout_s=0_rate_per_min=1.0_seed=10,lease,vtfq,0,1.0,lease,10,232,200,6,0.02912621359223301,0.04838709677419355,200,102.45291491331398,1480.725881462059,0.0,306.1466115704534,0,41,0,0,0,0.02557843917444844,0.6155198998591512,1927941779.3626628,7864.209546755825,20,471.29163839230444,264.93138680036645,25200.0,108.29507801510977,62,37,0.8180038451940046,0.8500824273584753,0.35119797913833856,0.09967160785777923,109.0909090909091,0.17
type=lease_queue=vtfq_sandbox_idle_timeout_s=0_rate_per_min=2.0_seed=1,lease,vtfq,0,2.0,lease,1,412,369,3,0.008064516129032258,0.013043478260869565,369,203.7089394827526,1389.4982863544196,0.023249692968453757,600.0,0,62,0,0,0,0.0030179620717008435,0.5064797992048016,1611840105.745951,7514.13046400874,25,791.650397558939,412.962262389304,72000.0,1695.260540791613,108,50,0.763854460440333,0.771650808222902,0.5829897797364673,0.17637352320531474,201.27272727272728,0.31
type=lease_queue=vtfq_sandbox_idle_timeout_s=0_rate_per_min=2.0_seed=2,lease,vtfq,0,2.0,lease,2,517,448,1,0.0022271714922048997,0.00423728813559322,448,214.71390458952555,1718.8977873644362,5.83007540082383,600.0,0,57,0,0,0,6.326589283711899e-05,0.45173795649938725,2647962068.7601542,7741.740112568398,31,881.412227972229,576.6825610472515,69000.0,1993.6268955650469,125,52,0.7072744718359482,0.7066393928258071,0.619514961623446,0.18172185150899572,244.36363636363637,0.35
type=lease_queue=vtfq_sandbox_idle_timeout_s=0_rate_per_min=2.0_seed=3,lease,vtfq,0,2.0,lease,3,528,379,12,0.030690537084398978,0.05504587155963303,379,600.5753508235093,2087.7055332881773,2.1358629384191983,600.0000000000005,0,327,0,0,0,0.01761842573357689,0.47717437746931923,5287289946.979694,3581.8066969635724,6,976.512473236695,909.7522781777011,47400.0,3450.555338484766,146,21,0.3947814360232058,0.40787614943568384,0.6003456912069413,0.2185675421412296,206.72727272727275,0.37
type=lease_queue=vtfq_sandbox_idle_timeout_s=0_rate_per_min=2.0_seed=4,lease,vtfq,0,2.0,lease,4,491,412,5,0.011990407673860911,0.017391304347826087,412,184.06626347769088,2033.596650467302,8.047179079300355,600.0000000000002,0,69,0,0,0,0.006820340783761818,0.38933952825391727,2793065138.666247,7356.252637797832,26,1119.4552730775579,887.2898613342056,61200.0,878.8752209270106,144,48,0.6988750443100846,0.7073836990870198,0.7088957263986014,0.23126868173005793,224.72727272727275,0.37
type=lease_queue=vtfq_sandbox_idle_timeout_s=0_rate_per_min=2.0_seed=5,lease,vtfq,0,2.0,lease,5,692,566,8,0.013937282229965157,0.02572347266881029,566,488.9501927662834,1941.5682542433601,33.08769441193963,600.0000000000005,0,465,0,0,0,0.008534169263331483,0.44059947521521214,5627742351.075605,518.5267960515816,0,1069.9585905100837,1039.0842959499637,92400.0,6444.570726701814,217,4,0.4858340752316881,0.49397744648165,0.8555345099229474,0.22375318963901697,308.72727272727275,0.53
type=lease_queue=vtfq_sandbox_idle_timeout_s=0_rate_per_min=2.0_seed=6,lease,vtfq,0,2.0,lease,6,470,421,3,0.007075471698113208,0.008658008658008658,421,239.32628927769747,1706.73228705741,9.47660523895047,600.0,0,90,0,0,0,0.0055785201921198365,0.4329460078149547,3160244915.990142,10684.831337057116,27,2505.968048330154,2382.0828022494516,84600.0,1245.5231556222195,135,35,0.6886822581364289,0.6949274540507088,0.6970720030918156,0.18942654120886004,229.63636363636365,0.37
type=lease_queue=vtfq_sandbox_idle_timeout_s=0_rate_per_min=2.0_seed=7,lease,vtfq,0,2.0,lease,7,582,493,6,0.012024048096192385,0.02,493,239.85641261900946,2087.3723391864105,8.456076576026563,600.0000000000005,0,211,0,0,0,0.014363821246498936,0.43697738231187805,3703627989.837503,7675.750939867791,16,1223.7355382825035,973.5500076726357,76200.0,741.0610887074877,164,56,0.6084199125084757,0.6174331374753611,0.6790747893720863,0.1909835393005235,268.90909090909093,0.4
type=lease_queue=vtfq_sandbox_idle_timeout_s=0_rate_per_min=2.0_seed=8,lease,vtfq,0,2.0,lease,8,598,465,10,0.021052631578947368,0.04291845493562232,465,558.2964167702521,2335.224587462227,15.73296779975515,600.0000000000005,0,374,0,0,0,0.01925131101180136,0.43884347287606895,5493328082.739889,0.0,0,1063.323384592617,854.068409063862,90600.0,2241.34657990512,160,5,0.4418541512599989,0.4521185808890677,0.792289601010101,0.23981740126328982,253.63636363636365,0.46
type=lease_queue=vtfq_sandbox_idle_timeout_s=0_rate_per_min=2.0_seed=9,lease,vtfq,0,2.0,lease,9,630,500,18,0.03474903474903475,0.06642066420664207,500,561.1436008371543,1838.8362320870956,14.050065501824333,600.0000000000005,0,345,0,0,0,0.032713870936290725,0.5430238925484384,6250744685.057344,428.7398430927951,1,951.320620556061,905.748328399806,84600.0,2784.2653721217503,168,7,0.46437191890599516,0.4831479490334889,0.7922666888476108,0.21235101372116458,272.72727272727275,0.46
type=lease_queue=vtfq_sandbox_idle_timeout_s=0_rate_per_min=2.0_seed=10,lease,vtfq,0,2.0,lease,10,388,341,8,0.022922636103151862,0.033816425120772944,341,194.1856914444927,1467.2829217987762,1.813944383176816,600.0,0,84,0,0,0,0.020479760133072962,0.6015086696928278,3092571295.109102,6999.487958676898,19,808.7010535302845,553.9597911975469,35400.0,592.6689221234462,103,49,0.6782813740575594,0.6978241086575662,0.5764323971242878,0.16109647873719773,186.0,0.29
type=lease_queue=vtfq_sandbox_idle_timeout_s=0_rate_per_min=4.0_seed=1,lease,vtfq,0,4.0,lease,1,923,467,32,0.06412825651302605,0.09116809116809117,467,1136.8565199363284,2775.279235890448,14.012538947635104,600.0000000000005,0,1530,0,0,0,0.018784758749408683,0.6003960900526122,7625556729.582821,0.0,0,1194.2812634775175,1067.6206420485876,101400.0,8039.270072613553,202,0,0.2073081422442872,0.21590245030967276,0.8306811713124839,0.18994392840816057,254.72727272727275,0.64
type=lease_queue=vtfq_sandbox_idle_timeout_s=0_rate_per_min=4.0_seed=2,lease,vtfq,0,4.0,lease,2,781,514,23,0.04283054003724395,0.0627062706270627,514,629.3950694892837,2090.363097442226,12.293433194399404,600.0000000000005,0,867,0,0,0,0.02355886218348123,0.5859383751841937,6979066295.730852,1421.4611225786907,6,1988.94137792512,1872.130716679903,94800.0,10228.224064041891,172,11,0.32795545791513064,0.3384507865163015,0.7745290427188553,0.20549267227149928,280.3636363636364,0.54
type=lease_queue=vtfq_sandbox_idle_timeout_s=0_rate_per_min=4.0_seed=3,lease,vtfq,0,4.0,lease,3,815,492,27,0.05202312138728324,0.08681672025723473,492,1186.6093427206938,2592.689819351677,29.19282637964072,600.0000000000005,0,1229,0,0,0,0.014416972999554677,0.4829188668339605,7693963330.930073,1.9677041045372334,1,1278.9519648473688,1245.618096285077,66600.0,6483.3417798168275,229,8,0.23488564535647138,0.24503992559571708,0.8140496062184344,0.23822585607541194,268.3636363636364,0.62
type=lease_queue=vtfq_sandbox_idle_timeout_s=0_rate_per_min=4.0_seed=4,lease,vtfq,0,4.0,lease,4,706,512,19,0.035781544256120526,0.05519480519480519,512,569.886036413383,2303.777369170338,16.98234976724577,600.0000000000005,0,417,0,0,0,0.029780869749219712,0.3956761946761766,5904954787.515431,151.36327346578355,0,1622.3130639611718,1585.273079521757,85800.0,2705.9154817544,190,6,0.4163074561127594,0.4279828175815818,0.8592233352798823,0.2549668740513204,279.2727272727273,0.53
type=lease_queue=vtfq_sandbox_idle_timeout_s=0_rate_per_min=4.0_seed=5,lease,vtfq,0,4.0,lease,5,845,549,38,0.06473594548551959,0.0989010989010989,549,1104.3060136722625,2496.9588556630088,38.1640592867968,600.0000000000005,0,1271,0,0,0,0.02518450115517442,0.43045983637004676,8737196461.810572,0.0,0,1383.6479474457606,1321.472294600657,117600.0,11377.31667939789,260,0,0.3014092841825975,0.3191219472122882,0.8675937605542605,0.23097154911075238,299.45454545454544,0.68
type=lease_queue=vtfq_sandbox_idle_timeout_s=0_rate_per_min=4.0_seed=6,lease,vtfq,0,4.0,lease,6,868,522,60,0.10309278350515463,0.15089514066496162,522,1414.0029914399004,3881.587957974764,46.39664479948151,600.0000000000005,0,1715,0,0,0,0.06134035268498011,0.42222930240273304,7819655469.736466,0.0,0,3085.1186994649825,3061.7611688596808,104400.0,9530.20113811713,245,0,0.25169002450776135,0.2733096952315392,0.9010089338942308,0.22267583972969698,284.72727272727275,0.71
type=lease_queue=vtfq_sandbox_idle_timeout_s=0_rate_per_min=4.0_seed=7,lease,vtfq,0,4.0,lease,7,946,560,55,0.08943089430894309,0.12240184757505773,560,790.2793381947656,2471.1406618997426,28.111334287855968,600.0000000000005,0,1415,0,0,0,0.04266929202946582,0.5229747747488053,6185451884.404534,517.1577306082468,1,1426.1099683573523,1296.3093413722834,90600.0,1828.1367385269195,202,13,0.2624395172602659,0.28129056367289457,0.8723644137933827,0.18362885355678038,305.45454545454544,0.65
type=lease_queue=vtfq_sandbox_idle_timeout_s=0_rate_per_min=4.0_seed=8,lease,vtfq,0,4.0,lease,8,857,508,42,0.07636363636363637,0.12424242424242424,508,1046.7424986123997,2174.5079275158373,26.70772608614487,600.0000000000005,0,1155,0,0,0,0.018562931668878978,0.4602767953006339,7077788100.503788,337.3144653954024,0,1285.7782989313973,1253.1887569314792,98400.0,4027.985951026369,206,5,0.2528709585103581,0.26929199045880214,0.8679659054325304,0.2371243950441012,277.0909090909091,0.62
type=lease_queue=vtfq_sandbox_idle_timeout_s=0_rate_per_min=4.0_seed=9,lease,vtfq,0,4.0,lease,9,922,533,59,0.09966216216216216,0.14948453608247422,533,1173.193810204923,2406.7246617966866,18.08334649295772,600.0000000000005,0,1388,0,0,0,0.04643373693264683,0.5442988682950077,7892797134.051351,176.6618423793759,1,1117.8636488440534,1043.6722447049574,87600.0,6700.903069902061,233,6,0.22750414038507263,0.2461639056160128,0.8561908829925863,0.2261258972974729,290.72727272727275,0.62
type=lease_queue=vtfq_sandbox_idle_timeout_s=0_rate_per_min=4.0_seed=10,lease,vtfq,0,4.0,lease,10,802,456,34,0.06938775510204082,0.09649122807017543,456,1159.6574481819696,3063.8261128525132,8.848138337174937,600.0000000000005,0,1125,0,0,0,0.032332204829535756,0.6007478027015299,7505518846.641817,163.01827622104997,1,974.1284815105278,883.9187256668624,69600.0,4515.922819383721,156,18,0.24770734704636144,0.2605197133577867,0.7461584508101852,0.2035957085206139,248.72727272727275,0.49
type=lease_queue=vtfq_sandbox_idle_timeout_s=300_rate_per_min=1.0_seed=1,lease,vtfq,300,1.0,lease,1,230,209,1,0.004761904761904762,0.007874015748031496,209,88.3296307050357,1058.4786059887083,0.0,5.919855552460831,0,25,0,0,0,0.0017881000678029388,0.4745181680505613,838620597.155871,8413.803221999464,27,410.8030029683714,0.0,35400.0,96.93125105430352,66,57,0.8969567895707875,0.9029365015012594,0.3058898100840132,0.09298272808021382,114.0,0.17
type=lease_queue=vtfq_sandbox_idle_timeout_s=300_rate_per_min=1.0_seed=2,lease,vtfq,300,1.0,lease,2,244,226,1,0.004405286343612335,0.008130081300813009,226,88.7347345051187,1539.537929647335,0.0,140.52250040720537,0,20,0,0,0,0.0002027948771148461,0.3758557801121245,747600170.6205623,8530.590650879803,42,236.44316822231787,9.28963113334612,39600.0,782.4496067504859,55,48,0.9063812465279784,0.906793555467818,0.31463534472125093,0.10470894018933795,123.27272727272728,0.17
type=lease_queue=vtfq_sandbox_idle_timeout_s=300_rate_per_min=1.0_seed=3,lease,vtfq,300,1.0,lease,3,266,239,2,0.008298755186721992,0.015503875968992248,239,159.57477009081776,1281.1611912232315,0.0,191.13343901973622,0,39,0,0,0,0.003917752223403079,0.41377957726571174,1616418333.9786184,5692.064294306455,12,443.56294411286035,315.4500887943914,31800.0,38.60949980878485,82,49,0.8459962558469718,0.8561889818210316,0.38120051204755895,0.13217902786352412,130.36363636363637,0.2
type=lease_queue=vtfq_sandbox_idle_timeout_s=300_rate_per_min=1.0_seed=4,lease,vtfq,300,1.0,lease,4,234,212,3,0.013953488372093023,0.015384615384615385,212,122.53226429199117,2264.657437475683,0.0,59.14131414089297,0,37,0,0,0,0.007374212894415041,0.4541201153733603,1122865550.6255374,13002.805867235307,34,830.585706201146,444.9405414894836,42600.0,142.9628563621286,83,65,0.8889577102448485,0.9019153884575941,0.39652189283054906,0.14361360630853007,115.63636363636364,0.19
type=lease_queue=vtfq_sandbox_idle_timeout_s=300_rate_per_min=1.0_seed=5,lease,vtfq,300,1.0,lease,5,396,372,2,0.0053475935828877,0.012578616352201259,372,98.4319668522279,1116.5476929750444,0.8162656070176381,516.2598757108153,0,59,0,0,0,0.009949687745141475,0.39866945167646656,2050930800.3725085,17520.866147051274,61,626.0743411370552,225.33874245201287,50400.0,459.59054072228525,99,70,0.8743670775242968,0.8830241773017651,0.5094864309602435,0.14175625704077185,202.9090909090909,0.26
type=lease_queue=vtfq_sandbox_idle_timeout_s=300_rate_per_min=1.0_seed=6,lease,vtfq,300,1.0,lease,6,293,280,1,0.0035587188612099642,0.0,280,100.30549122902994,1460.641426217522,0.42138530286511827,113.36441785740863,0,12,0,0,0,0.00016230136828439856,0.28234251171154484,1261746457.6571188,18390.486609296433,63,583.8267201543932,21.394643099854875,37200.0,240.75430098253287,86,72,0.9389705191012566,0.9435094938380562,0.4236438888969827,0.12865340412137719,152.72727272727272,0.22
type=lease_queue=vtfq_sandbox_idle_timeout_s=300_rate_per_min=1.0_seed=7,lease,vtfq,300,1.0,lease,7,268,255,3,0.011627906976744186,0.02142857142857143,255,93.77197001457762,1878.0533956167365,0.0,147.858701399653,0,63,0,0,0,0.04093981480324466,0.6070734557637895,1026462161.316887,13829.43834994505,47,415.90730149631037,33.1641021746691,45600.0,92.89562649932043,92,73,0.9074101963715046,0.9246395038975458,0.3297309355534512,0.0780643155719016,139.0909090909091,0.17
type=lease_queue=vtfq_sandbox_idle_timeout_s=300_rate_per_min=1.0_seed=8,lease,vtfq,300,1.0,lease,8,352,323,2,0.006153846153846154,0.0136986301369863,323,170.49687606021462,1545.1788939815526,0.16484257544366546,600.0,0,48,0,0,0,0.002217499129361165,0.39962118389762186,2441662733.5481534,11784.164624913697,35,712.5732900850138,295.41732754862323,59400.0,283.12116430927415,100,48,0.8398819972385304,0.8481363526917874,0.5720801676581521,0.184655428981021,176.1818181818182,0.28
type=lease_queue=vtfq_sandbox_idle_timeout_s=300_rate_per_min=1.0_seed=9,lease,vtfq,300,1.0,lease,9,379,354,6,0.016666666666666666,0.03896103896103896,354,133.24458087331527,1298.0661804147107,0.0,209.5657631312356,0,75,0,0,0,0.011709839616004265,0.43385212599139084,1883892103.8848536,20304.695512249855,50,745.3833296787079,287.08158204044094,52800.0,61.101851930606585,116,63,0.880193744133829,0.900624223568636,0.5452216142717237,0.1618399058426378,193.0909090909091,0.27
type=lease_queue=vtfq_sandbox_idle_timeout_s=300_rate_per_min=1.0_seed=10,lease,vtfq,300,1.0,lease,10,232,200,6,0.02912621359223301,0.04838709677419355,200,107.38391168906833,1480.7273310534028,0.0,306.1466115704534,0,41,0,0,0,0.02557843917444844,0.6160842035480234,1923773811.2261376,9010.35085697901,22,466.231331828841,267.7182755541007,25200.0,108.29507801510977,62,37,0.8063768075008346,0.8379994274028282,0.35119797913833856,0.09945759529370002,109.0909090909091,0.17
type=lease_queue=vtfq_sandbox_idle_timeout_s=300_rate_per_min=2.0_seed=1,lease,vtfq,300,2.0,lease,1,411,369,3,0.008064516129032258,0.013043478260869565,369,206.86705358862218,1389.7980565061598,0.0,600.0,0,63,0,0,0,0.002996388311057991,0.5129720066937116,1651634826.3075404,7428.8210651767,27,794.2234279508011,438.38028344416693,73200.0,1694.1195338802704,108,49,0.762573326651627,0.7703554665834754,0.582900624198718,0.17699335786136206,201.27272727272728,0.32
type=lease_queue=vtfq_sandbox_idle_timeout_s=300_rate_per_min=2.0_seed=2,lease,vtfq,300,2.0,lease,2,521,455,1,0.0021929824561403508,0.0041841004184100415,455,220.27291211517604,1716.9255677389801,3.297968814770923,600.0,0,57,0,0,0,6.456772434915559e-05,0.4465404747540632,2547688889.1663575,7375.0953027919495,29,868.5297373258934,555.9461237484504,69000.0,2097.072322560093,128,53,0.7150720020211028,0.7144639199008217,0.629753419030044,0.18621799552885315,248.1818181818182,0.35
type=lease_queue=vtfq_sandbox_idle_timeout_s=300_rate_per_min=2.0_seed=3,lease,vtfq,300,2.0,lease,3,529,382,11,0.027989821882951654,0.05045871559633028,382,589.2774806420389,2080.052053941642,2.8401566163483563,600.0000000000005,0,330,0,0,0,0.020601513057428807,0.4781439802662092,5080533291.775381,3581.8066969635724,6,943.4481577223983,877.8995231966946,47400.0,3451.136042010137,149,21,0.39735264908199036,0.40939853606984083,0.6051276496535872,0.21774107603194062,208.36363636363637,0.37
type=lease_queue=vtfq_sandbox_idle_timeout_s=300_rate_per_min=2.0_seed=4,lease,vtfq,300,2.0,lease,4,488,409,5,0.012077294685990338,0.017467248908296942,409,173.29047544932587,2019.852803647429,7.674843291108631,600.0000000000002,0,70,0,0,0,0.006882237362165491,0.39033527828492326,2764200043.331938,7927.422544627563,25,1094.4259291247813,862.0279285466115,60600.0,848.7737265525793,144,52,0.6967656444524428,0.7052416566798709,0.7039973795972547,0.23037926469087222,223.0909090909091,0.38
type=lease_queue=vtfq_sandbox_idle_timeout_s=300_rate_per_min=2.0_seed=5,lease,vtfq,300,2.0,lease,5,688,557,9,0.015901060070671377,0.028938906752411574,557,493.457836978396,1998.1539973004787,24.99112040774259,600.0000000000005,0,451,0,0,0,0.010589288606079503,0.4518506537949343,5760969419.082653,0.0,0,1014.852477575854,990.2805577523525,92400.0,6734.5113428259465,209,1,0.4822010809472334,0.4908910038647761,0.8289928010999418,0.22706021781620897,303.8181818181818,0.5
type=lease_queue=vtfq_sandbox_idle_timeout_s=300_rate_per_min=2.0_seed=6,lease,vtfq,300,2.0,lease,6,472,423,4,0.00936768149882904,0.01293103448275862,423,241.55917347134164,1631.7970360407667,11.168967622238664,600.0000000000005,0,98,0,0,0,0.006834635280167208,0.43762075216820007,3178267511.07128,9184.577265822742,24,2478.8660839015765,2323.111280609337,86400.0,1235.2016560966265,137,35,0.6951080418125227,0.7009642493762641,0.7008133704432142,0.1907689119576014,230.72727272727275,0.38
type=lease_queue=vtfq_sandbox_idle_timeout_s=300_rate_per_min=2.0_seed=7,lease,vtfq,300,2.0,lease,7,578,497,5,0.0099601593625498,0.016611295681063124,497,235.63419423958203,2066.8928673077526,9.59528667897509,600.0000000000005,0,206,0,0,0,0.014086475788174293,0.4312892677253604,3465187129.1901574,6082.132959261745,19,1174.874700453374,840.5394460279845,77400.0,953.3444054197571,163,54,0.62332473014642,0.6311751675538055,0.6817568519206488,0.19564475988556337,271.0909090909091,0.39
type=lease_queue=vtfq_sandbox_idle_timeout_s=300_rate_per_min=2.0_seed=8,lease,vtfq,300,2.0,lease,8,599,468,13,0.02702702702702703,0.05555555555555555,468,544.7349661063458,2160.672058651784,14.669437264310226,600.0000000000005,0,368,0,0,0,0.01895048826324182,0.44202298600877754,5381199608.125639,0.0,0,1069.0945587586607,865.8226073982273,91200.0,2083.7671886210637,164,3,0.4347333591361208,0.4484537361167191,0.7902656869981871,0.24336103457647817,255.27272727272728,0.46
type=lease_queue=vtfq_sandbox_idle_timeout_s=300_rate_per_min=2.0_seed=9,lease,vtfq,300,2.0,lease,9,632,495,18,0.03508771929824561,0.06792452830188679,495,542.6627255905842,1852.5137442881999,11.536476809929775,600.0000000000005,0,370,0,0,0,0.02073192938721448,0.553156873646934,6190970445.288974,330.06127373010577,0,924.8830147851071,880.1787527245051,82800.0,2878.245694346547,165,4,0.4431967831972697,0.46092313733153284,0.7851140160175473,0.2064807423213617,270.0,0.45
type=lease_queue=vtfq_sandbox_idle_timeout_s=300_rate_per_min=2.0_seed=10,lease,vtfq,300,2.0,lease,10,390,344,7,0.019943019943019943,0.03365384615384615,344,170.54151056309638,1433.131795783046,2.558394026165587,600.0,0,79,0,0,0,0.023952699609248052,0.5938736352219799,2981382056.5011506,6291.421425302624,20,706.8897669179521,484.20981457641244,35400.0,599.0081673260415,103,67,0.7139334331991573,0.7336865321414265,0.5758780717713999,0.1620873751890231,187.63636363636365,0.29
type=lease_queue=vtfq_sandbox_idle_timeout_s=300_rate_per_min=4.0_seed=1,lease,vtfq,300,4.0,lease,1,924,466,38,0.07539682539682539,0.10734463276836158,466,1168.6566400332379,2757.703966559156,16.052907597796153,600.0000000000005,0,1558,0,0,0,0.025775718504687295,0.5913674771701117,7643931591.045564,0.0,0,1149.2114842268434,1056.6153264665575,107400.0,8107.291233064314,191,0,0.20674049324325575,0.21642814770000057,0.8428333803621149,0.19370707086644567,254.1818181818182,0.64
type=lease_queue=vtfq_sandbox_idle_timeout_s=300_rate_per_min=4.0_seed=2,lease,vtfq,300,4.0,lease,2,778,520,23,0.0423572744014733,0.06451612903225806,520,625.8798211429335,2134.7648701900507,11.803239282002714,600.0000000000005,0,839,0,0,0,0.022407723732158297,0.5918693570619139,7225421314.764255,274.19629573310544,3,1958.5912406155048,1870.1438198923724,97800.0,7120.47946559056,177,8,0.3359286115177235,0.34637519444641773,0.7820032436828219,0.20235611730782088,283.6363636363636,0.55
type=lease_queue=vtfq_sandbox_idle_timeout_s=300_rate_per_min=4.0_seed=3,lease,vtfq,300,4.0,lease,3,826,498,31,0.05860113421550094,0.09967845659163987,498,1098.4485213566802,2544.336700768563,17.550755293987674,600.0000000000005,0,1268,0,0,0,0.021565229511818,0.5036913365207069,7652188878.558926,0.0,0,1215.763798630905,1165.166032162649,66600.0,7085.834359252902,242,6,0.2401209335183936,0.25232496750564437,0.8019363637051606,0.2351605209426309,271.6363636363636,0.61
type=lease_queue=vtfq_sandbox_idle_timeout_s=300_rate_per_min=4.0_seed=4,lease,vtfq,300,4.0,lease,4,703,495,19,0.03696498054474708,0.056666666666666664,495,651.8291987220791,2339.388767826471,17.574524380781973,600.0000000000005,0,498,0,0,0,0.03548954368237135,0.3886245471257775,6247947141.104424,0.0,0,1644.5515210349265,1631.8676811451037,84600.0,3592.4424528176705,195,0,0.3895774100291761,0.4000943781459082,0.8468105426905271,0.25348584976893457,270.0,0.55
type=lease_queue=vtfq_sandbox_idle_timeout_s=300_rate_per_min=4.0_seed=5,lease,vtfq,300,4.0,lease,5,846,538,43,0.07401032702237521,0.11666666666666667,538,1074.9834474927359,3217.5546307807895,30.77271161110463,600.0000000000005,0,1326,0,0,0,0.03251562822731155,0.4666827731814011,8429819025.71577,0.0,0,1245.2504680264965,1180.2815630495725,118200.0,11396.200572267804,258,0,0.28856824853837226,0.30805885570812563,0.8546677460097772,0.22629777885612587,293.45454545454544,0.66
type=lease_queue=vtfq_sandbox_idle_timeout_s=300_rate_per_min=4.0_seed=6,lease,vtfq,300,4.0,lease,6,866,505,63,0.11091549295774648,0.16449086161879894,505,1500.5723707654802,3713.8595717157154,50.4140888709167,600.0000000000005,0,1804,0,0,0,0.06544328198452992,0.4452346382095132,7769924032.844003,0.0,0,3078.450397514987,3056.290485671346,102600.0,9465.611507902247,243,0,0.24018259498872546,0.26310687153480056,0.8868586886574075,0.2152298680032306,275.45454545454544,0.71
type=lease_queue=vtfq_sandbox_idle_timeout_s=300_rate_per_min=4.0_seed=7,lease,vtfq,300,4.0,lease,7,942,568,51,0.08239095315024232,0.11264367816091954,568,810.9333108832317,2564.378584540928,24.950016454194593,600.0000000000005,0,1416,0,0,0,0.03643230982790346,0.5197572059013527,6007804214.610723,4.709495333012001,1,1414.1255694528636,1337.572388842939,89400.0,2465.3971074038695,205,7,0.27115439190868523,0.28779514890884567,0.8687496119650027,0.18437629166980773,309.8181818181818,0.64
type=lease_queue=vtfq_sandbox_idle_timeout_s=300_rate_per_min=4.0_seed=8,lease,vtfq,300,4.0,lease,8,851,495,40,0.07476635514018691,0.11692307692307692,495,1095.9899892611443,2295.976341130668,21.575641407561903,600.0000000000005,0,1223,0,0,0,0.024590504161582784,0.4503989387671537,7165659129.325608,0.0,0,1377.1844889405488,1350.8310102413575,105600.0,3779.509720821814,204,0,0.24814344545505085,0.2625592793226734,0.8620136799282894,0.23569548223734493,270.0,0.62
type=lease_queue=vtfq_sandbox_idle_timeout_s=300_rate_per_min=4.0_seed=9,lease,vtfq,300,4.0,lease,9,915,518,58,0.10069444444444445,0.1503957783641161,518,1237.0504336325255,2467.149835431573,23.449108492659256,600.0000000000005,0,1436,0,0,0,0.04189033977347563,0.5505195907804037,8086883508.94181,0.0,0,1084.9208623271602,1038.5438640504767,86400.0,6859.859080939913,225,2,0.22420855194591552,0.24220590828812968,0.8476450327149703,0.2208755720741807,282.54545454545456,0.62
type=lease_queue=vtfq_sandbox_idle_timeout_s=300_rate_per_min=4.0_seed=10,lease,vtfq,300,4.0,lease,10,795,437,43,0.08958333333333333,0.12389380530973451,437,1101.5479189842267,3620.8884240849247,16.55836891605295,600.0000000000005,0,1210,0,0,0,0.035573450827999,0.5936917490551001,8040247240.853235,0.0,0,918.948167289834,783.9669743681388,66600.0,3985.3026074176955,155,9,0.21893663668225125,0.2334591517492908,0.7119493835470087,0.18808754874425831,238.36363636363637,0.48
type=lease_queue=srpt_sandbox_idle_timeout_s=0_rate_per_min=1.0_seed=1,lease,srpt,0,1.0,lease,1,230,209,1,0.004761904761904762,0.007874015748031496,209,88.3296307050357,1058.4786059887083,0.0,5.919855552460831,0,25,0,0,0,0.0017881000678029388,0.47427880160731034,838636931.4844123,8417.993454823954,27,413.42109945057837,0.0,35400.0,96.93125105430352,66,57,0.8969663166676999,0.9029460921121512,0.3058898100840132,0.09307742504991079,114.0,0.17
type=lease_queue=srpt_sandbox_idle_timeout_s=0_rate_per_min=1.0_seed=2,lease,srpt,0,1.0,lease,2,244,226,1,0.004405286343612335,0.008130081300813009,226,88.7347345051187,1539.537929647335,0.0,140.52250040720537,0,20,0,0,0,0.0002027948771148461,0.3755329797563708,747598654.5291868,8543.854729487899,42,238.89593379883223,9.310093594845966,39600.0,785.4496067504859,55,48,0.9063812465279784,0.906793555467818,0.31463534472125093,0.1048604553408531,123.27272727272728,0.17
type=lease_queue=srpt_sandbox_idle_timeout_s=0_rate_per_min=1.0_seed=3,lease,srpt,0,1.0,lease,3,266,239,2,0.008298755186721992,0.015503875968992248,239,159.57477009081776,1280.8885675438685,0.14504503635496807,191.60153151784925,0,39,0,0,0,0.0038504997443988085,0.4138635074973689,1615711339.222877,5692.064294306456,12,445.904936656804,304.2838659104791,31800.0,38.60949980878485,81,48,0.8451799426261483,0.8553628335011622,0.38148151628464133,0.13213377321963826,130.36363636363637,0.2
type=lease_queue=srpt_sandbox_idle_timeout_s=0_rate_per_min=1.0_seed=4,lease,srpt,0,1.0,lease,4,234,212,3,0.013953488372093023,0.015384615384615385,212,122.53226429199117,2264.657437475683,0.0,57.77596106233341,0,37,0,0,0,0.007374212894415041,0.45390329637404253,1123277734.7998362,13002.805867235307,34,850.6282990652333,372.86933241285624,42600.0,142.9628563621286,83,68,0.8900737109149875,0.9030605681750139,0.39652189283054906,0.1437422860195188,115.63636363636364,0.19
type=lease_queue=srpt_sandbox_idle_timeout_s=0_rate_per_min=1.0_seed=5,lease,srpt,0,1.0,lease,5,397,374,2,0.005319148936170213,0.012422360248447204,374,94.64478374050759,1129.6126114185192,0.0,161.22398282599534,0,59,0,0,0,0.010261160886374686,0.39797786567408,2011344912.1504362,17206.84879597416,59,636.1651879699932,283.57842687092307,50400.0,459.4244628973364,99,66,0.8753119355025085,0.883978390309464,0.5092147417726949,0.14217665027662282,204.0,0.26
type=lease_queue=srpt_sandbox_idle_timeout_s=0_rate_per_min=1.0_seed=6,lease,srpt,0,1.0,lease,6,293,280,1,0.0035587188612099642,0.0,280,100.30549122902994,1460.641426217522,0.3654543998829578,113.36441785740863,0,12,0,0,0,0.00016318409973812176,0.28225589156349423,1245334441.0377412,18891.271208963044,63,585.8693843448915,21.394643099854875,37200.0,240.75430098253287,86,72,0.9389707211588926,0.9435088397063747,0.4236179291431948,0.12871022230319534,152.72727272727272,0.22
type=lease_queue=srpt_sandbox_idle_timeout_s=0_rate_per_min=1.0_seed=7,lease,srpt,0,1.0,lease,7,268,255,3,0.011627906976744186,0.02142857142857143,255,95.67087831264871,1878.0533956167365,0.0,147.858701399653,0,63,0,0,0,0.04093981480324466,0.6067106066491975,1026702600.5686655,13998.51536378861,48,434.16864621278097,45.81737400249858,45600.0,92.89562649932043,92,72,0.9047663570705102,0.9219454651161528,0.3297309355534512,0.0781873361330384,139.0909090909091,0.17
type=lease_queue=srpt_sandbox_idle_timeout_s=0_rate_per_min=1.0_seed=8,lease,srpt,0,1.0,lease,8,351,326,2,0.006097560975609756,0.0136986301369863,326,162.060905533805,1544.3930821655129,0.6118447606768771,454.79782684753627,0,49,0,0,0,0.0023114963454679,0.406775640575808,2398892515.972176,10821.787325053738,34,717.3087059440435,302.02495109927895,59400.0,283.12116430927415,100,48,0.8455712271942535,0.8538870525257746,0.5762510079804455,0.18009603390120638,177.8181818181818,0.28
type=lease_queue=srpt_sandbox_idle_timeout_s=0_rate_per_min=1.0_seed=9,lease,srpt,0,1.0,lease,9,379,352,6,0.01675977653631285,0.03896103896103896,352,131.9939840224422,1307.2378769034983,0.0,173.05824198889604,0,75,0,0,0,0.011589064864047918,0.43362915043315714,1947526238.512347,20922.190765150102,48,745.0777352097627,304.5785732699155,52800.0,61.08569474447302,116,65,0.878304722095448,0.8987174616529238,0.5440119244164401,0.1619896102984779,192.0,0.27
type=lease_queue=srpt_sandbox_idle_timeout_s=0_rate_per_min=1.0_seed=10,lease,srpt,0,1.0,lease,10,232,200,6,0.02912621359223301,0.04838709677419355,200,102.45291491331398,1480.725881462059,0.0,306.1466115704534,0,41,0,0,0,0.02557843917444844,0.6155198998591512,1927941779.3626628,7864.209546755825,20,471.29163839230444,264.93138680036645,25200.0,108.29507801510977,62,37,0.8180038451940046,0.8500824273584753,0.35119797913833856,0.09967160785777923,109.0909090909091,0.17
type=lease_queue=srpt_sandbox_idle_timeout_s=0_rate_per_min=2.0_seed=1,lease,srpt,0,2.0,lease,1,412,369,3,0.008064516129032258,0.013043478260869565,369,203.7089394827526,1389.4982863544196,0.023249692968453757,600.0,0,62,0,0,0,0.0030179620717008435,0.5064797992048016,1611840105.745951,7514.13046400874,25,791.650397558939,412.962262389304,72000.0,1695.260540791613,108,50,0.763854460440333,0.771650808222902,0.5829897797364673,0.17637352320531474,201.27272727272728,0.31
type=lease_queue=srpt_sandbox_idle_timeout_s=0_rate_per_min=2.0_seed=2,lease,srpt,0,2.0,lease,2,517,448,1,0.0022271714922048997,0.00423728813559322,448,214.71390458952555,1718.8977873644362,5.83007540082383,600.0,0,57,0,0,0,6.326589283711899e-05,0.45173795649938725,2647962068.7601542,7741.740112568398,31,881.412227972229,576.6825610472515,69000.0,1993.6268955650469,125,52,0.7072744718359482,0.7066393928258071,0.619514961623446,0.18172185150899572,244.36363636363637,0.34
type=lease_queue=srpt_sandbox_idle_timeout_s=0_rate_per_min=2.0_seed=3,lease,srpt,0,2.0,lease,3,528,379,12,0.030690537084398978,0.05504587155963303,379,600.5753508235093,2087.7055332881773,2.1358629384191983,600.0000000000005,0,327,0,0,0,0.01761842573357689,0.47717437746931923,5287289946.979694,3581.8066969635724,6,976.512473236695,909.7522781777011,47400.0,3450.555338484766,146,21,0.3947814360232058,0.40787614943568384,0.6003456912069413,0.2185675421412296,206.72727272727275,0.37
type=lease_queue=srpt_sandbox_idle_timeout_s=0_rate_per_min=2.0_seed=4,lease,srpt,0,2.0,lease,4,491,412,5,0.011990407673860911,0.017391304347826087,412,184.06626347769088,2033.596650467302,8.047179079300355,600.0000000000002,0,69,0,0,0,0.006820340783761818,0.38933952825391727,2793065138.666247,7356.252637797832,26,1119.4552730775579,887.2898613342056,61200.0,878.8752209270106,144,48,0.6988750443100846,0.7073836990870198,0.7088957263986014,0.23126868173005793,224.72727272727275,0.38
type=lease_queue=srpt_sandbox_idle_timeout_s=0_rate_per_min=2.0_seed=5,lease,srpt,0,2.0,lease,5,692,566,8,0.013937282229965157,0.02572347266881029,566,488.9501927662834,1941.5682542433601,33.08769441193963,600.0000000000005,0,465,0,0,0,0.008534169263331483,0.44059947521521214,5627742351.075605,518.5267960515816,0,1069.9585905100837,1039.0842959499637,92400.0,6444.570726701814,217,4,0.4858340752316881,0.49397744648165,0.8555345099229474,0.22375318963901697,308.72727272727275,0.53
type=lease_queue=srpt_sandbox_idle_timeout_s=0_rate_per_min=2.0_seed=6,lease,srpt,0,2.0,lease,6,470,421,3,0.007075471698113208,0.008658008658008658,421,239.32628927769747,1706.73228705741,9.47660523895047,600.0,0,90,0,0,0,0.0055785201921198365,0.4329460078149547,3160244915.990142,10684.831337057116,27,2505.968048330154,2382.0828022494516,84600.0,1245.5231556222195,135,35,0.6886822581364289,0.6949274540507088,0.6970720030918156,0.18942654120886004,229.63636363636365,0.38
type=lease_queue=srpt_sandbox_idle_timeout_s=0_rate_per_min=2.0_seed=7,lease,srpt,0,2.0,lease,7,582,493,6,0.012024048096192385,0.02,493,239.85641261900946,2087.3723391864105,8.456076576026563,600.0000000000005,0,211,0,0,0,0.014363821246498936,0.43697738231187805,3703627989.837503,7675.750939867791,16,1223.7355382825035,973.5500076726357,76200.0,741.0610887074877,164,56,0.6084199125084757,0.6174331374753611,0.6790747893720863,0.1909835393005235,268.90909090909093,0.39
type=lease_queue=srpt_sandbox_idle_timeout_s=0_rate_per_min=2.0_seed=8,lease,srpt,0,2.0,lease,8,598,465,10,0.021052631578947368,0.04291845493562232,465,558.2964167702521,2335.224587462227,15.73296779975515,600.0000000000005,0,374,0,0,0,0.01925131101180136,0.43884347287606895,5493328082.739889,0.0,0,1063.323384592617,854.068409063862,90600.0,2241.34657990512,160,5,0.4418541512599989,0.4521185808890677,0.792289601010101,0.23981740126328982,253.63636363636365,0.47
type=lease_queue=srpt_sandbox_idle_timeout_s=0_rate_per_min=2.0_seed=9,lease,srpt,0,2.0,lease,9,630,500,18,0.03474903474903475,0.06642066420664207,500,561.1436008371543,1838.8362320870956,14.050065501824333,600.0000000000005,0,345,0,0,0,0.032713870936290725,0.5430238925484384,6250744685.057344,428.7398430927951,1,951.320620556061,905.748328399806,84600.0,2784.2653721217503,168,7,0.46437191890599516,0.4831479490334889,0.7922666888476108,0.21235101372116458,272.72727272727275,0.45
type=lease_queue=srpt_sandbox_idle_timeout_s=0_rate_per_min=2.0_seed=10,lease,srpt,0,2.0,lease,10,388,341,8,0.022922636103151862,0.033816425120772944,341,194.1856914444927,1467.2829217987762,1.813944383176816,600.0,0,84,0,0,0,0.020479760133072962,0.6015086696928278,3092571295.109102,6999.487958676898,19,808.7010535302845,553.9597911975469,35400.0,592.6689221234462,103,49,0.6782813740575594,0.6978241086575662,0.5764323971242878,0.16109647873719773,186.0,0.29
type=lease_queue=srpt_sandbox_idle_timeout_s=0_rate_per_min=4.0_seed=1,lease,srpt,0,4.0,lease,1,923,467,32,0.06412825651302605,0.09116809116809117,467,1136.8565199363284,2775.279235890448,14.012538947635104,600.0000000000005,0,1530,0,0,0,0.018784758749408683,0.6003960900526122,7625556729.582821,0.0,0,1194.2812634775175,1067.6206420485876,101400.0,8039.270072613553,202,0,0.2073081422442872,0.21590245030967276,0.8306811713124839,0.18994392840816057,254.72727272727275,0.64
type=lease_queue=srpt_sandbox_idle_timeout_s=0_rate_per_min=4.0_seed=2,lease,srpt,0,4.0,lease,2,781,514,23,0.04283054003724395,0.0627062706270627,514,629.3950694892837,2090.363097442226,12.293433194399404,600.0000000000005,0,867,0,0,0,0.02355886218348123,0.5859383751841937,6979066295.730852,1421.4611225786907,6,1988.94137792512,1872.130716679903,94800.0,10228.224064041891,172,11,0.32795545791513064,0.3384507865163015,0.7745290427188553,0.20549267227149928,280.3636363636364,0.56
type=lease_queue=srpt_sandbox_idle_timeout_s=0_rate_per_min=4.0_seed=3,lease,srpt,0,4.0,lease,3,815,492,27,0.05202312138728324,0.08681672025723473,492,1186.6093427206938,2592.689819351677,29.19282637964072,600.0000000000005,0,1229,0,0,0,0.014416972999554677,0.4829188668339605,7693963330.930073,1.9677041045372334,1,1278.9519648473688,1245.618096285077,66600.0,6483.3417798168275,229,8,0.23488564535647138,0.24503992559571708,0.8140496062184344,0.23822585607541194,268.3636363636364,0.61
type=lease_queue=srpt_sandbox_idle_timeout_s=0_rate_per_min=4.0_seed=4,lease,srpt,0,4.0,lease,4,706,512,19,0.035781544256120526,0.05519480519480519,512,569.886036413383,2303.777369170338,16.98234976724577,600.0000000000005,0,417,0,0,0,0.029780869749219712,0.3956761946761766,5904954787.515431,151.36327346578355,0,1622.3130639611718,1585.273079521757,85800.0,2705.9154817544,190,6,0.4163074561127594,0.4279828175815818,0.8592233352798823,0.2549668740513204,279.2727272727273,0.54
type=lease_queue=srpt_sandbox_idle_timeout_s=0_rate_per_min=4.0_seed=5,lease,srpt,0,4.0,lease,5,845,549,38,0.06473594548551959,0.0989010989010989,549,1104.3060136722625,2496.9588556630088,38.1640592867968,600.0000000000005,0,1271,0,0,0,0.02518450115517442,0.43045983637004676,8737196461.810572,0.0,0,1383.6479474457606,1321.472294600657,117600.0,11377.31667939789,260,0,0.3014092841825975,0.3191219472122882,0.8675937605542605,0.23097154911075238,299.45454545454544,0.68
type=lease_queue=srpt_sandbox_idle_timeout_s=0_rate_per_min=4.0_seed=6,lease,srpt,0,4.0,lease,6,868,522,60,0.10309278350515463,0.15089514066496162,522,1414.0029914399004,3881.587957974764,46.39664479948151,600.0000000000005,0,1715,0,0,0,0.06134035268498011,0.42222930240273304,7819655469.736466,0.0,0,3085.1186994649825,3061.7611688596808,104400.0,9530.20113811713,245,0,0.25169002450776135,0.2733096952315392,0.9010089338942308,0.22267583972969698,284.72727272727275,0.7
type=lease_queue=srpt_sandbox_idle_timeout_s=0_rate_per_min=4.0_seed=7,lease,srpt,0,4.0,lease,7,946,560,55,0.08943089430894309,0.12240184757505773,560,790.2793381947656,2471.1406618997426,28.111334287855968,600.0000000000005,0,1415,0,0,0,0.04266929202946582,0.5229747747488053,6185451884.404534,517.1577306082468,1,1426.1099683573523,1296.3093413722834,90600.0,1828.1367385269195,202,13,0.2624395172602659,0.28129056367289457,0.8723644137933827,0.18362885355678038,305.45454545454544,0.64
type=lease_queue=srpt_sandbox_idle_timeout_s=0_rate_per_min=4.0_seed=8,lease,srpt,0,4.0,lease,8,857,508,42,0.07636363636363637,0.12424242424242424,508,1046.7424986123997,2174.5079275158373,26.70772608614487,600.0000000000005,0,1155,0,0,0,0.018562931668878978,0.4602767953006339,7077788100.503788,337.3144653954024,0,1285.7782989313973,1253.1887569314792,98400.0,4027.985951026369,206,5,0.2528709585103581,0.26929199045880214,0.8679659054325304,0.2371243950441012,277.0909090909091,0.64
type=lease_queue=srpt_sandbox_idle_timeout_s=0_rate_per_min=4.0_seed=9,lease,srpt,0,4.0,lease,9,922,533,59,0.09966216216216216,0.14948453608247422,533,1173.193810204923,2406.7246617966866,18.08334649295772,600.0000000000005,0,1388,0,0,0,0.04643373693264683,0.5442988682950077,7892797134.051351,176.6618423793759,1,1117.8636488440534,1043.6722447049574,87600.0,6700.903069902061,233,6,0.22750414038507263,0.2461639056160128,0.8561908829925863,0.2261258972974729,290.72727272727275,0.62
type=lease_queue=srpt_sandbox_idle_timeout_s=0_rate_per_min=4.0_seed=10,lease,srpt,0,4.0,lease,10,802,456,34,0.06938775510204082,0.09649122807017543,456,1159.6574481819696,3063.8261128525132,8.848138337174937,600.0000000000005,0,1125,0,0,0,0.032332204829535756,0.6007478027015299,7505518846.641817,163.01827622104997,1,974.1284815105278,883.9187256668624,69600.0,4515.922819383721,156,18,0.24770734704636144,0.2605197133577867,0.7461584508101852,0.2035957085206139,248.72727272727275,0.52
type=lease_queue=srpt_sandbox_idle_timeout_s=300_rate_per_min=1.0_seed=1,lease,srpt,300,1.0,lease,1,230,209,1,0.004761904761904762,0.007874015748031496,209,88.3296307050357,1058.4786059887083,0.0,5.919855552460831,0,25,0,0,0,0.0017881000678029388,0.4745181680505613,838620597.155871,8413.803221999464,27,410.8030029683714,0.0,35400.0,96.93125105430352,66,57,0.8969567895707875,0.9029365015012594,0.3058898100840132,0.09298272808021382,114.0,0.17
type=lease_queue=srpt_sandbox_idle_timeout_s=300_rate_per_min=1.0_seed=2,lease,srpt,300,1.0,lease,2,244,226,1,0.004405286343612335,0.008130081300813009,226,88.7347345051187,1539.537929647335,0.0,140.52250040720537,0,20,0,0,0,0.0002027948771148461,0.3758557801121245,747600170.6205623,8530.590650879803,42,236.44316822231787,9.28963113334612,39600.0,782.4496067504859,55,48,0.9063812465279784,0.906793555467818,0.31463534472125093,0.10470894018933795,123.27272727272728,0.17
type=lease_queue=srpt_sandbox_idle_timeout_s=300_rate_per_min=1.0_seed=3,lease,srpt,300,1.0,lease,3,266,239,2,0.008298755186721992,0.015503875968992248,239,159.57477009081776,1281.1611912232315,0.0,191.13343901973622,0,39,0,0,0,0.003917752223403079,0.41377957726571174,1616418333.9786184,5692.064294306455,12,443.56294411286035,315.4500887943914,31800.0,38.60949980878485,82,49,0.8459962558469718,0.8561889818210316,0.38120051204755895,0.13217902786352412,130.36363636363637,0.21
type=lease_queue=srpt_sandbox_idle_timeout_s=300_rate_per_min=1.0_seed=4,lease,srpt,300,1.0,lease,4,234,212,3,0.013953488372093023,0.015384615384615385,212,122.53226429199117,2264.657437475683,0.0,59.14131414089297,0,37,0,0,0,0.007374212894415041,0.4541201153733603,1122865550.6255374,13002.805867235307,34,830.585706201146,444.9405414894836,42600.0,142.9628563621286,83,65,0.8889577102448485,0.9019153884575941,0.39652189283054906,0.14361360630853007,115.63636363636364,0.21
type=lease_queue=srpt_sandbox_idle_timeout_s=300_rate_per_min=1.0_seed=5,lease,srpt,300,1.0,lease,5,396,372,2,0.0053475935828877,0.012578616352201259,372,98.4319668522279,1116.5476929750444,0.8162656070176381,516.2598757108153,0,59,0,0,0,0.009949687745141475,0.39866945167646656,2050930800.3725085,17520.866147051274,61,626.0743411370552,225.33874245201287,50400.0,459.59054072228525,99,70,0.8743670775242968,0.8830241773017651,0.5094864309602435,0.14175625704077185,202.9090909090909,0.27
type=lease_queue=srpt_sandbox_idle_timeout_s=300_rate_per_min=1.0_seed=6,lease,srpt,300,1.0,lease,6,293,280,1,0.0035587188612099642,0.0,280,100.30549122902994,1460.641426217522,0.42138530286511827,113.36441785740863,0,12,0,0,0,0.00016230136828439856,0.28234251171154484,1261746457.6571188,18390.486609296433,63,583.8267201543932,21.394643099854875,37200.0,240.75430098253287,86,72,0.9389705191012566,0.9435094938380562,0.4236438888969827,0.12865340412137719,152.72727272727272,0.22
type=lease_queue=srpt_sandbox_idle_timeout_s=300_rate_per_min=1.0_seed=7,lease,srpt,300,1.0,lease,7,268,255,3,0.011627906976744186,0.02142857142857143,255,93.77197001457762,1878.0533956167365,0.0,147.858701399653,0,63,0,0,0,0.04093981480324466,0.6070734557637895,1026462161.316887,13829.43834994505,47,415.90730149631037,33.1641021746691,45600.0,92.89562649932043,92,73,0.9074101963715046,0.9246395038975458,0.3297309355534512,0.0780643155719016,139.0909090909091,0.17
type=lease_queue=srpt_sandbox_idle_timeout_s=300_rate_per_min=1.0_seed=8,lease,srpt,300,1.0,lease,8,352,323,2,0.006153846153846154,0.0136986301369863,323,170.49687606021462,1545.1788939815526,0.16484257544366546,600.0,0,48,0,0,0,0.002217499129361165,0.39962118389762186,2441662733.5481534,11784.164624913697,35,712.5732900850138,295.41732754862323,59400.0,283.12116430927415,100,48,0.8398819972385304,0.8481363526917874,0.5720801676581521,0.184655428981021,176.1818181818182,0.28
type=lease_queue=srpt_sandbox_idle_timeout_s=300_rate_per_min=1.0_seed=9,lease,srpt,300,1.0,lease,9,379,354,6,0.016666666666666666,0.03896103896103896,354,133.24458087331527,1298.0661804147107,0.0,209.5657631312356,0,75,0,0,0,0.011709839616004265,0.43385212599139084,1883892103.8848536,20304.695512249855,50,745.3833296787079,287.08158204044094,52800.0,61.101851930606585,116,63,0.880193744133829,0.900624223568636,0.5452216142717237,0.1618399058426378,193.0909090909091,0.28
type=lease_queue=srpt_sandbox_idle_timeout_s=300_rate_per_min=1.0_seed=10,lease,srpt,300,1.0,lease,10,232,200,6,0.02912621359223301,0.04838709677419355,200,107.38391168906833,1480.7273310534028,0.0,306.1466115704534,0,41,0,0,0,0.02557843917444844,0.6160842035480234,1923773811.2261376,9010.35085697901,22,466.231331828841,267.7182755541007,25200.0,108.29507801510977,62,37,0.8063768075008346,0.8379994274028282,0.35119797913833856,0.09945759529370002,109.0909090909091,0.17
type=lease_queue=srpt_sandbox_idle_timeout_s=300_rate_per_min=2.0_seed=1,lease,srpt,300,2.0,lease,1,411,369,3,0.008064516129032258,0.013043478260869565,369,206.86705358862218,1389.7980565061598,0.0,600.0,0,63,0,0,0,0.002996388311057991,0.5129720066937116,1651634826.3075404,7428.8210651767,27,794.2234279508011,438.38028344416693,73200.0,1694.1195338802704,108,49,0.762573326651627,0.7703554665834754,0.582900624198718,0.17699335786136206,201.27272727272728,0.32
type=lease_queue=srpt_sandbox_idle_timeout_s=300_rate_per_min=2.0_seed=2,lease,srpt,300,2.0,lease,2,521,455,1,0.0021929824561403508,0.0041841004184100415,455,220.27291211517604,1716.9255677389801,3.297968814770923,600.0,0,57,0,0,0,6.456772434915559e-05,0.4465404747540632,2547688889.1663575,7375.0953027919495,29,868.5297373258934,555.9461237484504,69000.0,2097.072322560093,128,53,0.7150720020211028,0.7144639199008217,0.629753419030044,0.18621799552885315,248.1818181818182,0.36
type=lease_queue=srpt_sandbox_idle_timeout_s=300_rate_per_min=2.0_seed=3,lease,srpt,300,2.0,lease,3,529,382,11,0.027989821882951654,0.05045871559633028,382,589.2774806420389,2080.052053941642,2.8401566163483563,600.0000000000005,0,330,0,0,0,0.020601513057428807,0.4781439802662092,5080533291.775381,3581.8066969635724,6,943.4481577223983,877.8995231966946,47400.0,3451.136042010137,149,21,0.39735264908199036,0.40939853606984083,0.6051276496535872,0.21774107603194062,208.36363636363637,0.38
type=lease_queue=srpt_sandbox_idle_timeout_s=300_rate_per_min=2.0_seed=4,lease,srpt,300,2.0,lease,4,488,409,5,0.012077294685990338,0.017467248908296942,409,173.29047544932587,2019.852803647429,7.674843291108631,600.0000000000002,0,70,0,0,0,0.006882237362165491,0.39033527828492326,2764200043.331938,7927.422544627563,25,1094.4259291247813,862.0279285466115,60600.0,848.7737265525793,144,52,0.6967656444524428,0.7052416566798709,0.7039973795972547,0.23037926469087222,223.0909090909091,0.38
type=lease_queue=srpt_sandbox_idle_timeout_s=300_rate_per_min=2.0_seed=5,lease,srpt,300,2.0,lease,5,688,557,9,0.015901060070671377,0.028938906752411574,557,493.457836978396,1998.1539973004787,24.99112040774259,600.0000000000005,0,451,0,0,0,0.010589288606079503,0.4518506537949343,5760969419.082653,0.0,0,1014.852477575854,990.2805577523525,92400.0,6734.5113428259465,209,1,0.4822010809472334,0.4908910038647761,0.8289928010999418,0.22706021781620897,303.8181818181818,0.52
type=lease_queue=srpt_sandbox_idle_timeout_s=300_rate_per_min=2.0_seed=6,lease,srpt,300,2.0,lease,6,472,423,4,0.00936768149882904,0.01293103448275862,423,241.55917347134164,1631.7970360407667,11.168967622238664,600.0000000000005,0,98,0,0,0,0.006834635280167208,0.43762075216820007,3178267511.07128,9184.577265822742,24,2478.8660839015765,2323.111280609337,86400.0,1235.2016560966265,137,35,0.6951080418125227,0.7009642493762641,0.7008133704432142,0.1907689119576014,230.72727272727275,0.38
type=lease_queue=srpt_sandbox_idle_timeout_s=300_rate_per_min=2.0_seed=7,lease,srpt,300,2.0,lease,7,578,497,5,0.0099601593625498,0.016611295681063124,497,235.63419423958203,2066.8928673077526,9.59528667897509,600.0000000000005,0,206,0,0,0,0.014086475788174293,0.4312892677253604,3465187129.1901574,6082.132959261745,19,1174.874700453374,840.5394460279845,77400.0,953.3444054197571,163,54,0.62332473014642,0.6311751675538055,0.6817568519206488,0.19564475988556337,271.0909090909091,0.4
type=lease_queue=srpt_sandbox_idle_timeout_s=300_rate_per_min=2.0_seed=8,lease,srpt,300,2.0,lease,8,599,468,13,0.02702702702702703,0.05555555555555555,468,544.7349661063458,2160.672058651784,14.669437264310226,600.0000000000005,0,368,0,0,0,0.01895048826324182,0.44202298600877754,5381199608.125639,0.0,0,1069.0945587586607,865.8226073982273,91200.0,2083.7671886210637,164,3,0.4347333591361208,0.4484537361167191,0.7902656869981871,0.24336103457647817,255.27272727272728,0.46
type=lease_queue=srpt_sandbox_idle_timeout_s=300_rate_per_min=2.0_seed=9,lease,srpt,300,2.0,lease,9,632,495,18,0.03508771929824561,0.06792452830188679,495,542.6627255905842,1852.5137442881999,11.536476809929775,600.0000000000005,0,370,0,0,0,0.02073192938721448,0.553156873646934,6190970445.288974,330.06127373010577,0,924.8830147851071,880.1787527245051,82800.0,2878.245694346547,165,4,0.4431967831972697,0.46092313733153284,0.7851140160175473,0.2064807423213617,270.0,0.45
type=lease_queue=srpt_sandbox_idle_timeout_s=300_rate_per_min=2.0_seed=10,lease,srpt,300,2.0,lease,10,390,344,7,0.019943019943019943,0.03365384615384615,344,170.54151056309638,1433.131795783046,2.558394026165587,600.0,0,79,0,0,0,0.023952699609248052,0.5938736352219799,2981382056.5011506,6291.421425302624,20,706.8897669179521,484.20981457641244,35400.0,599.0081673260415,103,67,0.7139334331991573,0.7336865321414265,0.5758780717713999,0.1620873751890231,187.63636363636365,0.3
type=lease_queue=srpt_sandbox_idle_timeout_s=300_rate_per_min=4.0_seed=1,lease,srpt,300,4.0,lease,1,924,466,38,0.07539682539682539,0.10734463276836158,466,1168.6566400332379,2757.703966559156,16.052907597796153,600.0000000000005,0,1558,0,0,0,0.025775718504687295,0.5913674771701117,7643931591.045564,0.0,0,1149.2114842268434,1056.6153264665575,107400.0,8107.291233064314,191,0,0.20674049324325575,0.21642814770000057,0.8428333803621149,0.19370707086644567,254.1818181818182,0.65
type=lease_queue=srpt_sandbox_idle_timeout_s=300_rate_per_min=4.0_seed=2,lease,srpt,300,4.0,lease,2,778,520,23,0.0423572744014733,0.06451612903225806,520,625.8798211429335,2134.7648701900507,11.803239282002714,600.0000000000005,0,839,0,0,0,0.022407723732158297,0.5918693570619139,7225421314.764255,274.19629573310544,3,1958.5912406155048,1870.1438198923724,97800.0,7120.47946559056,177,8,0.3359286115177235,0.34637519444641773,0.7820032436828219,0.20235611730782088,283.6363636363636,0.57
type=lease_queue=srpt_sandbox_idle_timeout_s=300_rate_per_min=4.0_seed=3,lease,srpt,300,4.0,lease,3,826,498,31,0.05860113421550094,0.09967845659163987,498,1098.4485213566802,2544.336700768563,17.550755293987674,600.0000000000005,0,1268,0,0,0,0.021565229511818,0.5036913365207069,7652188878.558926,0.0,0,1215.763798630905,1165.166032162649,66600.0,7085.834359252902,242,6,0.2401209335183936,0.25232496750564437,0.8019363637051606,0.2351605209426309,271.6363636363636,0.62
type=lease_queue=srpt_sandbox_idle_timeout_s=300_rate_per_min=4.0_seed=4,lease,srpt,300,4.0,lease,4,703,495,19,0.03696498054474708,0.056666666666666664,495,651.8291987220791,2339.388767826471,17.574524380781973,600.0000000000005,0,498,0,0,0,0.03548954368237135,0.3886245471257775,6247947141.104424,0.0,0,1644.5515210349265,1631.8676811451037,84600.0,3592.4424528176705,195,0,0.3895774100291761,0.4000943781459082,0.8468105426905271,0.25348584976893457,270.0,0.55
type=lease_queue=srpt_sandbox_idle_timeout_s=300_rate_per_min=4.0_seed=5,lease,srpt,300,4.0,lease,5,846,538,43,0.07401032702237521,0.11666666666666667,538,1074.9834474927359,3217.5546307807895,30.77271161110463,600.0000000000005,0,1326,0,0,0,0.03251562822731155,0.4666827731814011,8429819025.71577,0.0,0,1245.2504680264965,1180.2815630495725,118200.0,11396.200572267804,258,0,0.28856824853837226,0.30805885570812563,0.8546677460097772,0.22629777885612587,293.45454545454544,0.68
type=lease_queue=srpt_sandbox_idle_timeout_s=300_rate_per_min=4.0_seed=6,lease,srpt,300,4.0,lease,6,866,505,63,0.11091549295774648,0.16449086161879894,505,1500.5723707654802,3713.8595717157154,50.4140888709167,600.0000000000005,0,1804,0,0,0,0.06544328198452992,0.4452346382095132,7769924032.844003,0.0,0,3078.450397514987,3056.290485671346,102600.0,9465.611507902247,243,0,0.24018259498872546,0.26310687153480056,0.8868586886574075,0.2152298680032306,275.45454545454544,0.72
type=lease_queue=srpt_sandbox_idle_timeout_s=300_rate_per_min=4.0_seed=7,lease,srpt,300,4.0,lease,7,942,568,51,0.08239095315024232,0.11264367816091954,568,810.9333108832317,2564.378584540928,24.950016454194593,600.0000000000005,0,1416,0,0,0,0.03643230982790346,0.5197572059013527,6007804214.610723,4.709495333012001,1,1414.1255694528636,1337.572388842939,89400.0,2465.3971074038695,205,7,0.27115439190868523,0.28779514890884567,0.8687496119650027,0.18437629166980773,309.8181818181818,0.66
type=lease_queue=srpt_sandbox_idle_timeout_s=300_rate_per_min=4.0_seed=8,lease,srpt,300,4.0,lease,8,851,495,40,0.07476635514018691,0.11692307692307692,495,1095.9899892611443,2295.976341130668,21.575641407561903,600.0000000000005,0,1223,0,0,0,0.024590504161582784,0.4503989387671537,7165659129.325608,0.0,0,1377.1844889405488,1350.8310102413575,105600.0,3779.509720821814,204,0,0.24814344545505085,0.2625592793226734,0.8620136799282894,0.23569548223734493,270.0,0.64
type=lease_queue=srpt_sandbox_idle_timeout_s=300_rate_per_min=4.0_seed=9,lease,srpt,300,4.0,lease,9,915,518,58,0.10069444444444445,0.1503957783641161,518,1237.0504336325255,2467.149835431573,23.449108492659256,600.0000000000005,0,1436,0,0,0,0.04189033977347563,0.5505195907804037,8086883508.94181,0.0,0,1084.9208623271602,1038.5438640504767,86400.0,6859.859080939913,225,2,0.22420855194591552,0.24220590828812968,0.8476450327149703,0.2208755720741807,282.54545454545456,0.63
type=lease_queue=srpt_sandbox_idle_timeout_s=300_rate_per_min=4.0_seed=10,lease,srpt,300,4.0,lease,10,795,437,43,0.08958333333333333,0.12389380530973451,437,1101.5479189842267,3620.8884240849247,16.55836891605295,600.0000000000005,0,1210,0,0,0,0.035573450827999,0.5936917490551001,8040247240.853235,0.0,0,918.948167289834,783.9669743681388,66600.0,3985.3026074176955,155,9,0.21893663668225125,0.2334591517492908,0.7119493835470087,0.18808754874425831,238.36363636363637,0.49
type=clairvoyant_queue=fifo_sandbox_idle_timeout_s=0_rate_per_min=1.0_seed=1,clairvoyant,fifo,0,1.0,clairvoyant,1,230,209,1,0.004761904761904762,0.007874015748031496,209,88.3296307050357,1058.2166699887084,0.0,0.0,0,25,0,0,0,0.002228068965582992,0.4765342126074454,77576885.03883046,252.0,84,0.0,0.0,0.0,0.0,66,57,0.8970526338127416,0.9030329847048264,0.30543079437807563,0.09218892538498254,114.0,0.08
type=clairvoyant_queue=fifo_sandbox_idle_timeout_s=0_rate_per_min=1.0_seed=2,clairvoyant,fifo,0,1.0,clairvoyant,2,244,227,1,0.0043859649122807015,0.008064516129032258,227,92.17069484485364,1534.3205098766118,0.0,67.31352817170591,0,20,0,0,0,0.000268551391468385,0.3773675686011488,28623923.851687703,285.0,95,0.0,0.0,0.0,0.0,56,49,0.9190100939388967,0.9195198976209721,0.31522964994496244,0.10395260258783397,123.81818181818183,0.08
type=clairvoyant_queue=fifo_sandbox_idle_timeout_s=0_rate_per_min=1.0_seed=3,clairvoyant,fifo,0,1.0,clairvoyant,3,268,242,2,0.00819672131147541,0.015503875968992248,242,131.31743826229433,1272.7656326357308,0.9576811775855387,320.8165476054137,0,39,0,0,0,0.003677951140618966,0.41053058381517454,1205024878.757155,228.0,76,0.0,0.0,0.0,0.0,82,51,0.8718501903494946,0.882354409510332,0.38370838297639864,0.1339450867608557,132.0,0.1
type=clairvoyant_queue=fifo_sandbox_idle_timeout_s=0_rate_per_min=1.0_seed=4,clairvoyant,fifo,0,1.0,clairvoyant,4,234,212,3,0.013953488372093023,0.015384615384615385,212,120.56501429199102,2260.4352424756826,0.0,6.073124315152199,0,37,0,0,0,0.007805573369498558,0.45517670652757986,353826848.2877846,231.0,77,0.0,0.0,0.0,0.0,83,69,0.8900308374462031,0.9030394871183982,0.39548138620176126,0.1429466764185376,115.63636363636364,0.09
type=clairvoyant_queue=fifo_sandbox_idle_timeout_s=0_rate_per_min=1.0_seed=5,clairvoyant,fifo,0,1.0,clairvoyant,5,398,379,2,0.005249343832020997,0.012422360248447204,379,78.17117916306233,1110.600596167069,1.5682720919351223,70.38389803255814,0,59,0,0,0,0.014911033336364527,0.40183427400529786,459405079.5815659,570.0,190,0.0,0.0,0.0,0.0,99,82,0.9162422797653513,0.9253139855056025,0.5121418231473388,0.1398509244290194,206.72727272727275,0.12
type=clairvoyant_queue=fifo_sandbox_idle_timeout_s=0_rate_per_min=1.0_seed=6,clairvoyant,fifo,0,1.0,clairvoyant,6,294,280,1,0.0035587188612099642,0.0,280,96.61770926003328,1457.9662362175222,0.0,10.175430064204193,0,12,0,0,0,0.0002046228595453765,0.28412437378208844,524413493.2078447,396.0,132,0.0,0.0,0.0,0.0,86,77,0.9416135456542936,0.9462119747858616,0.4226513292378918,0.12749228435569204,152.72727272727272,0.1
type=clairvoyant_queue=fifo_sandbox_idle_timeout_s=0_rate_per_min=1.0_seed=7,clairvoyant,fifo,0,1.0,clairvoyant,7,269,256,3,0.011583011583011582,0.02142857142857143,256,93.21382350284716,1872.833144912367,0.0,148.6858125311046,0,63,0,0,0,0.05052744411718526,0.6095535673798784,735509739.043106,312.0,104,0.0,0.0,0.0,0.0,92,74,0.9226440172973849,0.9401625745878415,0.33011376862778424,0.07722737894836812,139.63636363636365,0.08
type=clairvoyant_queue=fifo_sandbox_idle_timeout_s=0_rate_per_min=1.0_seed=8,clairvoyant,fifo,0,1.0,clairvoyant,8,354,329,2,0.006042296072507553,0.0136986301369863,329,141.02197018793004,1626.243575954161,2.24944330483646,363.4639082956519,0,48,0,0,0,0.0033406610597880556,0.3946169241052157,1037032100.3767878,366.0,122,0.0,0.0,0.0,0.0,103,64,0.8866751618582623,0.8954454025045043,0.5816166202894328,0.18927249804262788,179.45454545454547,0.13
type=clairvoyant_queue=fifo_sandbox_idle_timeout_s=0_rate_per_min=1.0_seed=9,clairvoyant,fifo,0,1.0,clairvoyant,9,378,353,6,0.016713091922005572,0.03896103896103896,353,114.1495939034603,1305.6463827802645,0.0,600.0,0,76,0,0,0,0.014278926013049704,0.43654368084429135,766217641.4391012,438.0,146,0.0,0.0,0.0,0.0,115,78,0.8754056348413718,0.8957888721087374,0.5415310783678128,0.16027912289855148,192.54545454545456,0.13
type=clairvoyant_queue=fifo_sandbox_idle_timeout_s=0_rate_per_min=1.0_seed=10,clairvoyant,fifo,0,1.0,clairvoyant,10,232,202,6,0.028846153846153848,0.047619047619047616,202,96.6993112619225,1475.289576839982,0.0,306.1466115704534,0,41,0,0,0,0.028667627821928405,0.6146981053526015,1315764218.4224393,213.0,71,0.0,0.0,0.0,0.0,62,50,0.8312114517203708,0.8638079792388169,0.351273762982388,0.09998497718358572,110.18181818181819,0.08
type=clairvoyant_queue=fifo_sandbox_idle_timeout_s=0_rate_per_min=2.0_seed=1,clairvoyant,fifo,0,2.0,clairvoyant,1,414,366,3,0.008130081300813009,0.013333333333333334,366,152.12858618714006,1386.4816020161945,0.623454506455108,600.0,0,70,0,0,0,0.003720413844919773,0.5199125406749292,896882177.532806,243.0,81,0.0,0.0,0.0,0.0,110,57,0.7853693729494158,0.7934020636008243,0.586958689608424,0.1723699881083674,199.63636363636365,0.15
type=clairvoyant_queue=fifo_sandbox_idle_timeout_s=0_rate_per_min=2.0_seed=2,clairvoyant,fifo,0,2.0,clairvoyant,2,526,474,1,0.002105263157894737,0.00411522633744856,474,135.37313313758568,1517.9886357399334,5.295825193695978,600.0,0,72,0,0,0,9.333810084737934e-05,0.4641890438524867,2050207178.603868,261.0,87,0.0,0.0,0.0,0.0,133,55,0.8045550809466755,0.8042836352941958,0.6581753548748704,0.17237750159800672,258.54545454545456,0.18
type=clairvoyant_queue=fifo_sandbox_idle_timeout_s=0_rate_per_min=2.0_seed=3,clairvoyant,fifo,0,2.0,clairvoyant,3,550,402,15,0.03597122302158273,0.06787330316742081,402,245.0482105841387,2361.198621491104,3.540131222045729,600.0000000000005,0,352,0,0,0,0.020029064210300613,0.48660613507907974,3525754476.5702124,69.0,23,0.0,0.0,0.0,0.0,154,24,0.5035699084838253,0.5245412762938059,0.6337951541375291,0.1981908629379183,219.27272727272728,0.2
type=clairvoyant_queue=fifo_sandbox_idle_timeout_s=0_rate_per_min=2.0_seed=4,clairvoyant,fifo,0,2.0,clairvoyant,4,497,427,5,0.011574074074074073,0.01680672268907563,427,147.3031680450904,1973.7486725888673,7.28820034627146,600.0000000000002,0,77,0,0,0,0.007730615995735518,0.38873286338218327,1754381279.3115056,222.0,74,0.0,0.0,0.0,0.0,143,66,0.7548968632692685,0.7643102485554321,0.7126040867488992,0.23479550662251392,232.9090909090909,0.18
type=clairvoyant_queue=fifo_sandbox_idle_timeout_s=0_rate_per_min=2.0_seed=5,clairvoyant,fifo,0,2.0,clairvoyant,5,722,602,14,0.022727272727272728,0.04281345565749235,602,228.5752591624073,1897.3262261981577,23.498567692471546,600.0000000000005,0,472,0,0,0,0.016031460283081948,0.44500196687005517,4034461417.7096124,33.0,11,0.0,0.0,0.0,0.0,217,7,0.5832520716639124,0.5995308224473332,0.8667532698580356,0.23175900167162466,328.3636363636364,0.28
type=clairvoyant_queue=fifo_sandbox_idle_timeout_s=0_rate_per_min=2.0_seed=6,clairvoyant,fifo,0,2.0,clairvoyant,6,475,422,3,0.007058823529411765,0.008695652173913044,422,167.86359661995573,1976.8166639169383,8.316626470108258,600.0,0,90,0,0,0,0.009777459281678684,0.4499614835196732,1903606368.1077838,198.0,66,0.0,0.0,0.0,0.0,139,43,0.7555880134854217,0.7625827844609784,0.6953801651005246,0.19083334426979862,230.1818181818182,0.18
type=clairvoyant_queue=fifo_sandbox_idle_timeout_s=0_rate_per_min=2.0_seed=7,clairvoyant,fifo,0,2.0,clairvoyant,7,597,518,6,0.011450381679389313,0.01948051948051948,518,151.50923757170472,1904.8207899225897,8.505939847460661,600.0000000000005,0,217,0,0,0,0.01776338889106946,0.451048036234953,3080700603.9941287,156.0,52,0.0,0.0,0.0,0.0,168,72,0.7086537415808282,0.7191161762900647,0.7117362906468532,0.1793245070225764,282.54545454545456,0.21
type=clairvoyant_queue=fifo_sandbox_idle_timeout_s=0_rate_per_min=2.0_seed=8,clairvoyant,fifo,0,2.0,clairvoyant,8,622,493,21,0.04085603112840467,0.08333333333333333,493,276.44672938973326,2138.8004086164283,16.433374156662097,600.0000000000005,0,464,0,0,0,0.04198686875342818,0.5172929911977112,3906933892.1806555,42.0,14,0.0,0.0,0.0,0.0,177,4,0.5213848454063738,0.5484367746711883,0.7864343750283281,0.2196360749914889,268.90909090909093,0.24
type=clairvoyant_queue=fifo_sandbox_idle_timeout_s=0_rate_per_min=2.0_seed=9,clairvoyant,fifo,0,2.0,clairvoyant,9,676,548,23,0.040280210157618214,0.07857142857142857,548,241.19213848148115,2029.6059850418899,19.32979152526459,600.0000000000005,0,411,0,0,0,0.034511326730522526,0.4705631447104668,3544001031.3711596,12.0,4,0.0,0.0,0.0,0.0,189,5,0.5912992870579702,0.6209805545098438,0.8536868129977662,0.21597022647219805,298.90909090909093,0.26
type=clairvoyant_queue=fifo_sandbox_idle_timeout_s=0_rate_per_min=2.0_seed=10,clairvoyant,fifo,0,2.0,clairvoyant,10,390,343,7,0.02,0.03333333333333333,343,181.35425022916638,1477.519248242981,2.96223366745312,600.0,0,85,0,0,0,0.020822944559619843,0.6040453176278011,2621285575.5041065,123.0,41,0.0,0.0,0.0,0.0,108,51,0.7068693137135625,0.7264269627095898,0.5812056552342334,0.15974653252648244,187.0909090909091,0.14
type=clairvoyant_queue=fifo_sandbox_idle_timeout_s=0_rate_per_min=4.0_seed=1,clairvoyant,fifo,0,4.0,clairvoyant,1,976,542,64,0.10561056105610561,0.15538847117794485,542,300.54514696091974,2204.1060707239244,39.46033756911226,600.0000000000005,0,1437,0,0,0,0.0373788397636692,0.539056765923876,6161775145.120878,6.0,2,0.0,0.0,0.0,0.0,226,0,0.3203712311344797,0.34573662593210747,0.9026376725791571,0.18267832866369857,295.6363636363636,0.43
type=clairvoyant_queue=fifo_sandbox_idle_timeout_s=0_rate_per_min=4.0_seed=2,clairvoyant,fifo,0,4.0,clairvoyant,2,782,517,42,0.07513416815742398,0.12037037037037036,517,260.77577509111734,3632.6822699339264,14.84921542084439,600.0000000000005,0,1003,0,0,0,0.030181150450874748,0.6099976137508625,5374516749.408816,39.0,13,0.0,0.0,0.0,0.0,201,11,0.41405767055274884,0.4417853593483581,0.8005349798748705,0.18755969434398984,282.0,0.32
type=clairvoyant_queue=fifo_sandbox_idle_timeout_s=0_rate_per_min=4.0_seed=3,clairvoyant,fifo,0,4.0,clairvoyant,3,848,542,47,0.07979626485568761,0.13505747126436782,542,323.31933141797174,3618.826708315412,31.05963790545185,600.0000000000005,0,1243,0,0,0,0.036045304501798055,0.5446861131445823,5945670597.022043,27.0,9,0.0,0.0,0.0,0.0,263,8,0.3691115362662966,0.3963085686532189,0.8164985353090198,0.2055580488701503,295.6363636363636,0.36
type=clairvoyant_queue=fifo_sandbox_idle_timeout_s=0_rate_per_min=4.0_seed=4,clairvoyant,fifo,0,4.0,clairvoyant,4,720,528,30,0.053763440860215055,0.08641975308641975,528,267.59619790486886,2770.4517028293817,23.36842077429213,600.0000000000005,0,559,0,0,0,0.04377818673769156,0.4069400607430898,3985151720.7499647,15.0,5,0.0,0.0,0.0,0.0,215,5,0.5115981065088935,0.5396216819510576,0.879057233075952,0.24638174132464566,288.0,0.31
type=clairvoyant_queue=fifo_sandbox_idle_timeout_s=0_rate_per_min=4.0_seed=5,clairvoyant,fifo,0,4.0,clairvoyant,5,871,570,64,0.10094637223974763,0.16321243523316062,570,297.56704555988966,2865.8312583575744,55.99299793832694,600.0000000000005,0,1385,0,0,0,0.05987072640705053,0.5130488631657387,6781943472.513843,12.0,4,0.0,0.0,0.0,0.0,280,0,0.37372955097472643,0.4100894200810796,0.8888646367521368,0.1978294886505484,310.90909090909093,0.39
type=clairvoyant_queue=fifo_sandbox_idle_timeout_s=0_rate_per_min=4.0_seed=6,clairvoyant,fifo,0,4.0,clairvoyant,6,885,528,97,0.1552,0.22355769230769232,528,456.1383701045013,3779.847841649507,81.05554305635435,600.0000000000005,0,1850,0,0,0,0.07707760101200044,0.4746950051161391,6916666088.109704,9.0,3,0.0,0.0,0.0,0.0,248,0,0.29926794259027667,0.3434025853347289,0.8927384669248576,0.19754127705127394,288.0,0.44
type=clairvoyant_queue=fifo_sandbox_idle_timeout_s=0_rate_per_min=4.0_seed=7,clairvoyant,fifo,0,4.0,clairvoyant,7,957,598,79,0.11669128508124077,0.1544885177453027,598,377.3438403920177,2221.884808332238,55.821918088749996,600.0000000000005,0,1374,0,0,0,0.05995983606078809,0.5028405220334663,5899600897.769573,33.0,11,0.0,0.0,0.0,0.0,215,18,0.3651044770832205,0.39991897298496865,0.9090599866007835,0.1716705942503508,326.1818181818182,0.4
type=clairvoyant_queue=fifo_sandbox_idle_timeout_s=0_rate_per_min=4.0_seed=8,clairvoyant,fifo,0,4.0,clairvoyant,8,876,518,69,0.11754684838160136,0.1846590909090909,518,335.8584669870181,3248.7543468209456,31.081781770739514,600.0000000000005,0,1274,0,0,0,0.049643470754683075,0.48734462344148005,6098103850.107003,24.0,8,0.0,0.0,0.0,0.0,225,2,0.3278922804335611,0.3603311786974232,0.8813848976584758,0.22647309969951393,282.54545454545456,0.38
type=clairvoyant_queue=fifo_sandbox_idle_timeout_s=0_rate_per_min=4.0_seed=9,clairvoyant,fifo,0,4.0,clairvoyant,9,950,582,83,0.12481203007518797,0.18691588785046728,582,264.6582259338082,3083.1840682796064,32.78611263837517,600.0000000000005,0,1239,0,0,0,0.06339746349467057,0.5182585880703517,6204308369.573903,21.0,7,0.0,0.0,0.0,0.0,264,5,0.3792888547301271,0.4212470289935691,0.8825347249579125,0.2120837644047103,317.45454545454544,0.37
type=clairvoyant_queue=fifo_sandbox_idle_timeout_s=0_rate_per_min=4.0_seed=10,clairvoyant,fifo,0,4.0,clairvoyant,10,838,520,60,0.10344827586206896,0.1524547803617571,520,275.08661256246705,3622.586173259228,17.00485149638642,600.0000000000005,0,1082,0,0,0,0.04847162551781642,0.5867919961109014,6267585374.231019,21.0,7,0.0,0.0,0.0,0.0,177,17,0.38150835592189136,0.4166963050484611,0.8031391780788656,0.20290399613773213,283.6363636363636,0.31
type=clairvoyant_queue=fifo_sandbox_idle_timeout_s=300_rate_per_min=1.0_seed=1,clairvoyant,fifo,300,1.0,clairvoyant,1,230,209,1,0.004761904761904762,0.007874015748031496,209,88.3296307050357,1058.2166699887084,0.0,0.0,0,25,0,0,0,0.002228068965582992,0.4765342126074454,77576885.03883046,252.0,84,0.0,0.0,0.0,0.0,66,57,0.8970526338127416,0.9030329847048264,0.30543079437807563,0.09218892538498254,114.0,0.08
type=clairvoyant_queue=fifo_sandbox_idle_timeout_s=300_rate_per_min=1.0_seed=2,clairvoyant,fifo,300,1.0,clairvoyant,2,244,227,1,0.0043859649122807015,0.008064516129032258,227,92.17069484485364,1534.3205098766118,0.0,67.31352817170591,0,20,0,0,0,0.000268551391468385,0.3773675686011488,28623923.851687703,285.0,95,0.0,0.0,0.0,0.0,56,49,0.9190100939388967,0.9195198976209721,0.31522964994496244,0.10395260258783397,123.81818181818183,0.08
type=clairvoyant_queue=fifo_sandbox_idle_timeout_s=300_rate_per_min=1.0_seed=3,clairvoyant,fifo,300,1.0,clairvoyant,3,268,242,2,0.00819672131147541,0.015503875968992248,242,131.31743826229433,1272.7656326357308,0.9576811775855387,320.8165476054137,0,39,0,0,0,0.003677951140618966,0.41053058381517454,1205024878.757155,228.0,76,0.0,0.0,0.0,0.0,82,51,0.8718501903494946,0.882354409510332,0.38370838297639864,0.1339450867608557,132.0,0.09
type=clairvoyant_queue=fifo_sandbox_idle_timeout_s=300_rate_per_min=1.0_seed=4,clairvoyant,fifo,300,1.0,clairvoyant,4,234,212,3,0.013953488372093023,0.015384615384615385,212,120.56501429199102,2260.4352424756826,0.0,6.073124315152199,0,37,0,0,0,0.007805573369498558,0.45517670652757986,353826848.2877846,231.0,77,0.0,0.0,0.0,0.0,83,69,0.8900308374462031,0.9030394871183982,0.39548138620176126,0.1429466764185376,115.63636363636364,0.09
type=clairvoyant_queue=fifo_sandbox_idle_timeout_s=300_rate_per_min=1.0_seed=5,clairvoyant,fifo,300,1.0,clairvoyant,5,398,379,2,0.005249343832020997,0.012422360248447204,379,78.17117916306233,1110.600596167069,1.5682720919351223,70.38389803255814,0,59,0,0,0,0.014911033336364527,0.40183427400529786,459405079.5815659,570.0,190,0.0,0.0,0.0,0.0,99,82,0.9162422797653513,0.9253139855056025,0.5121418231473388,0.1398509244290194,206.72727272727275,0.12
type=clairvoyant_queue=fifo_sandbox_idle_timeout_s=300_rate_per_min=1.0_seed=6,clairvoyant,fifo,300,1.0,clairvoyant,6,294,280,1,0.0035587188612099642,0.0,280,96.61770926003328,1457.9662362175222,0.0,10.175430064204193,0,12,0,0,0,0.0002046228595453765,0.28412437378208844,524413493.2078447,396.0,132,0.0,0.0,0.0,0.0,86,77,0.9416135456542936,0.9462119747858616,0.4226513292378918,0.12749228435569204,152.72727272727272,0.1
type=clairvoyant_queue=fifo_sandbox_idle_timeout_s=300_rate_per_min=1.0_seed=7,clairvoyant,fifo,300,1.0,clairvoyant,7,269,256,3,0.011583011583011582,0.02142857142857143,256,93.21382350284716,1872.833144912367,0.0,148.6858125311046,0,63,0,0,0,0.05052744411718526,0.6095535673798784,735509739.043106,312.0,104,0.0,0.0,0.0,0.0,92,74,0.9226440172973849,0.9401625745878415,0.33011376862778424,0.07722737894836812,139.63636363636365,0.08
type=clairvoyant_queue=fifo_sandbox_idle_timeout_s=300_rate_per_min=1.0_seed=8,clairvoyant,fifo,300,1.0,clairvoyant,8,354,329,2,0.006042296072507553,0.0136986301369863,329,141.02197018793004,1626.243575954161,2.24944330483646,363.4639082956519,0,48,0,0,0,0.0033406610597880556,0.3946169241052157,1037032100.3767878,366.0,122,0.0,0.0,0.0,0.0,103,64,0.8866751618582623,0.8954454025045043,0.5816166202894328,0.18927249804262788,179.45454545454547,0.13
type=clairvoyant_queue=fifo_sandbox_idle_timeout_s=300_rate_per_min=1.0_seed=9,clairvoyant,fifo,300,1.0,clairvoyant,9,378,353,6,0.016713091922005572,0.03896103896103896,353,114.1495939034603,1305.6463827802645,0.0,600.0,0,76,0,0,0,0.014278926013049704,0.43654368084429135,766217641.4391012,438.0,146,0.0,0.0,0.0,0.0,115,78,0.8754056348413718,0.8957888721087374,0.5415310783678128,0.16027912289855148,192.54545454545456,0.13
type=clairvoyant_queue=fifo_sandbox_idle_timeout_s=300_rate_per_min=1.0_seed=10,clairvoyant,fifo,300,1.0,clairvoyant,10,232,202,6,0.028846153846153848,0.047619047619047616,202,96.6993112619225,1475.289576839982,0.0,306.1466115704534,0,41,0,0,0,0.028667627821928405,0.6146981053526015,1315764218.4224393,213.0,71,0.0,0.0,0.0,0.0,62,50,0.8312114517203708,0.8638079792388169,0.351273762982388,0.09998497718358572,110.18181818181819,0.08
type=clairvoyant_queue=fifo_sandbox_idle_timeout_s=300_rate_per_min=2.0_seed=1,clairvoyant,fifo,300,2.0,clairvoyant,1,414,366,3,0.008130081300813009,0.013333333333333334,366,152.12858618714006,1386.4816020161945,0.623454506455108,600.0,0,70,0,0,0,0.003720413844919773,0.5199125406749292,896882177.532806,243.0,81,0.0,0.0,0.0,0.0,110,57,0.7853693729494158,0.7934020636008243,0.586958689608424,0.1723699881083674,199.63636363636365,0.15
type=clairvoyant_queue=fifo_sandbox_idle_timeout_s=300_rate_per_min=2.0_seed=2,clairvoyant,fifo,300,2.0,clairvoyant,2,526,474,1,0.002105263157894737,0.00411522633744856,474,135.37313313758568,1517.9886357399334,5.295825193695978,600.0,0,72,0,0,0,9.333810084737934e-05,0.4641890438524867,2050207178.603868,261.0,87,0.0,0.0,0.0,0.0,133,55,0.8045550809466755,0.8042836352941958,0.6581753548748704,0.17237750159800672,258.54545454545456,0.18
type=clairvoyant_queue=fifo_sandbox_idle_timeout_s=300_rate_per_min=2.0_seed=3,clairvoyant,fifo,300,2.0,clairvoyant,3,550,402,15,0.03597122302158273,0.06787330316742081,402,245.0482105841387,2361.198621491104,3.540131222045729,600.0000000000005,0,352,0,0,0,0.020029064210300613,0.48660613507907974,3525754476.5702124,69.0,23,0.0,0.0,0.0,0.0,154,24,0.5035699084838253,0.5245412762938059,0.6337951541375291,0.1981908629379183,219.27272727272728,0.2
type=clairvoyant_queue=fifo_sandbox_idle_timeout_s=300_rate_per_min=2.0_seed=4,clairvoyant,fifo,300,2.0,clairvoyant,4,497,427,5,0.011574074074074073,0.01680672268907563,427,147.3031680450904,1973.7486725888673,7.28820034627146,600.0000000000002,0,77,0,0,0,0.007730615995735518,0.38873286338218327,1754381279.3115056,222.0,74,0.0,0.0,0.0,0.0,143,66,0.7548968632692685,0.7643102485554321,0.7126040867488992,0.23479550662251392,232.9090909090909,0.18
type=clairvoyant_queue=fifo_sandbox_idle_timeout_s=300_rate_per_min=2.0_seed=5,clairvoyant,fifo,300,2.0,clairvoyant,5,722,602,14,0.022727272727272728,0.04281345565749235,602,228.5752591624073,1897.3262261981577,23.498567692471546,600.0000000000005,0,472,0,0,0,0.016031460283081948,0.44500196687005517,4034461417.7096124,33.0,11,0.0,0.0,0.0,0.0,217,7,0.5832520716639124,0.5995308224473332,0.8667532698580356,0.23175900167162466,328.3636363636364,0.28
type=clairvoyant_queue=fifo_sandbox_idle_timeout_s=300_rate_per_min=2.0_seed=6,clairvoyant,fifo,300,2.0,clairvoyant,6,475,422,3,0.007058823529411765,0.008695652173913044,422,167.86359661995573,1976.8166639169383,8.316626470108258,600.0,0,90,0,0,0,0.009777459281678684,0.4499614835196732,1903606368.1077838,198.0,66,0.0,0.0,0.0,0.0,139,43,0.7555880134854217,0.7625827844609784,0.6953801651005246,0.19083334426979862,230.1818181818182,0.18
type=clairvoyant_queue=fifo_sandbox_idle_timeout_s=300_rate_per_min=2.0_seed=7,clairvoyant,fifo,300,2.0,clairvoyant,7,597,518,6,0.011450381679389313,0.01948051948051948,518,151.50923757170472,1904.8207899225897,8.505939847460661,600.0000000000005,0,217,0,0,0,0.01776338889106946,0.451048036234953,3080700603.9941287,156.0,52,0.0,0.0,0.0,0.0,168,72,0.7086537415808282,0.7191161762900647,0.7117362906468532,0.1793245070225764,282.54545454545456,0.21
type=clairvoyant_queue=fifo_sandbox_idle_timeout_s=300_rate_per_min=2.0_seed=8,clairvoyant,fifo,300,2.0,clairvoyant,8,622,493,21,0.04085603112840467,0.08333333333333333,493,276.44672938973326,2138.8004086164283,16.433374156662097,600.0000000000005,0,464,0,0,0,0.04198686875342818,0.5172929911977112,3906933892.1806555,42.0,14,0.0,0.0,0.0,0.0,177,4,0.5213848454063738,0.5484367746711883,0.7864343750283281,0.2196360749914889,268.90909090909093,0.24
type=clairvoyant_queue=fifo_sandbox_idle_timeout_s=300_rate_per_min=2.0_seed=9,clairvoyant,fifo,300,2.0,clairvoyant,9,676,548,23,0.040280210157618214,0.07857142857142857,548,241.19213848148115,2029.6059850418899,19.32979152526459,600.0000000000005,0,411,0,0,0,0.034511326730522526,0.4705631447104668,3544001031.3711596,12.0,4,0.0,0.0,0.0,0.0,189,5,0.5912992870579702,0.6209805545098438,0.8536868129977662,0.21597022647219805,298.90909090909093,0.26
type=clairvoyant_queue=fifo_sandbox_idle_timeout_s=300_rate_per_min=2.0_seed=10,clairvoyant,fifo,300,2.0,clairvoyant,10,390,343,7,0.02,0.03333333333333333,343,181.35425022916638,1477.519248242981,2.96223366745312,600.0,0,85,0,0,0,0.020822944559619843,0.6040453176278011,2621285575.5041065,123.0,41,0.0,0.0,0.0,0.0,108,51,0.7068693137135625,0.7264269627095898,0.5812056552342334,0.15974653252648244,187.0909090909091,0.14
type=clairvoyant_queue=fifo_sandbox_idle_timeout_s=300_rate_per_min=4.0_seed=1,clairvoyant,fifo,300,4.0,clairvoyant,1,976,542,64,0.10561056105610561,0.15538847117794485,542,300.54514696091974,2204.1060707239244,39.46033756911226,600.0000000000005,0,1437,0,0,0,0.0373788397636692,0.539056765923876,6161775145.120878,6.0,2,0.0,0.0,0.0,0.0,226,0,0.3203712311344797,0.34573662593210747,0.9026376725791571,0.18267832866369857,295.6363636363636,0.43
type=clairvoyant_queue=fifo_sandbox_idle_timeout_s=300_rate_per_min=4.0_seed=2,clairvoyant,fifo,300,4.0,clairvoyant,2,782,517,42,0.07513416815742398,0.12037037037037036,517,260.77577509111734,3632.6822699339264,14.84921542084439,600.0000000000005,0,1003,0,0,0,0.030181150450874748,0.6099976137508625,5374516749.408816,39.0,13,0.0,0.0,0.0,0.0,201,11,0.41405767055274884,0.4417853593483581,0.8005349798748705,0.18755969434398984,282.0,0.31
type=clairvoyant_queue=fifo_sandbox_idle_timeout_s=300_rate_per_min=4.0_seed=3,clairvoyant,fifo,300,4.0,clairvoyant,3,848,542,47,0.07979626485568761,0.13505747126436782,542,323.31933141797174,3618.826708315412,31.05963790545185,600.0000000000005,0,1243,0,0,0,0.036045304501798055,0.5446861131445823,5945670597.022043,27.0,9,0.0,0.0,0.0,0.0,263,8,0.3691115362662966,0.3963085686532189,0.8164985353090198,0.2055580488701503,295.6363636363636,0.36
type=clairvoyant_queue=fifo_sandbox_idle_timeout_s=300_rate_per_min=4.0_seed=4,clairvoyant,fifo,300,4.0,clairvoyant,4,720,528,30,0.053763440860215055,0.08641975308641975,528,267.59619790486886,2770.4517028293817,23.36842077429213,600.0000000000005,0,559,0,0,0,0.04377818673769156,0.4069400607430898,3985151720.7499647,15.0,5,0.0,0.0,0.0,0.0,215,5,0.5115981065088935,0.5396216819510576,0.879057233075952,0.24638174132464566,288.0,0.3
type=clairvoyant_queue=fifo_sandbox_idle_timeout_s=300_rate_per_min=4.0_seed=5,clairvoyant,fifo,300,4.0,clairvoyant,5,871,570,64,0.10094637223974763,0.16321243523316062,570,297.56704555988966,2865.8312583575744,55.99299793832694,600.0000000000005,0,1385,0,0,0,0.05987072640705053,0.5130488631657387,6781943472.513843,12.0,4,0.0,0.0,0.0,0.0,280,0,0.37372955097472643,0.4100894200810796,0.8888646367521368,0.1978294886505484,310.90909090909093,0.4
type=clairvoyant_queue=fifo_sandbox_idle_timeout_s=300_rate_per_min=4.0_seed=6,clairvoyant,fifo,300,4.0,clairvoyant,6,885,528,97,0.1552,0.22355769230769232,528,456.1383701045013,3779.847841649507,81.05554305635435,600.0000000000005,0,1850,0,0,0,0.07707760101200044,0.4746950051161391,6916666088.109704,9.0,3,0.0,0.0,0.0,0.0,248,0,0.29926794259027667,0.3434025853347289,0.8927384669248576,0.19754127705127394,288.0,0.45
type=clairvoyant_queue=fifo_sandbox_idle_timeout_s=300_rate_per_min=4.0_seed=7,clairvoyant,fifo,300,4.0,clairvoyant,7,957,598,79,0.11669128508124077,0.1544885177453027,598,377.3438403920177,2221.884808332238,55.821918088749996,600.0000000000005,0,1374,0,0,0,0.05995983606078809,0.5028405220334663,5899600897.769573,33.0,11,0.0,0.0,0.0,0.0,215,18,0.3651044770832205,0.39991897298496865,0.9090599866007835,0.1716705942503508,326.1818181818182,0.4
type=clairvoyant_queue=fifo_sandbox_idle_timeout_s=300_rate_per_min=4.0_seed=8,clairvoyant,fifo,300,4.0,clairvoyant,8,876,518,69,0.11754684838160136,0.1846590909090909,518,335.8584669870181,3248.7543468209456,31.081781770739514,600.0000000000005,0,1274,0,0,0,0.049643470754683075,0.48734462344148005,6098103850.107003,24.0,8,0.0,0.0,0.0,0.0,225,2,0.3278922804335611,0.3603311786974232,0.8813848976584758,0.22647309969951393,282.54545454545456,0.36
type=clairvoyant_queue=fifo_sandbox_idle_timeout_s=300_rate_per_min=4.0_seed=9,clairvoyant,fifo,300,4.0,clairvoyant,9,950,582,83,0.12481203007518797,0.18691588785046728,582,264.6582259338082,3083.1840682796064,32.78611263837517,600.0000000000005,0,1239,0,0,0,0.06339746349467057,0.5182585880703517,6204308369.573903,21.0,7,0.0,0.0,0.0,0.0,264,5,0.3792888547301271,0.4212470289935691,0.8825347249579125,0.2120837644047103,317.45454545454544,0.37
type=clairvoyant_queue=fifo_sandbox_idle_timeout_s=300_rate_per_min=4.0_seed=10,clairvoyant,fifo,300,4.0,clairvoyant,10,838,520,60,0.10344827586206896,0.1524547803617571,520,275.08661256246705,3622.586173259228,17.00485149638642,600.0000000000005,0,1082,0,0,0,0.04847162551781642,0.5867919961109014,6267585374.231019,21.0,7,0.0,0.0,0.0,0.0,177,17,0.38150835592189136,0.4166963050484611,0.8031391780788656,0.20290399613773213,283.6363636363636,0.31
type=clairvoyant_queue=vtfq_sandbox_idle_timeout_s=0_rate_per_min=1.0_seed=1,clairvoyant,vtfq,0,1.0,clairvoyant,1,230,209,1,0.004761904761904762,0.007874015748031496,209,88.3296307050357,1058.2166699887084,0.0,0.0,0,25,0,0,0,0.002228068965582992,0.4765342126074454,77576885.03883046,252.0,84,0.0,0.0,0.0,0.0,66,57,0.8970526338127416,0.9030329847048264,0.30543079437807563,0.09218892538498254,114.0,0.08
type=clairvoyant_queue=vtfq_sandbox_idle_timeout_s=0_rate_per_min=1.0_seed=2,clairvoyant,vtfq,0,1.0,clairvoyant,2,244,227,1,0.0043859649122807015,0.008064516129032258,227,92.17069484485364,1534.3205098766118,0.0,67.31352817170591,0,20,0,0,0,0.000268551391468385,0.3773675686011488,28623923.851687703,285.0,95,0.0,0.0,0.0,0.0,56,49,0.9190100939388967,0.9195198976209721,0.31522964994496244,0.10395260258783397,123.81818181818183,0.08
type=clairvoyant_queue=vtfq_sandbox_idle_timeout_s=0_rate_per_min=1.0_seed=3,clairvoyant,vtfq,0,1.0,clairvoyant,3,268,242,2,0.00819672131147541,0.015503875968992248,242,131.31743826229433,1272.7656326357308,0.9576811775855387,320.8165476054137,0,39,0,0,0,0.003677951140618966,0.41053058381517454,1205024878.757155,228.0,76,0.0,0.0,0.0,0.0,82,51,0.8718501903494946,0.882354409510332,0.38370838297639864,0.1339450867608557,132.0,0.09
type=clairvoyant_queue=vtfq_sandbox_idle_timeout_s=0_rate_per_min=1.0_seed=4,clairvoyant,vtfq,0,1.0,clairvoyant,4,234,212,3,0.013953488372093023,0.015384615384615385,212,120.56501429199102,2260.4352424756826,0.0,6.073124315152199,0,37,0,0,0,0.007805573369498558,0.45517670652757986,353826848.2877846,231.0,77,0.0,0.0,0.0,0.0,83,69,0.8900308374462031,0.9030394871183982,0.39548138620176126,0.1429466764185376,115.63636363636364,0.09
type=clairvoyant_queue=vtfq_sandbox_idle_timeout_s=0_rate_per_min=1.0_seed=5,clairvoyant,vtfq,0,1.0,clairvoyant,5,398,379,2,0.005249343832020997,0.012422360248447204,379,78.17117916306233,1110.600596167069,1.5682720919351223,70.38389803255814,0,59,0,0,0,0.014911033336364527,0.40183427400529786,459405079.5815659,570.0,190,0.0,0.0,0.0,0.0,99,82,0.9162422797653513,0.9253139855056025,0.5121418231473388,0.1398509244290194,206.72727272727275,0.13
type=clairvoyant_queue=vtfq_sandbox_idle_timeout_s=0_rate_per_min=1.0_seed=6,clairvoyant,vtfq,0,1.0,clairvoyant,6,294,280,1,0.0035587188612099642,0.0,280,96.61770926003328,1457.9662362175222,0.0,10.175430064204193,0,12,0,0,0,0.0002046228595453765,0.28412437378208844,524413493.2078447,396.0,132,0.0,0.0,0.0,0.0,86,77,0.9416135456542936,0.9462119747858616,0.4226513292378918,0.12749228435569204,152.72727272727272,0.1
type=clairvoyant_queue=vtfq_sandbox_idle_timeout_s=0_rate_per_min=1.0_seed=7,clairvoyant,vtfq,0,1.0,clairvoyant,7,269,256,3,0.011583011583011582,0.02142857142857143,256,93.21382350284716,1872.833144912367,0.0,148.6858125311046,0,63,0,0,0,0.05052744411718526,0.6095535673798784,735509739.043106,312.0,104,0.0,0.0,0.0,0.0,92,74,0.9226440172973849,0.9401625745878415,0.33011376862778424,0.07722737894836812,139.63636363636365,0.08
type=clairvoyant_queue=vtfq_sandbox_idle_timeout_s=0_rate_per_min=1.0_seed=8,clairvoyant,vtfq,0,1.0,clairvoyant,8,354,329,2,0.006042296072507553,0.0136986301369863,329,141.02197018793004,1626.243575954161,2.24944330483646,363.4639082956519,0,48,0,0,0,0.0033406610597880556,0.3946169241052157,1037032100.3767878,366.0,122,0.0,0.0,0.0,0.0,103,64,0.8866751618582623,0.8954454025045043,0.5816166202894328,0.18927249804262788,179.45454545454547,0.13
type=clairvoyant_queue=vtfq_sandbox_idle_timeout_s=0_rate_per_min=1.0_seed=9,clairvoyant,vtfq,0,1.0,clairvoyant,9,378,353,6,0.016713091922005572,0.03896103896103896,353,114.1495939034603,1305.6463827802645,0.0,600.0,0,76,0,0,0,0.014278926013049704,0.43654368084429135,766217641.4391012,438.0,146,0.0,0.0,0.0,0.0,115,78,0.8754056348413718,0.8957888721087374,0.5415310783678128,0.16027912289855148,192.54545454545456,0.13
type=clairvoyant_queue=vtfq_sandbox_idle_timeout_s=0_rate_per_min=1.0_seed=10,clairvoyant,vtfq,0,1.0,clairvoyant,10,232,202,6,0.028846153846153848,0.047619047619047616,202,96.6993112619225,1475.289576839982,0.0,306.1466115704534,0,41,0,0,0,0.028667627821928405,0.6146981053526015,1315764218.4224393,213.0,71,0.0,0.0,0.0,0.0,62,50,0.8312114517203708,0.8638079792388169,0.351273762982388,0.09998497718358572,110.18181818181819,0.08
type=clairvoyant_queue=vtfq_sandbox_idle_timeout_s=0_rate_per_min=2.0_seed=1,clairvoyant,vtfq,0,2.0,clairvoyant,1,414,366,3,0.008130081300813009,0.013333333333333334,366,152.12858618714006,1386.4816020161945,0.623454506455108,600.0,0,70,0,0,0,0.003720413844919773,0.5199125406749292,896882177.532806,243.0,81,0.0,0.0,0.0,0.0,110,57,0.7853693729494158,0.7934020636008243,0.586958689608424,0.1723699881083674,199.63636363636365,0.15
type=clairvoyant_queue=vtfq_sandbox_idle_timeout_s=0_rate_per_min=2.0_seed=2,clairvoyant,vtfq,0,2.0,clairvoyant,2,526,474,1,0.002105263157894737,0.00411522633744856,474,135.37313313758568,1517.9886357399334,5.295825193695978,600.0,0,72,0,0,0,9.333810084737934e-05,0.4641890438524867,2050207178.603868,261.0,87,0.0,0.0,0.0,0.0,133,55,0.8045550809466755,0.8042836352941958,0.6581753548748704,0.17237750159800672,258.54545454545456,0.18
type=clairvoyant_queue=vtfq_sandbox_idle_timeout_s=0_rate_per_min=2.0_seed=3,clairvoyant,vtfq,0,2.0,clairvoyant,3,550,402,15,0.03597122302158273,0.06787330316742081,402,245.0482105841387,2361.198621491104,3.540131222045729,600.0000000000005,0,352,0,0,0,0.020029064210300613,0.48660613507907974,3525754476.5702124,69.0,23,0.0,0.0,0.0,0.0,154,24,0.5035699084838253,0.5245412762938059,0.6337951541375291,0.1981908629379183,219.27272727272728,0.2
type=clairvoyant_queue=vtfq_sandbox_idle_timeout_s=0_rate_per_min=2.0_seed=4,clairvoyant,vtfq,0,2.0,clairvoyant,4,497,427,5,0.011574074074074073,0.01680672268907563,427,147.3031680450904,1973.7486725888673,7.28820034627146,600.0000000000002,0,77,0,0,0,0.007730615995735518,0.38873286338218327,1754381279.3115056,222.0,74,0.0,0.0,0.0,0.0,143,66,0.7548968632692685,0.7643102485554321,0.7126040867488992,0.23479550662251392,232.9090909090909,0.18
type=clairvoyant_queue=vtfq_sandbox_idle_timeout_s=0_rate_per_min=2.0_seed=5,clairvoyant,vtfq,0,2.0,clairvoyant,5,722,602,14,0.022727272727272728,0.04281345565749235,602,228.5752591624073,1897.3262261981577,23.498567692471546,600.0000000000005,0,472,0,0,0,0.016031460283081948,0.44500196687005517,4034461417.7096124,33.0,11,0.0,0.0,0.0,0.0,217,7,0.5832520716639124,0.5995308224473332,0.8667532698580356,0.23175900167162466,328.3636363636364,0.29
type=clairvoyant_queue=vtfq_sandbox_idle_timeout_s=0_rate_per_min=2.0_seed=6,clairvoyant,vtfq,0,2.0,clairvoyant,6,475,422,3,0.007058823529411765,0.008695652173913044,422,167.86359661995573,1976.8166639169383,8.316626470108258,600.0,0,90,0,0,0,0.009777459281678684,0.4499614835196732,1903606368.1077838,198.0,66,0.0,0.0,0.0,0.0,139,43,0.7555880134854217,0.7625827844609784,0.6953801651005246,0.19083334426979862,230.1818181818182,0.18
type=clairvoyant_queue=vtfq_sandbox_idle_timeout_s=0_rate_per_min=2.0_seed=7,clairvoyant,vtfq,0,2.0,clairvoyant,7,597,518,6,0.011450381679389313,0.01948051948051948,518,151.50923757170472,1904.8207899225897,8.505939847460661,600.0000000000005,0,217,0,0,0,0.01776338889106946,0.451048036234953,3080700603.9941287,156.0,52,0.0,0.0,0.0,0.0,168,72,0.7086537415808282,0.7191161762900647,0.7117362906468532,0.1793245070225764,282.54545454545456,0.2
type=clairvoyant_queue=vtfq_sandbox_idle_timeout_s=0_rate_per_min=2.0_seed=8,clairvoyant,vtfq,0,2.0,clairvoyant,8,622,493,21,0.04085603112840467,0.08333333333333333,493,276.44672938973326,2138.8004086164283,16.433374156662097,600.0000000000005,0,464,0,0,0,0.04198686875342818,0.5172929911977112,3906933892.1806555,42.0,14,0.0,0.0,0.0,0.0,177,4,0.5213848454063738,0.5484367746711883,0.7864343750283281,0.2196360749914889,268.90909090909093,0.25
type=clairvoyant_queue=vtfq_sandbox_idle_timeout_s=0_rate_per_min=2.0_seed=9,clairvoyant,vtfq,0,2.0,clairvoyant,9,676,548,23,0.040280210157618214,0.07857142857142857,548,241.19213848148115,2029.6059850418899,19.32979152526459,600.0000000000005,0,411,0,0,0,0.034511326730522526,0.4705631447104668,3544001031.3711596,12.0,4,0.0,0.0,0.0,0.0,189,5,0.5912992870579702,0.6209805545098438,0.8536868129977662,0.21597022647219805,298.90909090909093,0.25
type=clairvoyant_queue=vtfq_sandbox_idle_timeout_s=0_rate_per_min=2.0_seed=10,clairvoyant,vtfq,0,2.0,clairvoyant,10,390,343,7,0.02,0.03333333333333333,343,181.35425022916638,1477.519248242981,2.96223366745312,600.0,0,85,0,0,0,0.020822944559619843,0.6040453176278011,2621285575.5041065,123.0,41,0.0,0.0,0.0,0.0,108,51,0.7068693137135625,0.7264269627095898,0.5812056552342334,0.15974653252648244,187.0909090909091,0.15
type=clairvoyant_queue=vtfq_sandbox_idle_timeout_s=0_rate_per_min=4.0_seed=1,clairvoyant,vtfq,0,4.0,clairvoyant,1,976,542,64,0.10561056105610561,0.15538847117794485,542,300.54514696091974,2204.1060707239244,39.46033756911226,600.0000000000005,0,1437,0,0,0,0.0373788397636692,0.539056765923876,6161775145.120878,6.0,2,0.0,0.0,0.0,0.0,226,0,0.3203712311344797,0.34573662593210747,0.9026376725791571,0.18267832866369857,295.6363636363636,0.42
type=clairvoyant_queue=vtfq_sandbox_idle_timeout_s=0_rate_per_min=4.0_seed=2,clairvoyant,vtfq,0,4.0,clairvoyant,2,782,517,42,0.07513416815742398,0.12037037037037036,517,260.77577509111734,3632.6822699339264,14.84921542084439,600.0000000000005,0,1003,0,0,0,0.030181150450874748,0.6099976137508625,5374516749.408816,39.0,13,0.0,0.0,0.0,0.0,201,11,0.41405767055274884,0.4417853593483581,0.8005349798748705,0.18755969434398984,282.0,0.33
type=clairvoyant_queue=vtfq_sandbox_idle_timeout_s=0_rate_per_min=4.0_seed=3,clairvoyant,vtfq,0,4.0,clairvoyant,3,848,542,47,0.07979626485568761,0.13505747126436782,542,323.31933141797174,3618.826708315412,31.05963790545185,600.0000000000005,0,1243,0,0,0,0.036045304501798055,0.5446861131445823,5945670597.022043,27.0,9,0.0,0.0,0.0,0.0,263,8,0.3691115362662966,0.3963085686532189,0.8164985353090198,0.2055580488701503,295.6363636363636,0.38
type=clairvoyant_queue=vtfq_sandbox_idle_timeout_s=0_rate_per_min=4.0_seed=4,clairvoyant,vtfq,0,4.0,clairvoyant,4,720,528,30,0.053763440860215055,0.08641975308641975,528,267.59619790486886,2770.4517028293817,23.36842077429213,600.0000000000005,0,559,0,0,0,0.04377818673769156,0.4069400607430898,3985151720.7499647,15.0,5,0.0,0.0,0.0,0.0,215,5,0.5115981065088935,0.5396216819510576,0.879057233075952,0.24638174132464566,288.0,0.31
type=clairvoyant_queue=vtfq_sandbox_idle_timeout_s=0_rate_per_min=4.0_seed=5,clairvoyant,vtfq,0,4.0,clairvoyant,5,871,570,64,0.10094637223974763,0.16321243523316062,570,297.56704555988966,2865.8312583575744,55.99299793832694,600.0000000000005,0,1385,0,0,0,0.05987072640705053,0.5130488631657387,6781943472.513843,12.0,4,0.0,0.0,0.0,0.0,280,0,0.37372955097472643,0.4100894200810796,0.8888646367521368,0.1978294886505484,310.90909090909093,0.41
type=clairvoyant_queue=vtfq_sandbox_idle_timeout_s=0_rate_per_min=4.0_seed=6,clairvoyant,vtfq,0,4.0,clairvoyant,6,885,528,97,0.1552,0.22355769230769232,528,456.1383701045013,3779.847841649507,81.05554305635435,600.0000000000005,0,1850,0,0,0,0.07707760101200044,0.4746950051161391,6916666088.109704,9.0,3,0.0,0.0,0.0,0.0,248,0,0.29926794259027667,0.3434025853347289,0.8927384669248576,0.19754127705127394,288.0,0.46
type=clairvoyant_queue=vtfq_sandbox_idle_timeout_s=0_rate_per_min=4.0_seed=7,clairvoyant,vtfq,0,4.0,clairvoyant,7,957,598,79,0.11669128508124077,0.1544885177453027,598,377.3438403920177,2221.884808332238,55.821918088749996,600.0000000000005,0,1374,0,0,0,0.05995983606078809,0.5028405220334663,5899600897.769573,33.0,11,0.0,0.0,0.0,0.0,215,18,0.3651044770832205,0.39991897298496865,0.9090599866007835,0.1716705942503508,326.1818181818182,0.39
type=clairvoyant_queue=vtfq_sandbox_idle_timeout_s=0_rate_per_min=4.0_seed=8,clairvoyant,vtfq,0,4.0,clairvoyant,8,876,518,69,0.11754684838160136,0.1846590909090909,518,335.8584669870181,3248.7543468209456,31.081781770739514,600.0000000000005,0,1274,0,0,0,0.049643470754683075,0.48734462344148005,6098103850.107003,24.0,8,0.0,0.0,0.0,0.0,225,2,0.3278922804335611,0.3603311786974232,0.8813848976584758,0.22647309969951393,282.54545454545456,0.38
type=clairvoyant_queue=vtfq_sandbox_idle_timeout_s=0_rate_per_min=4.0_seed=9,clairvoyant,vtfq,0,4.0,clairvoyant,9,950,582,83,0.12481203007518797,0.18691588785046728,582,264.6582259338082,3083.1840682796064,32.78611263837517,600.0000000000005,0,1239,0,0,0,0.06339746349467057,0.5182585880703517,6204308369.573903,21.0,7,0.0,0.0,0.0,0.0,264,5,0.3792888547301271,0.4212470289935691,0.8825347249579125,0.2120837644047103,317.45454545454544,0.38
type=clairvoyant_queue=vtfq_sandbox_idle_timeout_s=0_rate_per_min=4.0_seed=10,clairvoyant,vtfq,0,4.0,clairvoyant,10,838,520,60,0.10344827586206896,0.1524547803617571,520,275.08661256246705,3622.586173259228,17.00485149638642,600.0000000000005,0,1082,0,0,0,0.04847162551781642,0.5867919961109014,6267585374.231019,21.0,7,0.0,0.0,0.0,0.0,177,17,0.38150835592189136,0.4166963050484611,0.8031391780788656,0.20290399613773213,283.6363636363636,0.32
type=clairvoyant_queue=vtfq_sandbox_idle_timeout_s=300_rate_per_min=1.0_seed=1,clairvoyant,vtfq,300,1.0,clairvoyant,1,230,209,1,0.004761904761904762,0.007874015748031496,209,88.3296307050357,1058.2166699887084,0.0,0.0,0,25,0,0,0,0.002228068965582992,0.4765342126074454,77576885.03883046,252.0,84,0.0,0.0,0.0,0.0,66,57,0.8970526338127416,0.9030329847048264,0.30543079437807563,0.09218892538498254,114.0,0.09
type=clairvoyant_queue=vtfq_sandbox_idle_timeout_s=300_rate_per_min=1.0_seed=2,clairvoyant,vtfq,300,1.0,clairvoyant,2,244,227,1,0.0043859649122807015,0.008064516129032258,227,92.17069484485364,1534.3205098766118,0.0,67.31352817170591,0,20,0,0,0,0.000268551391468385,0.3773675686011488,28623923.851687703,285.0,95,0.0,0.0,0.0,0.0,56,49,0.9190100939388967,0.9195198976209721,0.31522964994496244,0.10395260258783397,123.81818181818183,0.08
type=clairvoyant_queue=vtfq_sandbox_idle_timeout_s=300_rate_per_min=1.0_seed=3,clairvoyant,vtfq,300,1.0,clairvoyant,3,268,242,2,0.00819672131147541,0.015503875968992248,242,131.31743826229433,1272.7656326357308,0.9576811775855387,320.8165476054137,0,39,0,0,0,0.003677951140618966,0.41053058381517454,1205024878.757155,228.0,76,0.0,0.0,0.0,0.0,82,51,0.8718501903494946,0.882354409510332,0.38370838297639864,0.1339450867608557,132.0,0.1
type=clairvoyant_queue=vtfq_sandbox_idle_timeout_s=300_rate_per_min=1.0_seed=4,clairvoyant,vtfq,300,1.0,clairvoyant,4,234,212,3,0.013953488372093023,0.015384615384615385,212,120.56501429199102,2260.4352424756826,0.0,6.073124315152199,0,37,0,0,0,0.007805573369498558,0.45517670652757986,353826848.2877846,231.0,77,0.0,0.0,0.0,0.0,83,69,0.8900308374462031,0.9030394871183982,0.39548138620176126,0.1429466764185376,115.63636363636364,0.09
type=clairvoyant_queue=vtfq_sandbox_idle_timeout_s=300_rate_per_min=1.0_seed=5,clairvoyant,vtfq,300,1.0,clairvoyant,5,398,379,2,0.005249343832020997,0.012422360248447204,379,78.17117916306233,1110.600596167069,1.5682720919351223,70.38389803255814,0,59,0,0,0,0.014911033336364527,0.40183427400529786,459405079.5815659,570.0,190,0.0,0.0,0.0,0.0,99,82,0.9162422797653513,0.9253139855056025,0.5121418231473388,0.1398509244290194,206.72727272727275,0.12
type=clairvoyant_queue=vtfq_sandbox_idle_timeout_s=300_rate_per_min=1.0_seed=6,clairvoyant,vtfq,300,1.0,clairvoyant,6,294,280,1,0.0035587188612099642,0.0,280,96.61770926003328,1457.9662362175222,0.0,10.175430064204193,0,12,0,0,0,0.0002046228595453765,0.28412437378208844,524413493.2078447,396.0,132,0.0,0.0,0.0,0.0,86,77,0.9416135456542936,0.9462119747858616,0.4226513292378918,0.12749228435569204,152.72727272727272,0.1
type=clairvoyant_queue=vtfq_sandbox_idle_timeout_s=300_rate_per_min=1.0_seed=7,clairvoyant,vtfq,300,1.0,clairvoyant,7,269,256,3,0.011583011583011582,0.02142857142857143,256,93.21382350284716,1872.833144912367,0.0,148.6858125311046,0,63,0,0,0,0.05052744411718526,0.6095535673798784,735509739.043106,312.0,104,0.0,0.0,0.0,0.0,92,74,0.9226440172973849,0.9401625745878415,0.33011376862778424,0.07722737894836812,139.63636363636365,0.08
type=clairvoyant_queue=vtfq_sandbox_idle_timeout_s=300_rate_per_min=1.0_seed=8,clairvoyant,vtfq,300,1.0,clairvoyant,8,354,329,2,0.006042296072507553,0.0136986301369863,329,141.02197018793004,1626.243575954161,2.24944330483646,363.4639082956519,0,48,0,0,0,0.0033406610597880556,0.3946169241052157,1037032100.3767878,366.0,122,0.0,0.0,0.0,0.0,103,64,0.8866751618582623,0.8954454025045043,0.5816166202894328,0.18927249804262788,179.45454545454547,0.13
type=clairvoyant_queue=vtfq_sandbox_idle_timeout_s=300_rate_per_min=1.0_seed=9,clairvoyant,vtfq,300,1.0,clairvoyant,9,378,353,6,0.016713091922005572,0.03896103896103896,353,114.1495939034603,1305.6463827802645,0.0,600.0,0,76,0,0,0,0.014278926013049704,0.43654368084429135,766217641.4391012,438.0,146,0.0,0.0,0.0,0.0,115,78,0.8754056348413718,0.8957888721087374,0.5415310783678128,0.16027912289855148,192.54545454545456,0.13
type=clairvoyant_queue=vtfq_sandbox_idle_timeout_s=300_rate_per_min=1.0_seed=10,clairvoyant,vtfq,300,1.0,clairvoyant,10,232,202,6,0.028846153846153848,0.047619047619047616,202,96.6993112619225,1475.289576839982,0.0,306.1466115704534,0,41,0,0,0,0.028667627821928405,0.6146981053526015,1315764218.4224393,213.0,71,0.0,0.0,0.0,0.0,62,50,0.8312114517203708,0.8638079792388169,0.351273762982388,0.09998497718358572,110.18181818181819,0.08
type=clairvoyant_queue=vtfq_sandbox_idle_timeout_s=300_rate_per_min=2.0_seed=1,clairvoyant,vtfq,300,2.0,clairvoyant,1,414,366,3,0.008130081300813009,0.013333333333333334,366,152.12858618714006,1386.4816020161945,0.623454506455108,600.0,0,70,0,0,0,0.003720413844919773,0.5199125406749292,896882177.532806,243.0,81,0.0,0.0,0.0,0.0,110,57,0.7853693729494158,0.7934020636008243,0.586958689608424,0.1723699881083674,199.63636363636365,0.15
type=clairvoyant_queue=vtfq_sandbox_idle_timeout_s=300_rate_per_min=2.0_seed=2,clairvoyant,vtfq,300,2.0,clairvoyant,2,526,474,1,0.002105263157894737,0.00411522633744856,474,135.37313313758568,1517.9886357399334,5.295825193695978,600.0,0,72,0,0,0,9.333810084737934e-05,0.4641890438524867,2050207178.603868,261.0,87,0.0,0.0,0.0,0.0,133,55,0.8045550809466755,0.8042836352941958,0.6581753548748704,0.17237750159800672,258.54545454545456,0.18
type=clairvoyant_queue=vtfq_sandbox_idle_timeout_s=300_rate_per_min=2.0_seed=3,clairvoyant,vtfq,300,2.0,clairvoyant,3,550,402,15,0.03597122302158273,0.06787330316742081,402,245.0482105841387,2361.198621491104,3.540131222045729,600.0000000000005,0,352,0,0,0,0.020029064210300613,0.48660613507907974,3525754476.5702124,69.0,23,0.0,0.0,0.0,0.0,154,24,0.5035699084838253,0.5245412762938059,0.6337951541375291,0.1981908629379183,219.27272727272728,0.2
type=clairvoyant_queue=vtfq_sandbox_idle_timeout_s=300_rate_per_min=2.0_seed=4,clairvoyant,vtfq,300,2.0,clairvoyant,4,497,427,5,0.011574074074074073,0.01680672268907563,427,147.3031680450904,1973.7486725888673,7.28820034627146,600.0000000000002,0,77,0,0,0,0.007730615995735518,0.38873286338218327,1754381279.3115056,222.0,74,0.0,0.0,0.0,0.0,143,66,0.7548968632692685,0.7643102485554321,0.7126040867488992,0.23479550662251392,232.9090909090909,0.19
type=clairvoyant_queue=vtfq_sandbox_idle_timeout_s=300_rate_per_min=2.0_seed=5,clairvoyant,vtfq,300,2.0,clairvoyant,5,722,602,14,0.022727272727272728,0.04281345565749235,602,228.5752591624073,1897.3262261981577,23.498567692471546,600.0000000000005,0,472,0,0,0,0.016031460283081948,0.44500196687005517,4034461417.7096124,33.0,11,0.0,0.0,0.0,0.0,217,7,0.5832520716639124,0.5995308224473332,0.8667532698580356,0.23175900167162466,328.3636363636364,0.28
type=clairvoyant_queue=vtfq_sandbox_idle_timeout_s=300_rate_per_min=2.0_seed=6,clairvoyant,vtfq,300,2.0,clairvoyant,6,475,422,3,0.007058823529411765,0.008695652173913044,422,167.86359661995573,1976.8166639169383,8.316626470108258,600.0,0,90,0,0,0,0.009777459281678684,0.4499614835196732,1903606368.1077838,198.0,66,0.0,0.0,0.0,0.0,139,43,0.7555880134854217,0.7625827844609784,0.6953801651005246,0.19083334426979862,230.1818181818182,0.19
type=clairvoyant_queue=vtfq_sandbox_idle_timeout_s=300_rate_per_min=2.0_seed=7,clairvoyant,vtfq,300,2.0,clairvoyant,7,597,518,6,0.011450381679389313,0.01948051948051948,518,151.50923757170472,1904.8207899225897,8.505939847460661,600.0000000000005,0,217,0,0,0,0.01776338889106946,0.451048036234953,3080700603.9941287,156.0,52,0.0,0.0,0.0,0.0,168,72,0.7086537415808282,0.7191161762900647,0.7117362906468532,0.1793245070225764,282.54545454545456,0.21
type=clairvoyant_queue=vtfq_sandbox_idle_timeout_s=300_rate_per_min=2.0_seed=8,clairvoyant,vtfq,300,2.0,clairvoyant,8,622,493,21,0.04085603112840467,0.08333333333333333,493,276.44672938973326,2138.8004086164283,16.433374156662097,600.0000000000005,0,464,0,0,0,0.04198686875342818,0.5172929911977112,3906933892.1806555,42.0,14,0.0,0.0,0.0,0.0,177,4,0.5213848454063738,0.5484367746711883,0.7864343750283281,0.2196360749914889,268.90909090909093,0.25
type=clairvoyant_queue=vtfq_sandbox_idle_timeout_s=300_rate_per_min=2.0_seed=9,clairvoyant,vtfq,300,2.0,clairvoyant,9,676,548,23,0.040280210157618214,0.07857142857142857,548,241.19213848148115,2029.6059850418899,19.32979152526459,600.0000000000005,0,411,0,0,0,0.034511326730522526,0.4705631447104668,3544001031.3711596,12.0,4,0.0,0.0,0.0,0.0,189,5,0.5912992870579702,0.6209805545098438,0.8536868129977662,0.21597022647219805,298.90909090909093,0.26
type=clairvoyant_queue=vtfq_sandbox_idle_timeout_s=300_rate_per_min=2.0_seed=10,clairvoyant,vtfq,300,2.0,clairvoyant,10,390,343,7,0.02,0.03333333333333333,343,181.35425022916638,1477.519248242981,2.96223366745312,600.0,0,85,0,0,0,0.020822944559619843,0.6040453176278011,2621285575.5041065,123.0,41,0.0,0.0,0.0,0.0,108,51,0.7068693137135625,0.7264269627095898,0.5812056552342334,0.15974653252648244,187.0909090909091,0.14
type=clairvoyant_queue=vtfq_sandbox_idle_timeout_s=300_rate_per_min=4.0_seed=1,clairvoyant,vtfq,300,4.0,clairvoyant,1,976,542,64,0.10561056105610561,0.15538847117794485,542,300.54514696091974,2204.1060707239244,39.46033756911226,600.0000000000005,0,1437,0,0,0,0.0373788397636692,0.539056765923876,6161775145.120878,6.0,2,0.0,0.0,0.0,0.0,226,0,0.3203712311344797,0.34573662593210747,0.9026376725791571,0.18267832866369857,295.6363636363636,0.44
type=clairvoyant_queue=vtfq_sandbox_idle_timeout_s=300_rate_per_min=4.0_seed=2,clairvoyant,vtfq,300,4.0,clairvoyant,2,782,517,42,0.07513416815742398,0.12037037037037036,517,260.77577509111734,3632.6822699339264,14.84921542084439,600.0000000000005,0,1003,0,0,0,0.030181150450874748,0.6099976137508625,5374516749.408816,39.0,13,0.0,0.0,0.0,0.0,201,11,0.41405767055274884,0.4417853593483581,0.8005349798748705,0.18755969434398984,282.0,0.33
type=clairvoyant_queue=vtfq_sandbox_idle_timeout_s=300_rate_per_min=4.0_seed=3,clairvoyant,vtfq,300,4.0,clairvoyant,3,848,542,47,0.07979626485568761,0.13505747126436782,542,323.31933141797174,3618.826708315412,31.05963790545185,600.0000000000005,0,1243,0,0,0,0.036045304501798055,0.5446861131445823,5945670597.022043,27.0,9,0.0,0.0,0.0,0.0,263,8,0.3691115362662966,0.3963085686532189,0.8164985353090198,0.2055580488701503,295.6363636363636,0.36
type=clairvoyant_queue=vtfq_sandbox_idle_timeout_s=300_rate_per_min=4.0_seed=4,clairvoyant,vtfq,300,4.0,clairvoyant,4,720,528,30,0.053763440860215055,0.08641975308641975,528,267.59619790486886,2770.4517028293817,23.36842077429213,600.0000000000005,0,559,0,0,0,0.04377818673769156,0.4069400607430898,3985151720.7499647,15.0,5,0.0,0.0,0.0,0.0,215,5,0.5115981065088935,0.5396216819510576,0.879057233075952,0.24638174132464566,288.0,0.31
type=clairvoyant_queue=vtfq_sandbox_idle_timeout_s=300_rate_per_min=4.0_seed=5,clairvoyant,vtfq,300,4.0,clairvoyant,5,871,570,64,0.10094637223974763,0.16321243523316062,570,297.56704555988966,2865.8312583575744,55.99299793832694,600.0000000000005,0,1385,0,0,0,0.05987072640705053,0.5130488631657387,6781943472.513843,12.0,4,0.0,0.0,0.0,0.0,280,0,0.37372955097472643,0.4100894200810796,0.8888646367521368,0.1978294886505484,310.90909090909093,0.42
type=clairvoyant_queue=vtfq_sandbox_idle_timeout_s=300_rate_per_min=4.0_seed=6,clairvoyant,vtfq,300,4.0,clairvoyant,6,885,528,97,0.1552,0.22355769230769232,528,456.1383701045013,3779.847841649507,81.05554305635435,600.0000000000005,0,1850,0,0,0,0.07707760101200044,0.4746950051161391,6916666088.109704,9.0,3,0.0,0.0,0.0,0.0,248,0,0.29926794259027667,0.3434025853347289,0.8927384669248576,0.19754127705127394,288.0,0.46
type=clairvoyant_queue=vtfq_sandbox_idle_timeout_s=300_rate_per_min=4.0_seed=7,clairvoyant,vtfq,300,4.0,clairvoyant,7,957,598,79,0.11669128508124077,0.1544885177453027,598,377.3438403920177,2221.884808332238,55.821918088749996,600.0000000000005,0,1374,0,0,0,0.05995983606078809,0.5028405220334663,5899600897.769573,33.0,11,0.0,0.0,0.0,0.0,215,18,0.3651044770832205,0.39991897298496865,0.9090599866007835,0.1716705942503508,326.1818181818182,0.4
type=clairvoyant_queue=vtfq_sandbox_idle_timeout_s=300_rate_per_min=4.0_seed=8,clairvoyant,vtfq,300,4.0,clairvoyant,8,876,518,69,0.11754684838160136,0.1846590909090909,518,335.8584669870181,3248.7543468209456,31.081781770739514,600.0000000000005,0,1274,0,0,0,0.049643470754683075,0.48734462344148005,6098103850.107003,24.0,8,0.0,0.0,0.0,0.0,225,2,0.3278922804335611,0.3603311786974232,0.8813848976584758,0.22647309969951393,282.54545454545456,0.41
type=clairvoyant_queue=vtfq_sandbox_idle_timeout_s=300_rate_per_min=4.0_seed=9,clairvoyant,vtfq,300,4.0,clairvoyant,9,950,582,83,0.12481203007518797,0.18691588785046728,582,264.6582259338082,3083.1840682796064,32.78611263837517,600.0000000000005,0,1239,0,0,0,0.06339746349467057,0.5182585880703517,6204308369.573903,21.0,7,0.0,0.0,0.0,0.0,264,5,0.3792888547301271,0.4212470289935691,0.8825347249579125,0.2120837644047103,317.45454545454544,0.39
type=clairvoyant_queue=vtfq_sandbox_idle_timeout_s=300_rate_per_min=4.0_seed=10,clairvoyant,vtfq,300,4.0,clairvoyant,10,838,520,60,0.10344827586206896,0.1524547803617571,520,275.08661256246705,3622.586173259228,17.00485149638642,600.0000000000005,0,1082,0,0,0,0.04847162551781642,0.5867919961109014,6267585374.231019,21.0,7,0.0,0.0,0.0,0.0,177,17,0.38150835592189136,0.4166963050484611,0.8031391780788656,0.20290399613773213,283.6363636363636,0.31
type=clairvoyant_queue=srpt_sandbox_idle_timeout_s=0_rate_per_min=1.0_seed=1,clairvoyant,srpt,0,1.0,clairvoyant,1,230,209,1,0.004761904761904762,0.007874015748031496,209,88.3296307050357,1058.2166699887084,0.0,0.0,0,25,0,0,0,0.002228068965582992,0.4765342126074454,77576885.03883046,252.0,84,0.0,0.0,0.0,0.0,66,57,0.8970526338127416,0.9030329847048264,0.30543079437807563,0.09218892538498254,114.0,0.08
type=clairvoyant_queue=srpt_sandbox_idle_timeout_s=0_rate_per_min=1.0_seed=2,clairvoyant,srpt,0,1.0,clairvoyant,2,244,227,1,0.0043859649122807015,0.008064516129032258,227,92.17069484485364,1534.3205098766118,0.0,67.31352817170591,0,20,0,0,0,0.000268551391468385,0.3773675686011488,28623923.851687703,285.0,95,0.0,0.0,0.0,0.0,56,49,0.9190100939388967,0.9195198976209721,0.31522964994496244,0.10395260258783397,123.81818181818183,0.08
type=clairvoyant_queue=srpt_sandbox_idle_timeout_s=0_rate_per_min=1.0_seed=3,clairvoyant,srpt,0,1.0,clairvoyant,3,268,242,2,0.00819672131147541,0.015503875968992248,242,131.31743826229433,1272.7656326357308,0.9576811775855387,320.8165476054137,0,39,0,0,0,0.003677951140618966,0.41053058381517454,1205024878.757155,228.0,76,0.0,0.0,0.0,0.0,82,51,0.8718501903494946,0.882354409510332,0.38370838297639864,0.1339450867608557,132.0,0.1
type=clairvoyant_queue=srpt_sandbox_idle_timeout_s=0_rate_per_min=1.0_seed=4,clairvoyant,srpt,0,1.0,clairvoyant,4,234,212,3,0.013953488372093023,0.015384615384615385,212,120.56501429199102,2260.4352424756826,0.0,6.073124315152199,0,37,0,0,0,0.007805573369498558,0.45517670652757986,353826848.2877846,231.0,77,0.0,0.0,0.0,0.0,83,69,0.8900308374462031,0.9030394871183982,0.39548138620176126,0.1429466764185376,115.63636363636364,0.09
type=clairvoyant_queue=srpt_sandbox_idle_timeout_s=0_rate_per_min=1.0_seed=5,clairvoyant,srpt,0,1.0,clairvoyant,5,398,379,2,0.005249343832020997,0.012422360248447204,379,78.17117916306233,1110.600596167069,1.5682720919351223,70.38389803255814,0,59,0,0,0,0.014911033336364527,0.40183427400529786,459405079.5815659,570.0,190,0.0,0.0,0.0,0.0,99,82,0.9162422797653513,0.9253139855056025,0.5121418231473388,0.1398509244290194,206.72727272727275,0.12
type=clairvoyant_queue=srpt_sandbox_idle_timeout_s=0_rate_per_min=1.0_seed=6,clairvoyant,srpt,0,1.0,clairvoyant,6,294,280,1,0.0035587188612099642,0.0,280,96.61770926003328,1457.9662362175222,0.0,10.175430064204193,0,12,0,0,0,0.0002046228595453765,0.28412437378208844,524413493.2078447,396.0,132,0.0,0.0,0.0,0.0,86,77,0.9416135456542936,0.9462119747858616,0.4226513292378918,0.12749228435569204,152.72727272727272,0.1
type=clairvoyant_queue=srpt_sandbox_idle_timeout_s=0_rate_per_min=1.0_seed=7,clairvoyant,srpt,0,1.0,clairvoyant,7,269,256,3,0.011583011583011582,0.02142857142857143,256,93.21382350284716,1872.833144912367,0.0,148.6858125311046,0,63,0,0,0,0.05052744411718526,0.6095535673798784,735509739.043106,312.0,104,0.0,0.0,0.0,0.0,92,74,0.9226440172973849,0.9401625745878415,0.33011376862778424,0.07722737894836812,139.63636363636365,0.08
type=clairvoyant_queue=srpt_sandbox_idle_timeout_s=0_rate_per_min=1.0_seed=8,clairvoyant,srpt,0,1.0,clairvoyant,8,354,329,2,0.006042296072507553,0.0136986301369863,329,141.02197018793004,1626.243575954161,2.24944330483646,363.4639082956519,0,48,0,0,0,0.0033406610597880556,0.3946169241052157,1037032100.3767878,366.0,122,0.0,0.0,0.0,0.0,103,64,0.8866751618582623,0.8954454025045043,0.5816166202894328,0.18927249804262788,179.45454545454547,0.14
type=clairvoyant_queue=srpt_sandbox_idle_timeout_s=0_rate_per_min=1.0_seed=9,clairvoyant,srpt,0,1.0,clairvoyant,9,378,353,6,0.016713091922005572,0.03896103896103896,353,114.1495939034603,1305.6463827802645,0.0,600.0,0,76,0,0,0,0.014278926013049704,0.43654368084429135,766217641.4391012,438.0,146,0.0,0.0,0.0,0.0,115,78,0.8754056348413718,0.8957888721087374,0.5415310783678128,0.16027912289855148,192.54545454545456,0.13
type=clairvoyant_queue=srpt_sandbox_idle_timeout_s=0_rate_per_min=1.0_seed=10,clairvoyant,srpt,0,1.0,clairvoyant,10,232,202,6,0.028846153846153848,0.047619047619047616,202,96.6993112619225,1475.289576839982,0.0,306.1466115704534,0,41,0,0,0,0.028667627821928405,0.6146981053526015,1315764218.4224393,213.0,71,0.0,0.0,0.0,0.0,62,50,0.8312114517203708,0.8638079792388169,0.351273762982388,0.09998497718358572,110.18181818181819,0.08
type=clairvoyant_queue=srpt_sandbox_idle_timeout_s=0_rate_per_min=2.0_seed=1,clairvoyant,srpt,0,2.0,clairvoyant,1,414,366,3,0.008130081300813009,0.013333333333333334,366,152.12858618714006,1386.4816020161945,0.623454506455108,600.0,0,70,0,0,0,0.003720413844919773,0.5199125406749292,896882177.532806,243.0,81,0.0,0.0,0.0,0.0,110,57,0.7853693729494158,0.7934020636008243,0.586958689608424,0.1723699881083674,199.63636363636365,0.15
type=clairvoyant_queue=srpt_sandbox_idle_timeout_s=0_rate_per_min=2.0_seed=2,clairvoyant,srpt,0,2.0,clairvoyant,2,526,474,1,0.002105263157894737,0.00411522633744856,474,135.37313313758568,1517.9886357399334,5.295825193695978,600.0,0,72,0,0,0,9.333810084737934e-05,0.4641890438524867,2050207178.603868,261.0,87,0.0,0.0,0.0,0.0,133,55,0.8045550809466755,0.8042836352941958,0.6581753548748704,0.17237750159800672,258.54545454545456,0.18
type=clairvoyant_queue=srpt_sandbox_idle_timeout_s=0_rate_per_min=2.0_seed=3,clairvoyant,srpt,0,2.0,clairvoyant,3,550,402,15,0.03597122302158273,0.06787330316742081,402,245.0482105841387,2361.198621491104,3.540131222045729,600.0000000000005,0,352,0,0,0,0.020029064210300613,0.48660613507907974,3525754476.5702124,69.0,23,0.0,0.0,0.0,0.0,154,24,0.5035699084838253,0.5245412762938059,0.6337951541375291,0.1981908629379183,219.27272727272728,0.2
type=clairvoyant_queue=srpt_sandbox_idle_timeout_s=0_rate_per_min=2.0_seed=4,clairvoyant,srpt,0,2.0,clairvoyant,4,497,427,5,0.011574074074074073,0.01680672268907563,427,147.3031680450904,1973.7486725888673,7.28820034627146,600.0000000000002,0,77,0,0,0,0.007730615995735518,0.38873286338218327,1754381279.3115056,222.0,74,0.0,0.0,0.0,0.0,143,66,0.7548968632692685,0.7643102485554321,0.7126040867488992,0.23479550662251392,232.9090909090909,0.19
type=clairvoyant_queue=srpt_sandbox_idle_timeout_s=0_rate_per_min=2.0_seed=5,clairvoyant,srpt,0,2.0,clairvoyant,5,722,602,14,0.022727272727272728,0.04281345565749235,602,228.5752591624073,1897.3262261981577,23.498567692471546,600.0000000000005,0,472,0,0,0,0.016031460283081948,0.44500196687005517,4034461417.7096124,33.0,11,0.0,0.0,0.0,0.0,217,7,0.5832520716639124,0.5995308224473332,0.8667532698580356,0.23175900167162466,328.3636363636364,0.28
type=clairvoyant_queue=srpt_sandbox_idle_timeout_s=0_rate_per_min=2.0_seed=6,clairvoyant,srpt,0,2.0,clairvoyant,6,475,422,3,0.007058823529411765,0.008695652173913044,422,167.86359661995573,1976.8166639169383,8.316626470108258,600.0,0,90,0,0,0,0.009777459281678684,0.4499614835196732,1903606368.1077838,198.0,66,0.0,0.0,0.0,0.0,139,43,0.7555880134854217,0.7625827844609784,0.6953801651005246,0.19083334426979862,230.1818181818182,0.18
type=clairvoyant_queue=srpt_sandbox_idle_timeout_s=0_rate_per_min=2.0_seed=7,clairvoyant,srpt,0,2.0,clairvoyant,7,597,518,6,0.011450381679389313,0.01948051948051948,518,151.50923757170472,1904.8207899225897,8.505939847460661,600.0000000000005,0,217,0,0,0,0.01776338889106946,0.451048036234953,3080700603.9941287,156.0,52,0.0,0.0,0.0,0.0,168,72,0.7086537415808282,0.7191161762900647,0.7117362906468532,0.1793245070225764,282.54545454545456,0.21
type=clairvoyant_queue=srpt_sandbox_idle_timeout_s=0_rate_per_min=2.0_seed=8,clairvoyant,srpt,0,2.0,clairvoyant,8,622,493,21,0.04085603112840467,0.08333333333333333,493,276.44672938973326,2138.8004086164283,16.433374156662097,600.0000000000005,0,464,0,0,0,0.04198686875342818,0.5172929911977112,3906933892.1806555,42.0,14,0.0,0.0,0.0,0.0,177,4,0.5213848454063738,0.5484367746711883,0.7864343750283281,0.2196360749914889,268.90909090909093,0.25
type=clairvoyant_queue=srpt_sandbox_idle_timeout_s=0_rate_per_min=2.0_seed=9,clairvoyant,srpt,0,2.0,clairvoyant,9,676,548,23,0.040280210157618214,0.07857142857142857,548,241.19213848148115,2029.6059850418899,19.32979152526459,600.0000000000005,0,411,0,0,0,0.034511326730522526,0.4705631447104668,3544001031.3711596,12.0,4,0.0,0.0,0.0,0.0,189,5,0.5912992870579702,0.6209805545098438,0.8536868129977662,0.21597022647219805,298.90909090909093,0.27
type=clairvoyant_queue=srpt_sandbox_idle_timeout_s=0_rate_per_min=2.0_seed=10,clairvoyant,srpt,0,2.0,clairvoyant,10,390,343,7,0.02,0.03333333333333333,343,181.35425022916638,1477.519248242981,2.96223366745312,600.0,0,85,0,0,0,0.020822944559619843,0.6040453176278011,2621285575.5041065,123.0,41,0.0,0.0,0.0,0.0,108,51,0.7068693137135625,0.7264269627095898,0.5812056552342334,0.15974653252648244,187.0909090909091,0.14
type=clairvoyant_queue=srpt_sandbox_idle_timeout_s=0_rate_per_min=4.0_seed=1,clairvoyant,srpt,0,4.0,clairvoyant,1,976,542,64,0.10561056105610561,0.15538847117794485,542,300.54514696091974,2204.1060707239244,39.46033756911226,600.0000000000005,0,1437,0,0,0,0.0373788397636692,0.539056765923876,6161775145.120878,6.0,2,0.0,0.0,0.0,0.0,226,0,0.3203712311344797,0.34573662593210747,0.9026376725791571,0.18267832866369857,295.6363636363636,0.43
type=clairvoyant_queue=srpt_sandbox_idle_timeout_s=0_rate_per_min=4.0_seed=2,clairvoyant,srpt,0,4.0,clairvoyant,2,782,517,42,0.07513416815742398,0.12037037037037036,517,260.77577509111734,3632.6822699339264,14.84921542084439,600.0000000000005,0,1003,0,0,0,0.030181150450874748,0.6099976137508625,5374516749.408816,39.0,13,0.0,0.0,0.0,0.0,201,11,0.41405767055274884,0.4417853593483581,0.8005349798748705,0.18755969434398984,282.0,0.34
type=clairvoyant_queue=srpt_sandbox_idle_timeout_s=0_rate_per_min=4.0_seed=3,clairvoyant,srpt,0,4.0,clairvoyant,3,848,542,47,0.07979626485568761,0.13505747126436782,542,323.31933141797174,3618.826708315412,31.05963790545185,600.0000000000005,0,1243,0,0,0,0.036045304501798055,0.5446861131445823,5945670597.022043,27.0,9,0.0,0.0,0.0,0.0,263,8,0.3691115362662966,0.3963085686532189,0.8164985353090198,0.2055580488701503,295.6363636363636,0.36
type=clairvoyant_queue=srpt_sandbox_idle_timeout_s=0_rate_per_min=4.0_seed=4,clairvoyant,srpt,0,4.0,clairvoyant,4,720,528,30,0.053763440860215055,0.08641975308641975,528,267.59619790486886,2770.4517028293817,23.36842077429213,600.0000000000005,0,559,0,0,0,0.04377818673769156,0.4069400607430898,3985151720.7499647,15.0,5,0.0,0.0,0.0,0.0,215,5,0.5115981065088935,0.5396216819510576,0.879057233075952,0.24638174132464566,288.0,0.32
type=clairvoyant_queue=srpt_sandbox_idle_timeout_s=0_rate_per_min=4.0_seed=5,clairvoyant,srpt,0,4.0,clairvoyant,5,871,570,64,0.10094637223974763,0.16321243523316062,570,297.56704555988966,2865.8312583575744,55.99299793832694,600.0000000000005,0,1385,0,0,0,0.05987072640705053,0.5130488631657387,6781943472.513843,12.0,4,0.0,0.0,0.0,0.0,280,0,0.37372955097472643,0.4100894200810796,0.8888646367521368,0.1978294886505484,310.90909090909093,0.43
type=clairvoyant_queue=srpt_sandbox_idle_timeout_s=0_rate_per_min=4.0_seed=6,clairvoyant,srpt,0,4.0,clairvoyant,6,885,528,97,0.1552,0.22355769230769232,528,456.1383701045013,3779.847841649507,81.05554305635435,600.0000000000005,0,1850,0,0,0,0.07707760101200044,0.4746950051161391,6916666088.109704,9.0,3,0.0,0.0,0.0,0.0,248,0,0.29926794259027667,0.3434025853347289,0.8927384669248576,0.19754127705127394,288.0,0.45
type=clairvoyant_queue=srpt_sandbox_idle_timeout_s=0_rate_per_min=4.0_seed=7,clairvoyant,srpt,0,4.0,clairvoyant,7,957,598,79,0.11669128508124077,0.1544885177453027,598,377.3438403920177,2221.884808332238,55.821918088749996,600.0000000000005,0,1374,0,0,0,0.05995983606078809,0.5028405220334663,5899600897.769573,33.0,11,0.0,0.0,0.0,0.0,215,18,0.3651044770832205,0.39991897298496865,0.9090599866007835,0.1716705942503508,326.1818181818182,0.43
type=clairvoyant_queue=srpt_sandbox_idle_timeout_s=0_rate_per_min=4.0_seed=8,clairvoyant,srpt,0,4.0,clairvoyant,8,876,518,69,0.11754684838160136,0.1846590909090909,518,335.8584669870181,3248.7543468209456,31.081781770739514,600.0000000000005,0,1274,0,0,0,0.049643470754683075,0.48734462344148005,6098103850.107003,24.0,8,0.0,0.0,0.0,0.0,225,2,0.3278922804335611,0.3603311786974232,0.8813848976584758,0.22647309969951393,282.54545454545456,0.4
type=clairvoyant_queue=srpt_sandbox_idle_timeout_s=0_rate_per_min=4.0_seed=9,clairvoyant,srpt,0,4.0,clairvoyant,9,950,582,83,0.12481203007518797,0.18691588785046728,582,264.6582259338082,3083.1840682796064,32.78611263837517,600.0000000000005,0,1239,0,0,0,0.06339746349467057,0.5182585880703517,6204308369.573903,21.0,7,0.0,0.0,0.0,0.0,264,5,0.3792888547301271,0.4212470289935691,0.8825347249579125,0.2120837644047103,317.45454545454544,0.38
type=clairvoyant_queue=srpt_sandbox_idle_timeout_s=0_rate_per_min=4.0_seed=10,clairvoyant,srpt,0,4.0,clairvoyant,10,838,520,60,0.10344827586206896,0.1524547803617571,520,275.08661256246705,3622.586173259228,17.00485149638642,600.0000000000005,0,1082,0,0,0,0.04847162551781642,0.5867919961109014,6267585374.231019,21.0,7,0.0,0.0,0.0,0.0,177,17,0.38150835592189136,0.4166963050484611,0.8031391780788656,0.20290399613773213,283.6363636363636,0.32
type=clairvoyant_queue=srpt_sandbox_idle_timeout_s=300_rate_per_min=1.0_seed=1,clairvoyant,srpt,300,1.0,clairvoyant,1,230,209,1,0.004761904761904762,0.007874015748031496,209,88.3296307050357,1058.2166699887084,0.0,0.0,0,25,0,0,0,0.002228068965582992,0.4765342126074454,77576885.03883046,252.0,84,0.0,0.0,0.0,0.0,66,57,0.8970526338127416,0.9030329847048264,0.30543079437807563,0.09218892538498254,114.0,0.08
type=clairvoyant_queue=srpt_sandbox_idle_timeout_s=300_rate_per_min=1.0_seed=2,clairvoyant,srpt,300,1.0,clairvoyant,2,244,227,1,0.0043859649122807015,0.008064516129032258,227,92.17069484485364,1534.3205098766118,0.0,67.31352817170591,0,20,0,0,0,0.000268551391468385,0.3773675686011488,28623923.851687703,285.0,95,0.0,0.0,0.0,0.0,56,49,0.9190100939388967,0.9195198976209721,0.31522964994496244,0.10395260258783397,123.81818181818183,0.08
type=clairvoyant_queue=srpt_sandbox_idle_timeout_s=300_rate_per_min=1.0_seed=3,clairvoyant,srpt,300,1.0,clairvoyant,3,268,242,2,0.00819672131147541,0.015503875968992248,242,131.31743826229433,1272.7656326357308,0.9576811775855387,320.8165476054137,0,39,0,0,0,0.003677951140618966,0.41053058381517454,1205024878.757155,228.0,76,0.0,0.0,0.0,0.0,82,51,0.8718501903494946,0.882354409510332,0.38370838297639864,0.1339450867608557,132.0,0.1
type=clairvoyant_queue=srpt_sandbox_idle_timeout_s=300_rate_per_min=1.0_seed=4,clairvoyant,srpt,300,1.0,clairvoyant,4,234,212,3,0.013953488372093023,0.015384615384615385,212,120.56501429199102,2260.4352424756826,0.0,6.073124315152199,0,37,0,0,0,0.007805573369498558,0.45517670652757986,353826848.2877846,231.0,77,0.0,0.0,0.0,0.0,83,69,0.8900308374462031,0.9030394871183982,0.39548138620176126,0.1429466764185376,115.63636363636364,0.1
type=clairvoyant_queue=srpt_sandbox_idle_timeout_s=300_rate_per_min=1.0_seed=5,clairvoyant,srpt,300,1.0,clairvoyant,5,398,379,2,0.005249343832020997,0.012422360248447204,379,78.17117916306233,1110.600596167069,1.5682720919351223,70.38389803255814,0,59,0,0,0,0.014911033336364527,0.40183427400529786,459405079.5815659,570.0,190,0.0,0.0,0.0,0.0,99,82,0.9162422797653513,0.9253139855056025,0.5121418231473388,0.1398509244290194,206.72727272727275,0.13
type=clairvoyant_queue=srpt_sandbox_idle_timeout_s=300_rate_per_min=1.0_seed=6,clairvoyant,srpt,300,1.0,clairvoyant,6,294,280,1,0.0035587188612099642,0.0,280,96.61770926003328,1457.9662362175222,0.0,10.175430064204193,0,12,0,0,0,0.0002046228595453765,0.28412437378208844,524413493.2078447,396.0,132,0.0,0.0,0.0,0.0,86,77,0.9416135456542936,0.9462119747858616,0.4226513292378918,0.12749228435569204,152.72727272727272,0.1
type=clairvoyant_queue=srpt_sandbox_idle_timeout_s=300_rate_per_min=1.0_seed=7,clairvoyant,srpt,300,1.0,clairvoyant,7,269,256,3,0.011583011583011582,0.02142857142857143,256,93.21382350284716,1872.833144912367,0.0,148.6858125311046,0,63,0,0,0,0.05052744411718526,0.6095535673798784,735509739.043106,312.0,104,0.0,0.0,0.0,0.0,92,74,0.9226440172973849,0.9401625745878415,0.33011376862778424,0.07722737894836812,139.63636363636365,0.08
type=clairvoyant_queue=srpt_sandbox_idle_timeout_s=300_rate_per_min=1.0_seed=8,clairvoyant,srpt,300,1.0,clairvoyant,8,354,329,2,0.006042296072507553,0.0136986301369863,329,141.02197018793004,1626.243575954161,2.24944330483646,363.4639082956519,0,48,0,0,0,0.0033406610597880556,0.3946169241052157,1037032100.3767878,366.0,122,0.0,0.0,0.0,0.0,103,64,0.8866751618582623,0.8954454025045043,0.5816166202894328,0.18927249804262788,179.45454545454547,0.14
type=clairvoyant_queue=srpt_sandbox_idle_timeout_s=300_rate_per_min=1.0_seed=9,clairvoyant,srpt,300,1.0,clairvoyant,9,378,353,6,0.016713091922005572,0.03896103896103896,353,114.1495939034603,1305.6463827802645,0.0,600.0,0,76,0,0,0,0.014278926013049704,0.43654368084429135,766217641.4391012,438.0,146,0.0,0.0,0.0,0.0,115,78,0.8754056348413718,0.8957888721087374,0.5415310783678128,0.16027912289855148,192.54545454545456,0.13
type=clairvoyant_queue=srpt_sandbox_idle_timeout_s=300_rate_per_min=1.0_seed=10,clairvoyant,srpt,300,1.0,clairvoyant,10,232,202,6,0.028846153846153848,0.047619047619047616,202,96.6993112619225,1475.289576839982,0.0,306.1466115704534,0,41,0,0,0,0.028667627821928405,0.6146981053526015,1315764218.4224393,213.0,71,0.0,0.0,0.0,0.0,62,50,0.8312114517203708,0.8638079792388169,0.351273762982388,0.09998497718358572,110.18181818181819,0.08
type=clairvoyant_queue=srpt_sandbox_idle_timeout_s=300_rate_per_min=2.0_seed=1,clairvoyant,srpt,300,2.0,clairvoyant,1,414,366,3,0.008130081300813009,0.013333333333333334,366,152.12858618714006,1386.4816020161945,0.623454506455108,600.0,0,70,0,0,0,0.003720413844919773,0.5199125406749292,896882177.532806,243.0,81,0.0,0.0,0.0,0.0,110,57,0.7853693729494158,0.7934020636008243,0.586958689608424,0.1723699881083674,199.63636363636365,0.15
type=clairvoyant_queue=srpt_sandbox_idle_timeout_s=300_rate_per_min=2.0_seed=2,clairvoyant,srpt,300,2.0,clairvoyant,2,526,474,1,0.002105263157894737,0.00411522633744856,474,135.37313313758568,1517.9886357399334,5.295825193695978,600.0,0,72,0,0,0,9.333810084737934e-05,0.4641890438524867,2050207178.603868,261.0,87,0.0,0.0,0.0,0.0,133,55,0.8045550809466755,0.8042836352941958,0.6581753548748704,0.17237750159800672,258.54545454545456,0.19
type=clairvoyant_queue=srpt_sandbox_idle_timeout_s=300_rate_per_min=2.0_seed=3,clairvoyant,srpt,300,2.0,clairvoyant,3,550,402,15,0.03597122302158273,0.06787330316742081,402,245.0482105841387,2361.198621491104,3.540131222045729,600.0000000000005,0,352,0,0,0,0.020029064210300613,0.48660613507907974,3525754476.5702124,69.0,23,0.0,0.0,0.0,0.0,154,24,0.5035699084838253,0.5245412762938059,0.6337951541375291,0.1981908629379183,219.27272727272728,0.2
type=clairvoyant_queue=srpt_sandbox_idle_timeout_s=300_rate_per_min=2.0_seed=4,clairvoyant,srpt,300,2.0,clairvoyant,4,497,427,5,0.011574074074074073,0.01680672268907563,427,147.3031680450904,1973.7486725888673,7.28820034627146,600.0000000000002,0,77,0,0,0,0.007730615995735518,0.38873286338218327,1754381279.3115056,222.0,74,0.0,0.0,0.0,0.0,143,66,0.7548968632692685,0.7643102485554321,0.7126040867488992,0.23479550662251392,232.9090909090909,0.18
type=clairvoyant_queue=srpt_sandbox_idle_timeout_s=300_rate_per_min=2.0_seed=5,clairvoyant,srpt,300,2.0,clairvoyant,5,722,602,14,0.022727272727272728,0.04281345565749235,602,228.5752591624073,1897.3262261981577,23.498567692471546,600.0000000000005,0,472,0,0,0,0.016031460283081948,0.44500196687005517,4034461417.7096124,33.0,11,0.0,0.0,0.0,0.0,217,7,0.5832520716639124,0.5995308224473332,0.8667532698580356,0.23175900167162466,328.3636363636364,0.29
type=clairvoyant_queue=srpt_sandbox_idle_timeout_s=300_rate_per_min=2.0_seed=6,clairvoyant,srpt,300,2.0,clairvoyant,6,475,422,3,0.007058823529411765,0.008695652173913044,422,167.86359661995573,1976.8166639169383,8.316626470108258,600.0,0,90,0,0,0,0.009777459281678684,0.4499614835196732,1903606368.1077838,198.0,66,0.0,0.0,0.0,0.0,139,43,0.7555880134854217,0.7625827844609784,0.6953801651005246,0.19083334426979862,230.1818181818182,0.18
type=clairvoyant_queue=srpt_sandbox_idle_timeout_s=300_rate_per_min=2.0_seed=7,clairvoyant,srpt,300,2.0,clairvoyant,7,597,518,6,0.011450381679389313,0.01948051948051948,518,151.50923757170472,1904.8207899225897,8.505939847460661,600.0000000000005,0,217,0,0,0,0.01776338889106946,0.451048036234953,3080700603.9941287,156.0,52,0.0,0.0,0.0,0.0,168,72,0.7086537415808282,0.7191161762900647,0.7117362906468532,0.1793245070225764,282.54545454545456,0.21
type=clairvoyant_queue=srpt_sandbox_idle_timeout_s=300_rate_per_min=2.0_seed=8,clairvoyant,srpt,300,2.0,clairvoyant,8,622,493,21,0.04085603112840467,0.08333333333333333,493,276.44672938973326,2138.8004086164283,16.433374156662097,600.0000000000005,0,464,0,0,0,0.04198686875342818,0.5172929911977112,3906933892.1806555,42.0,14,0.0,0.0,0.0,0.0,177,4,0.5213848454063738,0.5484367746711883,0.7864343750283281,0.2196360749914889,268.90909090909093,0.25
type=clairvoyant_queue=srpt_sandbox_idle_timeout_s=300_rate_per_min=2.0_seed=9,clairvoyant,srpt,300,2.0,clairvoyant,9,676,548,23,0.040280210157618214,0.07857142857142857,548,241.19213848148115,2029.6059850418899,19.32979152526459,600.0000000000005,0,411,0,0,0,0.034511326730522526,0.4705631447104668,3544001031.3711596,12.0,4,0.0,0.0,0.0,0.0,189,5,0.5912992870579702,0.6209805545098438,0.8536868129977662,0.21597022647219805,298.90909090909093,0.27
type=clairvoyant_queue=srpt_sandbox_idle_timeout_s=300_rate_per_min=2.0_seed=10,clairvoyant,srpt,300,2.0,clairvoyant,10,390,343,7,0.02,0.03333333333333333,343,181.35425022916638,1477.519248242981,2.96223366745312,600.0,0,85,0,0,0,0.020822944559619843,0.6040453176278011,2621285575.5041065,123.0,41,0.0,0.0,0.0,0.0,108,51,0.7068693137135625,0.7264269627095898,0.5812056552342334,0.15974653252648244,187.0909090909091,0.14
type=clairvoyant_queue=srpt_sandbox_idle_timeout_s=300_rate_per_min=4.0_seed=1,clairvoyant,srpt,300,4.0,clairvoyant,1,976,542,64,0.10561056105610561,0.15538847117794485,542,300.54514696091974,2204.1060707239244,39.46033756911226,600.0000000000005,0,1437,0,0,0,0.0373788397636692,0.539056765923876,6161775145.120878,6.0,2,0.0,0.0,0.0,0.0,226,0,0.3203712311344797,0.34573662593210747,0.9026376725791571,0.18267832866369857,295.6363636363636,0.43
type=clairvoyant_queue=srpt_sandbox_idle_timeout_s=300_rate_per_min=4.0_seed=2,clairvoyant,srpt,300,4.0,clairvoyant,2,782,517,42,0.07513416815742398,0.12037037037037036,517,260.77577509111734,3632.6822699339264,14.84921542084439,600.0000000000005,0,1003,0,0,0,0.030181150450874748,0.6099976137508625,5374516749.408816,39.0,13,0.0,0.0,0.0,0.0,201,11,0.41405767055274884,0.4417853593483581,0.8005349798748705,0.18755969434398984,282.0,0.32
type=clairvoyant_queue=srpt_sandbox_idle_timeout_s=300_rate_per_min=4.0_seed=3,clairvoyant,srpt,300,4.0,clairvoyant,3,848,542,47,0.07979626485568761,0.13505747126436782,542,323.31933141797174,3618.826708315412,31.05963790545185,600.0000000000005,0,1243,0,0,0,0.036045304501798055,0.5446861131445823,5945670597.022043,27.0,9,0.0,0.0,0.0,0.0,263,8,0.3691115362662966,0.3963085686532189,0.8164985353090198,0.2055580488701503,295.6363636363636,0.37
type=clairvoyant_queue=srpt_sandbox_idle_timeout_s=300_rate_per_min=4.0_seed=4,clairvoyant,srpt,300,4.0,clairvoyant,4,720,528,30,0.053763440860215055,0.08641975308641975,528,267.59619790486886,2770.4517028293817,23.36842077429213,600.0000000000005,0,559,0,0,0,0.04377818673769156,0.4069400607430898,3985151720.7499647,15.0,5,0.0,0.0,0.0,0.0,215,5,0.5115981065088935,0.5396216819510576,0.879057233075952,0.24638174132464566,288.0,0.31
type=clairvoyant_queue=srpt_sandbox_idle_timeout_s=300_rate_per_min=4.0_seed=5,clairvoyant,srpt,300,4.0,clairvoyant,5,871,570,64,0.10094637223974763,0.16321243523316062,570,297.56704555988966,2865.8312583575744,55.99299793832694,600.0000000000005,0,1385,0,0,0,0.05987072640705053,0.5130488631657387,6781943472.513843,12.0,4,0.0,0.0,0.0,0.0,280,0,0.37372955097472643,0.4100894200810796,0.8888646367521368,0.1978294886505484,310.90909090909093,0.4
type=clairvoyant_queue=srpt_sandbox_idle_timeout_s=300_rate_per_min=4.0_seed=6,clairvoyant,srpt,300,4.0,clairvoyant,6,885,528,97,0.1552,0.22355769230769232,528,456.1383701045013,3779.847841649507,81.05554305635435,600.0000000000005,0,1850,0,0,0,0.07707760101200044,0.4746950051161391,6916666088.109704,9.0,3,0.0,0.0,0.0,0.0,248,0,0.29926794259027667,0.3434025853347289,0.8927384669248576,0.19754127705127394,288.0,0.45
type=clairvoyant_queue=srpt_sandbox_idle_timeout_s=300_rate_per_min=4.0_seed=7,clairvoyant,srpt,300,4.0,clairvoyant,7,957,598,79,0.11669128508124077,0.1544885177453027,598,377.3438403920177,2221.884808332238,55.821918088749996,600.0000000000005,0,1374,0,0,0,0.05995983606078809,0.5028405220334663,5899600897.769573,33.0,11,0.0,0.0,0.0,0.0,215,18,0.3651044770832205,0.39991897298496865,0.9090599866007835,0.1716705942503508,326.1818181818182,0.41
type=clairvoyant_queue=srpt_sandbox_idle_timeout_s=300_rate_per_min=4.0_seed=8,clairvoyant,srpt,300,4.0,clairvoyant,8,876,518,69,0.11754684838160136,0.1846590909090909,518,335.8584669870181,3248.7543468209456,31.081781770739514,600.0000000000005,0,1274,0,0,0,0.049643470754683075,0.48734462344148005,6098103850.107003,24.0,8,0.0,0.0,0.0,0.0,225,2,0.3278922804335611,0.3603311786974232,0.8813848976584758,0.22647309969951393,282.54545454545456,0.37
type=clairvoyant_queue=srpt_sandbox_idle_timeout_s=300_rate_per_min=4.0_seed=9,clairvoyant,srpt,300,4.0,clairvoyant,9,950,582,83,0.12481203007518797,0.18691588785046728,582,264.6582259338082,3083.1840682796064,32.78611263837517,600.0000000000005,0,1239,0,0,0,0.06339746349467057,0.5182585880703517,6204308369.573903,21.0,7,0.0,0.0,0.0,0.0,264,5,0.3792888547301271,0.4212470289935691,0.8825347249579125,0.2120837644047103,317.45454545454544,0.38
type=clairvoyant_queue=srpt_sandbox_idle_timeout_s=300_rate_per_min=4.0_seed=10,clairvoyant,srpt,300,4.0,clairvoyant,10,838,520,60,0.10344827586206896,0.1524547803617571,520,275.08661256246705,3622.586173259228,17.00485149638642,600.0000000000005,0,1082,0,0,0,0.04847162551781642,0.5867919961109014,6267585374.231019,21.0,7,0.0,0.0,0.0,0.0,177,17,0.38150835592189136,0.4166963050484611,0.8031391780788656,0.20290399613773213,283.6363636363636,0.32
